-- phpMyAdmin SQL Dump
-- version 4.5.1
-- http://www.phpmyadmin.net
--
-- Host: 127.0.0.1
-- Generation Time: 22 Jun 2016 pada 15.55
-- Versi Server: 10.1.10-MariaDB
-- PHP Version: 5.5.33

SET SQL_MODE = "NO_AUTO_VALUE_ON_ZERO";
SET time_zone = "+00:00";


/*!40101 SET @OLD_CHARACTER_SET_CLIENT=@@CHARACTER_SET_CLIENT */;
/*!40101 SET @OLD_CHARACTER_SET_RESULTS=@@CHARACTER_SET_RESULTS */;
/*!40101 SET @OLD_COLLATION_CONNECTION=@@COLLATION_CONNECTION */;
/*!40101 SET NAMES utf8mb4 */;

--
-- Database: `db_kps`
--

DELIMITER $$
--
-- Prosedur
--
CREATE DEFINER=`root`@`%` PROCEDURE `_test_proc1` (IN `_logIP` TEXT, IN `_logUser` TEXT, IN `_logDateTime` TEXT, IN `_Description` TEXT)  BEGIN
	insert into tlog ( logIP, logUser, logDateTime, Description ) values ( _logIP, _logUser, _logDateTime, _Description );
END$$

CREATE DEFINER=`root`@`%` PROCEDURE `_test_proc2` ()  BEGIN
	insert into tlog ( logIP, logUser, logDateTime, Description ) values ( 'via _test_proc2', 'via _test_proc2', now(), 'via _test_proc2' );
END$$

--
-- Fungsi
--
CREATE DEFINER=`root`@`%` FUNCTION `f_kabkota` (`_kode_prov` INT, `_kode_kabkota` INT) RETURNS VARCHAR(50) CHARSET latin1 BEGIN
	RETURN (SELECT nama_kabkota FROM tRef_KabKota WHERE kode_prov=_kode_prov AND kode_kabkota=_kode_kabkota LIMIT 1);
END$$

CREATE DEFINER=`root`@`%` FUNCTION `f_provinsi` (`_kode_prov` INT) RETURNS VARCHAR(50) CHARSET latin1 BEGIN
	RETURN (SELECT nama_prov FROM tRef_Provinsi WHERE kode_prov=_kode_prov LIMIT 1);
END$$

DELIMITER ;

-- --------------------------------------------------------

--
-- Struktur dari tabel `client`
--

CREATE TABLE `client` (
  `client_id` int(2) NOT NULL,
  `nama` varchar(40) NOT NULL,
  `alamat` varchar(40) NOT NULL,
  `telepon` varchar(20) NOT NULL
) ENGINE=InnoDB DEFAULT CHARSET=latin1;

-- --------------------------------------------------------

--
-- Struktur dari tabel `kps_absen_harian`
--

CREATE TABLE `kps_absen_harian` (
  `KPS_ABSEN_HARIAN_ID` int(255) NOT NULL,
  `DATE` date NOT NULL,
  `NO_REV_NO` varchar(100) NOT NULL,
  `DATE_ABSEN` date NOT NULL,
  `SHIFT` varchar(20) NOT NULL,
  `APPROVED` varchar(100) NOT NULL,
  `CHECKED` varchar(100) NOT NULL,
  `MADE_BY` varchar(100) NOT NULL
) ENGINE=InnoDB DEFAULT CHARSET=latin1;

-- --------------------------------------------------------

--
-- Struktur dari tabel `kps_absen_harian_detail`
--

CREATE TABLE `kps_absen_harian_detail` (
  `KPS_ABSEN_HARIAN_DETAIL_ID` int(255) NOT NULL,
  `KPS_ABSEN_HARIAN_ID` int(255) NOT NULL,
  `KPS_EMPLOYEE_ID` int(255) NOT NULL,
  `ABSEN` varchar(20) NOT NULL,
  `WORK_HOUR_FROM` varchar(20) NOT NULL,
  `WORK_HOUR_UNTIL` varchar(20) NOT NULL,
  `WORK_HOUR_BREAK` varchar(20) NOT NULL,
  `WORK_HOUR_TOTAL` varchar(20) NOT NULL,
  `PAID_AS` varchar(20) NOT NULL,
  `NOTE` mediumtext NOT NULL
) ENGINE=InnoDB DEFAULT CHARSET=latin1;

-- --------------------------------------------------------

--
-- Struktur dari tabel `kps_additional_salary_jamsostek`
--

CREATE TABLE `kps_additional_salary_jamsostek` (
  `KPS_ADDITIONAL_SALARY_JAMSOSTEK_ID` int(255) NOT NULL,
  `DATE` date NOT NULL,
  `NO_REV_NO` varchar(100) NOT NULL,
  `MONTH` varchar(100) NOT NULL,
  `APPROVED` varchar(100) NOT NULL,
  `CHECKED` varchar(100) NOT NULL,
  `MADE_BY` varchar(100) NOT NULL
) ENGINE=InnoDB DEFAULT CHARSET=latin1;

-- --------------------------------------------------------

--
-- Struktur dari tabel `kps_additional_salary_jamsostek_detail`
--

CREATE TABLE `kps_additional_salary_jamsostek_detail` (
  `KPS_ADDITIONAL_SALARY_JAMSOSTEK_DETAIL_ID` int(255) NOT NULL,
  `KPS_ADDITIONAL_SALARY_JAMSOSTEK_ID` int(255) NOT NULL,
  `KPS_EMPLOYEE_ID` int(255) NOT NULL,
  `INSENTIF_CUTI` varchar(255) NOT NULL,
  `INSENTIF_MASA_KERJA` varchar(255) NOT NULL,
  `INSENTIF_TRANSPORT` varchar(255) NOT NULL,
  `JAMSOSTEK_PPH` varchar(255) NOT NULL,
  `JAMSOSTEK_SANKSI` varchar(255) NOT NULL,
  `JAMSOSTEK_POT_AKSES` varchar(255) NOT NULL,
  `TOTAL` varchar(255) NOT NULL,
  `NOTE` mediumtext NOT NULL
) ENGINE=InnoDB DEFAULT CHARSET=latin1;

-- --------------------------------------------------------

--
-- Struktur dari tabel `kps_bank`
--

CREATE TABLE `kps_bank` (
  `KPS_BANK_ID` int(255) NOT NULL,
  `BANK_NAME` varchar(100) NOT NULL
) ENGINE=InnoDB DEFAULT CHARSET=latin1;

--
-- Dumping data untuk tabel `kps_bank`
--

INSERT INTO `kps_bank` (`KPS_BANK_ID`, `BANK_NAME`) VALUES
(1, 'Bank Indonesia'),
(2, 'Bank Mandiri'),
(3, 'Bank BCA'),
(4, 'Bank Permata'),
(5, 'Bank BII');

-- --------------------------------------------------------

--
-- Struktur dari tabel `kps_barcode`
--

CREATE TABLE `kps_barcode` (
  `KPS_BARCODE_ID` int(255) NOT NULL,
  `BARCODE_NO` varchar(255) NOT NULL,
  `BARCODE_DATE` datetime NOT NULL DEFAULT CURRENT_TIMESTAMP
) ENGINE=InnoDB DEFAULT CHARSET=latin1;

--
-- Dumping data untuk tabel `kps_barcode`
--

INSERT INTO `kps_barcode` (`KPS_BARCODE_ID`, `BARCODE_NO`, `BARCODE_DATE`) VALUES
(1, 'CODEDARICLIENT20162602', '2016-02-26 16:25:04'),
(2, 'FGUF21CS003620160328001', '2016-03-28 09:16:12'),
(3, 'FGUF21CS003620160328002', '2016-03-28 09:16:12'),
(4, 'FGUF21CS003620160328003', '2016-03-28 09:16:12'),
(5, 'FGUF21CS003620160328004', '2016-03-28 09:16:12'),
(6, 'FGUF21CS003620160328005', '2016-03-28 09:16:12'),
(7, 'FGUF21CS003620160328006', '2016-03-28 09:16:13'),
(8, 'FGUF21CS003620160328007', '2016-03-28 09:16:13'),
(9, 'FGUF21CS003620160328008', '2016-03-28 09:16:13'),
(10, 'FGUF21CS003620160328009', '2016-03-28 09:16:13'),
(11, 'FGUF21CS003620160328010', '2016-03-28 09:16:13'),
(12, 'FGUF21CS003620160328011', '2016-03-28 09:16:13'),
(13, 'FGUF21CS003620160328012', '2016-03-28 09:16:13'),
(14, 'FGUF21CS003620160328013', '2016-03-28 09:16:13'),
(15, 'FGUF21CS003620160328014', '2016-03-28 09:16:13'),
(16, 'FGUF21CS003620160328015', '2016-03-28 09:16:13'),
(17, 'FGUF21CS003620160328016', '2016-03-28 09:16:14'),
(18, 'FGUF21CS003620160328017', '2016-03-28 09:16:14'),
(19, 'FGUF21CS003620160328018', '2016-03-28 09:16:14'),
(20, 'FGUF21CS003620160328019', '2016-03-28 09:16:14'),
(21, 'FGUF21CS003620160328020', '2016-03-28 09:16:14'),
(22, 'FGUF21CS003620160328021', '2016-03-28 09:16:14'),
(23, 'FGUF21CS003620160328022', '2016-03-28 09:16:14'),
(24, 'FGUF21CS003620160328023', '2016-03-28 09:16:14'),
(25, 'FGUF21CS003620160328024', '2016-03-28 09:16:14'),
(26, 'FGUF21CS003620160328025', '2016-03-28 09:16:14'),
(27, 'FGUF21CS003620160328025', '2016-03-28 09:16:14'),
(28, 'FGUF21CS003620160328026', '2016-03-28 09:16:15'),
(29, 'FGUF21CS003620160328027', '2016-03-28 09:16:15'),
(30, 'FGUF21CS003620160328028', '2016-03-28 09:16:15'),
(31, 'FGUF21CS003620160328028', '2016-03-28 09:16:15'),
(32, 'FGUF21CS003620160328029', '2016-03-28 09:16:15'),
(33, 'FGUF21CS003620160328029', '2016-03-28 09:16:15'),
(34, 'FGUF21CS003620160328030', '2016-03-28 09:16:15'),
(35, 'FGUF21CS003620160328030', '2016-03-28 09:16:15'),
(36, 'FGUF21CS003620160328031', '2016-03-28 09:16:15'),
(37, 'FGUF21CS003620160328031', '2016-03-28 09:16:16'),
(38, 'FGUF21CS003620160328032', '2016-03-28 09:16:16'),
(39, 'FGUF21CS003620160328032', '2016-03-28 09:16:16'),
(40, 'FGUF21CS003620160328033', '2016-03-28 09:16:16'),
(41, 'FGUF21CS003620160328033', '2016-03-28 09:16:16'),
(42, 'FGUF21CS003620160328034', '2016-03-28 09:16:16'),
(43, 'FGUF21CS003620160328034', '2016-03-28 09:16:16'),
(44, 'FGUF21CS003620160328035', '2016-03-28 09:16:16'),
(45, 'FGUF21CS003620160328035', '2016-03-28 09:16:16'),
(46, 'FGUF21CS003620160328036', '2016-03-28 09:16:16'),
(47, 'FGUF21CS003620160328036', '2016-03-28 09:16:16'),
(48, 'FGUF21CS003620160328037', '2016-03-28 09:16:16'),
(49, 'FGUF21CS003620160328037', '2016-03-28 09:16:17'),
(50, 'FGUF21CS003620160328038', '2016-03-28 09:16:17'),
(51, 'FGUF21CS003620160328038', '2016-03-28 09:16:17'),
(52, 'FGUF21CS003620160328039', '2016-03-28 09:16:17'),
(53, 'FGUF21CS003620160328039', '2016-03-28 09:16:17'),
(54, 'FGUF21CS003620160328040', '2016-03-28 09:16:17'),
(55, 'FGUF21CS003620160328041', '2016-03-28 09:16:17'),
(56, 'FGUF21CS003620160328041', '2016-03-28 09:16:17'),
(57, 'FGUF21CS003620160328042', '2016-03-28 09:16:17'),
(58, 'FGUF21CS003620160328043', '2016-03-28 09:16:17'),
(59, 'FGUF21CS003620160328043', '2016-03-28 09:16:17'),
(60, 'FGUF21CS003620160328044', '2016-03-28 09:16:18'),
(61, 'FGUF21CS003620160328044', '2016-03-28 09:16:18'),
(62, 'FGUF21CS003620160328045', '2016-03-28 09:16:18'),
(63, 'FGUF21CS003620160328045', '2016-03-28 09:16:18'),
(64, 'FGUF21CS003620160328046', '2016-03-28 09:16:18'),
(65, 'FGUF21CS003620160328046', '2016-03-28 09:16:18'),
(66, 'FGUF21CS003620160328047', '2016-03-28 09:16:18'),
(67, 'FGUF21CS003620160328047', '2016-03-28 09:16:18'),
(68, 'FGUF21CS003620160328048', '2016-03-28 09:16:18'),
(69, 'FGUF21CS003620160328048', '2016-03-28 09:16:18'),
(70, 'FGUF21CS003620160328049', '2016-03-28 09:16:18'),
(71, 'FGUF21CS003620160328049', '2016-03-28 09:16:18'),
(72, 'FGUF21CS003620160328050', '2016-03-28 09:16:18'),
(73, 'FGUF21CS003620160328050', '2016-03-28 09:16:19'),
(74, 'FGUF21CS003620160328051', '2016-03-28 09:16:19'),
(75, 'FGUF21CS003620160328051', '2016-03-28 09:16:19'),
(76, 'FGUF21CS003620160328052', '2016-03-28 09:16:19'),
(77, 'FGUF21CS003620160328052', '2016-03-28 09:16:19'),
(78, 'FGUF21CS003620160328053', '2016-03-28 09:16:19'),
(79, 'FGUF21CS003620160328053', '2016-03-28 09:16:19'),
(80, 'FGUF21CS003620160328054', '2016-03-28 09:16:19'),
(81, 'FGUF21CS003620160328054', '2016-03-28 09:16:19'),
(82, 'FGUF21CS003620160328055', '2016-03-28 09:16:20'),
(83, 'FGUF21CS003620160328055', '2016-03-28 09:16:20'),
(84, 'FGUF21CS003620160328056', '2016-03-28 09:16:20'),
(85, 'FGUF21CS003620160328056', '2016-03-28 09:16:20'),
(86, 'FGUF21CS003620160328057', '2016-03-28 09:16:20'),
(87, 'FGUF21CS003620160328057', '2016-03-28 09:16:20'),
(88, 'FGUF21CS003620160328058', '2016-03-28 09:16:20'),
(89, 'FGUF21CS003620160328058', '2016-03-28 09:16:20'),
(90, 'FGUF21CS003620160328059', '2016-03-28 09:16:20'),
(91, 'FGUF21CS003620160328059', '2016-03-28 09:16:20'),
(92, 'FGUF21CS003620160328060', '2016-03-28 09:16:21'),
(93, 'FGUF21CS003620160328060', '2016-03-28 09:16:21'),
(94, 'FGUF21CS003620160328061', '2016-03-28 09:16:21'),
(95, 'FGUF21CS003620160328061', '2016-03-28 09:16:21'),
(96, 'FGUF21CS003620160328062', '2016-03-28 09:16:21'),
(97, 'FGUF21CS003620160328062', '2016-03-28 09:16:21'),
(98, 'FGUF21CS003620160328063', '2016-03-28 09:16:21'),
(99, 'FGUF21CS003620160328063', '2016-03-28 09:16:21'),
(100, 'FGUF21CS003620160328064', '2016-03-28 09:16:21'),
(101, 'FGUF21CS003620160328064', '2016-03-28 09:16:21'),
(102, 'FGUF21CS003620160328065', '2016-03-28 09:16:21'),
(103, 'FGUF21CS003620160328065', '2016-03-28 09:16:21'),
(104, 'FGUF21CS003620160328066', '2016-03-28 09:16:22'),
(105, 'FGUF21CS003620160328066', '2016-03-28 09:16:22'),
(106, 'FGUF21CS003620160328067', '2016-03-28 09:16:22'),
(107, 'FGUF21CS003620160328067', '2016-03-28 09:16:22'),
(108, 'FGUF21CS003620160328068', '2016-03-28 09:16:22'),
(109, 'FGUF21CS003620160328068', '2016-03-28 09:16:22'),
(110, 'FGUF21CS003620160328069', '2016-03-28 09:16:22'),
(111, 'FGUF21CS003620160328069', '2016-03-28 09:16:22'),
(112, 'FGUF21CS003620160328070', '2016-03-28 09:16:22'),
(113, 'FGUF21CS003620160328070', '2016-03-28 09:16:22'),
(114, 'FGUF21CS003620160328071', '2016-03-28 09:16:22'),
(115, 'FGUF21CS003620160328071', '2016-03-28 09:16:22'),
(116, 'FGUF21CS003620160328072', '2016-03-28 09:16:22'),
(117, 'FGUF21CS003620160328072', '2016-03-28 09:16:22'),
(118, 'FGUF21CS003620160328073', '2016-03-28 09:16:23'),
(119, 'FGUF21CS003620160328073', '2016-03-28 09:16:23'),
(120, 'FGUF21CS003620160328074', '2016-03-28 09:16:23'),
(121, 'FGUF21CS003620160328074', '2016-03-28 09:16:23'),
(122, 'FGUF21CS003620160328075', '2016-03-28 09:16:23'),
(123, 'FGUF21CS003620160328075', '2016-03-28 09:16:23'),
(124, 'FGUF21CS003620160328076', '2016-03-28 09:16:23'),
(125, 'FGUF21CS003620160328076', '2016-03-28 09:16:23'),
(126, 'FGUF21CS003620160328077', '2016-03-28 09:16:24'),
(127, 'FGUF21CS003620160328077', '2016-03-28 09:16:24'),
(128, 'FGUF21CS003620160328078', '2016-03-28 09:16:24'),
(129, 'FGUF21CS003620160328078', '2016-03-28 09:16:24'),
(130, 'FGUF21CS003620160328079', '2016-03-28 09:16:24'),
(131, 'FGUF21CS003620160328079', '2016-03-28 09:16:24'),
(132, 'FGUF21CS003620160328080', '2016-03-28 09:16:24'),
(133, 'FGUF21CS003620160328080', '2016-03-28 09:16:24'),
(134, 'FGUF21CS003620160328081', '2016-03-28 09:16:24'),
(135, 'FGUF21CS003620160328081', '2016-03-28 09:16:24'),
(136, 'FGUF21CS003620160328082', '2016-03-28 09:16:24'),
(137, 'FGUF21CS003620160328082', '2016-03-28 09:16:25'),
(138, 'FGUF21CS003620160328083', '2016-03-28 09:16:25'),
(139, 'FGUF21CS003620160328083', '2016-03-28 09:16:25'),
(140, 'FGUF21CS003620160328084', '2016-03-28 09:16:25'),
(141, 'FGUF21CS003620160328084', '2016-03-28 09:16:25'),
(142, 'FGUF21CS003620160328085', '2016-03-28 09:16:25'),
(143, 'FGUF21CS003620160328085', '2016-03-28 09:16:25'),
(144, 'FGUF21CS003620160328086', '2016-03-28 09:16:25'),
(145, 'FGUF21CS003620160328086', '2016-03-28 09:16:25'),
(146, 'FGUF21CS003620160328087', '2016-03-28 09:16:25'),
(147, 'FGUF21CS003620160328087', '2016-03-28 09:16:25'),
(148, 'FGUF21CS003620160328088', '2016-03-28 09:16:25'),
(149, 'FGUF21CS003620160328088', '2016-03-28 09:16:25'),
(150, 'FGUF21CS003620160328089', '2016-03-28 09:16:26'),
(151, 'FGUF21CS003620160328089', '2016-03-28 09:16:26'),
(152, 'FGUF21CS003620160328090', '2016-03-28 09:16:26'),
(153, 'FGUF21CS003620160328090', '2016-03-28 09:16:26'),
(154, 'FGUF21CS003620160328091', '2016-03-28 09:16:26'),
(155, 'FGUF21CS003620160328091', '2016-03-28 09:16:26'),
(156, 'FGUF21CS003620160328092', '2016-03-28 09:16:26'),
(157, 'FGUF21CS003620160328092', '2016-03-28 09:16:26'),
(158, 'FGUF21CS003620160328093', '2016-03-28 09:16:27'),
(159, 'FGUF21CS003620160328093', '2016-03-28 09:16:27'),
(160, 'FGUF21CS003620160328094', '2016-03-28 09:16:27'),
(161, 'FGUF21CS003620160328094', '2016-03-28 09:16:27'),
(162, 'FGUF21CS003620160328095', '2016-03-28 09:16:27'),
(163, 'FGUF21CS003620160328095', '2016-03-28 09:16:27'),
(164, 'FGUF21CS003620160328096', '2016-03-28 09:16:27'),
(165, 'FGUF21CS003620160328096', '2016-03-28 09:16:27'),
(166, 'FGUF21CS003620160328097', '2016-03-28 09:16:27'),
(167, 'FGUF21CS003620160328097', '2016-03-28 09:16:27'),
(168, 'FGUF21CS003620160328098', '2016-03-28 09:16:28'),
(169, 'FGUF21CS003620160328098', '2016-03-28 09:16:28'),
(170, 'FGUF21CS003620160328099', '2016-03-28 09:16:28'),
(171, 'FGUF21CS003620160328099', '2016-03-28 09:16:28'),
(172, 'FGUF21CS003620160328100', '2016-03-28 09:16:28'),
(173, 'FGUF21CS003620160328100', '2016-03-28 09:16:28'),
(174, 'FGUF21CS003620160328101', '2016-03-28 09:16:28'),
(175, 'FGUF21CS003620160328101', '2016-03-28 09:16:28'),
(176, 'FGUF21CS003620160328102', '2016-03-28 09:16:28'),
(177, 'FGUF21CS003620160328103', '2016-03-28 09:16:28'),
(178, 'FGUF21CS003620160328104', '2016-03-28 09:16:29'),
(179, 'FGUF21CS003620160328105', '2016-03-28 09:16:29'),
(180, 'FGUF21CS003620160328106', '2016-03-28 09:16:29'),
(181, 'FGUF21CS003620160328107', '2016-03-28 09:16:29'),
(182, 'FGUF21CS003620160328108', '2016-03-28 09:16:29'),
(183, 'FGUF21CS003620160328109', '2016-03-28 09:16:29'),
(184, 'FGUF21CS003620160328110', '2016-03-28 09:16:29'),
(185, 'FGUF21CS003620160328111', '2016-03-28 09:16:29'),
(186, 'FGUF21CS003620160328112', '2016-03-28 09:16:29'),
(187, 'FGUF21CS003620160328113', '2016-03-28 09:16:29'),
(188, 'FGUF21CS003620160328114', '2016-03-28 09:16:29'),
(189, 'FGUF21CS003620160328115', '2016-03-28 09:16:30'),
(190, 'FGUF21CS003620160328116', '2016-03-28 09:16:30'),
(191, 'FGUF21CS003620160328117', '2016-03-28 09:16:30'),
(192, 'FGUF21CS003620160328118', '2016-03-28 09:16:30'),
(193, 'FGUF21CS003620160328119', '2016-03-28 09:16:30'),
(194, 'FGUF21CS003620160328120', '2016-03-28 09:16:30'),
(195, 'FGUF21CS003620160328121', '2016-03-28 09:16:30'),
(196, 'FGUF21CS003620160328122', '2016-03-28 09:16:30'),
(197, 'FGUF21CS003620160328123', '2016-03-28 09:16:30'),
(198, 'FGUF21CS003620160328124', '2016-03-28 09:16:31'),
(199, 'FGUF21CS003620160328125', '2016-03-28 09:16:31'),
(200, 'FGUF21CS003620160328126', '2016-03-28 09:16:31'),
(201, 'FGUF21CS003620160328127', '2016-03-28 09:16:31'),
(202, 'FGUF21CS003620160413001', '2016-04-13 16:26:48'),
(203, 'FGUF21CS003620160413002', '2016-04-13 16:26:48'),
(204, 'FGUF21CS003620160413003', '2016-04-13 16:26:48'),
(205, 'FGUF21CS003620160413004', '2016-04-13 16:26:48'),
(206, 'FGUF21CS003620160413005', '2016-04-13 16:26:48'),
(207, 'FGUF21CS003620160413006', '2016-04-13 16:26:48'),
(208, 'FGUF21CS003620160413007', '2016-04-13 16:26:48'),
(209, 'FGUF21CS003620160413008', '2016-04-13 16:26:48'),
(210, 'FGUF21CS003620160413009', '2016-04-13 16:26:48'),
(211, 'FGUF21CS003620160413010', '2016-04-13 16:26:48'),
(212, 'FGUF21CS003620160413011', '2016-04-13 16:26:48'),
(213, 'FGUF21CS003620160413012', '2016-04-13 16:26:49'),
(214, 'FGUF21CS003620160413013', '2016-04-13 16:26:49'),
(215, 'FGUF21CS003620160413014', '2016-04-13 16:26:49'),
(216, 'FGUF21CS003620160413015', '2016-04-13 16:26:49'),
(217, 'FGUF21CS003620160413016', '2016-04-13 16:26:49'),
(218, 'FGUF21CS003620160413017', '2016-04-13 16:26:49'),
(219, 'FGUF21CS003620160413018', '2016-04-13 16:26:49'),
(220, 'FGUF21CS003620160413019', '2016-04-13 16:26:49'),
(221, 'FGUF21CS003620160413020', '2016-04-13 16:26:49'),
(222, 'FGUF21CS003620160413021', '2016-04-13 16:26:49'),
(223, 'FGUF21CS003620160413022', '2016-04-13 16:26:49'),
(224, 'FGUF21CS003620160413023', '2016-04-13 16:26:49'),
(225, 'FGUF21CS003620160413024', '2016-04-13 16:26:50'),
(226, 'FGUF21CS003620160413025', '2016-04-13 16:26:50'),
(227, 'FGUF21CS003620160413026', '2016-04-13 16:26:50'),
(228, 'FGUF21CS003620160413027', '2016-04-13 16:26:50'),
(229, 'FGUF21CS003620160413028', '2016-04-13 16:26:50'),
(230, 'FGUF21CS003620160413029', '2016-04-13 16:26:50'),
(231, 'FGUF21CS003620160413030', '2016-04-13 16:26:50'),
(232, 'FGUF21CS003620160413031', '2016-04-13 16:26:50'),
(233, 'FGUF21CS003620160413032', '2016-04-13 16:26:50'),
(234, 'FGUF21CS003620160413033', '2016-04-13 16:26:50'),
(235, 'FGUF21CS003620160413034', '2016-04-13 16:26:50'),
(236, 'FGUF21CS003620160413035', '2016-04-13 16:26:50'),
(237, 'FGUF21CS003620160413036', '2016-04-13 16:26:51'),
(238, 'FGUF21CS003620160413037', '2016-04-13 16:26:51'),
(239, 'FGUF21CS003620160413038', '2016-04-13 16:26:51'),
(240, 'FGUF21CS003620160413039', '2016-04-13 16:26:51'),
(241, 'FGUF21CS003620160413040', '2016-04-13 16:26:51'),
(242, 'FGUF21CS003620160413041', '2016-04-13 16:26:51'),
(243, 'FGUF21CS003620160413042', '2016-04-13 16:26:51'),
(244, 'FGUF21CS003620160413043', '2016-04-13 16:26:51'),
(245, 'FGUF21CS003620160413044', '2016-04-13 16:26:51'),
(246, 'FGUF21CS003620160413045', '2016-04-13 16:26:51'),
(247, 'FGUF21CS003620160413046', '2016-04-13 16:26:51'),
(248, 'FGUF21CS003620160413047', '2016-04-13 16:26:51'),
(249, 'FGUF21CS003620160413048', '2016-04-13 16:26:51'),
(250, 'FGUF21CS003620160413049', '2016-04-13 16:26:52'),
(251, 'FGUF21CS003620160413050', '2016-04-13 16:26:52'),
(252, 'FGUF21CS003620160413051', '2016-04-13 16:26:52'),
(253, 'FGUF21CS003620160413052', '2016-04-13 16:26:52'),
(254, 'FGUF21CS003620160413053', '2016-04-13 16:26:52'),
(255, 'FGUF21CS003620160413054', '2016-04-13 16:26:52'),
(256, 'FGUF21CS003620160413055', '2016-04-13 16:26:52'),
(257, 'FGUF21CS003620160413056', '2016-04-13 16:26:52'),
(258, 'FGUF21CS003620160413057', '2016-04-13 16:26:52'),
(259, 'FGUF21CS003620160413058', '2016-04-13 16:26:52'),
(260, 'FGUF21CS003620160413059', '2016-04-13 16:26:52'),
(261, 'FGUF21CS003620160413060', '2016-04-13 16:26:52'),
(262, 'FGUF21CS003620160413061', '2016-04-13 16:26:52'),
(263, 'FGUF21CS003620160413062', '2016-04-13 16:26:52'),
(264, 'FGUF21CS003620160413063', '2016-04-13 16:26:52'),
(265, 'FGUF21CS003620160413064', '2016-04-13 16:26:52'),
(266, 'FGUF21CS003620160413065', '2016-04-13 16:26:53'),
(267, 'FGUF21CS003620160413066', '2016-04-13 16:26:53'),
(268, 'FGUF21CS003620160413067', '2016-04-13 16:26:53'),
(269, 'FGUF21CS003620160413068', '2016-04-13 16:26:53'),
(270, 'FGUF21CS003620160413069', '2016-04-13 16:26:53'),
(271, 'FGUF21CS003620160413070', '2016-04-13 16:26:53'),
(272, 'FGUF21CS003620160413071', '2016-04-13 16:26:53'),
(273, 'FGUF21CS003620160413072', '2016-04-13 16:26:53'),
(274, 'FGUF21CS003620160413073', '2016-04-13 16:26:53'),
(275, 'FGUF21CS003620160413074', '2016-04-13 16:26:53'),
(276, 'FGUF21CS003620160413075', '2016-04-13 16:26:53'),
(277, 'FGUF21CS003620160413076', '2016-04-13 16:26:53'),
(278, 'FGUF21CS003620160413077', '2016-04-13 16:26:53'),
(279, 'FGUF21CS003620160413078', '2016-04-13 16:26:53'),
(280, 'FGUF21CS003620160413079', '2016-04-13 16:26:53'),
(281, 'FGUF21CS003620160413080', '2016-04-13 16:26:53'),
(282, 'FGUF21CS003620160413081', '2016-04-13 16:26:53'),
(283, 'FGUF21CS003620160413082', '2016-04-13 16:26:54'),
(284, 'FGUF21CS003620160413083', '2016-04-13 16:26:54'),
(285, 'FGUF21CS003620160413084', '2016-04-13 16:26:54'),
(286, 'FGUF21CS003620160413085', '2016-04-13 16:26:54'),
(287, 'FGUF21CS003620160413086', '2016-04-13 16:26:54'),
(288, 'FGUF21CS003620160413087', '2016-04-13 16:26:54'),
(289, 'FGUF21CS003620160413088', '2016-04-13 16:26:54'),
(290, 'FGUF21CS003620160413089', '2016-04-13 16:26:54'),
(291, 'FGUF21CS003620160413090', '2016-04-13 16:26:54'),
(292, 'FGUF21CS003620160413091', '2016-04-13 16:26:54'),
(293, 'FGUF21CS003620160413092', '2016-04-13 16:26:54'),
(294, 'FGUF21CS003620160413093', '2016-04-13 16:26:54'),
(295, 'FGUF21CS003620160413094', '2016-04-13 16:26:54'),
(296, 'FGUF21CS003620160413095', '2016-04-13 16:26:54'),
(297, 'FGUF21CS003620160413096', '2016-04-13 16:26:54'),
(298, 'FGUF21CS003620160413097', '2016-04-13 16:26:54'),
(299, 'FGUF21CS003620160413098', '2016-04-13 16:26:55'),
(300, 'FGUF21CS003620160413099', '2016-04-13 16:26:55'),
(301, 'FGUF21CS003620160413100', '2016-04-13 16:26:55'),
(302, 'FGUF21CS003620160413101', '2016-04-13 16:42:51'),
(303, 'FGUF21CS003620160413102', '2016-04-13 16:42:52'),
(304, 'FGUF21CS003620160413103', '2016-04-13 16:42:52'),
(305, 'FGUF21CS003620160413104', '2016-04-13 16:42:52'),
(306, 'CODEKPS20160413001', '2016-04-13 19:30:46'),
(307, 'CODEKPS20160413002', '2016-04-13 19:30:46'),
(308, 'CODEKPS20160413003', '2016-04-13 19:30:46'),
(309, 'CODEKPS20160413004', '2016-04-13 19:30:46'),
(310, 'CODEKPS20160413005', '2016-04-13 19:30:46'),
(311, 'CODEKPS20160413006', '2016-04-13 19:30:47'),
(312, 'CODEKPS20160413007', '2016-04-13 19:30:47'),
(313, 'CODEKPS20160413008', '2016-04-13 19:30:47'),
(314, 'CODEKPS20160413009', '2016-04-13 19:47:52'),
(315, 'CODEKPS20160413010', '2016-04-13 19:47:53'),
(316, 'CODEKPS20160413011', '2016-04-13 19:47:53'),
(317, 'CODEKPS20160413012', '2016-04-13 19:47:53'),
(318, 'CODEKPS20160413013', '2016-04-13 19:47:53'),
(319, 'CODEKPS20160413014', '2016-04-13 19:47:53'),
(320, 'CODEKPS20160413015', '2016-04-13 19:47:53'),
(321, 'CODEKPS20160413016', '2016-04-13 19:47:53'),
(322, 'CODEKPS20160413017', '2016-04-13 19:53:00'),
(323, 'CODEKPS20160413018', '2016-04-13 19:53:00'),
(324, 'CODEKPS20160413019', '2016-04-13 19:53:00'),
(325, 'CODEKPS20160413020', '2016-04-13 19:53:00'),
(326, 'CODEKPS20160413021', '2016-04-13 19:53:00'),
(327, 'CODEKPS20160413022', '2016-04-13 19:53:00'),
(328, 'CODEKPS20160413023', '2016-04-13 19:53:00'),
(329, 'CODEKPS20160413024', '2016-04-13 19:53:00'),
(330, 'FGUF21CS003620160512001', '2016-05-12 10:51:28'),
(331, 'FGUF21CS003620160512002', '2016-05-12 10:51:28'),
(332, 'CODEKPS20160512001', '2016-05-12 10:54:54'),
(333, 'CODEKPS20160512002', '2016-05-12 10:54:54'),
(334, 'FGUF21CS003620160523001', '2016-05-23 11:11:46'),
(335, 'FGUF21CS003620160523002', '2016-05-23 11:11:46'),
(336, 'FGUF21CS003620160523003', '2016-05-23 11:11:46'),
(337, 'FGUF21CS003620160523004', '2016-05-23 11:11:46'),
(338, 'FGUF21CS003620160523005', '2016-05-23 11:11:46'),
(339, 'FGUF21CS003620160523006', '2016-05-23 11:11:46'),
(340, 'FGUF21CS003620160523007', '2016-05-23 11:11:46'),
(341, 'FGUF21CS003620160523008', '2016-05-23 11:11:46'),
(342, 'FGUF21CS003620160523009', '2016-05-23 11:11:46'),
(343, 'FGUF21CS003620160523010', '2016-05-23 11:11:46');

-- --------------------------------------------------------

--
-- Struktur dari tabel `kps_barcode_label`
--

CREATE TABLE `kps_barcode_label` (
  `kps_barcode_label_id` int(4) NOT NULL,
  `barcode_id` int(4) NOT NULL,
  `label_id` int(5) NOT NULL,
  `code_label` varchar(255) NOT NULL,
  `order_label` int(5) NOT NULL,
  `BARCODE_LABEL_OTW` tinyint(4) DEFAULT NULL,
  `BARCODE_LABEL_DESTINATION` tinyint(4) DEFAULT NULL
) ENGINE=InnoDB DEFAULT CHARSET=utf8;

--
-- Dumping data untuk tabel `kps_barcode_label`
--

INSERT INTO `kps_barcode_label` (`kps_barcode_label_id`, `barcode_id`, `label_id`, `code_label`, `order_label`, `BARCODE_LABEL_OTW`, `BARCODE_LABEL_DESTINATION`) VALUES
(26, 81, 3, 'CODEKPS20160302', 6, NULL, NULL),
(27, 82, 3, 'CODEKPS20160302', 7, NULL, NULL),
(28, 83, 3, 'CODEKPS20160302', 8, NULL, NULL),
(29, 84, 3, 'CODEKPS20160302', 9, NULL, NULL),
(30, 85, 3, 'CODEKPS20160302', 10, NULL, NULL),
(31, 86, 4, 'FGUF21CS003620160304', 1, NULL, NULL),
(32, 87, 4, 'FGUF21CS003620160304', 2, NULL, NULL),
(33, 88, 4, 'FGUF21CS003620160304', 3, NULL, NULL),
(34, 89, 4, 'FGUF21CS003620160304', 4, NULL, NULL),
(35, 90, 4, 'FGUF21CS003620160304', 5, NULL, NULL),
(36, 91, 4, 'FGUF21CS003620160304', 6, NULL, NULL),
(37, 92, 4, 'FGUF21CS003620160304', 7, NULL, NULL),
(38, 93, 4, 'FGUF21CS003620160304', 8, NULL, NULL),
(39, 94, 4, 'FGUF21CS003620160304', 9, NULL, NULL),
(40, 95, 4, 'FGUF21CS003620160304', 10, NULL, NULL),
(41, 96, 4, 'FGUF21CS003620160304', 11, NULL, NULL),
(42, 97, 4, 'FGUF21CS003620160304', 12, NULL, NULL),
(43, 98, 4, 'FGUF21CS003620160304', 13, NULL, NULL),
(44, 99, 4, 'FGUF21CS003620160304', 14, NULL, NULL),
(45, 100, 4, 'FGUF21CS003620160304', 15, NULL, NULL),
(46, 101, 4, 'FGUF21CS003620160304', 16, NULL, NULL),
(47, 102, 4, 'FGUF21CS003620160304', 17, NULL, NULL),
(48, 103, 4, 'FGUF21CS003620160304', 18, NULL, NULL),
(49, 104, 4, 'FGUF21CS003620160304', 19, NULL, NULL),
(50, 105, 4, 'FGUF21CS003620160304', 20, NULL, NULL),
(51, 106, 4, 'FGUF21CS003620160304', 21, NULL, NULL),
(52, 107, 4, 'FGUF21CS003620160304', 22, NULL, NULL),
(53, 108, 4, 'FGUF21CS003620160304', 23, NULL, NULL),
(54, 109, 4, 'FGUF21CS003620160304', 24, NULL, NULL),
(55, 110, 4, 'FGUF21CS003620160304', 25, NULL, NULL),
(56, 111, 4, 'FGUF21CS003620160304', 26, NULL, NULL),
(57, 112, 4, 'FGUF21CS003620160304', 27, NULL, NULL),
(58, 113, 4, 'FGUF21CS003620160304', 28, NULL, NULL),
(59, 114, 4, 'FGUF21CS003620160304', 29, NULL, NULL),
(60, 115, 4, 'FGUF21CS003620160304', 30, NULL, NULL),
(61, 116, 4, 'FGUF21CS003620160304', 31, NULL, NULL),
(62, 117, 4, 'FGUF21CS003620160304', 32, NULL, NULL),
(63, 118, 4, 'FGUF21CS003620160304', 33, NULL, NULL),
(64, 119, 4, 'FGUF21CS003620160304', 34, NULL, NULL),
(65, 120, 4, 'FGUF21CS003620160304', 35, NULL, NULL),
(66, 121, 4, 'FGUF21CS003620160304', 36, NULL, NULL),
(67, 122, 4, 'FGUF21CS003620160304', 37, NULL, NULL),
(68, 123, 4, 'FGUF21CS003620160304', 38, NULL, NULL),
(69, 124, 4, 'FGUF21CS003620160304', 39, NULL, NULL),
(70, 125, 4, 'FGUF21CS003620160304', 40, NULL, NULL),
(71, 126, 4, 'FGUF21CS003620160304', 41, NULL, NULL),
(72, 127, 4, 'FGUF21CS003620160304', 42, NULL, NULL),
(73, 128, 4, 'FGUF21CS003620160304', 43, NULL, NULL),
(74, 129, 4, 'FGUF21CS003620160304', 44, NULL, NULL),
(75, 130, 4, 'FGUF21CS003620160304', 45, NULL, NULL),
(76, 131, 4, 'FGUF21CS003620160304', 46, NULL, NULL),
(77, 132, 4, 'FGUF21CS003620160304', 47, NULL, NULL),
(78, 133, 4, 'FGUF21CS003620160304', 48, NULL, NULL),
(79, 134, 4, 'FGUF21CS003620160304', 49, NULL, NULL),
(80, 135, 4, 'FGUF21CS003620160304', 50, NULL, NULL),
(81, 136, 4, 'FGUF21CS003620160304', 51, NULL, NULL),
(82, 137, 4, 'FGUF21CS003620160304', 52, NULL, NULL),
(83, 138, 4, 'FGUF21CS003620160304', 53, NULL, NULL),
(84, 139, 4, 'FGUF21CS003620160304', 54, NULL, NULL),
(85, 140, 4, 'FGUF21CS003620160304', 55, NULL, NULL),
(86, 141, 4, 'FGUF21CS003620160304', 56, NULL, NULL),
(87, 142, 4, 'FGUF21CS003620160304', 57, NULL, NULL),
(88, 143, 4, 'FGUF21CS003620160304', 58, NULL, NULL),
(89, 144, 4, 'FGUF21CS003620160304', 59, NULL, NULL),
(90, 145, 4, 'FGUF21CS003620160304', 60, NULL, NULL),
(91, 146, 4, 'FGUF21CS003620160304', 61, NULL, NULL),
(92, 147, 4, 'FGUF21CS003620160304', 62, NULL, NULL),
(93, 148, 4, 'FGUF21CS003620160304', 63, NULL, NULL),
(94, 149, 4, 'FGUF21CS003620160304', 64, NULL, NULL),
(95, 150, 4, 'FGUF21CS003620160304', 65, NULL, NULL),
(96, 151, 4, 'FGUF21CS003620160304', 66, NULL, NULL),
(97, 152, 4, 'FGUF21CS003620160304', 67, NULL, NULL),
(98, 153, 4, 'FGUF21CS003620160304', 68, NULL, NULL),
(99, 154, 4, 'FGUF21CS003620160304', 69, NULL, NULL),
(100, 155, 4, 'FGUF21CS003620160304', 70, NULL, NULL),
(101, 156, 4, 'FGUF21CS003620160304', 71, NULL, NULL),
(102, 157, 4, 'FGUF21CS003620160304', 72, NULL, NULL),
(103, 158, 4, 'FGUF21CS003620160304', 73, NULL, NULL),
(104, 159, 4, 'FGUF21CS003620160304', 74, NULL, NULL),
(105, 160, 4, 'FGUF21CS003620160304', 75, NULL, NULL),
(106, 161, 4, 'FGUF21CS003620160304', 76, NULL, NULL),
(107, 162, 4, 'FGUF21CS003620160304', 77, NULL, NULL),
(108, 163, 4, 'FGUF21CS003620160304', 78, NULL, NULL),
(109, 164, 4, 'FGUF21CS003620160304', 79, NULL, NULL),
(110, 165, 4, 'FGUF21CS003620160304', 80, NULL, NULL),
(111, 166, 4, 'FGUF21CS003620160304', 81, NULL, NULL),
(112, 167, 4, 'FGUF21CS003620160304', 82, NULL, NULL),
(113, 168, 4, 'FGUF21CS003620160304', 83, NULL, NULL),
(114, 169, 4, 'FGUF21CS003620160304', 84, NULL, NULL),
(115, 170, 4, 'FGUF21CS003620160304', 85, NULL, NULL),
(116, 171, 4, 'FGUF21CS003620160304', 86, NULL, NULL),
(117, 172, 4, 'FGUF21CS003620160304', 87, NULL, NULL),
(118, 173, 4, 'FGUF21CS003620160304', 88, NULL, NULL),
(119, 174, 4, 'FGUF21CS003620160304', 89, NULL, NULL),
(120, 175, 4, 'FGUF21CS003620160304', 90, NULL, NULL),
(121, 176, 4, 'FGUF21CS003620160304', 91, NULL, NULL),
(122, 177, 4, 'FGUF21CS003620160304', 92, NULL, NULL),
(123, 178, 4, 'FGUF21CS003620160304', 93, NULL, NULL),
(124, 179, 4, 'FGUF21CS003620160304', 94, NULL, NULL),
(125, 180, 4, 'FGUF21CS003620160304', 95, NULL, NULL),
(126, 181, 4, 'FGUF21CS003620160304', 96, NULL, NULL),
(127, 182, 4, 'FGUF21CS003620160304', 97, NULL, NULL),
(128, 183, 4, 'FGUF21CS003620160304', 98, NULL, NULL),
(129, 184, 4, 'FGUF21CS003620160304', 99, NULL, NULL),
(130, 185, 4, 'FGUF21CS003620160304', 100, NULL, NULL),
(131, 186, 4, 'FGUF21CS003620160304', 101, NULL, NULL),
(132, 187, 4, 'FGUF21CS003620160304', 102, NULL, NULL),
(133, 188, 4, 'FGUF21CS003620160304', 103, NULL, NULL),
(134, 189, 4, 'FGUF21CS003620160304', 104, NULL, NULL),
(135, 190, 4, 'FGUF21CS003620160304', 105, NULL, NULL),
(136, 191, 4, 'FGUF21CS003620160304', 106, NULL, NULL),
(137, 192, 4, 'FGUF21CS003620160304', 107, NULL, NULL),
(138, 193, 4, 'FGUF21CS003620160304', 108, NULL, NULL),
(139, 194, 4, 'FGUF21CS003620160304', 109, NULL, NULL),
(140, 195, 4, 'FGUF21CS003620160304', 110, NULL, NULL),
(141, 196, 4, 'FGUF21CS003620160304', 111, NULL, NULL),
(142, 197, 4, 'FGUF21CS003620160304', 112, NULL, NULL),
(143, 198, 4, 'FGUF21CS003620160304', 113, NULL, NULL),
(144, 199, 4, 'FGUF21CS003620160304', 114, NULL, NULL),
(145, 200, 4, 'FGUF21CS003620160304', 115, NULL, NULL),
(146, 201, 4, 'FGUF21CS003620160304', 116, NULL, NULL),
(147, 202, 4, 'FGUF21CS003620160304', 117, NULL, NULL),
(148, 203, 4, 'FGUF21CS003620160304', 118, NULL, NULL),
(149, 204, 4, 'FGUF21CS003620160304', 119, NULL, NULL),
(150, 205, 4, 'FGUF21CS003620160304', 120, NULL, NULL),
(151, 206, 4, 'FGUF21CS003620160304', 121, NULL, NULL),
(152, 207, 4, 'FGUF21CS003620160304', 122, NULL, NULL),
(153, 208, 4, 'FGUF21CS003620160304', 123, NULL, NULL),
(154, 209, 4, 'FGUF21CS003620160304', 124, NULL, NULL),
(155, 210, 4, 'FGUF21CS003620160304', 125, NULL, NULL),
(156, 211, 4, 'FGUF21CS003620160304', 126, NULL, NULL),
(157, 212, 4, 'FGUF21CS003620160304', 127, NULL, NULL),
(158, 213, 4, 'FGUF21CS003620160304', 128, NULL, NULL),
(159, 214, 4, 'FGUF21CS003620160304', 129, NULL, NULL),
(160, 215, 4, 'FGUF21CS003620160304', 130, NULL, NULL),
(161, 216, 4, 'FGUF21CS003620160304', 131, NULL, NULL),
(162, 217, 4, 'FGUF21CS003620160304', 132, NULL, NULL),
(163, 218, 4, 'FGUF21CS003620160304', 133, NULL, NULL),
(164, 219, 4, 'FGUF21CS003620160304', 134, NULL, NULL),
(165, 220, 4, 'FGUF21CS003620160304', 135, NULL, NULL),
(166, 221, 4, 'FGUF21CS003620160304', 136, NULL, NULL),
(167, 222, 4, 'FGUF21CS003620160304', 137, NULL, NULL),
(168, 223, 4, 'FGUF21CS003620160304', 138, NULL, NULL),
(169, 224, 4, 'FGUF21CS003620160304', 139, NULL, NULL),
(170, 225, 4, 'FGUF21CS003620160304', 140, NULL, NULL),
(171, 226, 4, 'FGUF21CS003620160304', 141, NULL, NULL),
(172, 227, 4, 'FGUF21CS003620160304', 142, NULL, NULL),
(173, 228, 4, 'FGUF21CS003620160304', 143, NULL, NULL),
(174, 229, 4, 'FGUF21CS003620160304', 144, NULL, NULL),
(175, 230, 4, 'FGUF21CS003620160304', 145, NULL, NULL),
(176, 231, 4, 'FGUF21CS003620160304', 146, NULL, NULL),
(177, 232, 4, 'FGUF21CS003620160304', 147, NULL, NULL),
(178, 233, 4, 'FGUF21CS003620160304', 148, NULL, NULL),
(179, 234, 4, 'FGUF21CS003620160304', 149, NULL, NULL),
(180, 235, 4, 'FGUF21CS003620160304', 150, NULL, NULL),
(181, 236, 4, 'FGUF21CS003620160304', 151, NULL, NULL),
(182, 237, 4, 'FGUF21CS003620160304', 152, NULL, NULL),
(183, 238, 4, 'FGUF21CS003620160304', 153, NULL, NULL),
(184, 239, 4, 'FGUF21CS003620160304', 154, NULL, NULL),
(185, 240, 4, 'FGUF21CS003620160304', 155, NULL, NULL),
(186, 241, 4, 'FGUF21CS003620160304', 156, NULL, NULL),
(187, 242, 4, 'FGUF21CS003620160304', 157, NULL, NULL),
(188, 243, 4, 'FGUF21CS003620160304', 158, NULL, NULL),
(189, 244, 4, 'FGUF21CS003620160304', 159, NULL, NULL),
(190, 245, 4, 'FGUF21CS003620160304', 160, NULL, NULL),
(191, 246, 4, 'FGUF21CS003620160304', 161, NULL, NULL),
(192, 247, 4, 'FGUF21CS003620160304', 162, NULL, NULL),
(193, 248, 4, 'FGUF21CS003620160304', 163, NULL, NULL),
(194, 249, 4, 'FGUF21CS003620160304', 164, NULL, NULL),
(195, 250, 4, 'FGUF21CS003620160304', 165, NULL, NULL),
(196, 251, 4, 'FGUF21CS003620160304', 166, NULL, NULL),
(197, 252, 4, 'FGUF21CS003620160304', 167, NULL, NULL),
(198, 253, 4, 'FGUF21CS003620160304', 168, NULL, NULL),
(199, 254, 4, 'FGUF21CS003620160304', 169, NULL, NULL),
(200, 255, 4, 'FGUF21CS003620160304', 170, NULL, NULL),
(201, 256, 4, 'FGUF21CS003620160304', 171, NULL, NULL),
(202, 257, 4, 'FGUF21CS003620160304', 172, NULL, NULL),
(203, 258, 4, 'FGUF21CS003620160304', 173, NULL, NULL),
(204, 259, 4, 'FGUF21CS003620160304', 174, NULL, NULL),
(205, 260, 4, 'FGUF21CS003620160304', 175, NULL, NULL),
(206, 261, 4, 'FGUF21CS003620160304', 176, NULL, NULL),
(207, 262, 4, 'FGUF21CS003620160304', 177, NULL, NULL),
(208, 263, 4, 'FGUF21CS003620160304', 178, NULL, NULL),
(209, 264, 4, 'FGUF21CS003620160304', 179, NULL, NULL),
(210, 265, 4, 'FGUF21CS003620160304', 180, NULL, NULL),
(211, 266, 4, 'FGUF21CS003620160304', 181, NULL, NULL),
(212, 267, 4, 'FGUF21CS003620160304', 182, NULL, NULL),
(213, 268, 4, 'FGUF21CS003620160304', 183, NULL, NULL),
(214, 269, 4, 'FGUF21CS003620160304', 184, NULL, NULL),
(215, 270, 4, 'FGUF21CS003620160304', 185, NULL, NULL),
(216, 271, 4, 'FGUF21CS003620160304', 186, NULL, NULL),
(217, 272, 4, 'FGUF21CS003620160304', 187, NULL, NULL),
(218, 273, 4, 'FGUF21CS003620160304', 188, NULL, NULL),
(219, 274, 4, 'FGUF21CS003620160304', 189, NULL, NULL),
(220, 275, 4, 'FGUF21CS003620160304', 190, NULL, NULL),
(221, 276, 4, 'FGUF21CS003620160304', 191, NULL, NULL),
(222, 277, 4, 'FGUF21CS003620160304', 192, NULL, NULL),
(223, 278, 4, 'FGUF21CS003620160304', 193, NULL, NULL),
(224, 279, 4, 'FGUF21CS003620160304', 194, NULL, NULL),
(225, 280, 4, 'FGUF21CS003620160304', 195, NULL, NULL),
(226, 281, 4, 'FGUF21CS003620160304', 196, NULL, NULL),
(227, 282, 4, 'FGUF21CS003620160304', 197, NULL, NULL),
(228, 283, 4, 'FGUF21CS003620160304', 198, NULL, NULL),
(229, 284, 4, 'FGUF21CS003620160304', 199, NULL, NULL),
(230, 285, 4, 'FGUF21CS003620160304', 200, NULL, NULL),
(231, 2, 8, 'FGUF21CS003620160328', 1, NULL, NULL),
(232, 3, 8, 'FGUF21CS003620160328', 2, NULL, NULL),
(233, 4, 8, 'FGUF21CS003620160328', 3, NULL, NULL),
(234, 5, 8, 'FGUF21CS003620160328', 4, NULL, NULL),
(235, 6, 8, 'FGUF21CS003620160328', 5, NULL, NULL),
(236, 7, 8, 'FGUF21CS003620160328', 6, NULL, NULL),
(237, 8, 8, 'FGUF21CS003620160328', 7, NULL, NULL),
(238, 9, 8, 'FGUF21CS003620160328', 8, NULL, NULL),
(239, 10, 8, 'FGUF21CS003620160328', 9, NULL, NULL),
(240, 11, 8, 'FGUF21CS003620160328', 10, NULL, NULL),
(241, 12, 8, 'FGUF21CS003620160328', 11, NULL, NULL),
(242, 13, 8, 'FGUF21CS003620160328', 12, NULL, NULL),
(243, 14, 8, 'FGUF21CS003620160328', 13, NULL, NULL),
(244, 15, 8, 'FGUF21CS003620160328', 14, NULL, NULL),
(245, 16, 8, 'FGUF21CS003620160328', 15, NULL, NULL),
(246, 17, 8, 'FGUF21CS003620160328', 16, NULL, NULL),
(247, 18, 8, 'FGUF21CS003620160328', 17, NULL, NULL),
(248, 19, 8, 'FGUF21CS003620160328', 18, NULL, NULL),
(249, 20, 8, 'FGUF21CS003620160328', 19, NULL, NULL),
(250, 21, 8, 'FGUF21CS003620160328', 20, NULL, NULL),
(251, 22, 8, 'FGUF21CS003620160328', 21, NULL, NULL),
(252, 23, 8, 'FGUF21CS003620160328', 22, NULL, NULL),
(253, 24, 8, 'FGUF21CS003620160328', 23, NULL, NULL),
(254, 25, 8, 'FGUF21CS003620160328', 24, NULL, NULL),
(255, 26, 8, 'FGUF21CS003620160328', 25, 1, 1),
(256, 28, 8, 'FGUF21CS003620160328', 26, NULL, NULL),
(257, 27, 9, 'FGUF21CS003620160328', 25, NULL, NULL),
(258, 29, 8, 'FGUF21CS003620160328', 27, NULL, NULL),
(259, 30, 9, 'FGUF21CS003620160328', 28, NULL, NULL),
(260, 31, 8, 'FGUF21CS003620160328', 28, NULL, NULL),
(261, 32, 9, 'FGUF21CS003620160328', 29, NULL, NULL),
(262, 33, 8, 'FGUF21CS003620160328', 29, NULL, NULL),
(263, 34, 9, 'FGUF21CS003620160328', 30, NULL, NULL),
(264, 35, 8, 'FGUF21CS003620160328', 30, NULL, NULL),
(265, 36, 9, 'FGUF21CS003620160328', 31, NULL, NULL),
(266, 37, 8, 'FGUF21CS003620160328', 31, NULL, NULL),
(267, 38, 9, 'FGUF21CS003620160328', 32, NULL, NULL),
(268, 39, 8, 'FGUF21CS003620160328', 32, NULL, NULL),
(269, 40, 9, 'FGUF21CS003620160328', 33, NULL, NULL),
(270, 41, 8, 'FGUF21CS003620160328', 33, NULL, NULL),
(271, 42, 9, 'FGUF21CS003620160328', 34, NULL, NULL),
(272, 43, 8, 'FGUF21CS003620160328', 34, NULL, NULL),
(273, 44, 9, 'FGUF21CS003620160328', 35, NULL, NULL),
(274, 45, 8, 'FGUF21CS003620160328', 35, NULL, NULL),
(275, 46, 9, 'FGUF21CS003620160328', 36, NULL, NULL),
(276, 47, 8, 'FGUF21CS003620160328', 36, NULL, NULL),
(277, 48, 9, 'FGUF21CS003620160328', 37, NULL, NULL),
(278, 49, 8, 'FGUF21CS003620160328', 37, NULL, NULL),
(279, 50, 9, 'FGUF21CS003620160328', 38, NULL, NULL),
(280, 51, 8, 'FGUF21CS003620160328', 38, NULL, NULL),
(281, 52, 9, 'FGUF21CS003620160328', 39, NULL, NULL),
(282, 53, 8, 'FGUF21CS003620160328', 39, NULL, NULL),
(283, 54, 9, 'FGUF21CS003620160328', 40, NULL, NULL),
(284, 55, 8, 'FGUF21CS003620160328', 41, NULL, NULL),
(285, 56, 9, 'FGUF21CS003620160328', 41, NULL, NULL),
(286, 57, 8, 'FGUF21CS003620160328', 42, NULL, NULL),
(287, 58, 9, 'FGUF21CS003620160328', 43, NULL, NULL),
(288, 59, 8, 'FGUF21CS003620160328', 43, NULL, NULL),
(289, 60, 9, 'FGUF21CS003620160328', 44, NULL, NULL),
(290, 61, 8, 'FGUF21CS003620160328', 44, NULL, NULL),
(291, 62, 9, 'FGUF21CS003620160328', 45, NULL, NULL),
(292, 63, 8, 'FGUF21CS003620160328', 45, NULL, NULL),
(293, 64, 9, 'FGUF21CS003620160328', 46, NULL, NULL),
(294, 65, 8, 'FGUF21CS003620160328', 46, NULL, NULL),
(295, 66, 9, 'FGUF21CS003620160328', 47, NULL, NULL),
(296, 67, 8, 'FGUF21CS003620160328', 47, NULL, NULL),
(297, 68, 9, 'FGUF21CS003620160328', 48, NULL, NULL),
(298, 69, 8, 'FGUF21CS003620160328', 48, NULL, NULL),
(299, 70, 9, 'FGUF21CS003620160328', 49, NULL, NULL),
(300, 71, 8, 'FGUF21CS003620160328', 49, NULL, NULL),
(301, 72, 9, 'FGUF21CS003620160328', 50, NULL, NULL),
(302, 73, 8, 'FGUF21CS003620160328', 50, NULL, NULL),
(303, 74, 9, 'FGUF21CS003620160328', 51, NULL, NULL),
(304, 75, 8, 'FGUF21CS003620160328', 51, NULL, NULL),
(305, 76, 9, 'FGUF21CS003620160328', 52, NULL, NULL),
(306, 77, 8, 'FGUF21CS003620160328', 52, NULL, NULL),
(307, 78, 9, 'FGUF21CS003620160328', 53, NULL, NULL),
(308, 79, 8, 'FGUF21CS003620160328', 53, NULL, NULL),
(309, 80, 9, 'FGUF21CS003620160328', 54, NULL, NULL),
(310, 81, 8, 'FGUF21CS003620160328', 54, NULL, NULL),
(311, 82, 9, 'FGUF21CS003620160328', 55, NULL, NULL),
(312, 83, 8, 'FGUF21CS003620160328', 55, NULL, NULL),
(313, 84, 9, 'FGUF21CS003620160328', 56, NULL, NULL),
(314, 85, 8, 'FGUF21CS003620160328', 56, NULL, NULL),
(315, 86, 9, 'FGUF21CS003620160328', 57, NULL, NULL),
(316, 87, 8, 'FGUF21CS003620160328', 57, NULL, NULL),
(317, 88, 9, 'FGUF21CS003620160328', 58, NULL, NULL),
(318, 89, 8, 'FGUF21CS003620160328', 58, NULL, NULL),
(319, 90, 9, 'FGUF21CS003620160328', 59, NULL, NULL),
(320, 91, 8, 'FGUF21CS003620160328', 59, NULL, NULL),
(321, 92, 9, 'FGUF21CS003620160328', 60, NULL, NULL),
(322, 93, 8, 'FGUF21CS003620160328', 60, NULL, NULL),
(323, 94, 9, 'FGUF21CS003620160328', 61, NULL, NULL),
(324, 95, 8, 'FGUF21CS003620160328', 61, NULL, NULL),
(325, 96, 9, 'FGUF21CS003620160328', 62, NULL, NULL),
(326, 97, 8, 'FGUF21CS003620160328', 62, NULL, NULL),
(327, 98, 9, 'FGUF21CS003620160328', 63, NULL, NULL),
(328, 99, 8, 'FGUF21CS003620160328', 63, NULL, NULL),
(329, 100, 9, 'FGUF21CS003620160328', 64, NULL, NULL),
(330, 101, 8, 'FGUF21CS003620160328', 64, NULL, NULL),
(331, 102, 9, 'FGUF21CS003620160328', 65, NULL, NULL),
(332, 103, 8, 'FGUF21CS003620160328', 65, NULL, NULL),
(333, 104, 9, 'FGUF21CS003620160328', 66, NULL, NULL),
(334, 105, 8, 'FGUF21CS003620160328', 66, NULL, NULL),
(335, 106, 9, 'FGUF21CS003620160328', 67, NULL, NULL),
(336, 107, 8, 'FGUF21CS003620160328', 67, NULL, NULL),
(337, 108, 9, 'FGUF21CS003620160328', 68, NULL, NULL),
(338, 109, 8, 'FGUF21CS003620160328', 68, NULL, NULL),
(339, 110, 9, 'FGUF21CS003620160328', 69, NULL, NULL),
(340, 111, 8, 'FGUF21CS003620160328', 69, NULL, NULL),
(341, 112, 9, 'FGUF21CS003620160328', 70, NULL, NULL),
(342, 113, 8, 'FGUF21CS003620160328', 70, NULL, NULL),
(343, 114, 9, 'FGUF21CS003620160328', 71, NULL, NULL),
(344, 115, 8, 'FGUF21CS003620160328', 71, NULL, NULL),
(345, 116, 8, 'FGUF21CS003620160328', 72, NULL, NULL),
(346, 117, 9, 'FGUF21CS003620160328', 72, NULL, NULL),
(347, 118, 8, 'FGUF21CS003620160328', 73, NULL, NULL),
(348, 119, 9, 'FGUF21CS003620160328', 73, NULL, NULL),
(349, 120, 8, 'FGUF21CS003620160328', 74, NULL, NULL),
(350, 121, 9, 'FGUF21CS003620160328', 74, NULL, NULL),
(351, 122, 8, 'FGUF21CS003620160328', 75, NULL, NULL),
(352, 123, 9, 'FGUF21CS003620160328', 75, NULL, NULL),
(353, 124, 8, 'FGUF21CS003620160328', 76, NULL, NULL),
(354, 125, 9, 'FGUF21CS003620160328', 76, NULL, NULL),
(355, 126, 8, 'FGUF21CS003620160328', 77, NULL, NULL),
(356, 127, 9, 'FGUF21CS003620160328', 77, NULL, NULL),
(357, 128, 8, 'FGUF21CS003620160328', 78, NULL, NULL),
(358, 129, 9, 'FGUF21CS003620160328', 78, NULL, NULL),
(359, 130, 8, 'FGUF21CS003620160328', 79, NULL, NULL),
(360, 131, 9, 'FGUF21CS003620160328', 79, NULL, NULL),
(361, 132, 8, 'FGUF21CS003620160328', 80, NULL, NULL),
(362, 133, 9, 'FGUF21CS003620160328', 80, NULL, NULL),
(363, 134, 8, 'FGUF21CS003620160328', 81, NULL, NULL),
(364, 135, 9, 'FGUF21CS003620160328', 81, NULL, NULL),
(365, 136, 8, 'FGUF21CS003620160328', 82, NULL, NULL),
(366, 137, 9, 'FGUF21CS003620160328', 82, NULL, NULL),
(367, 138, 8, 'FGUF21CS003620160328', 83, NULL, NULL),
(368, 139, 9, 'FGUF21CS003620160328', 83, NULL, NULL),
(369, 140, 8, 'FGUF21CS003620160328', 84, NULL, NULL),
(370, 141, 9, 'FGUF21CS003620160328', 84, NULL, NULL),
(371, 142, 8, 'FGUF21CS003620160328', 85, NULL, NULL),
(372, 143, 9, 'FGUF21CS003620160328', 85, NULL, NULL),
(373, 144, 8, 'FGUF21CS003620160328', 86, NULL, NULL),
(374, 145, 9, 'FGUF21CS003620160328', 86, NULL, NULL),
(375, 146, 8, 'FGUF21CS003620160328', 87, NULL, NULL),
(376, 147, 9, 'FGUF21CS003620160328', 87, NULL, NULL),
(377, 148, 8, 'FGUF21CS003620160328', 88, NULL, NULL),
(378, 149, 9, 'FGUF21CS003620160328', 88, NULL, NULL),
(379, 150, 8, 'FGUF21CS003620160328', 89, NULL, NULL),
(380, 151, 9, 'FGUF21CS003620160328', 89, NULL, NULL),
(381, 152, 8, 'FGUF21CS003620160328', 90, NULL, NULL),
(382, 153, 9, 'FGUF21CS003620160328', 90, NULL, NULL),
(383, 154, 8, 'FGUF21CS003620160328', 91, NULL, NULL),
(384, 155, 9, 'FGUF21CS003620160328', 91, NULL, NULL),
(385, 156, 8, 'FGUF21CS003620160328', 92, NULL, NULL),
(386, 157, 9, 'FGUF21CS003620160328', 92, NULL, NULL),
(387, 158, 8, 'FGUF21CS003620160328', 93, NULL, NULL),
(388, 159, 9, 'FGUF21CS003620160328', 93, NULL, NULL),
(389, 160, 8, 'FGUF21CS003620160328', 94, NULL, NULL),
(390, 161, 9, 'FGUF21CS003620160328', 94, NULL, NULL),
(391, 162, 8, 'FGUF21CS003620160328', 95, NULL, NULL),
(392, 163, 9, 'FGUF21CS003620160328', 95, NULL, NULL),
(393, 164, 8, 'FGUF21CS003620160328', 96, NULL, NULL),
(394, 165, 9, 'FGUF21CS003620160328', 96, NULL, NULL),
(395, 166, 8, 'FGUF21CS003620160328', 97, NULL, NULL),
(396, 167, 9, 'FGUF21CS003620160328', 97, NULL, NULL),
(397, 168, 8, 'FGUF21CS003620160328', 98, NULL, NULL),
(398, 169, 9, 'FGUF21CS003620160328', 98, NULL, NULL),
(399, 170, 8, 'FGUF21CS003620160328', 99, NULL, NULL),
(400, 171, 9, 'FGUF21CS003620160328', 99, NULL, NULL),
(401, 172, 8, 'FGUF21CS003620160328', 100, NULL, NULL),
(402, 173, 9, 'FGUF21CS003620160328', 100, NULL, NULL),
(403, 174, 8, 'FGUF21CS003620160328', 101, NULL, NULL),
(404, 175, 9, 'FGUF21CS003620160328', 101, NULL, NULL),
(405, 176, 9, 'FGUF21CS003620160328', 102, NULL, NULL),
(406, 177, 9, 'FGUF21CS003620160328', 103, NULL, NULL),
(407, 178, 9, 'FGUF21CS003620160328', 104, NULL, NULL),
(408, 179, 9, 'FGUF21CS003620160328', 105, NULL, NULL),
(409, 180, 9, 'FGUF21CS003620160328', 106, NULL, NULL),
(410, 181, 9, 'FGUF21CS003620160328', 107, NULL, NULL),
(411, 182, 9, 'FGUF21CS003620160328', 108, NULL, NULL),
(412, 183, 9, 'FGUF21CS003620160328', 109, NULL, NULL),
(413, 184, 9, 'FGUF21CS003620160328', 110, NULL, NULL),
(414, 185, 9, 'FGUF21CS003620160328', 111, NULL, NULL),
(415, 186, 9, 'FGUF21CS003620160328', 112, NULL, NULL),
(416, 187, 9, 'FGUF21CS003620160328', 113, NULL, NULL),
(417, 188, 9, 'FGUF21CS003620160328', 114, NULL, NULL),
(418, 189, 9, 'FGUF21CS003620160328', 115, NULL, NULL),
(419, 190, 9, 'FGUF21CS003620160328', 116, NULL, NULL),
(420, 191, 9, 'FGUF21CS003620160328', 117, NULL, NULL),
(421, 192, 9, 'FGUF21CS003620160328', 118, NULL, NULL),
(422, 193, 9, 'FGUF21CS003620160328', 119, NULL, NULL),
(423, 194, 9, 'FGUF21CS003620160328', 120, NULL, NULL),
(424, 195, 9, 'FGUF21CS003620160328', 121, NULL, NULL),
(425, 196, 9, 'FGUF21CS003620160328', 122, NULL, NULL),
(426, 197, 9, 'FGUF21CS003620160328', 123, NULL, NULL),
(427, 198, 9, 'FGUF21CS003620160328', 124, NULL, NULL),
(428, 199, 9, 'FGUF21CS003620160328', 125, NULL, NULL),
(429, 200, 9, 'FGUF21CS003620160328', 126, NULL, NULL),
(430, 201, 9, 'FGUF21CS003620160328', 127, NULL, NULL),
(431, 202, 10, 'FGUF21CS003620160413', 1, NULL, NULL),
(432, 203, 10, 'FGUF21CS003620160413', 2, NULL, NULL),
(433, 204, 10, 'FGUF21CS003620160413', 3, NULL, NULL),
(434, 205, 10, 'FGUF21CS003620160413', 4, NULL, NULL),
(435, 206, 10, 'FGUF21CS003620160413', 5, NULL, NULL),
(436, 207, 10, 'FGUF21CS003620160413', 6, NULL, NULL),
(437, 208, 10, 'FGUF21CS003620160413', 7, NULL, NULL),
(438, 209, 10, 'FGUF21CS003620160413', 8, NULL, NULL),
(439, 210, 10, 'FGUF21CS003620160413', 9, NULL, NULL),
(440, 211, 10, 'FGUF21CS003620160413', 10, NULL, NULL),
(441, 212, 10, 'FGUF21CS003620160413', 11, NULL, NULL),
(442, 213, 10, 'FGUF21CS003620160413', 12, NULL, NULL),
(443, 214, 10, 'FGUF21CS003620160413', 13, NULL, NULL),
(444, 215, 10, 'FGUF21CS003620160413', 14, NULL, NULL),
(445, 216, 10, 'FGUF21CS003620160413', 15, NULL, NULL),
(446, 217, 10, 'FGUF21CS003620160413', 16, NULL, NULL),
(447, 218, 10, 'FGUF21CS003620160413', 17, NULL, NULL),
(448, 219, 10, 'FGUF21CS003620160413', 18, NULL, NULL),
(449, 220, 10, 'FGUF21CS003620160413', 19, NULL, NULL),
(450, 221, 10, 'FGUF21CS003620160413', 20, NULL, NULL),
(451, 222, 10, 'FGUF21CS003620160413', 21, NULL, NULL),
(452, 223, 10, 'FGUF21CS003620160413', 22, NULL, NULL),
(453, 224, 10, 'FGUF21CS003620160413', 23, NULL, NULL),
(454, 225, 10, 'FGUF21CS003620160413', 24, NULL, NULL),
(455, 226, 10, 'FGUF21CS003620160413', 25, NULL, NULL),
(456, 227, 10, 'FGUF21CS003620160413', 26, NULL, NULL),
(457, 228, 10, 'FGUF21CS003620160413', 27, NULL, NULL),
(458, 229, 10, 'FGUF21CS003620160413', 28, NULL, NULL),
(459, 230, 10, 'FGUF21CS003620160413', 29, NULL, NULL),
(460, 231, 10, 'FGUF21CS003620160413', 30, NULL, NULL),
(461, 232, 10, 'FGUF21CS003620160413', 31, NULL, NULL),
(462, 233, 10, 'FGUF21CS003620160413', 32, NULL, NULL),
(463, 234, 10, 'FGUF21CS003620160413', 33, NULL, NULL),
(464, 235, 10, 'FGUF21CS003620160413', 34, NULL, NULL),
(465, 236, 10, 'FGUF21CS003620160413', 35, NULL, NULL),
(466, 237, 10, 'FGUF21CS003620160413', 36, NULL, NULL),
(467, 238, 10, 'FGUF21CS003620160413', 37, NULL, NULL),
(468, 239, 10, 'FGUF21CS003620160413', 38, NULL, NULL),
(469, 240, 10, 'FGUF21CS003620160413', 39, NULL, NULL),
(470, 241, 10, 'FGUF21CS003620160413', 40, NULL, NULL),
(471, 242, 10, 'FGUF21CS003620160413', 41, NULL, NULL),
(472, 243, 10, 'FGUF21CS003620160413', 42, NULL, NULL),
(473, 244, 10, 'FGUF21CS003620160413', 43, NULL, NULL),
(474, 245, 10, 'FGUF21CS003620160413', 44, NULL, NULL),
(475, 246, 10, 'FGUF21CS003620160413', 45, NULL, NULL),
(476, 247, 10, 'FGUF21CS003620160413', 46, NULL, NULL),
(477, 248, 10, 'FGUF21CS003620160413', 47, NULL, NULL),
(478, 249, 10, 'FGUF21CS003620160413', 48, NULL, NULL),
(479, 250, 10, 'FGUF21CS003620160413', 49, NULL, NULL),
(480, 251, 10, 'FGUF21CS003620160413', 50, NULL, NULL),
(481, 252, 10, 'FGUF21CS003620160413', 51, NULL, NULL),
(482, 253, 10, 'FGUF21CS003620160413', 52, NULL, NULL),
(483, 254, 10, 'FGUF21CS003620160413', 53, NULL, NULL),
(484, 255, 10, 'FGUF21CS003620160413', 54, NULL, NULL),
(485, 256, 10, 'FGUF21CS003620160413', 55, NULL, NULL),
(486, 257, 10, 'FGUF21CS003620160413', 56, NULL, NULL),
(487, 258, 10, 'FGUF21CS003620160413', 57, NULL, NULL),
(488, 259, 10, 'FGUF21CS003620160413', 58, NULL, NULL),
(489, 260, 10, 'FGUF21CS003620160413', 59, NULL, NULL),
(490, 261, 10, 'FGUF21CS003620160413', 60, NULL, NULL),
(491, 262, 10, 'FGUF21CS003620160413', 61, NULL, NULL),
(492, 263, 10, 'FGUF21CS003620160413', 62, NULL, NULL),
(493, 264, 10, 'FGUF21CS003620160413', 63, NULL, NULL),
(494, 265, 10, 'FGUF21CS003620160413', 64, NULL, NULL),
(495, 266, 10, 'FGUF21CS003620160413', 65, NULL, NULL),
(496, 267, 10, 'FGUF21CS003620160413', 66, NULL, NULL),
(497, 268, 10, 'FGUF21CS003620160413', 67, NULL, NULL),
(498, 269, 10, 'FGUF21CS003620160413', 68, NULL, NULL),
(499, 270, 10, 'FGUF21CS003620160413', 69, NULL, NULL),
(500, 271, 10, 'FGUF21CS003620160413', 70, NULL, NULL),
(501, 272, 10, 'FGUF21CS003620160413', 71, NULL, NULL),
(502, 273, 10, 'FGUF21CS003620160413', 72, NULL, NULL),
(503, 274, 10, 'FGUF21CS003620160413', 73, NULL, NULL),
(504, 275, 10, 'FGUF21CS003620160413', 74, NULL, NULL),
(505, 276, 10, 'FGUF21CS003620160413', 75, NULL, NULL),
(506, 277, 10, 'FGUF21CS003620160413', 76, NULL, NULL),
(507, 278, 10, 'FGUF21CS003620160413', 77, NULL, NULL),
(508, 279, 10, 'FGUF21CS003620160413', 78, NULL, NULL),
(509, 280, 10, 'FGUF21CS003620160413', 79, NULL, NULL),
(510, 281, 10, 'FGUF21CS003620160413', 80, NULL, NULL),
(511, 282, 10, 'FGUF21CS003620160413', 81, NULL, NULL),
(512, 283, 10, 'FGUF21CS003620160413', 82, NULL, NULL),
(513, 284, 10, 'FGUF21CS003620160413', 83, NULL, NULL),
(514, 285, 10, 'FGUF21CS003620160413', 84, NULL, NULL),
(515, 286, 10, 'FGUF21CS003620160413', 85, NULL, NULL),
(516, 287, 10, 'FGUF21CS003620160413', 86, NULL, NULL),
(517, 288, 10, 'FGUF21CS003620160413', 87, NULL, NULL),
(518, 289, 10, 'FGUF21CS003620160413', 88, NULL, NULL),
(519, 290, 10, 'FGUF21CS003620160413', 89, NULL, NULL),
(520, 291, 10, 'FGUF21CS003620160413', 90, NULL, NULL),
(521, 292, 10, 'FGUF21CS003620160413', 91, NULL, NULL),
(522, 293, 10, 'FGUF21CS003620160413', 92, NULL, NULL),
(523, 294, 10, 'FGUF21CS003620160413', 93, NULL, NULL),
(524, 295, 10, 'FGUF21CS003620160413', 94, NULL, NULL),
(525, 296, 10, 'FGUF21CS003620160413', 95, NULL, NULL),
(526, 297, 10, 'FGUF21CS003620160413', 96, NULL, NULL),
(527, 298, 10, 'FGUF21CS003620160413', 97, NULL, NULL),
(528, 299, 10, 'FGUF21CS003620160413', 98, NULL, NULL),
(529, 300, 10, 'FGUF21CS003620160413', 99, NULL, NULL),
(530, 301, 10, 'FGUF21CS003620160413', 100, NULL, NULL),
(531, 302, 11, 'FGUF21CS003620160413', 101, 1, 1),
(532, 303, 11, 'FGUF21CS003620160413', 102, 1, 1),
(533, 304, 11, 'FGUF21CS003620160413', 103, 1, 1),
(534, 305, 11, 'FGUF21CS003620160413', 104, 1, 1),
(535, 306, 12, 'CODEKPS20160413', 1, NULL, NULL),
(536, 307, 12, 'CODEKPS20160413', 2, NULL, NULL),
(537, 308, 12, 'CODEKPS20160413', 3, NULL, NULL),
(538, 309, 12, 'CODEKPS20160413', 4, NULL, NULL),
(539, 310, 12, 'CODEKPS20160413', 5, NULL, NULL),
(540, 311, 12, 'CODEKPS20160413', 6, NULL, NULL),
(541, 312, 12, 'CODEKPS20160413', 7, NULL, NULL),
(542, 313, 12, 'CODEKPS20160413', 8, NULL, NULL),
(543, 314, 13, 'CODEKPS20160413', 9, NULL, NULL),
(544, 315, 13, 'CODEKPS20160413', 10, NULL, NULL),
(545, 316, 13, 'CODEKPS20160413', 11, NULL, NULL),
(546, 317, 13, 'CODEKPS20160413', 12, NULL, NULL),
(547, 318, 13, 'CODEKPS20160413', 13, NULL, NULL),
(548, 319, 13, 'CODEKPS20160413', 14, NULL, NULL),
(549, 320, 13, 'CODEKPS20160413', 15, NULL, NULL),
(550, 321, 13, 'CODEKPS20160413', 16, NULL, NULL),
(551, 322, 14, 'CODEKPS20160413', 17, NULL, NULL),
(552, 323, 14, 'CODEKPS20160413', 18, NULL, NULL),
(553, 324, 14, 'CODEKPS20160413', 19, NULL, NULL),
(554, 325, 14, 'CODEKPS20160413', 20, NULL, NULL),
(555, 326, 14, 'CODEKPS20160413', 21, NULL, NULL),
(556, 327, 14, 'CODEKPS20160413', 22, NULL, NULL),
(557, 328, 14, 'CODEKPS20160413', 23, NULL, NULL),
(558, 329, 14, 'CODEKPS20160413', 24, NULL, NULL),
(559, 330, 15, 'FGUF21CS003620160512', 1, 1, NULL),
(560, 331, 15, 'FGUF21CS003620160512', 2, 1, NULL),
(561, 332, 16, 'CODEKPS20160512', 1, NULL, NULL),
(562, 333, 16, 'CODEKPS20160512', 2, NULL, NULL),
(563, 334, 16, 'FGUF21CS003620160523', 1, 1, NULL),
(564, 335, 16, 'FGUF21CS003620160523', 2, NULL, NULL),
(565, 336, 16, 'FGUF21CS003620160523', 3, NULL, NULL),
(566, 337, 16, 'FGUF21CS003620160523', 4, NULL, NULL),
(567, 338, 16, 'FGUF21CS003620160523', 5, NULL, NULL),
(568, 339, 16, 'FGUF21CS003620160523', 6, NULL, NULL),
(569, 340, 16, 'FGUF21CS003620160523', 7, NULL, NULL),
(570, 341, 16, 'FGUF21CS003620160523', 8, NULL, NULL),
(571, 342, 16, 'FGUF21CS003620160523', 9, NULL, NULL),
(572, 343, 16, 'FGUF21CS003620160523', 10, NULL, NULL);

-- --------------------------------------------------------

--
-- Struktur dari tabel `kps_barcode_setting`
--

CREATE TABLE `kps_barcode_setting` (
  `KPS_BARCODE_SETTING_ID` int(11) NOT NULL,
  `KPS_BARCODE_PADDING` int(11) NOT NULL,
  `KPS_BARCODE_FONT_SIZE` int(11) NOT NULL,
  `KPS_BARCODE_SIZE_BARCODE` int(11) NOT NULL,
  `KPS_BARCODE_SETTING_MADE_BY` int(11) NOT NULL
) ENGINE=InnoDB DEFAULT CHARSET=latin1;

--
-- Dumping data untuk tabel `kps_barcode_setting`
--

INSERT INTO `kps_barcode_setting` (`KPS_BARCODE_SETTING_ID`, `KPS_BARCODE_PADDING`, `KPS_BARCODE_FONT_SIZE`, `KPS_BARCODE_SIZE_BARCODE`, `KPS_BARCODE_SETTING_MADE_BY`) VALUES
(1, 5, 17, 20, 5);

--
-- Trigger `kps_barcode_setting`
--
DELIMITER $$
CREATE TRIGGER `UPDATE_BARCODE_SETTING` BEFORE UPDATE ON `kps_barcode_setting` FOR EACH ROW INSERT INTO kps_barcode_setting_ (
`KPS_BARCODE_SETTING_ID`,
  `KPS_BARCODE_PADDING`,
  `KPS_BARCODE_FONT_SIZE`,
  `KPS_BARCODE_SIZE_BARCODE`,
  `KPS_BARCODE_SETTING_MADE_BY`,
  `KPS_BARCODE_SETTING_UPDATE_BY`
)
VALUE(
 OLD.`KPS_BARCODE_SETTING_ID`,
  OLD.`KPS_BARCODE_PADDING`,
  OLD.`KPS_BARCODE_FONT_SIZE`,
  OLD.`KPS_BARCODE_SIZE_BARCODE`,
  OLD.`KPS_BARCODE_SETTING_MADE_BY`,
  NEW.`KPS_BARCODE_SETTING_MADE_BY` 
)
$$
DELIMITER ;

-- --------------------------------------------------------

--
-- Struktur dari tabel `kps_barcode_setting_`
--

CREATE TABLE `kps_barcode_setting_` (
  `KPS_BARCODE_SETTING_ID_` int(11) NOT NULL,
  `KPS_BARCODE_SETTING_ID` int(11) NOT NULL,
  `KPS_BARCODE_PADDING` int(11) NOT NULL,
  `KPS_BARCODE_FONT_SIZE` int(11) NOT NULL,
  `KPS_BARCODE_SIZE_BARCODE` int(11) NOT NULL,
  `KPS_BARCODE_SETTING_MADE_BY` int(11) NOT NULL,
  `KPS_BARCODE_SETTING_UPDATE_BY` int(11) NOT NULL,
  `KPS_BARCODE_SETTING_DATE` datetime NOT NULL DEFAULT CURRENT_TIMESTAMP
) ENGINE=InnoDB DEFAULT CHARSET=latin1;

--
-- Dumping data untuk tabel `kps_barcode_setting_`
--

INSERT INTO `kps_barcode_setting_` (`KPS_BARCODE_SETTING_ID_`, `KPS_BARCODE_SETTING_ID`, `KPS_BARCODE_PADDING`, `KPS_BARCODE_FONT_SIZE`, `KPS_BARCODE_SIZE_BARCODE`, `KPS_BARCODE_SETTING_MADE_BY`, `KPS_BARCODE_SETTING_UPDATE_BY`, `KPS_BARCODE_SETTING_DATE`) VALUES
(1, 1, 5, 17, 20, 0, 2, '2016-05-17 08:02:41'),
(2, 1, 100, 0, 0, 2, 2, '2016-05-17 08:04:56'),
(3, 1, 12, 21, 21, 2, 2, '2016-05-17 08:05:00'),
(4, 1, 2, 0, 0, 2, 2, '2016-05-17 08:06:25'),
(5, 1, 0, 2, 0, 2, 2, '2016-05-17 08:09:46'),
(6, 1, 5, 17, 20, 2, 2, '2016-05-17 08:10:22'),
(7, 1, 32, 17, 20, 2, 0, '2016-05-17 08:12:21'),
(8, 1, 5, 17, 20, 0, 2, '2016-05-17 08:12:27'),
(9, 1, 5, 322323, 20, 2, 0, '2016-05-17 08:12:29'),
(10, 1, 5, 17, 20, 0, 2, '2016-05-17 08:13:58'),
(11, 1, 512, 17, 20, 2, 0, '2016-05-17 08:15:50'),
(12, 1, 5, 17, 20, 0, 0, '2016-05-17 08:15:59'),
(13, 1, 5, 17, 20, 0, 0, '2016-05-17 08:16:01'),
(14, 1, 5, 17, 20, 0, 2, '2016-05-17 08:17:08'),
(15, 1, 5, 17, 20, 2, 2, '2016-05-17 08:17:13'),
(16, 1, 22, 17, 20, 2, 2, '2016-05-17 08:17:30'),
(17, 1, 100, 100, 100, 2, 2, '2016-05-17 08:17:45'),
(18, 1, 5, 17, 20, 2, 2, '2016-05-17 08:31:43'),
(19, 1, 50, 17, 20, 2, 2, '2016-05-17 08:31:55'),
(20, 1, 5, 17, 20, 2, 5, '2016-05-23 10:53:10'),
(21, 1, 5, 30, 20, 5, 5, '2016-05-23 10:53:31'),
(22, 1, 5, 30, 50, 5, 5, '2016-05-23 10:53:49'),
(23, 1, 40, 30, 50, 5, 5, '2016-05-23 10:54:03');

-- --------------------------------------------------------

--
-- Struktur dari tabel `kps_breakdown_cost`
--

CREATE TABLE `kps_breakdown_cost` (
  `KPS_BREAKDOWN_COST_ID` int(255) NOT NULL,
  `KPS_RFQ_ID_BREAK` int(255) NOT NULL DEFAULT '0',
  `CUSTOMER_RESPOND` int(20) DEFAULT '0',
  `DATE_BREAK` datetime NOT NULL DEFAULT CURRENT_TIMESTAMP,
  `NO_BREAK` varchar(100) NOT NULL DEFAULT '',
  `REV_NO_BREAK` varchar(100) NOT NULL DEFAULT '',
  `PROD_PREP_LEAD_TIME` varchar(20) NOT NULL DEFAULT '',
  `TOTAL_DEPRECIATION` int(11) DEFAULT NULL,
  `TOTAL_MATERIAL` int(11) DEFAULT NULL,
  `TOTAL_PART_COST` int(11) DEFAULT NULL,
  `TOTAL_MANUFACTURING` int(11) DEFAULT NULL,
  `TOTAL_TOOLING` int(11) DEFAULT NULL,
  `TOOLING_COST` int(11) DEFAULT NULL,
  `MADE_BY_BREAK` varchar(100) DEFAULT NULL,
  `CHECKED_BREAK` varchar(100) DEFAULT NULL,
  `CALCULATED_BREAK` varchar(100) DEFAULT NULL,
  `APPROVED_BREAK` varchar(100) DEFAULT NULL,
  `user_made_by_id` int(11) DEFAULT NULL,
  `packing_charge` varchar(100) DEFAULT NULL,
  `transportation_charge` varchar(100) DEFAULT NULL,
  `COST_DELIVERY_PRODUCT` float DEFAULT NULL,
  `overhead_value` varchar(100) DEFAULT NULL,
  `overhead_profit` varchar(100) DEFAULT NULL,
  `sub_total_breakdown` varchar(100) DEFAULT NULL,
  `total_breakdown` int(11) DEFAULT NULL,
  `NOTE` varchar(255) NOT NULL DEFAULT '',
  `TOTAL_ITEM` int(100) NOT NULL DEFAULT '0',
  `status_break` int(11) NOT NULL DEFAULT '0',
  `revisi_no_break` int(11) NOT NULL DEFAULT '0',
  `DEL_BREAK` int(11) NOT NULL DEFAULT '0'
) ENGINE=InnoDB DEFAULT CHARSET=latin1;

--
-- Dumping data untuk tabel `kps_breakdown_cost`
--

INSERT INTO `kps_breakdown_cost` (`KPS_BREAKDOWN_COST_ID`, `KPS_RFQ_ID_BREAK`, `CUSTOMER_RESPOND`, `DATE_BREAK`, `NO_BREAK`, `REV_NO_BREAK`, `PROD_PREP_LEAD_TIME`, `TOTAL_DEPRECIATION`, `TOTAL_MATERIAL`, `TOTAL_PART_COST`, `TOTAL_MANUFACTURING`, `TOTAL_TOOLING`, `TOOLING_COST`, `MADE_BY_BREAK`, `CHECKED_BREAK`, `CALCULATED_BREAK`, `APPROVED_BREAK`, `user_made_by_id`, `packing_charge`, `transportation_charge`, `COST_DELIVERY_PRODUCT`, `overhead_value`, `overhead_profit`, `sub_total_breakdown`, `total_breakdown`, `NOTE`, `TOTAL_ITEM`, `status_break`, `revisi_no_break`, `DEL_BREAK`) VALUES
(1, 1, 1, '2016-02-25 10:07:13', '16/BR-SLS/II/1', '1', '8', 480000, 120, 0, 185, 60000000, 125, '1', '1', '1', '1', NULL, '10', '40', 60, NULL, '0.15', '304.5', 515, '', 6, 0, 4, 0),
(2, 2, 1, '2016-02-26 15:22:57', '16/BR-SLS/II/2', '2', '8', 576000, 120, 0, 72, 60000000, 104, '1', '1', '1', '2', NULL, '10', '40', 60, NULL, '0.15', '192', 365, '', 4, 0, 5, 0),
(3, 3, 1, '2016-02-28 11:49:19', '16/BR-SLS/II/3', '3', '10', NULL, NULL, NULL, NULL, NULL, NULL, '1', '1', '1', '1', NULL, '10', '10', NULL, NULL, '10', NULL, NULL, '', 0, 0, 3, 0),
(4, 4, 1, '2016-03-28 14:41:00', '16/BR-SLS/III/4', '4', '2', 144000, 10395, 1500, 2000, 16000000, 111, '4', '4', '5', '5', NULL, '2.5', '2.5', NULL, NULL, '15', '13895', 222436, '', 8, 0, 0, 0),
(5, 5, 1, '2016-03-29 14:06:34', '16/BR-SLS/III/5', '5', '8', 630000, 254, 0, 276, 120000000, 190, '3', '1', '3', '2', NULL, '11', '13', 80, NULL, '15', '530.1', 824, '', 5, 0, 0, 0),
(6, 6, 1, '2016-04-14 16:00:22', '16/BR-SLS/IV/6', '6', '12', 132000, 225, 0, 228, 10000000, 76, '3', '4', '4', '4', NULL, '2', '3', NULL, NULL, '15', '453', 602, '', 5, 0, 4, 0),
(7, 8, 0, '2016-05-13 13:57:59', '16/BR-SLS/V/7', '7', '8', 12000, 17, 0, 373, 5000000, 417, '12', '4', '4', '4', NULL, '2', '3', NULL, NULL, '15', '390.01', 870, '', 6, 0, 3, 0),
(8, 16, 1, '2016-06-01 11:38:59', '16/BR-SLS/VI/8', '8', '2', 500000, 210, 3000000, 2500, 63000000, 126, '12', '4', '4', '10', NULL, '15', '10', NULL, NULL, '5', '3002710', 3152997, '', 6, 0, 2, 0),
(9, 30, 1, '2016-06-01 14:43:41', '16/BR-SLS/VI/9', '9', '20', 0, 176, 200000, 0, 50000000, 0, '12', '-- Select Employee --', '-- Select Employee --', '-- Select Employee --', NULL, '10', '10', NULL, NULL, '10', '200176', 220214, '', 4, 0, 2, 0),
(10, 29, 1, '2016-06-01 15:00:41', '16/BR-SLS/VI/10', '10', '40', 0, 1200, 350000, 0, 2147483647, 0, '12', '4', '-- Select Employee --', '-- Select Employee --', NULL, '20', '10', NULL, NULL, '10', '351200', 386350, '', 4, 0, 0, 0),
(11, 28, 1, '2016-06-01 15:04:21', '16/BR-SLS/VI/11', '11', '20', 0, 4800, 9000000, 0, 9000000, 0, '12', '-- Select Employee --', '-- Select Employee --', '-- Select Employee --', NULL, '10', '10', NULL, NULL, '10', '9004800', 9905300, '', 4, 0, 0, 0);

--
-- Trigger `kps_breakdown_cost`
--
DELIMITER $$
CREATE TRIGGER `break_update_record` BEFORE UPDATE ON `kps_breakdown_cost` FOR EACH ROW INSERT INTO kps_breakdown_cost_ (
 `KPS_BREAKDOWN_COST_ID`, `KPS_RFQ_ID_BREAK`, `CUSTOMER_RESPOND`, `DATE_BREAK`, `NO_BREAK`, `REV_NO_BREAK`, `PROD_PREP_LEAD_TIME`, `TOTAL_DEPRECIATION`, `TOTAL_MATERIAL`, `TOTAL_PART_COST`, `TOTAL_MANUFACTURING`, `TOTAL_TOOLING`, `TOOLING_COST`, `MADE_BY_BREAK`, `CHECKED_BREAK`, `CALCULATED_BREAK`, `APPROVED_BREAK`, `user_made_by_id`, `packing_charge`, `transportation_charge`, `COST_DELIVERY_PRODUCT`, `overhead_value`, `overhead_profit`, `sub_total_breakdown`, `total_breakdown`, `NOTE`, `TOTAL_ITEM`, `status_break`, `revisi_no_break`, `BC_UPDATE_BY`
)
VALUE (
    OLD.`KPS_BREAKDOWN_COST_ID`, 
    OLD.`KPS_RFQ_ID_BREAK`, 
    OLD.`CUSTOMER_RESPOND`, 
    OLD.`DATE_BREAK`, 
    OLD.`NO_BREAK`, 
    OLD.`REV_NO_BREAK`, 
    OLD.`PROD_PREP_LEAD_TIME`, 
    OLD.`TOTAL_DEPRECIATION`, 
    OLD.`TOTAL_MATERIAL`, 
    OLD.`TOTAL_PART_COST`, 
    OLD.`TOTAL_MANUFACTURING`, 
    OLD.`TOTAL_TOOLING`, 
    OLD.`TOOLING_COST`, 
    OLD.`MADE_BY_BREAK`, 
    OLD.`CHECKED_BREAK`, 
    OLD.`CALCULATED_BREAK`, 
    OLD.`APPROVED_BREAK`, 
    OLD.`user_made_by_id`, 
    OLD.`packing_charge`, 
    OLD.`transportation_charge`, 
    OLD.`COST_DELIVERY_PRODUCT`, 
    OLD.`overhead_value`, 
    OLD.`overhead_profit`, 
    OLD.`sub_total_breakdown`, 
    OLD.`total_breakdown`, 
    OLD.`NOTE`, 
    OLD.`TOTAL_ITEM`, 
    OLD.`status_break`, 
    OLD.`revisi_no_break`, 
    NEW.`MADE_BY_BREAK` )
$$
DELIMITER ;

-- --------------------------------------------------------

--
-- Struktur dari tabel `kps_breakdown_cost_`
--

CREATE TABLE `kps_breakdown_cost_` (
  `KPS_BREAKDOWN_COST_ID` int(255) NOT NULL,
  `KPS_RFQ_ID_BREAK` int(255) NOT NULL DEFAULT '0',
  `CUSTOMER_RESPOND` int(20) DEFAULT '0',
  `DATE_BREAK` datetime NOT NULL DEFAULT CURRENT_TIMESTAMP,
  `NO_BREAK` varchar(100) NOT NULL DEFAULT '',
  `REV_NO_BREAK` varchar(100) NOT NULL DEFAULT '',
  `PROD_PREP_LEAD_TIME` varchar(20) NOT NULL DEFAULT '',
  `TOTAL_DEPRECIATION` int(11) DEFAULT NULL,
  `TOTAL_MATERIAL` int(11) DEFAULT NULL,
  `TOTAL_PART_COST` int(11) DEFAULT NULL,
  `TOTAL_MANUFACTURING` int(11) DEFAULT NULL,
  `TOTAL_TOOLING` int(11) DEFAULT NULL,
  `TOOLING_COST` int(11) DEFAULT NULL,
  `MADE_BY_BREAK` varchar(100) DEFAULT NULL,
  `CHECKED_BREAK` varchar(100) DEFAULT NULL,
  `CALCULATED_BREAK` varchar(100) DEFAULT NULL,
  `APPROVED_BREAK` varchar(100) DEFAULT NULL,
  `user_made_by_id` int(11) DEFAULT NULL,
  `packing_charge` varchar(100) DEFAULT NULL,
  `transportation_charge` varchar(100) DEFAULT NULL,
  `COST_DELIVERY_PRODUCT` float DEFAULT NULL,
  `overhead_value` varchar(100) DEFAULT NULL,
  `overhead_profit` varchar(100) DEFAULT NULL,
  `sub_total_breakdown` varchar(100) DEFAULT NULL,
  `total_breakdown` int(11) DEFAULT NULL,
  `NOTE` varchar(255) NOT NULL DEFAULT '',
  `TOTAL_ITEM` int(100) NOT NULL DEFAULT '0',
  `status_break` int(11) NOT NULL DEFAULT '0',
  `revisi_no_break` int(11) NOT NULL DEFAULT '0',
  `KPS_BREAKDOWN_COST_ID_` int(11) NOT NULL,
  `UPDATE_TIME` datetime NOT NULL DEFAULT CURRENT_TIMESTAMP,
  `BC_UPDATE_BY` int(11) NOT NULL
) ENGINE=InnoDB DEFAULT CHARSET=latin1;

--
-- Dumping data untuk tabel `kps_breakdown_cost_`
--

INSERT INTO `kps_breakdown_cost_` (`KPS_BREAKDOWN_COST_ID`, `KPS_RFQ_ID_BREAK`, `CUSTOMER_RESPOND`, `DATE_BREAK`, `NO_BREAK`, `REV_NO_BREAK`, `PROD_PREP_LEAD_TIME`, `TOTAL_DEPRECIATION`, `TOTAL_MATERIAL`, `TOTAL_PART_COST`, `TOTAL_MANUFACTURING`, `TOTAL_TOOLING`, `TOOLING_COST`, `MADE_BY_BREAK`, `CHECKED_BREAK`, `CALCULATED_BREAK`, `APPROVED_BREAK`, `user_made_by_id`, `packing_charge`, `transportation_charge`, `COST_DELIVERY_PRODUCT`, `overhead_value`, `overhead_profit`, `sub_total_breakdown`, `total_breakdown`, `NOTE`, `TOTAL_ITEM`, `status_break`, `revisi_no_break`, `KPS_BREAKDOWN_COST_ID_`, `UPDATE_TIME`, `BC_UPDATE_BY`) VALUES
(6, 6, 0, '2016-04-14 16:00:22', '16/BR-SLS/IV/6', '6', '12', 132000, 225, 0, 228, 10000000, 76, '3', '4', '4', '4', NULL, '2', '3', NULL, NULL, '15', '453', 602, '', 5, 0, 4, 1, '2016-05-03 10:29:52', 3),
(7, 8, 0, '2016-05-13 13:57:59', '16/BR-SLS/V/7', '7', '8', NULL, NULL, NULL, NULL, NULL, NULL, '12', '-- Select Employee --', '-- Select Employee --', '-- Select Employee --', NULL, '2', '3', NULL, NULL, '', NULL, NULL, '', 0, 0, 0, 2, '2016-05-13 13:59:12', 12),
(7, 8, 0, '2016-05-13 13:57:59', '16/BR-SLS/V/7', '7', '8', NULL, NULL, NULL, NULL, NULL, NULL, '12', '4', '4', '4', NULL, '2', '3', NULL, NULL, '15', NULL, NULL, '', 0, 0, 0, 3, '2016-05-13 13:59:12', 12),
(7, 8, 0, '2016-05-13 13:57:59', '16/BR-SLS/V/7', '7', '8', NULL, NULL, NULL, NULL, NULL, NULL, '12', '4', '4', '4', NULL, '2', '3', NULL, NULL, '15', NULL, NULL, '', 0, 0, 1, 4, '2016-05-13 14:02:52', 12),
(7, 8, 0, '2016-05-13 13:57:59', '16/BR-SLS/V/7', '7', '8', 12000, 0, 0, 373, 5000000, 417, '12', '4', '4', '4', NULL, '2', '3', NULL, NULL, '15', '373', 851, '', 6, 0, 1, 5, '2016-05-13 14:03:40', 12),
(7, 8, 0, '2016-05-13 13:57:59', '16/BR-SLS/V/7', '7', '8', 12000, 0, 0, 373, 5000000, 417, '12', '4', '4', '4', NULL, '2', '3', NULL, NULL, '15', '373', 851, '', 6, 0, 2, 6, '2016-05-13 14:03:43', 12),
(7, 8, 0, '2016-05-13 13:57:59', '16/BR-SLS/V/7', '7', '8', 12000, 0, 0, 373, 5000000, 417, '12', '4', '4', '4', NULL, '2', '3', NULL, NULL, '15', '373', 851, '', 6, 0, 2, 7, '2016-05-13 14:04:03', 12),
(7, 8, 0, '2016-05-13 13:57:59', '16/BR-SLS/V/7', '7', '8', 12000, 0, 0, 373, 5000000, 417, '12', '4', '4', '4', NULL, '2', '3', NULL, NULL, '15', '373', 851, '', 6, 0, 3, 8, '2016-05-13 14:04:05', 12),
(1, 1, 1, '2016-02-25 10:07:13', '16/BR-SLS/II/1', '1', '8', 480000, 120, 0, 185, 60000000, 125, '1', '1', '1', '1', NULL, '10', '40', 40, NULL, '0.15', '304.5', 515, '', 6, 0, 4, 9, '2016-05-13 16:13:53', 1),
(5, 5, 1, '2016-03-29 14:06:34', '16/BR-SLS/III/5', '5', '8', 630000, 254, 0, 276, 120000000, 190, '3', '1', '3', '2', NULL, '11', '13', NULL, NULL, '15', '530.1', 824, '', 5, 0, 0, 10, '2016-05-13 16:14:01', 3),
(8, 16, 1, '2016-06-01 11:38:59', '16/BR-SLS/VI/8', '8', '2', NULL, NULL, NULL, NULL, NULL, NULL, '12', '-- Select Employee --', '-- Select Employee --', '-- Select Employee --', NULL, '15', '', NULL, NULL, '', NULL, NULL, '', 0, 0, 0, 11, '2016-06-01 11:40:50', 12),
(8, 16, 1, '2016-06-01 11:38:59', '16/BR-SLS/VI/8', '8', '2', NULL, NULL, NULL, NULL, NULL, NULL, '12', '4', '4', '10', NULL, '15', '10', NULL, NULL, '5', NULL, NULL, '', 0, 0, 0, 12, '2016-06-01 11:40:50', 12),
(8, 16, 1, '2016-06-01 11:38:59', '16/BR-SLS/VI/8', '8', '2', NULL, NULL, NULL, NULL, NULL, NULL, '12', '4', '4', '10', NULL, '15', '10', NULL, NULL, '5', NULL, NULL, '', 0, 0, 1, 13, '2016-06-01 11:48:05', 12),
(8, 16, 1, '2016-06-01 11:38:59', '16/BR-SLS/VI/8', '8', '2', 500000, 0, 0, 2500, 60000000, 120, '12', '4', '4', '10', NULL, '15', '10', NULL, NULL, '5', '2500', 2770, '', 4, 0, 1, 14, '2016-06-01 11:48:10', 12),
(9, 30, 1, '2016-06-01 14:43:41', '16/BR-SLS/VI/9', '9', '20', NULL, NULL, NULL, NULL, NULL, NULL, '12', '-- Select Employee --', '-- Select Employee --', '-- Select Employee --', NULL, '10', '10', NULL, NULL, '10', NULL, NULL, '', 0, 0, 0, 15, '2016-06-01 14:45:45', 12),
(9, 30, 1, '2016-06-01 14:43:41', '16/BR-SLS/VI/9', '9', '20', 0, 0, 0, 0, 0, 0, '12', '-- Select Employee --', '-- Select Employee --', '-- Select Employee --', NULL, '10', '10', NULL, NULL, '10', '0', 20, '', 1, 0, 0, 16, '2016-06-01 14:48:38', 12),
(9, 30, 1, '2016-06-01 14:43:41', '16/BR-SLS/VI/9', '9', '20', 0, 0, 0, 0, 50000000, 0, '12', '-- Select Employee --', '-- Select Employee --', '-- Select Employee --', NULL, '10', '10', NULL, NULL, '10', '0', 20, '', 3, 0, 0, 17, '2016-06-01 14:49:29', 12),
(9, 30, 1, '2016-06-01 14:43:41', '16/BR-SLS/VI/9', '9', '20', 0, 0, 0, 0, 50000000, 0, '12', '-- Select Employee --', '-- Select Employee --', '-- Select Employee --', NULL, '10', '10', NULL, NULL, '10', '0', 20, '', 3, 0, 1, 18, '2016-06-01 14:49:35', 12),
(9, 30, 1, '2016-06-01 14:43:41', '16/BR-SLS/VI/9', '9', '20', 0, 0, 0, 0, 50000000, 0, '12', '-- Select Employee --', '-- Select Employee --', '-- Select Employee --', NULL, '10', '10', NULL, NULL, '10', '0', 20, '', 3, 0, 1, 19, '2016-06-01 14:51:15', 12),
(9, 30, 1, '2016-06-01 14:43:41', '16/BR-SLS/VI/9', '9', '20', 0, 0, 0, 0, 50000000, 0, '12', '-- Select Employee --', '-- Select Employee --', '-- Select Employee --', NULL, '10', '10', NULL, NULL, '10', '0', 20, '', 3, 0, 2, 20, '2016-06-01 14:51:35', 12),
(9, 30, 1, '2016-06-01 14:43:41', '16/BR-SLS/VI/9', '9', '20', 0, 176, 0, 0, 50000000, 0, '12', '-- Select Employee --', '-- Select Employee --', '-- Select Employee --', NULL, '10', '10', NULL, NULL, '10', '176', 214, '', 3, 0, 2, 21, '2016-06-01 14:52:28', 12),
(8, 16, 1, '2016-06-01 11:38:59', '16/BR-SLS/VI/8', '8', '2', 500000, 0, 0, 2500, 60000000, 120, '12', '4', '4', '10', NULL, '15', '10', NULL, NULL, '5', '2500', 2770, '', 4, 0, 1, 22, '2016-06-01 14:54:52', 12),
(8, 16, 1, '2016-06-01 11:38:59', '16/BR-SLS/VI/8', '8', '2', 500000, 0, 0, 2500, 60000000, 120, '12', '4', '4', '10', NULL, '15', '10', NULL, NULL, '5', '2500', 2770, '', 4, 0, 2, 23, '2016-06-01 14:54:56', 12),
(8, 16, 1, '2016-06-01 11:38:59', '16/BR-SLS/VI/8', '8', '2', 500000, 210, 0, 2500, 60000000, 120, '12', '4', '4', '10', NULL, '15', '10', NULL, NULL, '5', '2710', 2991, '', 4, 0, 2, 24, '2016-06-01 14:55:28', 12),
(8, 16, 1, '2016-06-01 11:38:59', '16/BR-SLS/VI/8', '8', '2', 500000, 210, 3000000, 2500, 60000000, 120, '12', '4', '4', '10', NULL, '15', '10', NULL, NULL, '5', '3002710', 3152991, '', 5, 0, 2, 25, '2016-06-01 14:55:56', 12),
(10, 29, 1, '2016-06-01 15:00:41', '16/BR-SLS/VI/10', '10', '40', NULL, NULL, NULL, NULL, NULL, NULL, '12', '4', '-- Select Employee --', '-- Select Employee --', NULL, '20', '10', NULL, NULL, '10', NULL, NULL, '', 0, 0, 0, 26, '2016-06-01 15:03:11', 12),
(11, 28, 1, '2016-06-01 15:04:21', '16/BR-SLS/VI/11', '11', '20', NULL, NULL, NULL, NULL, NULL, NULL, '12', '-- Select Employee --', '-- Select Employee --', '-- Select Employee --', NULL, '10', '10', NULL, NULL, '10', NULL, NULL, '', 0, 0, 0, 27, '2016-06-01 15:07:52', 12);

-- --------------------------------------------------------

--
-- Struktur dari tabel `kps_breakdown_cost_depreciation`
--

CREATE TABLE `kps_breakdown_cost_depreciation` (
  `KPS_BREAKDOWN_COST_DEPRECIATION_ID` int(255) NOT NULL,
  `KPS_BREAKDOWN_COST_ID` int(255) NOT NULL,
  `model` varchar(100) NOT NULL,
  `qty_unit` varchar(100) NOT NULL,
  `qty_month` varchar(100) NOT NULL,
  `periode` varchar(100) NOT NULL
) ENGINE=InnoDB DEFAULT CHARSET=latin1;

--
-- Dumping data untuk tabel `kps_breakdown_cost_depreciation`
--

INSERT INTO `kps_breakdown_cost_depreciation` (`KPS_BREAKDOWN_COST_DEPRECIATION_ID`, `KPS_BREAKDOWN_COST_ID`, `model`, `qty_unit`, `qty_month`, `periode`) VALUES
(1, 1, 'MODEL01', '1', '20000', '24'),
(2, 2, 'MODELBARUKPS', '1', '24000', '24'),
(3, 3, 'KWB', '1', '20000', '24'),
(4, 4, 'K81', '1', '6000', '24'),
(5, 5, 'K15G	', '1', '26250', '24'),
(6, 6, '4P5LW', '1', '5500', '24'),
(7, 7, 'D30', '1', '500', '24'),
(8, 8, '0', '100', '1000', '5'),
(9, 9, 'K25G/K46F', 'PCS', '20000', '24'),
(10, 10, 'K25G/K46F', 'PCS', '20000', '24'),
(11, 11, 'K25G/K46F', 'PCS', '20000', '24');

--
-- Trigger `kps_breakdown_cost_depreciation`
--
DELIMITER $$
CREATE TRIGGER `kps_breakdown_cost_depreciation_update_record` BEFORE UPDATE ON `kps_breakdown_cost_depreciation` FOR EACH ROW INSERT INTO kps_breakdown_cost_depreciation_ (
`KPS_BREAKDOWN_COST_DEPRECIATION_ID`, `KPS_BREAKDOWN_COST_ID`, `model`, `qty_unit`, `qty_month`, `periode`
)
VALUE (
  OLD.`KPS_BREAKDOWN_COST_DEPRECIATION_ID`, OLD.`KPS_BREAKDOWN_COST_ID`, OLD.`model`, OLD.`qty_unit`, OLD.`qty_month`, OLD.`periode` )
$$
DELIMITER ;

-- --------------------------------------------------------

--
-- Struktur dari tabel `kps_breakdown_cost_depreciation_`
--

CREATE TABLE `kps_breakdown_cost_depreciation_` (
  `KPS_BREAKDOWN_COST_DEPRECIATION_ID` int(255) NOT NULL,
  `KPS_BREAKDOWN_COST_ID` int(255) NOT NULL,
  `model` varchar(100) NOT NULL,
  `qty_unit` varchar(100) NOT NULL,
  `qty_month` varchar(100) NOT NULL,
  `periode` varchar(100) NOT NULL,
  `ID` int(11) NOT NULL,
  `UPDATE_TIME` datetime NOT NULL DEFAULT CURRENT_TIMESTAMP,
  `BCD_UPDATE_BY` int(11) NOT NULL
) ENGINE=InnoDB DEFAULT CHARSET=latin1;

--
-- Dumping data untuk tabel `kps_breakdown_cost_depreciation_`
--

INSERT INTO `kps_breakdown_cost_depreciation_` (`KPS_BREAKDOWN_COST_DEPRECIATION_ID`, `KPS_BREAKDOWN_COST_ID`, `model`, `qty_unit`, `qty_month`, `periode`, `ID`, `UPDATE_TIME`, `BCD_UPDATE_BY`) VALUES
(6, 6, '4P5LW', '1', '5500', '24', 1, '2016-05-03 10:37:43', 0),
(6, 6, '4P5LWx', '1', '5500', '24', 2, '2016-05-03 10:38:05', 0);

-- --------------------------------------------------------

--
-- Struktur dari tabel `kps_breakdown_cost_item`
--

CREATE TABLE `kps_breakdown_cost_item` (
  `KPS_BREAKDOWN_COST_ITEM_ID` int(255) NOT NULL,
  `KPS_BREAKDOWN_COST_ID` int(255) NOT NULL,
  `ITEM` varchar(100) NOT NULL,
  `ESTIMATE` varchar(100) NOT NULL
) ENGINE=InnoDB DEFAULT CHARSET=latin1;

-- --------------------------------------------------------

--
-- Struktur dari tabel `kps_breakdown_cost_item_`
--

CREATE TABLE `kps_breakdown_cost_item_` (
  `KPS_BREAKDOWN_COST_ITEM_ID` int(255) NOT NULL,
  `KPS_BREAKDOWN_COST_ID` int(255) NOT NULL,
  `ITEM` varchar(100) NOT NULL,
  `ESTIMATE` varchar(100) NOT NULL,
  `ID` int(11) NOT NULL,
  `UPDATE_TIME` datetime NOT NULL DEFAULT CURRENT_TIMESTAMP
) ENGINE=InnoDB DEFAULT CHARSET=latin1;

-- --------------------------------------------------------

--
-- Struktur dari tabel `kps_breakdown_cost_manufacturing`
--

CREATE TABLE `kps_breakdown_cost_manufacturing` (
  `KPS_BREAKDOWN_COST_MANUFACTURING_ID` int(255) NOT NULL,
  `KPS_BREAKDOWN_COST_ID` int(255) NOT NULL,
  `PROCCESING` varchar(100) NOT NULL,
  `MACHINE` varchar(100) NOT NULL,
  `TIME` varchar(100) NOT NULL,
  `CHARGE` varchar(100) NOT NULL,
  `AMOUNT` varchar(100) NOT NULL
) ENGINE=InnoDB DEFAULT CHARSET=latin1;

--
-- Dumping data untuk tabel `kps_breakdown_cost_manufacturing`
--

INSERT INTO `kps_breakdown_cost_manufacturing` (`KPS_BREAKDOWN_COST_MANUFACTURING_ID`, `KPS_BREAKDOWN_COST_ID`, `PROCCESING`, `MACHINE`, `TIME`, `CHARGE`, `AMOUNT`) VALUES
(1, 1, 'COMPRESSION', 'COMPRESSION', '6', '12', '72'),
(2, 1, 'FINISHING', 'MANUAL', '15', '3.5', '52.5'),
(3, 1, 'COMPRESSION', 'COMPRESSION', '5', '13', '60'),
(4, 2, 'COMPRESSION', 'COMPRESSION', '6', '12', '72'),
(5, 4, 'EXTRUSSION', 'DUAL EXTRUDER', '40', '50', '2000'),
(6, 5, 'INJECTION	', 'INJECTION PLASTIC 120 T	', '12', '18', '216'),
(7, 5, 'FINISHING	', 'MANUAL	', '15', '4', '60'),
(8, 6, 'EXTRUSSION', 'UHF', '14', '12', '168'),
(9, 6, 'FINISHING X', 'MANUAL', '12', '5', '60'),
(10, 7, 'EXTRUSSION', 'UHF', '24', '12', '288'),
(11, 7, 'MANUAL', 'MANUAL', '17', '5', '85'),
(12, 8, '-', 'EXTRUDER', '5', '500', '2500');

--
-- Trigger `kps_breakdown_cost_manufacturing`
--
DELIMITER $$
CREATE TRIGGER `BCM_update_record` BEFORE UPDATE ON `kps_breakdown_cost_manufacturing` FOR EACH ROW INSERT INTO kps_breakdown_cost_manufacturing_ (
 `KPS_BREAKDOWN_COST_MANUFACTURING_ID`, `KPS_BREAKDOWN_COST_ID`, `PROCCESING`, `MACHINE`, `TIME`, `CHARGE`, `AMOUNT`
)
VALUE (
 OLD.`KPS_BREAKDOWN_COST_MANUFACTURING_ID`, OLD.`KPS_BREAKDOWN_COST_ID`, OLD.`PROCCESING`, OLD.`MACHINE`, OLD.`TIME`, OLD.`CHARGE`, OLD.`AMOUNT` )
$$
DELIMITER ;

-- --------------------------------------------------------

--
-- Struktur dari tabel `kps_breakdown_cost_manufacturing_`
--

CREATE TABLE `kps_breakdown_cost_manufacturing_` (
  `KPS_BREAKDOWN_COST_MANUFACTURING_ID` int(255) NOT NULL,
  `KPS_BREAKDOWN_COST_ID` int(255) NOT NULL,
  `PROCCESING` varchar(100) NOT NULL,
  `MACHINE` varchar(100) NOT NULL,
  `TIME` varchar(100) NOT NULL,
  `CHARGE` varchar(100) NOT NULL,
  `AMOUNT` varchar(100) NOT NULL,
  `ID` int(11) NOT NULL,
  `UPDATE_TIME` datetime NOT NULL DEFAULT CURRENT_TIMESTAMP
) ENGINE=InnoDB DEFAULT CHARSET=latin1;

--
-- Dumping data untuk tabel `kps_breakdown_cost_manufacturing_`
--

INSERT INTO `kps_breakdown_cost_manufacturing_` (`KPS_BREAKDOWN_COST_MANUFACTURING_ID`, `KPS_BREAKDOWN_COST_ID`, `PROCCESING`, `MACHINE`, `TIME`, `CHARGE`, `AMOUNT`, `ID`, `UPDATE_TIME`) VALUES
(9, 6, 'FINISHING	', 'MANUAL', '12', '5', '60', 1, '2016-05-03 12:34:36');

-- --------------------------------------------------------

--
-- Struktur dari tabel `kps_breakdown_cost_material`
--

CREATE TABLE `kps_breakdown_cost_material` (
  `KPS_BREAKDOWN_COST_MATERIAL_ID` int(255) NOT NULL,
  `KPS_BREAKDOWN_COST_ID` int(255) NOT NULL,
  `MATERIAL` varchar(100) NOT NULL,
  `QTY_NETTO` double(100,6) DEFAULT '0.000000',
  `QTY_BRUTTO` double(100,6) DEFAULT '0.000000',
  `PRICE` varchar(255) NOT NULL,
  `SUB_TOTAL` varchar(255) NOT NULL,
  `COUNTRY` varchar(150) NOT NULL
) ENGINE=InnoDB DEFAULT CHARSET=latin1;

--
-- Dumping data untuk tabel `kps_breakdown_cost_material`
--

INSERT INTO `kps_breakdown_cost_material` (`KPS_BREAKDOWN_COST_MATERIAL_ID`, `KPS_BREAKDOWN_COST_ID`, `MATERIAL`, `QTY_NETTO`, `QTY_BRUTTO`, `PRICE`, `SUB_TOTAL`, `COUNTRY`) VALUES
(1, 1, 'EPDM', 0.004000, 0.004000, '30000', '120', 'USA'),
(2, 2, 'MATERIAL', 0.004000, 0.004000, '30000', '120', 'USA'),
(3, 4, 'ECO', 0.028000, 0.030800, '150000', '4620', 'JAPAN'),
(4, 4, 'FKM', 0.007000, 0.007700, '750000', '5775', 'JAPAN'),
(5, 5, 'VT-BH CLEAR', 0.007000, 0.007700, '33000', '254.1', 'USA'),
(6, 6, 'EPDM X', 0.002400, 0.004500, '50000', '225', 'INDONESIA'),
(7, 7, 'PVC', 0.000340, 0.000567, '30000', '17.01', 'JPN'),
(8, 8, 'EPDM', 0.000600, 0.007000, '30000', '210', 'Bandung'),
(9, 9, 'EPDM', 0.000400, 0.004400, '40000', '176', 'Bandung'),
(10, 10, 'EPDM', 0.000060, 0.000600, '2000000', '1200', 'Bandung'),
(11, 11, 'EPDM', 0.000700, 0.000080, '60000000', '4800', 'Bandung');

--
-- Trigger `kps_breakdown_cost_material`
--
DELIMITER $$
CREATE TRIGGER `BCMM_update_record` BEFORE UPDATE ON `kps_breakdown_cost_material` FOR EACH ROW INSERT INTO kps_breakdown_cost_material_ (
  `KPS_BREAKDOWN_COST_MATERIAL_ID`, `KPS_BREAKDOWN_COST_ID`, `MATERIAL`, `QTY_NETTO`, `QTY_BRUTTO`, `PRICE`,
`SUB_TOTAL`, `COUNTRY`
)
VALUE (
OLD.`KPS_BREAKDOWN_COST_MATERIAL_ID`, OLD.`KPS_BREAKDOWN_COST_ID`, OLD.`MATERIAL`, OLD.`QTY_NETTO`, OLD.`QTY_BRUTTO`, OLD.`PRICE`, OLD.`SUB_TOTAL`, OLD.`COUNTRY`)
$$
DELIMITER ;

-- --------------------------------------------------------

--
-- Struktur dari tabel `kps_breakdown_cost_material_`
--

CREATE TABLE `kps_breakdown_cost_material_` (
  `KPS_BREAKDOWN_COST_MATERIAL_ID` int(255) NOT NULL,
  `KPS_BREAKDOWN_COST_ID` int(255) NOT NULL,
  `MATERIAL` varchar(100) NOT NULL,
  `QTY_NETTO` double(100,6) DEFAULT '0.000000',
  `QTY_BRUTTO` double(100,6) DEFAULT '0.000000',
  `PRICE` varchar(255) NOT NULL,
  `SUB_TOTAL` varchar(255) NOT NULL,
  `COUNTRY` varchar(150) NOT NULL,
  `ID` int(11) NOT NULL,
  `UPDATE_TIME` datetime NOT NULL DEFAULT CURRENT_TIMESTAMP
) ENGINE=InnoDB DEFAULT CHARSET=latin1;

--
-- Dumping data untuk tabel `kps_breakdown_cost_material_`
--

INSERT INTO `kps_breakdown_cost_material_` (`KPS_BREAKDOWN_COST_MATERIAL_ID`, `KPS_BREAKDOWN_COST_ID`, `MATERIAL`, `QTY_NETTO`, `QTY_BRUTTO`, `PRICE`, `SUB_TOTAL`, `COUNTRY`, `ID`, `UPDATE_TIME`) VALUES
(6, 6, 'EPDM', 0.002400, 0.004500, '50000', '225', 'INDONESIA', 1, '2016-05-03 12:39:05'),
(7, 7, 'PVC', 0.000000, 0.000000, '30000', '0', 'JPN', 2, '2016-05-13 14:03:40'),
(7, 7, 'PVC', 0.000340, 0.000000, '30000', '0', 'JPN', 3, '2016-05-13 14:04:03'),
(9, 9, 'EPDM', 0.000000, 0.000000, '40000', '0', 'Bandung', 4, '2016-06-01 14:49:29'),
(9, 9, 'EPDM', 0.000000, 0.000000, '40000', '0', 'Bandung', 5, '2016-06-01 14:51:15'),
(8, 8, 'EPDM', 0.000400, 0.000000, '30000', '0', 'Bandung', 6, '2016-06-01 14:54:51');

-- --------------------------------------------------------

--
-- Struktur dari tabel `kps_breakdown_cost_part`
--

CREATE TABLE `kps_breakdown_cost_part` (
  `KPS_BREAKDOWN_COST_PART_ID` int(255) NOT NULL,
  `KPS_BREAKDOWN_COST_ID` int(255) NOT NULL,
  `KPS_PART_NAME` varchar(255) NOT NULL,
  `KPS_PART_NO` int(11) NOT NULL,
  `COST` varchar(100) NOT NULL,
  `COUNTRY` varchar(150) NOT NULL
) ENGINE=InnoDB DEFAULT CHARSET=latin1;

--
-- Dumping data untuk tabel `kps_breakdown_cost_part`
--

INSERT INTO `kps_breakdown_cost_part` (`KPS_BREAKDOWN_COST_PART_ID`, `KPS_BREAKDOWN_COST_ID`, `KPS_PART_NAME`, `KPS_PART_NO`, `COST`, `COUNTRY`) VALUES
(1, 3, 'parttest', 1011, '10', 'ID'),
(2, 3, 'PartCek', 11111, '1000', 'US'),
(3, 4, 'THREAD', 0, '1000', 'JAPAN'),
(4, 4, 'ADHESIVE X', 0, '500', 'JAPAN'),
(5, 9, 'RUBBER', 2345, '200000', 'Bandung'),
(6, 8, 'RUBBER', 556667, '3000000', 'jakarta'),
(7, 10, 'RUBBER', 23456, '350000', 'jakarta'),
(8, 11, 'RUBBER', 356787, '9000000', 'jakarta');

--
-- Trigger `kps_breakdown_cost_part`
--
DELIMITER $$
CREATE TRIGGER `BCP_update_record` BEFORE UPDATE ON `kps_breakdown_cost_part` FOR EACH ROW INSERT INTO kps_breakdown_cost_part_ (
  `KPS_BREAKDOWN_COST_PART_ID`, `KPS_BREAKDOWN_COST_ID`, `KPS_PART_NAME`, `KPS_PART_NO`, `COST`, `COUNTRY`
)
VALUE (
 OLD.`KPS_BREAKDOWN_COST_PART_ID`, OLD.`KPS_BREAKDOWN_COST_ID`, OLD.`KPS_PART_NAME`, OLD.`KPS_PART_NO`, OLD.`COST`, OLD.`COUNTRY` )
$$
DELIMITER ;

-- --------------------------------------------------------

--
-- Struktur dari tabel `kps_breakdown_cost_part_`
--

CREATE TABLE `kps_breakdown_cost_part_` (
  `KPS_BREAKDOWN_COST_PART_ID` int(255) NOT NULL,
  `KPS_BREAKDOWN_COST_ID` int(255) NOT NULL,
  `KPS_PART_NAME` varchar(255) NOT NULL,
  `KPS_PART_NO` int(11) NOT NULL,
  `COST` varchar(100) NOT NULL,
  `COUNTRY` varchar(150) NOT NULL,
  `ID` int(11) NOT NULL,
  `UPDATE_TIME` datetime NOT NULL DEFAULT CURRENT_TIMESTAMP
) ENGINE=InnoDB DEFAULT CHARSET=latin1;

--
-- Dumping data untuk tabel `kps_breakdown_cost_part_`
--

INSERT INTO `kps_breakdown_cost_part_` (`KPS_BREAKDOWN_COST_PART_ID`, `KPS_BREAKDOWN_COST_ID`, `KPS_PART_NAME`, `KPS_PART_NO`, `COST`, `COUNTRY`, `ID`, `UPDATE_TIME`) VALUES
(4, 4, 'ADHESIVE', 0, '500', 'JAPAN', 1, '2016-05-03 12:41:44');

-- --------------------------------------------------------

--
-- Struktur dari tabel `kps_breakdown_cost_tooling`
--

CREATE TABLE `kps_breakdown_cost_tooling` (
  `KPS_BREAKDOWN_COST_TOOLING_ID` int(255) NOT NULL,
  `KPS_BREAKDOWN_COST_ID` int(255) NOT NULL,
  `TOOL` varchar(100) NOT NULL,
  `COST` varchar(100) NOT NULL,
  `REMARK` varchar(255) NOT NULL
) ENGINE=InnoDB DEFAULT CHARSET=latin1;

--
-- Dumping data untuk tabel `kps_breakdown_cost_tooling`
--

INSERT INTO `kps_breakdown_cost_tooling` (`KPS_BREAKDOWN_COST_TOOLING_ID`, `KPS_BREAKDOWN_COST_ID`, `TOOL`, `COST`, `REMARK`) VALUES
(1, 1, 'MOULD', '60000000', '12 CAV'),
(2, 2, 'MOULD', '60000000', '12 CAV'),
(3, 4, 'MANDRELL', '15000000', '50 CAV'),
(4, 4, 'MALL CUTTING', '1000000', '2 UNIT'),
(5, 5, 'MOULD	', '120000000', '12 CAV	'),
(6, 6, 'MOULD X', '10000000', ''),
(7, 7, '', '', ''),
(8, 7, 'MOULD', '5000000', '2 CAV'),
(9, 8, 'MOULD', '60000000', '12 CAV'),
(10, 9, 'TL0001', '50000000', '-'),
(11, 8, '24', '3000000', '-'),
(12, 10, '50', '7000000000', '-'),
(13, 11, '45', '9000000', '-');

--
-- Trigger `kps_breakdown_cost_tooling`
--
DELIMITER $$
CREATE TRIGGER `BCT_update_record` BEFORE UPDATE ON `kps_breakdown_cost_tooling` FOR EACH ROW INSERT INTO kps_breakdown_cost_tooling_ (
  `KPS_BREAKDOWN_COST_TOOLING_ID`, `KPS_BREAKDOWN_COST_ID`, `TOOL`, `COST`, `REMARK`
)
VALUE (
  OLD.`KPS_BREAKDOWN_COST_TOOLING_ID`, OLD.`KPS_BREAKDOWN_COST_ID`, OLD.`TOOL`, OLD.`COST`, OLD.`REMARK` )
$$
DELIMITER ;

-- --------------------------------------------------------

--
-- Struktur dari tabel `kps_breakdown_cost_tooling_`
--

CREATE TABLE `kps_breakdown_cost_tooling_` (
  `KPS_BREAKDOWN_COST_TOOLING_ID` int(255) NOT NULL,
  `KPS_BREAKDOWN_COST_ID` int(255) NOT NULL,
  `TOOL` varchar(100) NOT NULL,
  `COST` varchar(100) NOT NULL,
  `REMARK` varchar(255) NOT NULL,
  `ID` int(11) NOT NULL,
  `UPDATE_TIME` datetime NOT NULL DEFAULT CURRENT_TIMESTAMP
) ENGINE=InnoDB DEFAULT CHARSET=latin1;

--
-- Dumping data untuk tabel `kps_breakdown_cost_tooling_`
--

INSERT INTO `kps_breakdown_cost_tooling_` (`KPS_BREAKDOWN_COST_TOOLING_ID`, `KPS_BREAKDOWN_COST_ID`, `TOOL`, `COST`, `REMARK`, `ID`, `UPDATE_TIME`) VALUES
(6, 6, 'MOULD', '10000000', '', 1, '2016-05-03 12:43:59');

-- --------------------------------------------------------

--
-- Struktur dari tabel `kps_bsthp`
--

CREATE TABLE `kps_bsthp` (
  `KPS_BSTHP_ID` int(255) NOT NULL,
  `DATE` datetime DEFAULT CURRENT_TIMESTAMP,
  `NO_RECORD` varchar(50) NOT NULL DEFAULT '',
  `NO` varchar(443) NOT NULL DEFAULT '',
  `REV` int(11) NOT NULL DEFAULT '0',
  `SHIFT` int(50) NOT NULL DEFAULT '0',
  `DESTINATION_WAREHOUSE` varchar(50) NOT NULL DEFAULT '',
  `bsthp_barcode_code` varchar(255) NOT NULL DEFAULT '',
  `BSTHP_LOCK` tinyint(4) DEFAULT NULL,
  `BSTHP_STATUS_VER` tinyint(4) DEFAULT NULL,
  `BSTHP_MADE_BY` int(11) NOT NULL DEFAULT '0',
  `BSTHP_DISTRIBUTED_BY` int(11) DEFAULT NULL,
  `BSTHP_ACCEPTED_BY` int(11) DEFAULT NULL,
  `BSTHP_DISTRIBUTED_BY2` int(11) DEFAULT NULL
) ENGINE=InnoDB DEFAULT CHARSET=latin1;

--
-- Dumping data untuk tabel `kps_bsthp`
--

INSERT INTO `kps_bsthp` (`KPS_BSTHP_ID`, `DATE`, `NO_RECORD`, `NO`, `REV`, `SHIFT`, `DESTINATION_WAREHOUSE`, `bsthp_barcode_code`, `BSTHP_LOCK`, `BSTHP_STATUS_VER`, `BSTHP_MADE_BY`, `BSTHP_DISTRIBUTED_BY`, `BSTHP_ACCEPTED_BY`, `BSTHP_DISTRIBUTED_BY2`) VALUES
(3, '2016-03-28 00:06:53', '16/BSTHP-PRO/III/1', '1', 0, 1, 'FINISHED GOOD', '201603271', 1, 1, 0, NULL, NULL, NULL),
(4, '2016-03-28 09:31:30', '16/BSTHP-PRO/III/2', '2', 0, 2, 'FINISHED GOOD', '201603282', NULL, NULL, 0, NULL, NULL, NULL),
(5, '2016-04-13 16:27:19', '16/BSTHP-PRO/IV/3', '3', 0, 2, 'FINISHED GOOD', '201604133', NULL, 1, 0, NULL, NULL, NULL),
(6, '2016-05-12 11:59:41', '16/BSTHP-PRO/V/4', '4', 0, 1, 'FINISHED GOOD', '201605124', NULL, NULL, 0, NULL, NULL, NULL),
(7, '2016-05-12 12:26:50', '16/BSTHP-PRO/V/5', '5', 0, 2, 'FINISHED GOOD', '201605125', NULL, NULL, 0, NULL, NULL, NULL),
(8, '2016-05-12 12:27:17', '16/BSTHP-PRO/V/6', '6', 0, 4, 'FINISHED GOOD', '201605126', NULL, NULL, 0, NULL, NULL, NULL),
(9, '2016-05-12 12:28:18', '16/BSTHP-PRO/V/7', '7', 1, 3, 'FINISHED GOOD', '201605127', NULL, NULL, 0, NULL, NULL, NULL),
(12, '2016-05-23 10:46:18', '16/BSTHP-PRO/V/8', '8', 0, 2, 'FINISHED GOOD', '201605238', NULL, NULL, 5, 1, 3, NULL),
(13, '2016-05-23 10:51:01', '16/BSTHP-PRO/V/9', '9', 0, 2, 'FINISHED GOOD', '201605239', NULL, 1, 5, 2, 4, NULL);

--
-- Trigger `kps_bsthp`
--
DELIMITER $$
CREATE TRIGGER `BSTHP_update_record` BEFORE UPDATE ON `kps_bsthp` FOR EACH ROW INSERT INTO kps_bsthp_ (
 `KPS_BSTHP_ID`, `DATE`, `NO_RECORD`, `NO`, `REV`, `SHIFT`, `DESTINATION_WAREHOUSE`, `bsthp_barcode_code`, `BSTHP_LOCK`, `BSTHP_STATUS_VER`, `BSTHP_MADE_BY`, `BSTHP_UPDATE_BY`, `BSTHP_DISTRIBUTED_BY`, `BSTHP_ACCEPTED_BY`
)
VALUE (
  OLD.`KPS_BSTHP_ID`, OLD.`DATE`, OLD.`NO_RECORD`, OLD.`NO`, OLD.`REV`, OLD.`SHIFT`, OLD.`DESTINATION_WAREHOUSE`, OLD.`bsthp_barcode_code`, OLD.`BSTHP_LOCK`, OLD.`BSTHP_STATUS_VER`, OLD.`BSTHP_MADE_BY`, NEW.`BSTHP_MADE_BY`, OLD.`BSTHP_DISTRIBUTED_BY`, OLD.`BSTHP_ACCEPTED_BY` )
$$
DELIMITER ;

-- --------------------------------------------------------

--
-- Struktur dari tabel `kps_bsthp_`
--

CREATE TABLE `kps_bsthp_` (
  `ID_BSTHP_` int(11) NOT NULL,
  `KPS_BSTHP_ID` int(255) NOT NULL,
  `DATE` datetime DEFAULT CURRENT_TIMESTAMP,
  `NO_RECORD` varchar(50) NOT NULL,
  `NO` varchar(443) NOT NULL,
  `REV` int(11) NOT NULL,
  `SHIFT` int(50) NOT NULL,
  `DESTINATION_WAREHOUSE` varchar(50) NOT NULL,
  `bsthp_barcode_code` varchar(255) NOT NULL,
  `BSTHP_LOCK` tinyint(4) DEFAULT NULL,
  `BSTHP_STATUS_VER` tinyint(4) DEFAULT NULL,
  `UPDATE_TIME` datetime NOT NULL DEFAULT CURRENT_TIMESTAMP,
  `BSTHP_UPDATE_BY` int(11) NOT NULL,
  `BSTHP_MADE_BY` int(11) NOT NULL,
  `BSTHP_DISTRIBUTED_BY` int(11) DEFAULT NULL,
  `BSTHP_ACCEPTED_BY` int(11) DEFAULT NULL,
  `BSTHP_DISTRIBUTED_BY2` int(11) DEFAULT NULL
) ENGINE=InnoDB DEFAULT CHARSET=latin1;

--
-- Dumping data untuk tabel `kps_bsthp_`
--

INSERT INTO `kps_bsthp_` (`ID_BSTHP_`, `KPS_BSTHP_ID`, `DATE`, `NO_RECORD`, `NO`, `REV`, `SHIFT`, `DESTINATION_WAREHOUSE`, `bsthp_barcode_code`, `BSTHP_LOCK`, `BSTHP_STATUS_VER`, `UPDATE_TIME`, `BSTHP_UPDATE_BY`, `BSTHP_MADE_BY`, `BSTHP_DISTRIBUTED_BY`, `BSTHP_ACCEPTED_BY`, `BSTHP_DISTRIBUTED_BY2`) VALUES
(1, 5, '2016-04-13 16:27:19', '16/BSTHP-PRO/IV/3', '3', 0, 1, 'FINISHED GOOD', '201604133', NULL, 1, '2016-05-03 12:53:38', 0, 0, NULL, NULL, NULL),
(2, 11, '2016-05-14 22:32:57', '16/BSTHP-PRO/V/9', '9', 0, 1, 'FINISHED GOOD', '201605149', NULL, NULL, '2016-05-14 23:15:35', 2, 3, NULL, NULL, NULL),
(3, 10, '2016-05-14 22:10:45', '16/BSTHP-PRO/V/8', '8', 0, 2, 'FINISHED GOOD', '201605148', NULL, NULL, '2016-05-14 23:20:32', 2, 2, NULL, NULL, NULL),
(4, 10, '2016-05-14 22:10:45', '16/BSTHP-PRO/V/8', '8', 1, 1, 'FINISHED GOOD', '201605148', NULL, NULL, '2016-05-14 23:26:14', 2, 2, 2, 2, NULL),
(5, 9, '2016-05-12 12:28:18', '16/BSTHP-PRO/V/7', '7', 0, 3, 'FINISHED GOOD', '201605127', NULL, NULL, '2016-05-15 06:56:40', 0, 0, NULL, NULL, NULL),
(6, 9, '2016-05-12 12:28:18', '16/BSTHP-PRO/V/7', '7', 1, 3, 'FINISHED GOOD', '201605127', NULL, NULL, '2016-05-15 06:59:51', 0, 0, NULL, NULL, NULL),
(7, 9, '2016-05-12 12:28:18', '16/BSTHP-PRO/V/7', '7', 1, 3, 'FINISHED GOOD', '201605127', NULL, NULL, '2016-05-15 07:00:16', 0, 0, NULL, NULL, NULL),
(8, 9, '2016-05-12 12:28:18', '16/BSTHP-PRO/V/7', '7', 1, 3, 'FINISHED GOOD', '201605127', NULL, NULL, '2016-05-15 07:00:32', 0, 0, NULL, NULL, NULL),
(9, 9, '2016-05-12 12:28:18', '16/BSTHP-PRO/V/7', '7', 1, 3, 'FINISHED GOOD', '201605127', NULL, NULL, '2016-05-15 07:01:00', 0, 0, NULL, NULL, NULL),
(10, 11, '2016-05-14 22:32:57', '16/BSTHP-PRO/V/9', '9', 1, 2, 'FINISHED GOOD', '201605149', NULL, NULL, '2016-05-23 10:34:19', 2, 2, 4, 5, NULL),
(11, 13, '2016-05-23 10:51:01', '16/BSTHP-PRO/V/9', '9', 0, 2, 'FINISHED GOOD', '201605239', NULL, NULL, '2016-06-07 15:51:10', 5, 5, 2, 4, NULL);

-- --------------------------------------------------------

--
-- Struktur dari tabel `kps_bsthp_detail`
--

CREATE TABLE `kps_bsthp_detail` (
  `KPS_BSTHP_DETAIL_ID` int(255) NOT NULL,
  `KPS_BSTHP_ID_det` int(255) NOT NULL DEFAULT '0',
  `KPS_LOI_ID_BSTHP_Detail` int(11) NOT NULL DEFAULT '0',
  `qty_barcode_bsthp` int(255) DEFAULT NULL,
  `jumlah_qty_bsthp` int(255) DEFAULT NULL,
  `NOTE_detail_bsthp` mediumtext NOT NULL,
  `BSTHP_DETAIL_LOCK` tinyint(4) DEFAULT NULL,
  `MADE_BY_BSTHP_DETAIL` int(11) DEFAULT NULL
) ENGINE=InnoDB DEFAULT CHARSET=latin1;

--
-- Dumping data untuk tabel `kps_bsthp_detail`
--

INSERT INTO `kps_bsthp_detail` (`KPS_BSTHP_DETAIL_ID`, `KPS_BSTHP_ID_det`, `KPS_LOI_ID_BSTHP_Detail`, `qty_barcode_bsthp`, `jumlah_qty_bsthp`, `NOTE_detail_bsthp`, `BSTHP_DETAIL_LOCK`, `MADE_BY_BSTHP_DETAIL`) VALUES
(3, 3, 1, 1, 100, '', 1, 0),
(4, 3, 2, NULL, NULL, '', NULL, 0),
(5, 5, 1, 4, 400, 'Uji COBa UNtuk Mutation X', NULL, 0),
(6, 6, 1, 2, 400, '', NULL, 0),
(7, 9, 1, NULL, NULL, 'OKE SIP', NULL, 2),
(8, 12, 1, NULL, NULL, 'oker', NULL, NULL),
(9, 13, 1, 1, 100, 'ok', NULL, NULL);

--
-- Trigger `kps_bsthp_detail`
--
DELIMITER $$
CREATE TRIGGER `BSTHP_DET_update_record` BEFORE UPDATE ON `kps_bsthp_detail` FOR EACH ROW INSERT INTO kps_bsthp_detail_ (
 `KPS_BSTHP_DETAIL_ID`, `KPS_BSTHP_ID_det`, `KPS_LOI_ID_BSTHP_Detail`, `qty_barcode_bsthp`, `jumlah_qty_bsthp`, `NOTE_detail_bsthp`, `BSTHP_DETAIL_LOCK`, `BSTHP_DETAIL_UPDATE_BY`
)
VALUE (
 OLD.`KPS_BSTHP_DETAIL_ID`, OLD.`KPS_BSTHP_ID_det`, OLD.`KPS_LOI_ID_BSTHP_Detail`, OLD.`qty_barcode_bsthp`, OLD.`jumlah_qty_bsthp`, OLD.`NOTE_detail_bsthp`, OLD.`BSTHP_DETAIL_LOCK` , NEW.`MADE_BY_BSTHP_DETAIL`)
$$
DELIMITER ;

-- --------------------------------------------------------

--
-- Struktur dari tabel `kps_bsthp_detail_`
--

CREATE TABLE `kps_bsthp_detail_` (
  `ID_BSTHP_DETAIL_` int(11) NOT NULL,
  `KPS_BSTHP_DETAIL_ID` int(255) NOT NULL,
  `KPS_BSTHP_ID_det` int(255) NOT NULL,
  `KPS_LOI_ID_BSTHP_Detail` int(11) NOT NULL,
  `qty_barcode_bsthp` int(255) DEFAULT NULL,
  `jumlah_qty_bsthp` int(255) DEFAULT NULL,
  `NOTE_detail_bsthp` mediumtext,
  `BSTHP_DETAIL_LOCK` tinyint(4) DEFAULT NULL,
  `UPDATE_TIME` datetime NOT NULL DEFAULT CURRENT_TIMESTAMP,
  `BSTHP_DETAIL_UPDATE_BY` int(11) DEFAULT NULL
) ENGINE=InnoDB DEFAULT CHARSET=latin1;

--
-- Dumping data untuk tabel `kps_bsthp_detail_`
--

INSERT INTO `kps_bsthp_detail_` (`ID_BSTHP_DETAIL_`, `KPS_BSTHP_DETAIL_ID`, `KPS_BSTHP_ID_det`, `KPS_LOI_ID_BSTHP_Detail`, `qty_barcode_bsthp`, `jumlah_qty_bsthp`, `NOTE_detail_bsthp`, `BSTHP_DETAIL_LOCK`, `UPDATE_TIME`, `BSTHP_DETAIL_UPDATE_BY`) VALUES
(1, 5, 5, 1, 4, 400, 'Uji COBa UNtuk Mutation', NULL, '2016-05-03 12:55:06', 0),
(2, 6, 6, 1, NULL, NULL, '', NULL, '2016-05-12 12:02:55', 0),
(3, 6, 6, 1, 1, 100, '', NULL, '2016-05-12 12:07:14', 0),
(4, 7, 9, 1, NULL, NULL, 'oke', NULL, '2016-05-15 06:48:42', 0),
(5, 7, 9, 1, NULL, NULL, 'oke SIP', NULL, '2016-05-15 06:56:40', 2),
(6, 7, 9, 1, NULL, NULL, 'SIP OKE', NULL, '2016-05-15 06:59:51', 2),
(7, 7, 9, 1, NULL, NULL, 'SIP OKE SIP', NULL, '2016-05-15 07:00:16', 2),
(8, 7, 9, 1, NULL, NULL, 'OKE SIP', NULL, '2016-05-15 07:00:32', 2),
(9, 7, 9, 1, NULL, NULL, 'OKE SIP SIP', NULL, '2016-05-15 07:01:00', 2),
(10, 6, 6, 1, 2, 200, '', NULL, '2016-05-16 20:37:25', 0),
(11, 6, 6, 1, 3, 300, '', NULL, '2016-05-16 20:38:32', 0),
(12, 6, 6, 1, 2, 400, '', NULL, '2016-05-16 20:39:08', 0),
(13, 6, 6, 1, 3, 500, '', NULL, '2016-05-16 20:39:17', 0),
(14, 6, 6, 1, 2, 400, '', NULL, '2016-05-16 20:44:52', 0),
(15, 6, 6, 1, 3, 500, '', NULL, '2016-05-16 20:44:56', 0),
(16, 6, 6, 1, 2, 400, '', NULL, '2016-05-16 21:00:53', 0),
(17, 6, 6, 1, 3, 500, '', NULL, '2016-05-16 21:01:42', 0),
(18, 9, 13, 1, NULL, NULL, 'ok', NULL, '2016-05-23 11:18:50', NULL);

-- --------------------------------------------------------

--
-- Struktur dari tabel `kps_bsthp_detail_sub`
--

CREATE TABLE `kps_bsthp_detail_sub` (
  `KPS_BSTHP_DETAIL_SUB_ID` int(11) NOT NULL,
  `KPS_BSTHP_DETAIL_ID_SUB` int(11) NOT NULL,
  `KPS_BARCODE_LABEL_ID_BSTHP_SUB` int(11) NOT NULL,
  `BSTHP_DETAIL_SUB_LOCK` tinyint(4) DEFAULT NULL,
  `BSTHP_DETAIL_SUB_VER` tinyint(4) DEFAULT NULL,
  `BSTHP_DETAIL_SUB_VER_BY_OUTGOING` tinyint(4) DEFAULT NULL,
  `KPS_BSTHP_DETAIL_SUB_MADE_BY` int(11) DEFAULT NULL
) ENGINE=InnoDB DEFAULT CHARSET=latin1;

--
-- Dumping data untuk tabel `kps_bsthp_detail_sub`
--

INSERT INTO `kps_bsthp_detail_sub` (`KPS_BSTHP_DETAIL_SUB_ID`, `KPS_BSTHP_DETAIL_ID_SUB`, `KPS_BARCODE_LABEL_ID_BSTHP_SUB`, `BSTHP_DETAIL_SUB_LOCK`, `BSTHP_DETAIL_SUB_VER`, `BSTHP_DETAIL_SUB_VER_BY_OUTGOING`, `KPS_BSTHP_DETAIL_SUB_MADE_BY`) VALUES
(1, 3, 255, NULL, 1, NULL, 0),
(2, 5, 531, NULL, 1, 1, 0),
(3, 5, 532, NULL, 1, 1, 0),
(4, 5, 534, NULL, 1, 1, 0),
(5, 5, 533, NULL, 1, 1, 0),
(7, 6, 560, NULL, NULL, NULL, 0),
(8, 9, 563, NULL, NULL, NULL, NULL);

--
-- Trigger `kps_bsthp_detail_sub`
--
DELIMITER $$
CREATE TRIGGER `BSTHP_DET_SUB_update_record` BEFORE DELETE ON `kps_bsthp_detail_sub` FOR EACH ROW INSERT INTO kps_bsthp_detail_sub_ (
  `KPS_BSTHP_DETAIL_SUB_ID`, `KPS_BSTHP_DETAIL_ID_SUB`, `KPS_BARCODE_LABEL_ID_BSTHP_SUB`, `BSTHP_DETAIL_SUB_LOCK`, `BSTHP_DETAIL_SUB_VER`, `BSTHP_DETAIL_SUB_VER_BY_OUTGOING`, `KPS_BSTHP_DETAIL_SUB_UPDATE_BY`
)
VALUE (
  OLD.`KPS_BSTHP_DETAIL_SUB_ID`, OLD.`KPS_BSTHP_DETAIL_ID_SUB`, OLD.`KPS_BARCODE_LABEL_ID_BSTHP_SUB`, OLD.`BSTHP_DETAIL_SUB_LOCK`, OLD.`BSTHP_DETAIL_SUB_VER`, OLD.`BSTHP_DETAIL_SUB_VER_BY_OUTGOING`, OLD.`KPS_BSTHP_DETAIL_SUB_MADE_BY` )
$$
DELIMITER ;

-- --------------------------------------------------------

--
-- Struktur dari tabel `kps_bsthp_detail_sub_`
--

CREATE TABLE `kps_bsthp_detail_sub_` (
  `ID_BSTHP_DETAIL_SUB` int(11) NOT NULL,
  `KPS_BSTHP_DETAIL_SUB_ID` int(11) NOT NULL,
  `KPS_BSTHP_DETAIL_ID_SUB` int(11) NOT NULL,
  `KPS_BARCODE_LABEL_ID_BSTHP_SUB` int(11) NOT NULL,
  `BSTHP_DETAIL_SUB_LOCK` tinyint(4) DEFAULT NULL,
  `BSTHP_DETAIL_SUB_VER` tinyint(4) DEFAULT NULL,
  `BSTHP_DETAIL_SUB_VER_BY_OUTGOING` tinyint(4) DEFAULT NULL,
  `UPDATE_TIME` datetime NOT NULL DEFAULT CURRENT_TIMESTAMP,
  `KPS_BSTHP_DETAIL_SUB_UPDATE_BY` int(11) NOT NULL
) ENGINE=InnoDB DEFAULT CHARSET=latin1;

--
-- Dumping data untuk tabel `kps_bsthp_detail_sub_`
--

INSERT INTO `kps_bsthp_detail_sub_` (`ID_BSTHP_DETAIL_SUB`, `KPS_BSTHP_DETAIL_SUB_ID`, `KPS_BSTHP_DETAIL_ID_SUB`, `KPS_BARCODE_LABEL_ID_BSTHP_SUB`, `BSTHP_DETAIL_SUB_LOCK`, `BSTHP_DETAIL_SUB_VER`, `BSTHP_DETAIL_SUB_VER_BY_OUTGOING`, `UPDATE_TIME`, `KPS_BSTHP_DETAIL_SUB_UPDATE_BY`) VALUES
(1, 5, 5, 533, NULL, 1, 1, '2016-05-03 12:56:59', 0),
(2, 5, 5, 532, NULL, 1, 1, '2016-05-03 12:57:07', 0),
(3, 10, 6, 559, NULL, NULL, NULL, '2016-05-16 20:44:56', 0),
(4, 11, 6, 559, NULL, NULL, NULL, '2016-05-16 21:01:42', 2);

-- --------------------------------------------------------

--
-- Struktur dari tabel `kps_bsthp_verification`
--

CREATE TABLE `kps_bsthp_verification` (
  `KPS_BSTHP_VERIFICATION_ID` int(255) NOT NULL,
  `DATE` date NOT NULL,
  `AREA` varchar(50) NOT NULL
) ENGINE=InnoDB DEFAULT CHARSET=latin1;

-- --------------------------------------------------------

--
-- Struktur dari tabel `kps_bsthp_verification_detail`
--

CREATE TABLE `kps_bsthp_verification_detail` (
  `KPS_BSTHP_VERIFICATION_DETAIL_ID` int(255) NOT NULL,
  `KPS_BSTHP_ID` int(11) NOT NULL,
  `KPS_BSTHP_DETAIL_ID` int(11) NOT NULL,
  `DATE` datetime NOT NULL DEFAULT CURRENT_TIMESTAMP,
  `AREA` varchar(45) NOT NULL,
  `VERIFICATION` varchar(20) NOT NULL,
  `STATUS_VER` varchar(45) NOT NULL
) ENGINE=InnoDB DEFAULT CHARSET=latin1;

--
-- Dumping data untuk tabel `kps_bsthp_verification_detail`
--

INSERT INTO `kps_bsthp_verification_detail` (`KPS_BSTHP_VERIFICATION_DETAIL_ID`, `KPS_BSTHP_ID`, `KPS_BSTHP_DETAIL_ID`, `DATE`, `AREA`, `VERIFICATION`, `STATUS_VER`) VALUES
(6, 3, 3, '2016-03-28 00:11:14', 'FINISHED GOOD', 'ok', 'closed'),
(7, 3, 4, '2016-03-28 00:11:14', 'FINISHED GOOD', '', 'ON THE WAY'),
(8, 5, 5, '2016-04-13 16:47:59', 'FINISHED GOOD', 'OK', 'closed'),
(9, 13, 9, '2016-06-07 15:51:10', 'FINISHED GOOD', '', 'ON THE WAY');

--
-- Trigger `kps_bsthp_verification_detail`
--
DELIMITER $$
CREATE TRIGGER `BSTHP_VER_update_record` BEFORE UPDATE ON `kps_bsthp_verification_detail` FOR EACH ROW INSERT INTO kps_bsthp_verification_detail_ (
  `KPS_BSTHP_VERIFICATION_DETAIL_ID`, `KPS_BSTHP_ID`, `KPS_BSTHP_DETAIL_ID`, `DATE`, `AREA`, `VERIFICATION`, `STATUS_VER`
)
VALUE (
  OLD.`KPS_BSTHP_VERIFICATION_DETAIL_ID`, OLD.`KPS_BSTHP_ID`, OLD.`KPS_BSTHP_DETAIL_ID`, OLD.`DATE`, OLD.`AREA`, OLD.`VERIFICATION`, OLD.`STATUS_VER` )
$$
DELIMITER ;

-- --------------------------------------------------------

--
-- Struktur dari tabel `kps_bsthp_verification_detail_`
--

CREATE TABLE `kps_bsthp_verification_detail_` (
  `KPS_BSTHP_VERIFICATION_DETAIL_ID` int(255) NOT NULL,
  `KPS_BSTHP_ID` int(11) NOT NULL,
  `KPS_BSTHP_DETAIL_ID` int(11) NOT NULL,
  `DATE` datetime NOT NULL DEFAULT CURRENT_TIMESTAMP,
  `AREA` varchar(45) NOT NULL,
  `VERIFICATION` varchar(20) NOT NULL,
  `STATUS_VER` varchar(45) NOT NULL,
  `ID` int(11) NOT NULL,
  `UPDATE_TIME` datetime NOT NULL DEFAULT CURRENT_TIMESTAMP
) ENGINE=InnoDB DEFAULT CHARSET=latin1;

--
-- Dumping data untuk tabel `kps_bsthp_verification_detail_`
--

INSERT INTO `kps_bsthp_verification_detail_` (`KPS_BSTHP_VERIFICATION_DETAIL_ID`, `KPS_BSTHP_ID`, `KPS_BSTHP_DETAIL_ID`, `DATE`, `AREA`, `VERIFICATION`, `STATUS_VER`, `ID`, `UPDATE_TIME`) VALUES
(8, 5, 5, '2016-04-13 16:47:59', 'FINISHED GOOD', 'ok', 'closed', 1, '2016-05-03 12:59:32'),
(8, 5, 5, '2016-04-13 16:47:59', 'FINISHED GOOD', '', 'closed', 2, '2016-05-03 12:59:42');

-- --------------------------------------------------------

--
-- Struktur dari tabel `kps_bukti_pesanan`
--

CREATE TABLE `kps_bukti_pesanan` (
  `KPS_BUKTI_PESANAN_ID` int(255) NOT NULL,
  `DATE_BP` datetime NOT NULL DEFAULT CURRENT_TIMESTAMP,
  `REV_NO_BP` varchar(150) NOT NULL,
  `NO_REV_BP` int(11) DEFAULT NULL,
  `PO_OS_NO_FROM_CUSTOMER` varchar(150) NOT NULL,
  `PO_OS_DATE_FROM_CUSTOMER` date NOT NULL,
  `KPS_CUSTOMER_ID_BK` int(255) NOT NULL,
  `KPS_CUSTOMER_DIVISI_ID_BK` int(11) NOT NULL,
  `KPS_BP_CUSTOMER_PAP_ID` int(11) DEFAULT NULL,
  `CURRENCY_BP` int(40) NOT NULL,
  `APPROVED_BP` varchar(150) DEFAULT NULL,
  `MADE_BY_BP` varchar(150) DEFAULT NULL,
  `SUB_TOTAL_BP` varchar(255) NOT NULL,
  `TAX_BP` varchar(255) NOT NULL,
  `TOTAL_BP` varchar(255) NOT NULL,
  `KPS_BP_STATUS_VERIFIKASI_CUSTOMER` varchar(20) NOT NULL,
  `user_made_by_id` int(11) DEFAULT NULL,
  `employee_approved_id` int(11) DEFAULT NULL,
  `status_bp` int(11) NOT NULL DEFAULT '0',
  `revisi_no_bp` int(11) NOT NULL DEFAULT '0',
  `KPS_BP_NO_URUT_BP_NT` int(11) DEFAULT NULL,
  `KPS_BP_STATUS_DELETE` tinyint(11) DEFAULT NULL
) ENGINE=InnoDB DEFAULT CHARSET=latin1;

--
-- Dumping data untuk tabel `kps_bukti_pesanan`
--

INSERT INTO `kps_bukti_pesanan` (`KPS_BUKTI_PESANAN_ID`, `DATE_BP`, `REV_NO_BP`, `NO_REV_BP`, `PO_OS_NO_FROM_CUSTOMER`, `PO_OS_DATE_FROM_CUSTOMER`, `KPS_CUSTOMER_ID_BK`, `KPS_CUSTOMER_DIVISI_ID_BK`, `KPS_BP_CUSTOMER_PAP_ID`, `CURRENCY_BP`, `APPROVED_BP`, `MADE_BY_BP`, `SUB_TOTAL_BP`, `TAX_BP`, `TOTAL_BP`, `KPS_BP_STATUS_VERIFIKASI_CUSTOMER`, `user_made_by_id`, `employee_approved_id`, `status_bp`, `revisi_no_bp`, `KPS_BP_NO_URUT_BP_NT`, `KPS_BP_STATUS_DELETE`) VALUES
(1, '2016-02-25 15:48:51', '16/PO-SLS/II/1', 1, 'PONUMBERCUSTOMER01', '2016-02-26', 1, 1, NULL, 1, NULL, NULL, '588168.33333333', '58816.833333333', '646985.16666667', 'OK', NULL, 1, 1, 0, NULL, NULL),
(2, '2016-02-26 15:29:52', '16/PO-SLS/II/2', 2, 'PONUMBERCUSTOMER01X', '2016-02-27', 1, 1, NULL, 1, NULL, NULL, '5151.75', '515.175', '5666.925', 'OK', NULL, 1, 0, 1, NULL, NULL),
(3, '2016-03-29 15:19:32', '16/PO-SLS/III/3', 3, 'PONUMBERASTRA01', '2016-03-31', 4, 4, NULL, 4, NULL, '3', '824000', '82400', '906400', 'Not Good', NULL, 2, 0, 0, NULL, NULL),
(4, '2016-03-30 11:54:22', '16/PO-SLS/III/4', 4, 'UJIOCOBAOS', '2016-03-31', 1, 1, NULL, 1, NULL, '2', '14000000', '1400000', '15400000', 'OK', NULL, 1, 0, 0, NULL, NULL),
(5, '2016-04-05 05:43:04', '16/PO-SLS/IV/5', 5, 'PoUjiCobaOs1', '2016-04-05', 1, 1, NULL, 1, NULL, '2', '140000000', '14000000', '154000000', 'OK', NULL, 2, 0, 0, NULL, NULL),
(6, '2016-04-07 21:57:20', '16/PO-SLS/IV/6', 6, 'PO UJI COBA OS Dan DS Pending ke 3', '2016-04-07', 1, 1, NULL, 1, NULL, '2', '7250000', '725000', '7975000', 'OK', NULL, 2, 0, 0, NULL, NULL),
(7, '2016-04-08 06:03:53', '16/PO-SLS/IV/7', 7, 'INI percobaan Pembanding Pending BP D DDS', '2016-04-09', 1, 1, NULL, 1, NULL, '2', '42500000', '4250000', '46750000', 'OK', NULL, 1, 0, 0, NULL, NULL),
(8, '2016-04-14 15:16:01', '16/PO-SLS/IV/8', 8, '4020039575', '2016-04-14', 4, 3, NULL, 4, NULL, '4', '7416000', '741600', '8157600', 'OK', NULL, 4, 0, 0, NULL, NULL),
(9, '2016-04-14 16:26:41', '16/PO-SLS/IV/9', 9, '4020106754', '2016-04-14', 4, 3, NULL, 4, NULL, '3', '2472000', '247200', '2719200', 'OK', NULL, 7, 0, 0, NULL, NULL),
(10, '2016-04-28 12:51:45', '16/PO-SLS/IV/10', 10, 'TEst Uji cba X', '2016-04-29', 5, 0, 3, 0, NULL, '3', '0', '0', '0', 'OK', NULL, 1, 0, 0, NULL, NULL),
(11, '2016-05-13 09:30:17', '16/PO-SLS/V/11', 11, '4020107765', '2016-05-12', 4, 3, 0, 4, NULL, '13', '3048800', '304880', '3353680', 'OK', NULL, 1, 0, 0, NULL, NULL),
(12, '2016-05-13 10:00:44', '16/PO-SLS/V/1', 0, '389367836', '2016-05-10', 7, 5, 5, 7, NULL, '13', '69520', '6952', '76472', 'OK', NULL, 6, 0, 0, 1, NULL),
(13, '2016-05-22 12:31:37', '16/PO-SLS/V/1', 1, 'test delivery place x', '2016-05-04', 1, 1, 0, 1, NULL, '2', '280000', '28000', '308000', 'OK', NULL, 1, 1, 1, NULL, NULL),
(14, '2016-05-23 15:15:35', '16/PO-SLSR/V/1', 0, 'po09765', '2016-05-05', 7, 5, 0, 7, NULL, '2', '0', '0', '0', 'OK', NULL, 1, 0, 0, 1, NULL),
(15, '2016-05-25 06:14:16', '16/PO-SLS/V/1', 1, 'Test QTY OS', '2016-05-18', 1, 1, 0, 0, NULL, '2', '2750000', '275000', '3025000', 'OK', NULL, 1, 0, 0, NULL, NULL),
(16, '2016-05-25 06:29:27', '16/PO-SLSR/V/1', 0, 'test uji coba nomor', '2016-05-26', 7, 5, 0, 7, NULL, '2', '0', '0', '0', 'OK', NULL, 2, 0, 0, 1, NULL),
(17, '2016-05-25 06:31:21', '16/PO-SLS/V/1', 1, 'test nomor lagi', '2016-05-26', 4, 3, 0, 4, NULL, '2', '0', '0', '0', 'OK', NULL, 2, 0, 0, NULL, NULL),
(18, '2016-05-25 06:33:54', '16/PO-SLSR/V/2', NULL, 'sjegfr287632', '2016-05-18', 7, 5, 0, 7, NULL, '2', '0', '0', '0', 'OK', NULL, 3, 0, 0, 2, NULL),
(19, '2016-05-25 06:34:23', '16/PO-SLS/V/2', 2, 'test untuk os dan nomor', '2016-05-26', 1, 1, 0, 0, NULL, '2', '6250000', '625000', '6875000', 'OK', NULL, 2, 0, 0, NULL, NULL),
(20, '2016-05-31 15:06:16', '16/PO-SLS/V/3', 3, 'cekUjicobauntukUpdateQTY', '2016-05-31', 1, 1, 0, 1, NULL, '2', '140000', '14000', '154000', 'OK', NULL, 1, 1, 0, NULL, NULL),
(21, '2016-06-01 10:48:49', '16/PO-SLS/VI/4', 4, '01/kkk/88/23', '2016-06-02', 3, 0, 0, 8, NULL, '12', '0', '0', '0', 'OK', NULL, 2, 0, 0, NULL, NULL),
(22, '2016-06-01 11:02:12', '16/PO-SLS/VI/5', 5, '9485701432593734454', '2016-01-01', 8, 6, 0, 9, NULL, '2', '0', '0', '0', 'OK', NULL, 1, 1, 0, NULL, NULL),
(23, '2016-06-01 11:07:52', '16/PO-SLS/VI/6', 6, '01/kps/10', '2016-06-04', 1, 1, 0, 0, NULL, '12', '4550000', '455000', '5005000', 'OK', NULL, 3, 1, 0, NULL, NULL),
(24, '2016-06-01 11:35:19', '16/PO-SLS/VI/7', 7, '01/roki/2016', '2016-06-04', 9, 8, 0, 10, NULL, '12', '106520', '10652', '117172', 'OK', NULL, 2, 0, 1, NULL, NULL);

--
-- Trigger `kps_bukti_pesanan`
--
DELIMITER $$
CREATE TRIGGER `BP_update_record` BEFORE UPDATE ON `kps_bukti_pesanan` FOR EACH ROW INSERT INTO kps_bukti_pesanan_ (

  `KPS_BUKTI_PESANAN_ID`, `DATE_BP`, `REV_NO_BP`, `NO_REV_BP`, `PO_OS_NO_FROM_CUSTOMER`, `PO_OS_DATE_FROM_CUSTOMER`, `KPS_CUSTOMER_ID_BK`, `KPS_CUSTOMER_DIVISI_ID_BK`, `KPS_BP_CUSTOMER_PAP_ID`, `CURRENCY_BP`, `APPROVED_BP`, `MADE_BY_BP`, `SUB_TOTAL_BP`, `TAX_BP`, `TOTAL_BP`, `KPS_BP_STATUS_VERIFIKASI_CUSTOMER`, `user_made_by_id`, `employee_approved_id`, `status_bp`, `revisi_no_bp`, `UPDATE_BY_BP`, `KPS_BP_STATUS_DELETE`

)

VALUE (

OLD.`KPS_BUKTI_PESANAN_ID`, OLD.`DATE_BP`, OLD.`REV_NO_BP`, OLD.`NO_REV_BP`, OLD.`PO_OS_NO_FROM_CUSTOMER`, OLD.`PO_OS_DATE_FROM_CUSTOMER`, OLD.`KPS_CUSTOMER_ID_BK`, OLD.`KPS_CUSTOMER_DIVISI_ID_BK`, OLD.`KPS_BP_CUSTOMER_PAP_ID`, OLD.`CURRENCY_BP`, OLD.`APPROVED_BP`, OLD.`MADE_BY_BP`, OLD.`SUB_TOTAL_BP`, OLD.`TAX_BP`, OLD.`TOTAL_BP`, OLD.`KPS_BP_STATUS_VERIFIKASI_CUSTOMER`, OLD.`user_made_by_id`, OLD.`employee_approved_id`, OLD.`status_bp`, OLD.`revisi_no_bp`,NEW.`MADE_BY_BP`, NEW.`KPS_BP_STATUS_DELETE` )
$$
DELIMITER ;

-- --------------------------------------------------------

--
-- Struktur dari tabel `kps_bukti_pesanan_`
--

CREATE TABLE `kps_bukti_pesanan_` (
  `KPS_BUKTI_PESANAN_ID` int(255) NOT NULL,
  `DATE_BP` datetime NOT NULL DEFAULT CURRENT_TIMESTAMP,
  `REV_NO_BP` varchar(150) NOT NULL,
  `NO_REV_BP` int(11) NOT NULL,
  `PO_OS_NO_FROM_CUSTOMER` varchar(150) NOT NULL,
  `PO_OS_DATE_FROM_CUSTOMER` date NOT NULL,
  `KPS_CUSTOMER_ID_BK` int(255) NOT NULL,
  `KPS_CUSTOMER_DIVISI_ID_BK` int(11) NOT NULL,
  `KPS_BP_CUSTOMER_PAP_ID` int(11) DEFAULT NULL,
  `CURRENCY_BP` int(40) NOT NULL,
  `APPROVED_BP` varchar(150) DEFAULT NULL,
  `MADE_BY_BP` varchar(150) DEFAULT NULL,
  `SUB_TOTAL_BP` varchar(255) NOT NULL,
  `TAX_BP` varchar(255) NOT NULL,
  `TOTAL_BP` varchar(255) NOT NULL,
  `KPS_BP_STATUS_VERIFIKASI_CUSTOMER` varchar(20) NOT NULL,
  `user_made_by_id` int(11) DEFAULT NULL,
  `employee_approved_id` int(11) DEFAULT NULL,
  `status_bp` int(11) NOT NULL DEFAULT '0',
  `revisi_no_bp` int(11) NOT NULL DEFAULT '0',
  `ID` int(11) NOT NULL,
  `UPDATE_TIME` datetime NOT NULL DEFAULT CURRENT_TIMESTAMP,
  `UPDATE_BY_BP` int(11) DEFAULT NULL,
  `KPS_BP_STATUS_DELETE` tinyint(4) DEFAULT NULL
) ENGINE=InnoDB DEFAULT CHARSET=latin1;

--
-- Dumping data untuk tabel `kps_bukti_pesanan_`
--

INSERT INTO `kps_bukti_pesanan_` (`KPS_BUKTI_PESANAN_ID`, `DATE_BP`, `REV_NO_BP`, `NO_REV_BP`, `PO_OS_NO_FROM_CUSTOMER`, `PO_OS_DATE_FROM_CUSTOMER`, `KPS_CUSTOMER_ID_BK`, `KPS_CUSTOMER_DIVISI_ID_BK`, `KPS_BP_CUSTOMER_PAP_ID`, `CURRENCY_BP`, `APPROVED_BP`, `MADE_BY_BP`, `SUB_TOTAL_BP`, `TAX_BP`, `TOTAL_BP`, `KPS_BP_STATUS_VERIFIKASI_CUSTOMER`, `user_made_by_id`, `employee_approved_id`, `status_bp`, `revisi_no_bp`, `ID`, `UPDATE_TIME`, `UPDATE_BY_BP`, `KPS_BP_STATUS_DELETE`) VALUES
(10, '2016-04-28 12:51:45', '16/PO-SLS/IV/10', 10, 'TEst Uji cba', '2016-04-29', 5, 0, 3, 0, NULL, '3', '0', '0', '0', 'OK', NULL, 1, 0, 0, 1, '2016-05-03 13:03:08', 3, NULL),
(1, '2016-02-25 15:48:51', '16/PO-SLS/II/1', 1, 'PONUMBERCUSTOMER01', '2016-02-26', 1, 1, NULL, 1, NULL, NULL, '588168.33333333', '58816.833333333', '646985.16666667', 'OK', NULL, 1, 0, 0, 2, '2016-05-05 21:41:45', NULL, NULL),
(1, '2016-02-25 15:48:51', '16/PO-SLS/II/1', 1, 'PONUMBERCUSTOMER01', '2016-02-26', 1, 1, NULL, 1, NULL, NULL, '588168.33333333', '58816.833333333', '646985.16666667', 'OK', NULL, 1, 1, 0, 3, '2016-05-06 13:22:59', NULL, NULL),
(1, '2016-02-25 15:48:51', '16/PO-SLS/II/1', 1, 'PONUMBERCUSTOMER01', '2016-02-26', 1, 1, NULL, 1, NULL, NULL, '588168.33333333', '58816.833333333', '646985.16666667', 'OK', NULL, 1, 1, 0, 4, '2016-05-07 21:50:08', NULL, NULL),
(10, '2016-04-28 12:51:45', '16/PO-SLS/IV/10', 10, 'TEst Uji cba X', '2016-04-29', 5, 0, 3, 0, NULL, '3', '0', '0', '0', 'OK', NULL, 1, 0, 0, 5, '2016-05-09 12:39:40', 3, NULL),
(11, '2016-05-13 09:30:17', '16/PO-SLS/V/11', 11, '4020107765', '2016-05-12', 4, 3, 0, 4, NULL, '13', '0', '0', '0', 'OK', NULL, 1, 0, 0, 6, '2016-05-13 09:33:38', 13, NULL),
(11, '2016-05-13 09:30:17', '16/PO-SLS/V/11', 11, '4020107765', '2016-05-12', 4, 3, 0, 4, NULL, '13', '0', '0', '0', 'OK', NULL, 1, 0, 0, 7, '2016-05-13 09:33:52', 13, NULL),
(11, '2016-05-13 09:30:17', '16/PO-SLS/V/11', 11, '4020107765', '2016-05-12', 4, 3, 0, 4, NULL, '13', '0', '0', '0', 'OK', NULL, 1, 0, 0, 8, '2016-05-13 09:34:29', 13, NULL),
(11, '2016-05-13 09:30:17', '16/PO-SLS/V/11', 11, '4020107765', '2016-05-12', 4, 3, 0, 4, NULL, '13', '3048800', '304880', '3353680', 'OK', NULL, 1, 0, 0, 9, '2016-05-13 09:34:30', 13, NULL),
(11, '2016-05-13 09:30:17', '16/PO-SLS/V/11', 11, '4020107765', '2016-05-12', 4, 3, 0, 4, NULL, '13', '3048800', '304880', '3353680', 'OK', NULL, 1, 0, 0, 10, '2016-05-13 09:34:40', 13, NULL),
(5, '2016-04-05 05:43:04', '16/PO-SLS/IV/5', 5, 'PoUjiCobaOs1', '2016-04-05', 1, 1, NULL, 1, NULL, '2', '140000000', '14000000', '154000000', 'OK', NULL, 2, 0, 0, 11, '2016-05-13 09:50:08', 2, NULL),
(12, '2016-05-13 10:00:44', '16/PO-SLS/V/1', 0, '389367836', '2016-05-10', 7, 5, 5, 7, NULL, '13', '0', '0', '0', 'OK', NULL, 6, 0, 0, 12, '2016-05-13 15:24:02', 13, NULL),
(12, '2016-05-13 10:00:44', '16/PO-SLS/V/1', 0, '389367836', '2016-05-10', 7, 5, 5, 7, NULL, '13', '0', '0', '0', 'OK', NULL, 6, 0, 0, 13, '2016-05-13 15:29:29', 13, NULL),
(12, '2016-05-13 10:00:44', '16/PO-SLS/V/1', 0, '389367836', '2016-05-10', 7, 5, 5, 7, NULL, '13', '0', '0', '0', 'OK', NULL, 6, 0, 0, 14, '2016-05-13 15:31:17', 13, NULL),
(12, '2016-05-13 10:00:44', '16/PO-SLS/V/1', 0, '389367836', '2016-05-10', 7, 5, 5, 7, NULL, '13', '69520', '6952', '76472', 'OK', NULL, 6, 0, 0, 15, '2016-05-13 15:31:17', 13, NULL),
(2, '2016-02-26 15:29:52', '16/PO-SLS/II/2', 2, 'PONUMBERCUSTOMER01X', '2016-02-27', 1, 1, NULL, 1, NULL, NULL, '5151.75', '515.175', '5666.925', 'OK', NULL, 1, 0, 1, 16, '2016-05-21 07:03:31', NULL, NULL),
(2, '2016-02-26 15:29:52', '16/PO-SLS/II/2', 2, 'PONUMBERCUSTOMER01X', '2016-02-27', 1, 1, NULL, 1, NULL, NULL, '5151.75', '515.175', '5666.925', 'OK', NULL, 1, 0, 1, 17, '2016-05-21 09:50:35', NULL, NULL),
(2, '2016-02-26 15:29:52', '16/PO-SLS/II/2', 2, 'PONUMBERCUSTOMER01X', '2016-02-27', 1, 1, NULL, 1, NULL, NULL, '5151.75', '515.175', '5666.925', 'OK', NULL, 1, 0, 1, 18, '2016-05-21 09:50:38', NULL, NULL),
(13, '2016-05-22 12:31:37', '16/PO-SLS/V/1', 1, 'test delivery place', '2016-05-04', 1, 1, 0, 1, NULL, '2', '0', '0', '0', 'OK', NULL, 1, 0, 0, 19, '2016-05-22 12:31:42', 2, NULL),
(13, '2016-05-22 12:31:37', '16/PO-SLS/V/1', 1, 'test delivery place', '2016-05-04', 1, 1, 0, 1, NULL, '2', '0', '0', '0', 'OK', NULL, 1, 0, 0, 20, '2016-05-22 12:31:57', 2, NULL),
(13, '2016-05-22 12:31:37', '16/PO-SLS/V/1', 1, 'test delivery place', '2016-05-04', 1, 1, 0, 1, NULL, '2', '100000', '10000', '110000', 'OK', NULL, 1, 0, 0, 21, '2016-05-22 12:31:57', 2, NULL),
(13, '2016-05-22 12:31:37', '16/PO-SLS/V/1', 1, 'test delivery place', '2016-05-04', 1, 1, 0, 1, NULL, '2', '100000', '10000', '110000', 'OK', NULL, 1, 0, 0, 22, '2016-05-22 12:32:06', 2, NULL),
(13, '2016-05-22 12:31:37', '16/PO-SLS/V/1', 1, 'test delivery place', '2016-05-04', 1, 1, 0, 1, NULL, '2', '280000', '28000', '308000', 'OK', NULL, 1, 0, 0, 23, '2016-05-22 12:32:06', 2, NULL),
(13, '2016-05-22 12:31:37', '16/PO-SLS/V/1', 1, 'test delivery place', '2016-05-04', 1, 1, 0, 1, NULL, '2', '280000', '28000', '308000', 'OK', NULL, 1, 0, 0, 24, '2016-05-22 14:17:28', 2, NULL),
(13, '2016-05-22 12:31:37', '16/PO-SLS/V/1', 1, 'test delivery place', '2016-05-04', 1, 1, 0, 1, NULL, '2', '280000', '28000', '308000', 'OK', NULL, 1, 0, 0, 25, '2016-05-23 01:28:25', 2, NULL),
(13, '2016-05-22 12:31:37', '16/PO-SLS/V/1', 1, 'test delivery place x', '2016-05-04', 1, 1, 0, 1, NULL, '2', '280000', '28000', '308000', 'OK', NULL, 1, 0, 0, 26, '2016-05-23 01:28:25', 2, NULL),
(13, '2016-05-22 12:31:37', '16/PO-SLS/V/1', 1, 'test delivery place x', '2016-05-04', 1, 1, 0, 1, NULL, '2', '280000', '28000', '308000', 'OK', NULL, 1, 0, 1, 27, '2016-05-23 14:20:50', 2, NULL),
(13, '2016-05-22 12:31:37', '16/PO-SLS/V/1', 1, 'test delivery place x', '2016-05-04', 1, 1, 0, 1, NULL, '2', '280000', '28000', '308000', 'OK', NULL, 1, 1, 1, 28, '2016-05-23 14:20:55', 2, NULL),
(11, '2016-05-13 09:30:17', '16/PO-SLS/V/11', 11, '4020107765', '2016-05-12', 4, 3, 0, 4, NULL, '13', '3048800', '304880', '3353680', 'OK', NULL, 1, 0, 0, 29, '2016-05-23 14:21:00', 13, NULL),
(15, '2016-05-25 06:14:16', '16/PO-SLS/V/1', 1, 'Test QTY OS', '2016-05-18', 1, 1, 0, 0, NULL, '2', '0', '0', '0', 'OK', NULL, 1, 0, 0, 30, '2016-05-25 06:14:21', 2, NULL),
(15, '2016-05-25 06:14:16', '16/PO-SLS/V/1', 1, 'Test QTY OS', '2016-05-18', 1, 1, 0, 0, NULL, '2', '0', '0', '0', 'OK', NULL, 1, 0, 0, 31, '2016-05-25 06:14:35', 2, NULL),
(15, '2016-05-25 06:14:16', '16/PO-SLS/V/1', 1, 'Test QTY OS', '2016-05-18', 1, 1, 0, 0, NULL, '2', '500000', '50000', '550000', 'OK', NULL, 1, 0, 0, 32, '2016-05-25 06:14:35', 2, NULL),
(15, '2016-05-25 06:14:16', '16/PO-SLS/V/1', 1, 'Test QTY OS', '2016-05-18', 1, 1, 0, 0, NULL, '2', '500000', '50000', '550000', 'OK', NULL, 1, 0, 0, 33, '2016-05-25 06:25:10', 2, NULL),
(15, '2016-05-25 06:14:16', '16/PO-SLS/V/1', 1, 'Test QTY OS', '2016-05-18', 1, 1, 0, 0, NULL, '2', '500000', '50000', '550000', 'OK', NULL, 1, 0, 0, 34, '2016-05-25 06:25:20', 2, NULL),
(15, '2016-05-25 06:14:16', '16/PO-SLS/V/1', 1, 'Test QTY OS', '2016-05-18', 1, 1, 0, 0, NULL, '2', '500000', '50000', '550000', 'OK', NULL, 1, 0, 0, 35, '2016-05-25 06:25:32', 2, NULL),
(15, '2016-05-25 06:14:16', '16/PO-SLS/V/1', 1, 'Test QTY OS', '2016-05-18', 1, 1, 0, 0, NULL, '2', '2750000', '275000', '3025000', 'OK', NULL, 1, 0, 0, 36, '2016-05-25 06:25:32', 2, NULL),
(15, '2016-05-25 06:14:16', '16/PO-SLS/V/1', 1, 'Test QTY OS', '2016-05-18', 1, 1, 0, 0, NULL, '2', '2750000', '275000', '3025000', 'OK', NULL, 1, 0, 0, 37, '2016-05-25 06:25:40', 2, NULL),
(19, '2016-05-25 06:34:23', '16/PO-SLS/V/2', 2, 'test untuk os dan nomor', '2016-05-26', 1, 1, 0, 0, NULL, '2', '0', '0', '0', 'OK', NULL, 2, 0, 0, 38, '2016-05-25 06:34:47', 2, NULL),
(19, '2016-05-25 06:34:23', '16/PO-SLS/V/2', 2, 'test untuk os dan nomor', '2016-05-26', 1, 1, 0, 0, NULL, '2', '0', '0', '0', 'OK', NULL, 2, 0, 0, 39, '2016-05-25 06:34:59', 2, NULL),
(19, '2016-05-25 06:34:23', '16/PO-SLS/V/2', 2, 'test untuk os dan nomor', '2016-05-26', 1, 1, 0, 0, NULL, '2', '4000000', '400000', '4400000', 'OK', NULL, 2, 0, 0, 40, '2016-05-25 06:34:59', 2, NULL),
(19, '2016-05-25 06:34:23', '16/PO-SLS/V/2', 2, 'test untuk os dan nomor', '2016-05-26', 1, 1, 0, 0, NULL, '2', '4000000', '400000', '4400000', 'OK', NULL, 2, 0, 0, 41, '2016-05-25 06:35:10', 2, NULL),
(19, '2016-05-25 06:34:23', '16/PO-SLS/V/2', 2, 'test untuk os dan nomor', '2016-05-26', 1, 1, 0, 0, NULL, '2', '44500000', '4450000', '48950000', 'OK', NULL, 2, 0, 0, 42, '2016-05-25 06:35:10', 2, NULL),
(19, '2016-05-25 06:34:23', '16/PO-SLS/V/2', 2, 'test untuk os dan nomor', '2016-05-26', 1, 1, 0, 0, NULL, '2', '44500000', '4450000', '48950000', 'OK', NULL, 2, 0, 0, 43, '2016-05-31 13:33:40', 2, NULL),
(19, '2016-05-25 06:34:23', '16/PO-SLS/V/2', 2, 'test untuk os dan nomor', '2016-05-26', 1, 1, 0, 0, NULL, '2', '44500000', '4450000', '48950000', 'OK', NULL, 2, 0, 0, 44, '2016-05-31 13:40:48', 2, NULL),
(19, '2016-05-25 06:34:23', '16/PO-SLS/V/2', 2, 'test untuk os dan nomor', '2016-05-26', 1, 1, 0, 0, NULL, '2', '44500000', '4450000', '48950000', 'OK', NULL, 2, 0, 0, 45, '2016-05-31 13:41:15', 2, NULL),
(19, '2016-05-25 06:34:23', '16/PO-SLS/V/2', 2, 'test untuk os dan nomor', '2016-05-26', 1, 1, 0, 0, NULL, '2', '44500000', '4450000', '48950000', 'OK', NULL, 2, 0, 0, 46, '2016-05-31 13:57:56', 2, NULL),
(19, '2016-05-25 06:34:23', '16/PO-SLS/V/2', 2, 'test untuk os dan nomor', '2016-05-26', 1, 1, 0, 0, NULL, '2', '44500000', '4450000', '48950000', 'OK', NULL, 2, 0, 0, 47, '2016-05-31 14:08:59', 2, NULL),
(19, '2016-05-25 06:34:23', '16/PO-SLS/V/2', 2, 'test untuk os dan nomor', '2016-05-26', 1, 1, 0, 0, NULL, '2', '44500000', '4450000', '48950000', 'OK', NULL, 2, 0, 0, 48, '2016-05-31 14:11:01', 2, NULL),
(19, '2016-05-25 06:34:23', '16/PO-SLS/V/2', 2, 'test untuk os dan nomor', '2016-05-26', 1, 1, 0, 0, NULL, '2', '44500000', '4450000', '48950000', 'OK', NULL, 2, 0, 0, 49, '2016-05-31 14:11:44', 2, NULL),
(19, '2016-05-25 06:34:23', '16/PO-SLS/V/2', 2, 'test untuk os dan nomor', '2016-05-26', 1, 1, 0, 0, NULL, '2', '44500000', '4450000', '48950000', 'OK', NULL, 2, 0, 0, 50, '2016-05-31 14:11:55', 2, NULL),
(19, '2016-05-25 06:34:23', '16/PO-SLS/V/2', 2, 'test untuk os dan nomor', '2016-05-26', 1, 1, 0, 0, NULL, '2', '44500000', '4450000', '48950000', 'OK', NULL, 2, 0, 0, 51, '2016-05-31 14:14:31', 2, NULL),
(19, '2016-05-25 06:34:23', '16/PO-SLS/V/2', 2, 'test untuk os dan nomor', '2016-05-26', 1, 1, 0, 0, NULL, '2', '44500000', '4450000', '48950000', 'OK', NULL, 2, 0, 0, 52, '2016-05-31 14:26:17', 2, NULL),
(19, '2016-05-25 06:34:23', '16/PO-SLS/V/2', 2, 'test untuk os dan nomor', '2016-05-26', 1, 1, 0, 0, NULL, '2', '44500000', '4450000', '48950000', 'OK', NULL, 2, 0, 0, 53, '2016-05-31 14:26:34', 2, NULL),
(19, '2016-05-25 06:34:23', '16/PO-SLS/V/2', 2, 'test untuk os dan nomor', '2016-05-26', 1, 1, 0, 0, NULL, '2', '44500000', '4450000', '48950000', 'OK', NULL, 2, 0, 0, 54, '2016-05-31 14:27:42', 2, NULL),
(19, '2016-05-25 06:34:23', '16/PO-SLS/V/2', 2, 'test untuk os dan nomor', '2016-05-26', 1, 1, 0, 0, NULL, '2', '44500000', '4450000', '48950000', 'OK', NULL, 2, 0, 0, 55, '2016-05-31 14:28:01', 2, NULL),
(19, '2016-05-25 06:34:23', '16/PO-SLS/V/2', 2, 'test untuk os dan nomor', '2016-05-26', 1, 1, 0, 0, NULL, '2', '44500000', '4450000', '48950000', 'OK', NULL, 2, 0, 0, 56, '2016-05-31 14:28:03', 2, NULL),
(19, '2016-05-25 06:34:23', '16/PO-SLS/V/2', 2, 'test untuk os dan nomor', '2016-05-26', 1, 1, 0, 0, NULL, '2', '44500000', '4450000', '48950000', 'OK', NULL, 2, 0, 0, 57, '2016-05-31 14:28:05', 2, NULL),
(19, '2016-05-25 06:34:23', '16/PO-SLS/V/2', 2, 'test untuk os dan nomor', '2016-05-26', 1, 1, 0, 0, NULL, '2', '4000000', '400000', '4400000', 'OK', NULL, 2, 0, 0, 58, '2016-05-31 14:28:17', 2, NULL),
(19, '2016-05-25 06:34:23', '16/PO-SLS/V/2', 2, 'test untuk os dan nomor', '2016-05-26', 1, 1, 0, 0, NULL, '2', '6250000', '625000', '6875000', 'OK', NULL, 2, 0, 0, 59, '2016-05-31 14:28:17', 2, NULL),
(19, '2016-05-25 06:34:23', '16/PO-SLS/V/2', 2, 'test untuk os dan nomor', '2016-05-26', 1, 1, 0, 0, NULL, '2', '6250000', '625000', '6875000', 'OK', NULL, 2, 0, 0, 60, '2016-05-31 14:36:23', 2, NULL),
(19, '2016-05-25 06:34:23', '16/PO-SLS/V/2', 2, 'test untuk os dan nomor', '2016-05-26', 1, 1, 0, 0, NULL, '2', '6250000', '625000', '6875000', 'OK', NULL, 2, 0, 0, 61, '2016-05-31 14:36:42', 2, NULL),
(19, '2016-05-25 06:34:23', '16/PO-SLS/V/2', 2, 'test untuk os dan nomor', '2016-05-26', 1, 1, 0, 0, NULL, '2', '6250000', '625000', '6875000', 'OK', NULL, 2, 0, 0, 62, '2016-05-31 14:37:49', 2, NULL),
(19, '2016-05-25 06:34:23', '16/PO-SLS/V/2', 2, 'test untuk os dan nomor', '2016-05-26', 1, 1, 0, 0, NULL, '2', '6250000', '625000', '6875000', 'OK', NULL, 2, 0, 0, 63, '2016-05-31 14:49:52', 2, NULL),
(19, '2016-05-25 06:34:23', '16/PO-SLS/V/2', 2, 'test untuk os dan nomor', '2016-05-26', 1, 1, 0, 0, NULL, '2', '6250000', '625000', '6875000', 'OK', NULL, 2, 0, 0, 64, '2016-05-31 14:50:18', 2, NULL),
(19, '2016-05-25 06:34:23', '16/PO-SLS/V/2', 2, 'test untuk os dan nomor', '2016-05-26', 1, 1, 0, 0, NULL, '2', '6250000', '625000', '6875000', 'OK', NULL, 2, 0, 0, 65, '2016-05-31 14:50:19', 2, NULL),
(19, '2016-05-25 06:34:23', '16/PO-SLS/V/2', 2, 'test untuk os dan nomor', '2016-05-26', 1, 1, 0, 0, NULL, '2', '6250000', '625000', '6875000', 'OK', NULL, 2, 0, 0, 66, '2016-05-31 14:50:22', 2, NULL),
(6, '2016-04-07 21:57:20', '16/PO-SLS/IV/6', 6, 'PO UJI COBA OS Dan DS Pending ke 3', '2016-04-07', 1, 1, NULL, 1, NULL, '2', '7250000', '725000', '7975000', 'OK', NULL, 2, 0, 0, 67, '2016-05-31 14:50:30', 2, NULL),
(6, '2016-04-07 21:57:20', '16/PO-SLS/IV/6', 6, 'PO UJI COBA OS Dan DS Pending ke 3', '2016-04-07', 1, 1, NULL, 1, NULL, '2', '7250000', '725000', '7975000', 'OK', NULL, 2, 0, 0, 68, '2016-05-31 14:50:50', 2, NULL),
(6, '2016-04-07 21:57:20', '16/PO-SLS/IV/6', 6, 'PO UJI COBA OS Dan DS Pending ke 3', '2016-04-07', 1, 1, NULL, 1, NULL, '2', '7250000', '725000', '7975000', 'OK', NULL, 2, 0, 0, 69, '2016-05-31 14:51:02', 2, NULL),
(6, '2016-04-07 21:57:20', '16/PO-SLS/IV/6', 6, 'PO UJI COBA OS Dan DS Pending ke 3', '2016-04-07', 1, 1, NULL, 1, NULL, '2', '7250000', '725000', '7975000', 'OK', NULL, 2, 0, 0, 70, '2016-05-31 14:51:17', 2, NULL),
(6, '2016-04-07 21:57:20', '16/PO-SLS/IV/6', 6, 'PO UJI COBA OS Dan DS Pending ke 3', '2016-04-07', 1, 1, NULL, 1, NULL, '2', '7250000', '725000', '7975000', 'OK', NULL, 2, 0, 0, 71, '2016-05-31 14:53:08', 2, NULL),
(6, '2016-04-07 21:57:20', '16/PO-SLS/IV/6', 6, 'PO UJI COBA OS Dan DS Pending ke 3', '2016-04-07', 1, 1, NULL, 1, NULL, '2', '7250000', '725000', '7975000', 'OK', NULL, 2, 0, 0, 72, '2016-05-31 14:53:10', 2, NULL),
(6, '2016-04-07 21:57:20', '16/PO-SLS/IV/6', 6, 'PO UJI COBA OS Dan DS Pending ke 3', '2016-04-07', 1, 1, NULL, 1, NULL, '2', '7250000', '725000', '7975000', 'OK', NULL, 2, 0, 0, 73, '2016-05-31 15:05:07', 2, NULL),
(20, '2016-05-31 15:06:16', '16/PO-SLS/V/3', 3, 'cekUjicobauntukUpdateQTY', '2016-05-31', 1, 1, 0, 1, NULL, '2', '0', '0', '0', 'OK', NULL, 1, 0, 0, 74, '2016-05-31 15:06:20', 2, NULL),
(20, '2016-05-31 15:06:16', '16/PO-SLS/V/3', 3, 'cekUjicobauntukUpdateQTY', '2016-05-31', 1, 1, 0, 1, NULL, '2', '0', '0', '0', 'OK', NULL, 1, 0, 0, 75, '2016-05-31 15:06:28', 2, NULL),
(20, '2016-05-31 15:06:16', '16/PO-SLS/V/3', 3, 'cekUjicobauntukUpdateQTY', '2016-05-31', 1, 1, 0, 1, NULL, '2', '50000', '5000', '55000', 'OK', NULL, 1, 0, 0, 76, '2016-05-31 15:06:29', 2, NULL),
(20, '2016-05-31 15:06:16', '16/PO-SLS/V/3', 3, 'cekUjicobauntukUpdateQTY', '2016-05-31', 1, 1, 0, 1, NULL, '2', '50000', '5000', '55000', 'OK', NULL, 1, 0, 0, 77, '2016-05-31 15:06:39', 2, NULL),
(20, '2016-05-31 15:06:16', '16/PO-SLS/V/3', 3, 'cekUjicobauntukUpdateQTY', '2016-05-31', 1, 1, 0, 1, NULL, '2', '140000', '14000', '154000', 'OK', NULL, 1, 0, 0, 78, '2016-05-31 15:06:39', 2, NULL),
(20, '2016-05-31 15:06:16', '16/PO-SLS/V/3', 3, 'cekUjicobauntukUpdateQTY', '2016-05-31', 1, 1, 0, 1, NULL, '2', '140000', '14000', '154000', 'OK', NULL, 1, 0, 0, 79, '2016-05-31 15:08:49', 2, NULL),
(20, '2016-05-31 15:06:16', '16/PO-SLS/V/3', 3, 'cekUjicobauntukUpdateQTY', '2016-05-31', 1, 1, 0, 1, NULL, '2', '140000', '14000', '154000', 'OK', NULL, 1, 0, 0, 80, '2016-05-31 15:09:01', 2, NULL),
(20, '2016-05-31 15:06:16', '16/PO-SLS/V/3', 3, 'cekUjicobauntukUpdateQTY', '2016-05-31', 1, 1, 0, 1, NULL, '2', '140000', '14000', '154000', 'OK', NULL, 1, 0, 0, 81, '2016-06-01 10:05:11', 2, NULL),
(21, '2016-06-01 10:48:49', '16/PO-SLS/VI/4', 4, '01/kkk/88/23', '2016-06-02', 3, 0, 0, 8, NULL, '12', '0', '0', '0', 'OK', NULL, 2, 0, 0, 82, '2016-06-01 10:59:24', 12, NULL),
(21, '2016-06-01 10:48:49', '16/PO-SLS/VI/4', 4, '01/kkk/88/23', '2016-06-02', 3, 0, 0, 8, NULL, '12', '0', '0', '0', 'OK', NULL, 2, 1, 0, 83, '2016-06-01 10:59:27', 12, NULL),
(21, '2016-06-01 10:48:49', '16/PO-SLS/VI/4', 4, '01/kkk/88/23', '2016-06-02', 3, 0, 0, 8, NULL, '12', '0', '0', '0', 'OK', NULL, 2, 1, 0, 84, '2016-06-01 11:02:35', 12, NULL),
(20, '2016-05-31 15:06:16', '16/PO-SLS/V/3', 3, 'cekUjicobauntukUpdateQTY', '2016-05-31', 1, 1, 0, 1, NULL, '2', '140000', '14000', '154000', 'OK', NULL, 1, 1, 0, 85, '2016-06-01 11:06:18', 2, NULL),
(22, '2016-06-01 11:02:12', '16/PO-SLS/VI/5', 5, '9485701432593734454', '2016-01-01', 8, 6, 0, 9, NULL, '2', '0', '0', '0', 'OK', NULL, 1, 0, 0, 86, '2016-06-01 11:07:00', 2, NULL),
(23, '2016-06-01 11:07:52', '16/PO-SLS/VI/6', 6, '01/kps/10', '2016-06-04', 1, 1, 0, 0, NULL, '12', '0', '0', '0', 'OK', NULL, 3, 0, 0, 87, '2016-06-01 11:07:56', 12, NULL),
(23, '2016-06-01 11:07:52', '16/PO-SLS/VI/6', 6, '01/kps/10', '2016-06-04', 1, 1, 0, 0, NULL, '12', '0', '0', '0', 'OK', NULL, 3, 0, 0, 88, '2016-06-01 11:08:39', 12, NULL),
(23, '2016-06-01 11:07:52', '16/PO-SLS/VI/6', 6, '01/kps/10', '2016-06-04', 1, 1, 0, 0, NULL, '12', '50000', '5000', '55000', 'OK', NULL, 3, 0, 0, 89, '2016-06-01 11:08:39', 12, NULL),
(23, '2016-06-01 11:07:52', '16/PO-SLS/VI/6', 6, '01/kps/10', '2016-06-04', 1, 1, 0, 0, NULL, '12', '50000', '5000', '55000', 'OK', NULL, 3, 0, 0, 90, '2016-06-01 11:09:13', 12, NULL),
(23, '2016-06-01 11:07:52', '16/PO-SLS/VI/6', 6, '01/kps/10', '2016-06-04', 1, 1, 0, 0, NULL, '12', '0', '0', '0', 'OK', NULL, 3, 0, 0, 91, '2016-06-01 11:09:19', 12, NULL),
(23, '2016-06-01 11:07:52', '16/PO-SLS/VI/6', 6, '01/kps/10', '2016-06-04', 1, 1, 0, 0, NULL, '12', '0', '0', '0', 'OK', NULL, 3, 0, 0, 92, '2016-06-01 11:09:23', 12, NULL),
(22, '2016-06-01 11:02:12', '16/PO-SLS/VI/5', 5, '9485701432593734454', '2016-01-01', 8, 6, 0, 9, NULL, '2', '0', '0', '0', 'OK', NULL, 1, 0, 0, 93, '2016-06-01 11:09:43', 2, NULL),
(20, '2016-05-31 15:06:16', '16/PO-SLS/V/3', 3, 'cekUjicobauntukUpdateQTY', '2016-05-31', 1, 1, 0, 1, NULL, '2', '140000', '14000', '154000', 'OK', NULL, 1, 1, 0, 94, '2016-06-01 11:11:00', 2, NULL),
(23, '2016-06-01 11:07:52', '16/PO-SLS/VI/6', 6, '01/kps/10', '2016-06-04', 1, 1, 0, 0, NULL, '12', '0', '0', '0', 'OK', NULL, 3, 0, 0, 95, '2016-06-01 11:11:49', 12, NULL),
(23, '2016-06-01 11:07:52', '16/PO-SLS/VI/6', 6, '01/kps/10', '2016-06-04', 1, 1, 0, 0, NULL, '12', '0', '0', '0', 'OK', NULL, 3, 0, 0, 96, '2016-06-01 11:11:57', 12, NULL),
(23, '2016-06-01 11:07:52', '16/PO-SLS/VI/6', 6, '01/kps/10', '2016-06-04', 1, 1, 0, 0, NULL, '12', '0', '0', '0', 'OK', NULL, 3, 0, 0, 97, '2016-06-01 11:12:21', 12, NULL),
(23, '2016-06-01 11:07:52', '16/PO-SLS/VI/6', 6, '01/kps/10', '2016-06-04', 1, 1, 0, 0, NULL, '12', '50000', '5000', '55000', 'OK', NULL, 3, 0, 0, 98, '2016-06-01 11:12:21', 12, NULL),
(23, '2016-06-01 11:07:52', '16/PO-SLS/VI/6', 6, '01/kps/10', '2016-06-04', 1, 1, 0, 0, NULL, '12', '50000', '5000', '55000', 'OK', NULL, 3, 0, 0, 99, '2016-06-01 11:12:43', 12, NULL),
(23, '2016-06-01 11:07:52', '16/PO-SLS/VI/6', 6, '01/kps/10', '2016-06-04', 1, 1, 0, 0, NULL, '12', '0', '0', '0', 'OK', NULL, 3, 0, 0, 100, '2016-06-01 11:12:59', 12, NULL),
(23, '2016-06-01 11:07:52', '16/PO-SLS/VI/6', 6, '01/kps/10', '2016-06-04', 1, 1, 0, 0, NULL, '12', '0', '0', '0', 'OK', NULL, 3, 0, 0, 101, '2016-06-01 11:13:17', 12, NULL),
(23, '2016-06-01 11:07:52', '16/PO-SLS/VI/6', 6, '01/kps/10', '2016-06-04', 1, 1, 0, 0, NULL, '12', '50000', '5000', '55000', 'OK', NULL, 3, 0, 0, 102, '2016-06-01 11:13:18', 12, NULL),
(23, '2016-06-01 11:07:52', '16/PO-SLS/VI/6', 6, '01/kps/10', '2016-06-04', 1, 1, 0, 0, NULL, '12', '50000', '5000', '55000', 'OK', NULL, 3, 0, 0, 103, '2016-06-01 11:15:02', 12, NULL),
(23, '2016-06-01 11:07:52', '16/PO-SLS/VI/6', 6, '01/kps/10', '2016-06-04', 1, 1, 0, 0, NULL, '12', '50000', '5000', '55000', 'OK', NULL, 3, 0, 0, 104, '2016-06-01 11:18:31', 12, NULL),
(23, '2016-06-01 11:07:52', '16/PO-SLS/VI/6', 6, '01/kps/10', '2016-06-04', 1, 1, 0, 0, NULL, '12', '50000', '5000', '55000', 'OK', NULL, 3, 0, 0, 105, '2016-06-01 11:22:16', 12, NULL),
(24, '2016-06-01 11:35:19', '16/PO-SLS/VI/7', 7, '01/roki/2016', '2016-06-04', 9, 8, 0, 10, NULL, '12', '0', '0', '0', 'OK', NULL, 2, 0, 0, 106, '2016-06-01 11:35:24', 12, NULL),
(24, '2016-06-01 11:35:19', '16/PO-SLS/VI/7', 7, '01/roki/2016', '2016-06-04', 9, 8, 0, 10, NULL, '12', '0', '0', '0', 'OK', NULL, 2, 0, 0, 107, '2016-06-01 11:35:58', 12, NULL),
(23, '2016-06-01 11:07:52', '16/PO-SLS/VI/6', 6, '01/kps/10', '2016-06-04', 1, 1, 0, 0, NULL, '12', '50000', '5000', '55000', 'OK', NULL, 3, 0, 0, 108, '2016-06-01 11:51:30', 12, NULL),
(24, '2016-06-01 11:35:19', '16/PO-SLS/VI/7', 7, '01/roki/2016', '2016-06-04', 9, 8, 0, 10, NULL, '12', '0', '0', '0', 'OK', NULL, 2, 0, 0, 109, '2016-06-01 13:10:00', 12, NULL),
(23, '2016-06-01 11:07:52', '16/PO-SLS/VI/6', 6, '01/kps/10', '2016-06-04', 1, 1, 0, 0, NULL, '12', '50000', '5000', '55000', 'OK', NULL, 3, 0, 0, 110, '2016-06-01 13:12:45', 12, NULL),
(23, '2016-06-01 11:07:52', '16/PO-SLS/VI/6', 6, '01/kps/10', '2016-06-04', 1, 1, 0, 0, NULL, '12', '50000', '5000', '55000', 'OK', NULL, 3, 0, 0, 111, '2016-06-01 13:13:05', 12, NULL),
(23, '2016-06-01 11:07:52', '16/PO-SLS/VI/6', 6, '01/kps/10', '2016-06-04', 1, 1, 0, 0, NULL, '12', '4550000', '455000', '5005000', 'OK', NULL, 3, 0, 0, 112, '2016-06-01 13:13:05', 12, NULL),
(23, '2016-06-01 11:07:52', '16/PO-SLS/VI/6', 6, '01/kps/10', '2016-06-04', 1, 1, 0, 0, NULL, '12', '4550000', '455000', '5005000', 'OK', NULL, 3, 0, 0, 113, '2016-06-01 13:13:13', 12, NULL),
(23, '2016-06-01 11:07:52', '16/PO-SLS/VI/6', 6, '01/kps/10', '2016-06-04', 1, 1, 0, 0, NULL, '12', '4550000', '455000', '5005000', 'OK', NULL, 3, 0, 0, 114, '2016-06-01 13:13:29', 12, NULL),
(20, '2016-05-31 15:06:16', '16/PO-SLS/V/3', 3, 'cekUjicobauntukUpdateQTY', '2016-05-31', 1, 1, 0, 1, NULL, '2', '140000', '14000', '154000', 'OK', NULL, 1, 1, 0, 115, '2016-06-01 13:14:05', 2, NULL),
(20, '2016-05-31 15:06:16', '16/PO-SLS/V/3', 3, 'cekUjicobauntukUpdateQTY', '2016-05-31', 1, 1, 0, 1, NULL, '2', '140000', '14000', '154000', 'OK', NULL, 1, 1, 0, 116, '2016-06-01 13:14:08', 2, NULL),
(23, '2016-06-01 11:07:52', '16/PO-SLS/VI/6', 6, '01/kps/10', '2016-06-04', 1, 1, 0, 0, NULL, '12', '4550000', '455000', '5005000', 'OK', NULL, 3, 0, 0, 117, '2016-06-01 13:14:14', 12, NULL),
(23, '2016-06-01 11:07:52', '16/PO-SLS/VI/6', 6, '01/kps/10', '2016-06-04', 1, 1, 0, 0, NULL, '12', '4550000', '455000', '5005000', 'OK', NULL, 3, 1, 0, 118, '2016-06-01 13:14:16', 12, NULL),
(23, '2016-06-01 11:07:52', '16/PO-SLS/VI/6', 6, '01/kps/10', '2016-06-04', 1, 1, 0, 0, NULL, '12', '4550000', '455000', '5005000', 'OK', NULL, 3, 1, 0, 119, '2016-06-01 13:14:19', 12, NULL),
(23, '2016-06-01 11:07:52', '16/PO-SLS/VI/6', 6, '01/kps/10', '2016-06-04', 1, 1, 0, 0, NULL, '12', '4550000', '455000', '5005000', 'OK', NULL, 3, 1, 0, 120, '2016-06-01 13:18:03', 12, NULL),
(23, '2016-06-01 11:07:52', '16/PO-SLS/VI/6', 6, '01/kps/10', '2016-06-04', 1, 1, 0, 0, NULL, '12', '4550000', '455000', '5005000', 'OK', NULL, 3, 1, 0, 121, '2016-06-01 13:18:08', 12, NULL),
(23, '2016-06-01 11:07:52', '16/PO-SLS/VI/6', 6, '01/kps/10', '2016-06-04', 1, 1, 0, 0, NULL, '12', '4550000', '455000', '5005000', 'OK', NULL, 3, 1, 0, 122, '2016-06-01 13:18:15', 12, NULL),
(24, '2016-06-01 11:35:19', '16/PO-SLS/VI/7', 7, '01/roki/2016', '2016-06-04', 9, 8, 0, 10, NULL, '12', '0', '0', '0', 'OK', NULL, 2, 0, 0, 123, '2016-06-01 13:27:06', 12, NULL),
(24, '2016-06-01 11:35:19', '16/PO-SLS/VI/7', 7, '01/roki/2016', '2016-06-04', 9, 8, 0, 10, NULL, '12', '0', '0', '0', 'OK', NULL, 2, 0, 0, 124, '2016-06-01 13:42:53', 12, NULL),
(23, '2016-06-01 11:07:52', '16/PO-SLS/VI/6', 6, '01/kps/10', '2016-06-04', 1, 1, 0, 0, NULL, '12', '4550000', '455000', '5005000', 'OK', NULL, 3, 1, 0, 125, '2016-06-01 14:17:36', 12, NULL),
(23, '2016-06-01 11:07:52', '16/PO-SLS/VI/6', 6, '01/kps/10', '2016-06-04', 1, 1, 0, 0, NULL, '12', '4550000', '455000', '5005000', 'OK', NULL, 3, 1, 0, 126, '2016-06-01 14:18:00', 12, NULL),
(24, '2016-06-01 11:35:19', '16/PO-SLS/VI/7', 7, '01/roki/2016', '2016-06-04', 9, 8, 0, 10, NULL, '12', '0', '0', '0', 'OK', NULL, 2, 0, 0, 127, '2016-06-01 14:47:35', 12, NULL),
(24, '2016-06-01 11:35:19', '16/PO-SLS/VI/7', 7, '01/roki/2016', '2016-06-04', 9, 8, 0, 10, NULL, '12', '0', '0', '0', 'OK', NULL, 2, 0, 0, 128, '2016-06-01 15:30:23', 12, NULL),
(24, '2016-06-01 11:35:19', '16/PO-SLS/VI/7', 7, '01/roki/2016', '2016-06-04', 9, 8, 0, 10, NULL, '12', '0', '0', '0', 'OK', NULL, 2, 0, 0, 129, '2016-06-01 15:30:42', 12, NULL),
(24, '2016-06-01 11:35:19', '16/PO-SLS/VI/7', 7, '01/roki/2016', '2016-06-04', 9, 8, 0, 10, NULL, '12', '68500', '6850', '75350', 'OK', NULL, 2, 0, 0, 130, '2016-06-01 15:30:42', 12, NULL),
(24, '2016-06-01 11:35:19', '16/PO-SLS/VI/7', 7, '01/roki/2016', '2016-06-04', 9, 8, 0, 10, NULL, '12', '68500', '6850', '75350', 'OK', NULL, 2, 0, 0, 131, '2016-06-01 15:30:46', 12, NULL),
(24, '2016-06-01 11:35:19', '16/PO-SLS/VI/7', 7, '01/roki/2016', '2016-06-04', 9, 8, 0, 10, NULL, '12', '68500', '6850', '75350', 'OK', NULL, 2, 0, 0, 132, '2016-06-01 15:30:53', 12, NULL),
(24, '2016-06-01 11:35:19', '16/PO-SLS/VI/7', 7, '01/roki/2016', '2016-06-04', 9, 8, 0, 10, NULL, '12', '68500', '6850', '75350', 'OK', NULL, 2, 0, 0, 133, '2016-06-01 15:31:38', 12, NULL),
(24, '2016-06-01 11:35:19', '16/PO-SLS/VI/7', 7, '01/roki/2016', '2016-06-04', 9, 8, 0, 10, NULL, '12', '68500', '6850', '75350', 'OK', NULL, 2, 0, 0, 134, '2016-06-01 15:32:02', 12, NULL),
(24, '2016-06-01 11:35:19', '16/PO-SLS/VI/7', 7, '01/roki/2016', '2016-06-04', 9, 8, 0, 10, NULL, '12', '99660', '9966', '109626', 'OK', NULL, 2, 0, 0, 135, '2016-06-01 15:32:02', 12, NULL),
(24, '2016-06-01 11:35:19', '16/PO-SLS/VI/7', 7, '01/roki/2016', '2016-06-04', 9, 8, 0, 10, NULL, '12', '99660', '9966', '109626', 'OK', NULL, 2, 0, 0, 136, '2016-06-01 15:32:08', 12, NULL),
(24, '2016-06-01 11:35:19', '16/PO-SLS/VI/7', 7, '01/roki/2016', '2016-06-04', 9, 8, 0, 10, NULL, '12', '99660', '9966', '109626', 'OK', NULL, 2, 0, 0, 137, '2016-06-01 15:32:16', 12, NULL),
(24, '2016-06-01 11:35:19', '16/PO-SLS/VI/7', 7, '01/roki/2016', '2016-06-04', 9, 8, 0, 10, NULL, '12', '106520', '10652', '117172', 'OK', NULL, 2, 0, 0, 138, '2016-06-01 15:32:17', 12, NULL),
(24, '2016-06-01 11:35:19', '16/PO-SLS/VI/7', 7, '01/roki/2016', '2016-06-04', 9, 8, 0, 10, NULL, '12', '106520', '10652', '117172', 'OK', NULL, 2, 0, 0, 139, '2016-06-01 15:32:33', 12, NULL),
(24, '2016-06-01 11:35:19', '16/PO-SLS/VI/7', 7, '01/roki/2016', '2016-06-04', 9, 8, 0, 10, NULL, '12', '106520', '10652', '117172', 'OK', NULL, 2, 0, 0, 140, '2016-06-01 15:33:08', 12, NULL),
(24, '2016-06-01 11:35:19', '16/PO-SLS/VI/7', 7, '01/roki/2016', '2016-06-04', 9, 8, 0, 10, NULL, '12', '106520', '10652', '117172', 'OK', NULL, 2, 0, 0, 141, '2016-06-01 15:33:08', 12, NULL),
(22, '2016-06-01 11:02:12', '16/PO-SLS/VI/5', 5, '9485701432593734454', '2016-01-01', 8, 6, 0, 9, NULL, '2', '0', '0', '0', 'OK', NULL, 1, 0, 0, 142, '2016-06-01 15:33:41', 2, NULL),
(24, '2016-06-01 11:35:19', '16/PO-SLS/VI/7', 7, '01/roki/2016', '2016-06-04', 9, 8, 0, 10, NULL, '12', '106520', '10652', '117172', 'OK', NULL, 2, 0, 1, 143, '2016-06-01 15:35:27', 12, NULL),
(24, '2016-06-01 11:35:19', '16/PO-SLS/VI/7', 7, '01/roki/2016', '2016-06-04', 9, 8, 0, 10, NULL, '12', '106520', '10652', '117172', 'OK', NULL, 2, 0, 1, 144, '2016-06-01 15:38:31', 12, NULL);

-- --------------------------------------------------------

--
-- Struktur dari tabel `kps_bukti_pesanan_detail`
--

CREATE TABLE `kps_bukti_pesanan_detail` (
  `KPS_BUKTI_PESANAN_DETAIL_ID` int(255) NOT NULL,
  `KPS_BUKTI_PESANAN_ID` int(255) NOT NULL,
  `KPS_LOI_ID_BK` int(11) DEFAULT NULL,
  `KANBAN_PO_NO` varchar(255) DEFAULT NULL,
  `unit` varchar(255) DEFAULT NULL,
  `QUANTITY` int(150) NOT NULL,
  `price` varchar(255) DEFAULT NULL,
  `AMOUNT` varchar(255) NOT NULL,
  `KPS_BP_DETAIL_STATUS_DEL` tinyint(4) DEFAULT NULL,
  `MADE_BY_BP_detail` int(11) DEFAULT NULL
) ENGINE=InnoDB DEFAULT CHARSET=latin1;

--
-- Dumping data untuk tabel `kps_bukti_pesanan_detail`
--

INSERT INTO `kps_bukti_pesanan_detail` (`KPS_BUKTI_PESANAN_DETAIL_ID`, `KPS_BUKTI_PESANAN_ID`, `KPS_LOI_ID_BK`, `KANBAN_PO_NO`, `unit`, `QUANTITY`, `price`, `AMOUNT`, `KPS_BP_DETAIL_STATUS_DEL`, `MADE_BY_BP_detail`) VALUES
(1, 1, 1, 'KANBANNO01', 'PCS', 1000, '515.175', '515175', NULL, NULL),
(3, 2, 1, '10', 'PCS', 10, '515.175', '5151.75', NULL, NULL),
(4, 1, 2, '200', '', 200, '364.96666666667', '72993.333333334', NULL, NULL),
(6, 3, 3, '', 'PCS', 1000, '824', '824000', NULL, NULL),
(7, 4, 1, 'KANBAN22', 'PCS', 10000, '500', '5000000', NULL, NULL),
(8, 4, 2, 'KANBAN339', '', 20000, '450', '9000000', NULL, NULL),
(9, 5, 1, 'KanbanCoba1Os', 'PCS', 100000, '500', '50000000', NULL, NULL),
(10, 5, 2, 'Kanban557CobaOs', '', 200000, '450', '90000000', NULL, NULL),
(11, 6, 1, 'KKLO03', 'PCS', 10000, '500', '5000000', NULL, NULL),
(12, 6, 2, 'KBnr82', '', 5000, '450', '2250000', NULL, NULL),
(13, 7, 1, 'KBAN40000', 'PCS', 40000, '500', '20000000', NULL, NULL),
(14, 7, 2, 'KANBH50000', '', 50000, '450', '22500000', NULL, NULL),
(15, 8, 3, '', 'PCS', 9000, '824', '7416000', NULL, NULL),
(16, 9, 3, '', 'PCS', 3000, '824', '2472000', NULL, NULL),
(17, 11, 3, '', 'PCS', 3700, '824', '3048800', NULL, NULL),
(18, 12, 5, '', '1', 79, '880', '69520', NULL, NULL),
(19, 13, 1, 'KLO9321', 'PCS', 200, '500', '100000', NULL, NULL),
(20, 13, 2, '21dfasf', '', 400, '450', '180000', NULL, NULL),
(21, 15, 1, '83293', 'PCS', 1000, '500', '500000', NULL, NULL),
(22, 15, 2, '87329', '', 5000, '450', '2250000', NULL, NULL),
(23, 19, 1, 'hj87272', 'PCS', 8000, '500', '4000000', NULL, NULL),
(25, 19, 2, '324235', '', 5000, '450', '2250000', NULL, NULL),
(26, 20, 1, '22', 'PCS', 1000, '500', '50000', NULL, NULL),
(27, 20, 2, '44', '', 200, '450', '90000', NULL, NULL),
(30, 23, 1, '1000', 'PCS', 100, '500', '50000', NULL, NULL),
(31, 23, 2, '1000', '', 10000, '450', '4500000', NULL, NULL),
(32, 24, 6, '1000', 'PCS', 100, '685', '68500', NULL, NULL),
(33, 24, 7, '50', 'PCS', 20, '1558', '31160', NULL, NULL),
(34, 24, 8, '50', 'PCS', 20, '343', '6860', NULL, NULL);

--
-- Trigger `kps_bukti_pesanan_detail`
--
DELIMITER $$
CREATE TRIGGER `BP_DET_update_record` BEFORE UPDATE ON `kps_bukti_pesanan_detail` FOR EACH ROW INSERT INTO kps_bukti_pesanan_detail_ (

  `KPS_BUKTI_PESANAN_DETAIL_ID`, `KPS_BUKTI_PESANAN_ID`, `KPS_LOI_ID_BK`, `KANBAN_PO_NO`, `unit`, `QUANTITY`, `price`, `AMOUNT`, `KPS_BP_DETAIL_STATUS_DEL`, `MADE_BY_BP_detail`

)

VALUE (

  OLD.`KPS_BUKTI_PESANAN_DETAIL_ID`, OLD.`KPS_BUKTI_PESANAN_ID`, OLD.`KPS_LOI_ID_BK`, OLD.`KANBAN_PO_NO`, OLD.`unit`, OLD.`QUANTITY`, OLD.`price`, OLD.`AMOUNT`, NEW.`KPS_BP_DETAIL_STATUS_DEL`, NEW.`MADE_BY_BP_detail` )
$$
DELIMITER ;

-- --------------------------------------------------------

--
-- Struktur dari tabel `kps_bukti_pesanan_detail_`
--

CREATE TABLE `kps_bukti_pesanan_detail_` (
  `KPS_BUKTI_PESANAN_DETAIL_ID` int(255) NOT NULL,
  `KPS_BUKTI_PESANAN_ID` int(255) NOT NULL,
  `KPS_LOI_ID_BK` int(11) DEFAULT NULL,
  `KANBAN_PO_NO` varchar(255) NOT NULL,
  `unit` varchar(255) DEFAULT NULL,
  `QUANTITY` int(150) NOT NULL,
  `price` varchar(255) DEFAULT NULL,
  `AMOUNT` varchar(255) NOT NULL,
  `ID` int(11) NOT NULL,
  `UPDATE_TIME` datetime NOT NULL DEFAULT CURRENT_TIMESTAMP,
  `KPS_BP_DETAIL_STATUS_DEL` tinyint(4) DEFAULT NULL,
  `MADE_BY_BP_detail` int(11) DEFAULT NULL
) ENGINE=InnoDB DEFAULT CHARSET=latin1;

--
-- Dumping data untuk tabel `kps_bukti_pesanan_detail_`
--

INSERT INTO `kps_bukti_pesanan_detail_` (`KPS_BUKTI_PESANAN_DETAIL_ID`, `KPS_BUKTI_PESANAN_ID`, `KPS_LOI_ID_BK`, `KANBAN_PO_NO`, `unit`, `QUANTITY`, `price`, `AMOUNT`, `ID`, `UPDATE_TIME`, `KPS_BP_DETAIL_STATUS_DEL`, `MADE_BY_BP_detail`) VALUES
(16, 9, 3, '', 'PCS', 3000, '824', '2472000', 1, '2016-05-03 13:05:20', NULL, NULL),
(16, 9, 3, 'KAN', 'PCS', 3000, '824', '2472000', 2, '2016-05-03 13:05:28', NULL, NULL),
(24, 19, 2, 'dsh7362867', '', 90000, '450', '40500000', 3, '2016-05-31 14:28:05', 1, NULL),
(26, 20, 1, '22', 'PCS', 100, '500', '50000', 4, '2016-05-31 15:09:01', NULL, NULL),
(28, 23, 1, '1000', 'PCS', 100, '500', '50000', 5, '2016-06-01 11:09:12', 1, NULL),
(29, 23, 1, '1000', 'PCS', 100, '500', '50000', 6, '2016-06-01 11:12:42', 1, NULL);

-- --------------------------------------------------------

--
-- Struktur dari tabel `kps_cost_delivery`
--

CREATE TABLE `kps_cost_delivery` (
  `KPS_COST_DELIVERY_ID` int(255) NOT NULL,
  `NO` varchar(100) NOT NULL,
  `REV_NO` varchar(100) NOT NULL,
  `KPS_CUSTOMER_LIST_ID` int(255) NOT NULL
) ENGINE=InnoDB DEFAULT CHARSET=latin1;

-- --------------------------------------------------------

--
-- Struktur dari tabel `kps_cost_delivery_detail`
--

CREATE TABLE `kps_cost_delivery_detail` (
  `KPS_COST_DELIVERY_DETAIL_ID` int(255) NOT NULL,
  `KPS_COST_DELIVERY_ID` int(255) NOT NULL,
  `KPS_ITEM_MASTER_ID` int(255) NOT NULL,
  `BASE_ON_BREAKDOWN` varchar(150) NOT NULL,
  `SET_UP` varchar(150) NOT NULL,
  `CURRENCY` varchar(100) NOT NULL,
  `STATUS` varchar(20) NOT NULL
) ENGINE=InnoDB DEFAULT CHARSET=latin1;

-- --------------------------------------------------------

--
-- Struktur dari tabel `kps_currency`
--

CREATE TABLE `kps_currency` (
  `KPS_CURRENCY_ID` int(11) NOT NULL,
  `CURRENCY_NAME` varchar(50) DEFAULT NULL
) ENGINE=InnoDB DEFAULT CHARSET=latin1;

-- --------------------------------------------------------

--
-- Struktur dari tabel `kps_customer`
--

CREATE TABLE `kps_customer` (
  `KPS_CUSTOMER_ID` int(255) NOT NULL,
  `COMPANY_NAME` varchar(150) NOT NULL DEFAULT '',
  `CUSTOMER_CODE` varchar(255) NOT NULL DEFAULT '',
  `DATE_CIS` timestamp NOT NULL DEFAULT CURRENT_TIMESTAMP,
  `NO` varchar(100) DEFAULT NULL,
  `REV_NO` varchar(100) DEFAULT NULL,
  `MADE_BY` varchar(100) DEFAULT NULL,
  `CHECKED` int(11) DEFAULT NULL,
  `APPROVED` int(11) DEFAULT NULL,
  `CUSTOMER_MADE_BY` varchar(100) NOT NULL DEFAULT '',
  `CUSTOMER_CHECKED` varchar(100) NOT NULL DEFAULT '',
  `CUSTOMER_APPROVED` varchar(100) NOT NULL DEFAULT '',
  `KPS_EMPLOYEE_ID_CIS` int(11) DEFAULT NULL,
  `CUSTOMER_INDUSTRY` varchar(50) DEFAULT NULL,
  `AUTOMOTIVE_TYPE` varchar(50) DEFAULT NULL,
  `SALES_TYPE` varchar(50) DEFAULT NULL,
  `SALES_TAX` varchar(50) DEFAULT NULL,
  `CIS_PAYMENT_TO_PERSONAL` tinyint(4) NOT NULL DEFAULT '0',
  `PAYMENT` varchar(50) DEFAULT NULL,
  `user_made_by_id` int(11) DEFAULT NULL,
  `marketing_id` int(11) DEFAULT NULL,
  `status` int(11) NOT NULL DEFAULT '0',
  `revisi_no` int(11) NOT NULL DEFAULT '0'
) ENGINE=InnoDB DEFAULT CHARSET=latin1;

--
-- Dumping data untuk tabel `kps_customer`
--

INSERT INTO `kps_customer` (`KPS_CUSTOMER_ID`, `COMPANY_NAME`, `CUSTOMER_CODE`, `DATE_CIS`, `NO`, `REV_NO`, `MADE_BY`, `CHECKED`, `APPROVED`, `CUSTOMER_MADE_BY`, `CUSTOMER_CHECKED`, `CUSTOMER_APPROVED`, `KPS_EMPLOYEE_ID_CIS`, `CUSTOMER_INDUSTRY`, `AUTOMOTIVE_TYPE`, `SALES_TYPE`, `SALES_TAX`, `CIS_PAYMENT_TO_PERSONAL`, `PAYMENT`, `user_made_by_id`, `marketing_id`, `status`, `revisi_no`) VALUES
(1, 'PT. Artha Serlok Nusantara', 'CustomerDariSerlokSS', '2016-02-24 19:43:10', '16/CIS-SLS/II/1', '1', NULL, 1, 1, '', '', '', NULL, 'Non Automotive', NULL, 'Local', 'Tax', 0, '50% DP, 50% Before Delivery', NULL, 1, 1, 13),
(2, 'PT. KPS', 'CODEKPSX', '2016-02-26 01:13:19', '16/CIS-SLS/II/2', '2', NULL, 1, 2, '', '', '', NULL, 'Non Automotive', NULL, 'Local', 'Tax', 0, '1 Week After Invoice', NULL, 1, 1, 2),
(3, 'Hi-lex Indonesia,PT', '2178258', '2016-03-28 07:08:26', '16/CIS-SLS/III/3', '3', NULL, 4, 4, 'marina', 'alex', 'aldi', NULL, 'Automotive', 'OEM', 'Local', 'Tax', 0, '1 Month After Invoice', NULL, 1, 1, 13),
(4, 'ASTRA OTOPARTS  TBK, PT.	', '', '2016-03-29 04:12:10', '16/CIS-SLS/III/4', '4', NULL, 1, 1, '', '', '', NULL, 'Automotive', 'OEM', 'Local', 'Tax', 0, '1 Month After Invoice', NULL, 2, 0, 1),
(5, 'PT. ASAHIMAS', '210344', '2016-04-14 08:23:54', '16/CIS-SLS/IV/5', '5', NULL, 4, 7, '', '', '', NULL, 'Automotive', 'OEM', 'Local', 'Tax', 0, '1 Month After Invoice', NULL, 4, 0, 0),
(6, 'PT. Ewindo', '23948398573984', '2016-05-12 03:45:39', '16/CIS-SLS/V/6', '6', NULL, 3, 5, 'edi', 'edi', 'edi', NULL, 'Automotive', 'OEM', 'Local', 'Tax', 2, '50% DP, 50% Before Delivery', NULL, 1, 0, 0),
(7, 'PT. BRILLIANT JAYA', '20345', '2016-05-13 02:49:38', '16/CIS-SLS/V/7', '7', NULL, 10, 10, '', '', '', NULL, 'Non Automotive', 'Non OEM', 'Local', 'Non Tax', 1, '1 Week After Invoice', NULL, 3, 0, 2),
(8, 'ASTRA  OTOPART, TBK', '217803A', '2016-06-01 03:06:43', '16/CIS-SLS/VI/8', '8', NULL, 4, 4, 'HENGKI', 'DIAN', 'DIAN', NULL, 'Automotive', 'OEM', 'Local', 'Tax', 1, '1 Month After Invoice', NULL, 2, 0, 0),
(9, 'ROKI INDONESIA, PT.', '2178161', '2016-06-01 04:25:46', '16/CIS-SLS/VI/9', '9', NULL, 4, 4, '', '', '', NULL, 'Automotive', 'OEM', 'Local', 'Tax', 1, '1 Month After Invoice', NULL, 2, 0, 2);

--
-- Trigger `kps_customer`
--
DELIMITER $$
CREATE TRIGGER `log_update_customers` BEFORE UPDATE ON `kps_customer` FOR EACH ROW BEGIN
INSERT INTO `kps_customer_`
    ( KPS_CUSTOMER_ID, `COMPANY_NAME`, `CUSTOMER_CODE`)
VALUES
    ( OLD.`KPS_CUSTOMER_ID`, OLD.`COMPANY_NAME`, OLD.`CUSTOMER_CODE`);
END
$$
DELIMITER ;

-- --------------------------------------------------------

--
-- Struktur dari tabel `kps_customer_`
--

CREATE TABLE `kps_customer_` (
  `KPS_CUSTOMER_ID` int(255) DEFAULT NULL,
  `ID` int(255) NOT NULL,
  `COMPANY_NAME` varchar(150) DEFAULT NULL,
  `CUSTOMER_CODE` varchar(255) DEFAULT NULL,
  `DATE` date DEFAULT NULL,
  `NO` varchar(100) DEFAULT NULL,
  `REV_NO` varchar(100) DEFAULT NULL,
  `MADE_BY` varchar(100) DEFAULT NULL,
  `CHECKED` varchar(100) DEFAULT NULL,
  `APPROVED` varchar(100) DEFAULT NULL,
  `CUSTOMER_MADE_BY` varchar(100) DEFAULT NULL,
  `CUSTOMER_CHECKED` varchar(100) DEFAULT NULL,
  `CUSTOMER_APPROVED` varchar(100) DEFAULT NULL,
  `KPS_EMPLOYEE_ID_CIS` int(255) DEFAULT NULL,
  `CUSTOMER_INDUSTRY` varchar(50) DEFAULT NULL,
  `AUTOMOTIVE_TYPE` varchar(50) DEFAULT NULL,
  `SALES_TYPE` varchar(50) DEFAULT NULL,
  `SALES_TAX` varchar(50) DEFAULT NULL,
  `PAYMENT` varchar(50) DEFAULT NULL,
  `UPDATED` timestamp NULL DEFAULT NULL ON UPDATE CURRENT_TIMESTAMP
) ENGINE=InnoDB DEFAULT CHARSET=latin1 ROW_FORMAT=COMPACT;

--
-- Dumping data untuk tabel `kps_customer_`
--

INSERT INTO `kps_customer_` (`KPS_CUSTOMER_ID`, `ID`, `COMPANY_NAME`, `CUSTOMER_CODE`, `DATE`, `NO`, `REV_NO`, `MADE_BY`, `CHECKED`, `APPROVED`, `CUSTOMER_MADE_BY`, `CUSTOMER_CHECKED`, `CUSTOMER_APPROVED`, `KPS_EMPLOYEE_ID_CIS`, `CUSTOMER_INDUSTRY`, `AUTOMOTIVE_TYPE`, `SALES_TYPE`, `SALES_TAX`, `PAYMENT`, `UPDATED`) VALUES
(1, 1, 'PT. Artha Serlok Nusantara', 'CustomerDariSerlok', NULL, NULL, NULL, NULL, NULL, NULL, NULL, NULL, NULL, NULL, NULL, NULL, NULL, NULL, NULL, NULL),
(2, 2, 'PT. KPS', 'CODEKPS', NULL, NULL, NULL, NULL, NULL, NULL, NULL, NULL, NULL, NULL, NULL, NULL, NULL, NULL, NULL, NULL),
(1, 3, 'PT. Artha Serlok Nusantara', 'CustomerDariSerlok', NULL, NULL, NULL, NULL, NULL, NULL, NULL, NULL, NULL, NULL, NULL, NULL, NULL, NULL, NULL, NULL),
(1, 4, 'PT. Artha Serlok Nusantara', 'CustomerDariSerlok', NULL, NULL, NULL, NULL, NULL, NULL, NULL, NULL, NULL, NULL, NULL, NULL, NULL, NULL, NULL, NULL),
(1, 5, 'PT. Artha Serlok Nusantara', 'CustomerDariSerlok', NULL, NULL, NULL, NULL, NULL, NULL, NULL, NULL, NULL, NULL, NULL, NULL, NULL, NULL, NULL, NULL),
(1, 6, 'PT. Artha Serlok Nusantara', 'CustomerDariSerlokS', NULL, NULL, NULL, NULL, NULL, NULL, NULL, NULL, NULL, NULL, NULL, NULL, NULL, NULL, NULL, NULL),
(1, 7, 'PT. Artha Serlok Nusantara', 'CustomerDariSerlokS', NULL, NULL, NULL, NULL, NULL, NULL, NULL, NULL, NULL, NULL, NULL, NULL, NULL, NULL, NULL, NULL),
(1, 8, 'PT. Artha Serlok Nusantara', 'CustomerDariSerlokS', NULL, NULL, NULL, NULL, NULL, NULL, NULL, NULL, NULL, NULL, NULL, NULL, NULL, NULL, NULL, NULL),
(1, 9, 'PT. Artha Serlok Nusantara', 'CustomerDariSerlokS', NULL, NULL, NULL, NULL, NULL, NULL, NULL, NULL, NULL, NULL, NULL, NULL, NULL, NULL, NULL, NULL),
(1, 10, 'PT. Artha Serlok Nusantara', 'CustomerDariSerlokS', NULL, NULL, NULL, NULL, NULL, NULL, NULL, NULL, NULL, NULL, NULL, NULL, NULL, NULL, NULL, NULL),
(1, 11, 'PT. Artha Serlok Nusantara', 'CustomerDariSerlokS', NULL, NULL, NULL, NULL, NULL, NULL, NULL, NULL, NULL, NULL, NULL, NULL, NULL, NULL, NULL, NULL),
(1, 12, 'PT. Artha Serlok Nusantara', 'CustomerDariSerlokS', NULL, NULL, NULL, NULL, NULL, NULL, NULL, NULL, NULL, NULL, NULL, NULL, NULL, NULL, NULL, NULL),
(1, 13, 'PT. Artha Serlok Nusantara', 'CustomerDariSerlokS', NULL, NULL, NULL, NULL, NULL, NULL, NULL, NULL, NULL, NULL, NULL, NULL, NULL, NULL, NULL, NULL),
(1, 14, 'PT. Artha Serlok Nusantara', 'CustomerDariSerlokS', NULL, NULL, NULL, NULL, NULL, NULL, NULL, NULL, NULL, NULL, NULL, NULL, NULL, NULL, NULL, NULL),
(1, 15, 'PT. Artha Serlok Nusantara', 'CustomerDariSerlokS', NULL, NULL, NULL, NULL, NULL, NULL, NULL, NULL, NULL, NULL, NULL, NULL, NULL, NULL, NULL, NULL),
(2, 16, 'PT. KPS', 'CODEKPS', NULL, NULL, NULL, NULL, NULL, NULL, NULL, NULL, NULL, NULL, NULL, NULL, NULL, NULL, NULL, NULL),
(2, 17, 'PT. KPS', 'CODEKPS', NULL, NULL, NULL, NULL, NULL, NULL, NULL, NULL, NULL, NULL, NULL, NULL, NULL, NULL, NULL, NULL),
(2, 18, 'PT. KPS', 'CODEKPSX', NULL, NULL, NULL, NULL, NULL, NULL, NULL, NULL, NULL, NULL, NULL, NULL, NULL, NULL, NULL, NULL),
(2, 19, 'PT. KPS', 'CODEKPSX', NULL, NULL, NULL, NULL, NULL, NULL, NULL, NULL, NULL, NULL, NULL, NULL, NULL, NULL, NULL, NULL),
(2, 20, 'PT. KPS', 'CODEKPSX', NULL, NULL, NULL, NULL, NULL, NULL, NULL, NULL, NULL, NULL, NULL, NULL, NULL, NULL, NULL, NULL),
(2, 21, 'PT. KPS', 'CODEKPSX', NULL, NULL, NULL, NULL, NULL, NULL, NULL, NULL, NULL, NULL, NULL, NULL, NULL, NULL, NULL, NULL),
(1, 22, 'PT. Artha Serlok Nusantara', 'CustomerDariSerlokS', NULL, NULL, NULL, NULL, NULL, NULL, NULL, NULL, NULL, NULL, NULL, NULL, NULL, NULL, NULL, NULL),
(1, 23, 'PT. Artha Serlok Nusantara', 'CustomerDariSerlokS', NULL, NULL, NULL, NULL, NULL, NULL, NULL, NULL, NULL, NULL, NULL, NULL, NULL, NULL, NULL, NULL),
(2, 24, 'PT. KPS', 'CODEKPSX', NULL, NULL, NULL, NULL, NULL, NULL, NULL, NULL, NULL, NULL, NULL, NULL, NULL, NULL, NULL, NULL),
(1, 25, 'PT. Artha Serlok Nusantara', 'CustomerDariSerlokS', NULL, NULL, NULL, NULL, NULL, NULL, NULL, NULL, NULL, NULL, NULL, NULL, NULL, NULL, NULL, NULL),
(1, 26, 'PT. Artha Serlok Nusantara', 'CustomerDariSerlokS', NULL, NULL, NULL, NULL, NULL, NULL, NULL, NULL, NULL, NULL, NULL, NULL, NULL, NULL, NULL, NULL),
(1, 27, 'PT. Artha Serlok Nusantara', 'CustomerDariSerlokSS', NULL, NULL, NULL, NULL, NULL, NULL, NULL, NULL, NULL, NULL, NULL, NULL, NULL, NULL, NULL, NULL),
(1, 28, 'PT. Artha Serlok Nusantara', 'CustomerDariSerlokSS', NULL, NULL, NULL, NULL, NULL, NULL, NULL, NULL, NULL, NULL, NULL, NULL, NULL, NULL, NULL, NULL),
(1, 29, 'PT. Artha Serlok Nusantara', 'CustomerDariSerlokSS', NULL, NULL, NULL, NULL, NULL, NULL, NULL, NULL, NULL, NULL, NULL, NULL, NULL, NULL, NULL, NULL),
(1, 30, 'PT. Artha Serlok Nusantara', 'CustomerDariSerlokSS', NULL, NULL, NULL, NULL, NULL, NULL, NULL, NULL, NULL, NULL, NULL, NULL, NULL, NULL, NULL, NULL),
(1, 31, 'PT. Artha Serlok Nusantara', 'CustomerDariSerlokSS', NULL, NULL, NULL, NULL, NULL, NULL, NULL, NULL, NULL, NULL, NULL, NULL, NULL, NULL, NULL, NULL),
(3, 32, 'Hi-lex Indonesia,PT', '2178258', NULL, NULL, NULL, NULL, NULL, NULL, NULL, NULL, NULL, NULL, NULL, NULL, NULL, NULL, NULL, NULL),
(3, 33, 'Hi-lex Indonesia,PT', '2178258', NULL, NULL, NULL, NULL, NULL, NULL, NULL, NULL, NULL, NULL, NULL, NULL, NULL, NULL, NULL, NULL),
(3, 34, 'Hi-lex Indonesia,PT', '2178258', NULL, NULL, NULL, NULL, NULL, NULL, NULL, NULL, NULL, NULL, NULL, NULL, NULL, NULL, NULL, NULL),
(7, 35, 'PT. BRILLIANT JAYA', '20345', NULL, NULL, NULL, NULL, NULL, NULL, NULL, NULL, NULL, NULL, NULL, NULL, NULL, NULL, NULL, NULL),
(7, 36, 'PT. BRILLIANT JAYA', '20345', NULL, NULL, NULL, NULL, NULL, NULL, NULL, NULL, NULL, NULL, NULL, NULL, NULL, NULL, NULL, NULL),
(7, 37, 'PT. BRILLIANT JAYA', '20345', NULL, NULL, NULL, NULL, NULL, NULL, NULL, NULL, NULL, NULL, NULL, NULL, NULL, NULL, NULL, NULL),
(7, 38, 'PT. BRILLIANT JAYA', '20345', NULL, NULL, NULL, NULL, NULL, NULL, NULL, NULL, NULL, NULL, NULL, NULL, NULL, NULL, NULL, NULL),
(7, 39, 'PT. BRILLIANT JAYA', '20345', NULL, NULL, NULL, NULL, NULL, NULL, NULL, NULL, NULL, NULL, NULL, NULL, NULL, NULL, NULL, NULL),
(7, 40, 'PT. BRILLIANT JAYA', '20345', NULL, NULL, NULL, NULL, NULL, NULL, NULL, NULL, NULL, NULL, NULL, NULL, NULL, NULL, NULL, NULL),
(3, 41, 'Hi-lex Indonesia,PT', '2178258', NULL, NULL, NULL, NULL, NULL, NULL, NULL, NULL, NULL, NULL, NULL, NULL, NULL, NULL, NULL, NULL),
(3, 42, 'Hi-lex Indonesia,PT', '2178258', NULL, NULL, NULL, NULL, NULL, NULL, NULL, NULL, NULL, NULL, NULL, NULL, NULL, NULL, NULL, NULL),
(3, 43, 'Hi-lex Indonesia,PT', '2178258', NULL, NULL, NULL, NULL, NULL, NULL, NULL, NULL, NULL, NULL, NULL, NULL, NULL, NULL, NULL, NULL),
(3, 44, 'Hi-lex Indonesia,PT', '2178258', NULL, NULL, NULL, NULL, NULL, NULL, NULL, NULL, NULL, NULL, NULL, NULL, NULL, NULL, NULL, NULL),
(3, 45, 'Hi-lex Indonesia,PT', '2178258', NULL, NULL, NULL, NULL, NULL, NULL, NULL, NULL, NULL, NULL, NULL, NULL, NULL, NULL, NULL, NULL),
(3, 46, 'Hi-lex Indonesia,PT', '2178258', NULL, NULL, NULL, NULL, NULL, NULL, NULL, NULL, NULL, NULL, NULL, NULL, NULL, NULL, NULL, NULL),
(3, 47, 'Hi-lex Indonesia,PT', '2178258', NULL, NULL, NULL, NULL, NULL, NULL, NULL, NULL, NULL, NULL, NULL, NULL, NULL, NULL, NULL, NULL),
(3, 48, 'Hi-lex Indonesia,PT', '2178258', NULL, NULL, NULL, NULL, NULL, NULL, NULL, NULL, NULL, NULL, NULL, NULL, NULL, NULL, NULL, NULL),
(3, 49, 'Hi-lex Indonesia,PT', '2178258', NULL, NULL, NULL, NULL, NULL, NULL, NULL, NULL, NULL, NULL, NULL, NULL, NULL, NULL, NULL, NULL),
(3, 50, 'Hi-lex Indonesia,PT', '2178258', NULL, NULL, NULL, NULL, NULL, NULL, NULL, NULL, NULL, NULL, NULL, NULL, NULL, NULL, NULL, NULL),
(3, 51, 'Hi-lex Indonesia,PT', '2178258', NULL, NULL, NULL, NULL, NULL, NULL, NULL, NULL, NULL, NULL, NULL, NULL, NULL, NULL, NULL, NULL),
(3, 52, 'Hi-lex Indonesia,PT', '2178258', NULL, NULL, NULL, NULL, NULL, NULL, NULL, NULL, NULL, NULL, NULL, NULL, NULL, NULL, NULL, NULL),
(3, 53, 'Hi-lex Indonesia,PT', '2178258', NULL, NULL, NULL, NULL, NULL, NULL, NULL, NULL, NULL, NULL, NULL, NULL, NULL, NULL, NULL, NULL),
(4, 54, 'ASTRA OTOPARTS  TBK, PT.	', '', NULL, NULL, NULL, NULL, NULL, NULL, NULL, NULL, NULL, NULL, NULL, NULL, NULL, NULL, NULL, NULL),
(9, 55, 'ROKI INDONESIA, PT.', '2178161', NULL, NULL, NULL, NULL, NULL, NULL, NULL, NULL, NULL, NULL, NULL, NULL, NULL, NULL, NULL, NULL),
(9, 56, 'ROKI INDONESIA, PT.', '2178161', NULL, NULL, NULL, NULL, NULL, NULL, NULL, NULL, NULL, NULL, NULL, NULL, NULL, NULL, NULL, NULL);

-- --------------------------------------------------------

--
-- Struktur dari tabel `kps_customer_company`
--

CREATE TABLE `kps_customer_company` (
  `KPS_CUSTOMER_COMPANY_ID` int(255) NOT NULL,
  `KPS_CUSTOMER_ID` int(255) NOT NULL,
  `TYPE_OF_COMPANY` varchar(150) NOT NULL,
  `MAIN_PRODUCT` varchar(150) NOT NULL,
  `NUMBER_OF_EMPLOYEE` varchar(150) NOT NULL,
  `WORKING_SHIFT` varchar(150) NOT NULL
) ENGINE=InnoDB DEFAULT CHARSET=latin1;

--
-- Dumping data untuk tabel `kps_customer_company`
--

INSERT INTO `kps_customer_company` (`KPS_CUSTOMER_COMPANY_ID`, `KPS_CUSTOMER_ID`, `TYPE_OF_COMPANY`, `MAIN_PRODUCT`, `NUMBER_OF_EMPLOYEE`, `WORKING_SHIFT`) VALUES
(1, 1, '0', 'Produksi Benang', '140001', '2'),
(2, 2, 'Join Venture,Local,Trading,', '', '', ''),
(3, 2, 'PMA', '', '', ''),
(4, 1, 'Technical Corporation,PMA', 'dssd', 'sd', 'sd'),
(5, 3, 'Local,Trading', 'metal', '200', '2'),
(6, 4, 'Local,Manufacture', 'Otomotif', '1400', '3'),
(7, 5, 'Local', 'RUBBER', '', ''),
(8, 5, '0', '', '', ''),
(9, 7, 'Local', '', '', ''),
(10, 7, '0', '', '', ''),
(11, 7, '0', '', '', ''),
(12, 8, 'Local', 'RUBBER', '123456', '3'),
(13, 8, 'Local', 'RUB', '', ''),
(14, 8, 'Local', '', '12345', ''),
(15, 8, '0', '', '12345', '3'),
(16, 9, '0', 'RUBBER', '555', '2');

-- --------------------------------------------------------

--
-- Struktur dari tabel `kps_customer_delivery_setup`
--

CREATE TABLE `kps_customer_delivery_setup` (
  `KPS_CUSTOMER_DELIVERY_SETUP` int(255) NOT NULL,
  `KPS_CUSTOMER_ID` int(255) NOT NULL,
  `PLANT1_CITY` varchar(150) NOT NULL,
  `PLANT1_LOCAL_JABOTABEK` varchar(150) NOT NULL
) ENGINE=InnoDB DEFAULT CHARSET=latin1;

--
-- Dumping data untuk tabel `kps_customer_delivery_setup`
--

INSERT INTO `kps_customer_delivery_setup` (`KPS_CUSTOMER_DELIVERY_SETUP`, `KPS_CUSTOMER_ID`, `PLANT1_CITY`, `PLANT1_LOCAL_JABOTABEK`) VALUES
(1, 1, 'Tempat Pengiriman Utama', 'Jabotabek'),
(2, 1, 'Tempat Pengiriman Kedua', 'Local'),
(3, 3, 'jl. cemara', 'Jabotabek'),
(4, 4, 'Bandung', 'Local'),
(5, 4, 'Jakarta', 'Jabotabek'),
(6, 5, 'KARAWANG', 'Local'),
(7, 7, 'Bogor', 'Local'),
(8, 8, '-', 'Local'),
(9, 9, 'Bandung', 'Local');

-- --------------------------------------------------------

--
-- Struktur dari tabel `kps_customer_divisi`
--

CREATE TABLE `kps_customer_divisi` (
  `KPS_CUSTOMER_DIVISI_ID` int(255) NOT NULL,
  `KPS_CUSTOMER_ID` int(255) NOT NULL,
  `DIVISI` varchar(255) NOT NULL,
  `TELP` varchar(50) NOT NULL,
  `FAX` varchar(50) NOT NULL,
  `ESTABLISHED` varchar(50) NOT NULL
) ENGINE=InnoDB DEFAULT CHARSET=latin1 ROW_FORMAT=COMPACT;

--
-- Dumping data untuk tabel `kps_customer_divisi`
--

INSERT INTO `kps_customer_divisi` (`KPS_CUSTOMER_DIVISI_ID`, `KPS_CUSTOMER_ID`, `DIVISI`, `TELP`, `FAX`, `ESTABLISHED`) VALUES
(1, 1, 'PT. SULAIMAN SYSTEM', '0821129001', '08219128819', '2013'),
(2, 3, 'plastik', '22222', '', ''),
(3, 4, 'ADIWIRA PLASTIK		', '0251652703', '', ''),
(4, 4, 'NUSA METAL		', '0215704581', '', ''),
(5, 7, 'PURCHASING', '085648383292', '', ''),
(6, 8, 'NUSA METAL', '022-334567', '022-334567', '-'),
(7, 8, 'NUSA METAL', '022-334567', '022-334567', '-'),
(8, 9, 'ROKI', '022-779454', '022-7794545', '-');

-- --------------------------------------------------------

--
-- Struktur dari tabel `kps_customer_finance`
--

CREATE TABLE `kps_customer_finance` (
  `KPS_CUSTOMER_FINANCE_ID` int(255) NOT NULL,
  `KPS_CUSTOMER_ID` int(255) NOT NULL,
  `TOTAL_ASSETS` varchar(255) NOT NULL,
  `ANNUAL_SALES_LAST_YEAR` varchar(100) NOT NULL,
  `NO_NPWP` varchar(255) NOT NULL,
  `ALAMAT_NPWP` varchar(256) DEFAULT NULL
) ENGINE=InnoDB DEFAULT CHARSET=latin1;

--
-- Dumping data untuk tabel `kps_customer_finance`
--

INSERT INTO `kps_customer_finance` (`KPS_CUSTOMER_FINANCE_ID`, `KPS_CUSTOMER_ID`, `TOTAL_ASSETS`, `ANNUAL_SALES_LAST_YEAR`, `NO_NPWP`, `ALAMAT_NPWP`) VALUES
(1, 1, '10000000000000', '10000000000', '122-001-00-001201', NULL),
(2, 4, '', '5265798', '01.3453243.8-054.000', NULL),
(3, 5, '1 MILYAR', '', '02.233.000.000.0-000', NULL),
(4, 3, '10000000000000', '10000000000ss', '122-001-00-001201', NULL),
(5, 9, '5000000000', '-', '987654322789', 'jl. sudirman - bandung');

-- --------------------------------------------------------

--
-- Struktur dari tabel `kps_customer_finance_bank`
--

CREATE TABLE `kps_customer_finance_bank` (
  `KPS_CUSTOMER_FINANCE_BANK_ID` int(255) NOT NULL,
  `KPS_CUSTOMER_ID` int(255) NOT NULL,
  `KPS_BANK_ID` int(255) NOT NULL,
  `BRANCHES` varchar(100) NOT NULL,
  `ACCOUNT_NO` varchar(100) NOT NULL,
  `CURRENCY` varchar(20) NOT NULL
) ENGINE=InnoDB DEFAULT CHARSET=latin1;

--
-- Dumping data untuk tabel `kps_customer_finance_bank`
--

INSERT INTO `kps_customer_finance_bank` (`KPS_CUSTOMER_FINANCE_BANK_ID`, `KPS_CUSTOMER_ID`, `KPS_BANK_ID`, `BRANCHES`, `ACCOUNT_NO`, `CURRENCY`) VALUES
(1, 1, 2, 'Asia Afrika Bandung', '130-00-2201-002', 'USD'),
(2, 1, 1, 'Asia Afrika Bandung', '130-00-2201-002', 'YEN'),
(3, 1, 3, 'Asia Afrika Bandung', '130-00-2201-002', 'EURO'),
(4, 4, 4, 'SUNTER	', '', 'IDR'),
(5, 4, 5, 'KLP. GADING	', '', 'IDR'),
(6, 5, 2, '', '', ''),
(7, 7, 2, 'BOGOR', '131859392911', 'IDR'),
(8, 3, 1, 'SUNTER	', '12121212', 'USD'),
(9, 8, 5, '-', '13100', 'IDR'),
(10, 9, 1, 'bandung', '10987', 'IDR');

-- --------------------------------------------------------

--
-- Struktur dari tabel `kps_customer_iso`
--

CREATE TABLE `kps_customer_iso` (
  `KPS_CUSTOMER_ISO_ID` int(255) NOT NULL,
  `KPS_CUSTOMER_ID` int(255) NOT NULL,
  `NAME_OF_CERTIFICATION` varchar(150) NOT NULL,
  `DATE_CERTIFIED` date NOT NULL,
  `VALIDITY_DATE` date NOT NULL
) ENGINE=InnoDB DEFAULT CHARSET=latin1;

--
-- Dumping data untuk tabel `kps_customer_iso`
--

INSERT INTO `kps_customer_iso` (`KPS_CUSTOMER_ISO_ID`, `KPS_CUSTOMER_ID`, `NAME_OF_CERTIFICATION`, `DATE_CERTIFIED`, `VALIDITY_DATE`) VALUES
(1, 1, 'ISO 27000 Keamanan', '2016-02-01', '2017-01-01'),
(2, 4, 'ISO 9000			', '0000-00-00', '0000-00-00'),
(3, 5, 'ISO 9001', '2013-04-03', '2016-05-01'),
(4, 3, 'ISO 27000', '2016-05-13', '2016-05-12'),
(5, 9, 'ISO 14001', '2016-02-05', '2017-11-30');

-- --------------------------------------------------------

--
-- Struktur dari tabel `kps_customer_is_person_in_charge`
--

CREATE TABLE `kps_customer_is_person_in_charge` (
  `KPS_CUSTOMER_IS_PERSON_IN_CHARGE_ID` int(255) NOT NULL,
  `KPS_CUSTOMER_ID_PIC` int(255) NOT NULL,
  `DEPARTMENT` varchar(100) NOT NULL,
  `NAME` varchar(100) NOT NULL,
  `POSITION` varchar(100) NOT NULL,
  `MOBILE_PHONE` varchar(50) NOT NULL,
  `EMAIL` varchar(100) NOT NULL
) ENGINE=InnoDB DEFAULT CHARSET=latin1;

--
-- Dumping data untuk tabel `kps_customer_is_person_in_charge`
--

INSERT INTO `kps_customer_is_person_in_charge` (`KPS_CUSTOMER_IS_PERSON_IN_CHARGE_ID`, `KPS_CUSTOMER_ID_PIC`, `DEPARTMENT`, `NAME`, `POSITION`, `MOBILE_PHONE`, `EMAIL`) VALUES
(1, 1, 'Purchasing', 'Thariq Abdillah', 'Manager', '082119900190', 'thariq@gmail.com'),
(2, 3, 'Director', 'Udin Hi-Lex', 'Direktur', '111111', 'udin@hilex.com'),
(3, 4, 'Director', 'RUDY', 'Director', '', ''),
(4, 4, 'Purchasing', 'GUNAWAN', 'Manager', '', ''),
(5, 4, 'Production', 'ACHMAD', 'General Manager', '', ''),
(6, 4, 'Quality', 'TRIJOKO', 'General Manager', '', ''),
(7, 5, 'Purchasing', 'Bpk. iir', 'Staff', '0832214533', 'iir@amfg.co.id'),
(8, 7, 'Purchasing', 'Desti', 'Staff', '', ''),
(9, 8, 'Purchasing', 'Nadia', 'Staff', '081322444555', 'nadia_aopnusametal.co.id'),
(10, 8, 'Purchasing', 'Nadia', 'Staff', '081322444555', 'nadia_aopnusametal.co.id'),
(11, 9, 'Purchasing', 'Dian', 'Staff', '081322455556', 'dian_roki.co.id');

-- --------------------------------------------------------

--
-- Struktur dari tabel `kps_customer_is_supplier`
--

CREATE TABLE `kps_customer_is_supplier` (
  `KPS_CUSTOMER_IS_SUPPLIER_ID` int(255) NOT NULL,
  `KPS_CUSTOMER_ID` int(255) NOT NULL,
  `SUPPLIER_NAME` varchar(150) NOT NULL,
  `LOCATION` varchar(150) NOT NULL,
  `BUSINESS_CONTENT` varchar(255) NOT NULL
) ENGINE=InnoDB DEFAULT CHARSET=latin1;

--
-- Dumping data untuk tabel `kps_customer_is_supplier`
--

INSERT INTO `kps_customer_is_supplier` (`KPS_CUSTOMER_IS_SUPPLIER_ID`, `KPS_CUSTOMER_ID`, `SUPPLIER_NAME`, `LOCATION`, `BUSINESS_CONTENT`) VALUES
(1, 5, 'PT. AHM', 'JAKARTA', ''),
(2, 3, 'ss', 'ss', 'ssss'),
(3, 8, 'karya putra sangkuriang', 'Bandung', 'automotive'),
(4, 9, 'karya putra sangkuriang', 'Sumedang', 'Rubber & PVC');

-- --------------------------------------------------------

--
-- Struktur dari tabel `kps_customer_list`
--

CREATE TABLE `kps_customer_list` (
  `KPS_CUSTOMER_LIST_ID` int(255) NOT NULL,
  `KPS_MARKETING_ID` int(255) NOT NULL,
  `CUSTOMER_CODE` varchar(100) NOT NULL,
  `CUSTOMER_NAME` varchar(100) NOT NULL,
  `ADDRESS` varchar(255) NOT NULL,
  `PHONE` varchar(100) NOT NULL,
  `FAX` varchar(100) NOT NULL,
  `MAIL` varchar(100) NOT NULL,
  `PERSON_IN_CHARGE` varchar(100) NOT NULL,
  `CUSTOMER_INDUSTRY` varchar(100) NOT NULL,
  `AUTOMOTIVE_TYPE` varchar(100) NOT NULL,
  `SALES_TYPE` varchar(100) NOT NULL,
  `SALES_TAX` varchar(100) NOT NULL,
  `PAYMENT` varchar(255) NOT NULL
) ENGINE=InnoDB DEFAULT CHARSET=latin1;

-- --------------------------------------------------------

--
-- Struktur dari tabel `kps_customer_main_customer`
--

CREATE TABLE `kps_customer_main_customer` (
  `KPS_CUSTOMER_MAIN_CUSTOMER_ID` int(255) NOT NULL,
  `KPS_CUSTOMER_ID` int(255) NOT NULL,
  `COMPANY_NAME` varchar(150) NOT NULL,
  `LOCATION` varchar(150) NOT NULL,
  `BUSINESS_CONTENT` varchar(255) NOT NULL
) ENGINE=InnoDB DEFAULT CHARSET=latin1;

--
-- Dumping data untuk tabel `kps_customer_main_customer`
--

INSERT INTO `kps_customer_main_customer` (`KPS_CUSTOMER_MAIN_CUSTOMER_ID`, `KPS_CUSTOMER_ID`, `COMPANY_NAME`, `LOCATION`, `BUSINESS_CONTENT`) VALUES
(1, 3, 'ss', 'ss', 'sss'),
(2, 7, 'Serlok', 'bandung', 'software'),
(3, 8, 'Honda', 'Jakarta', 'automotive'),
(4, 9, 'Honda', 'Bandung', 'Automotive ');

-- --------------------------------------------------------

--
-- Struktur dari tabel `kps_customer_personal_payment`
--

CREATE TABLE `kps_customer_personal_payment` (
  `KPS_CUSTOMER_PAP_ID` int(11) NOT NULL,
  `KPS_CUSTOMER_ID` int(11) NOT NULL,
  `KPS_PAP_NAME` varchar(255) NOT NULL
) ENGINE=InnoDB DEFAULT CHARSET=latin1;

--
-- Dumping data untuk tabel `kps_customer_personal_payment`
--

INSERT INTO `kps_customer_personal_payment` (`KPS_CUSTOMER_PAP_ID`, `KPS_CUSTOMER_ID`, `KPS_PAP_NAME`) VALUES
(1, 6, 'Abdul Razaq'),
(2, 6, 'Thariq'),
(3, 5, 'Rozak'),
(4, 5, 'abdul'),
(5, 7, 'TIWI'),
(6, 7, 'TIWI'),
(8, 3, 'AsepXX'),
(9, 4, 'Rozak'),
(10, 4, 'abdulx');

-- --------------------------------------------------------

--
-- Struktur dari tabel `kps_customer_plant`
--

CREATE TABLE `kps_customer_plant` (
  `KPS_CUSTOMER_PLANT_ID` int(255) NOT NULL,
  `KPS_CUSTOMER_ID` int(255) NOT NULL,
  `PLANT` text NOT NULL,
  `TELP` varchar(50) NOT NULL,
  `FAX` varchar(50) NOT NULL,
  `ESTABLISHED` varchar(50) NOT NULL
) ENGINE=InnoDB DEFAULT CHARSET=latin1;

--
-- Dumping data untuk tabel `kps_customer_plant`
--

INSERT INTO `kps_customer_plant` (`KPS_CUSTOMER_PLANT_ID`, `KPS_CUSTOMER_ID`, `PLANT`, `TELP`, `FAX`, `ESTABLISHED`) VALUES
(1, 1, 'Jalan Raya Bojong Soang', '08211891111', '08219191001', '2014'),
(2, 3, 'jl. cemara', '1111', '', ''),
(3, 4, 'JL. RAYA JAKARTA BOGOR KM,51.3 SUKARAJA BOGOR 16710			', '0251652703', '02518652701', ''),
(4, 4, 'JL. RAYA JAKARTA BOGOR KM,47 NANGEWER BOGOR 16912			', '0218754241', '', ''),
(5, 5, 'KARAWANG', '021-4546464', '021-4546664', ''),
(6, 8, 'Jl. Angkasa no 15', '022-7792834', '022-779834', '-'),
(7, 9, 'Jl. Sudirman - bandung', '022-775544', '022-775544', '-');

-- --------------------------------------------------------

--
-- Struktur dari tabel `kps_delivery_execution_other`
--

CREATE TABLE `kps_delivery_execution_other` (
  `KPS_DELIVERY_EXECUTION_OTHER_ID` int(255) NOT NULL,
  `DATE` date NOT NULL,
  `NO` varchar(100) NOT NULL,
  `KPS_OTGOING_FINISHED_GOOD_OTHER_ID` int(255) NOT NULL
) ENGINE=InnoDB DEFAULT CHARSET=latin1;

-- --------------------------------------------------------

--
-- Struktur dari tabel `kps_delivery_execution_other_detail`
--

CREATE TABLE `kps_delivery_execution_other_detail` (
  `KPS_DELIVERY_EXECUTION_OTHER_DETAIL_ID` int(255) NOT NULL,
  `KPS_OUTGOING_FINISHED_GOOD_OTHER_ID` int(255) NOT NULL,
  `QTY_REMAINING` varchar(100) NOT NULL,
  `QTY_STATUS` varchar(100) NOT NULL,
  `BARCODE_ID` int(255) NOT NULL,
  `BARCODE_QTY` varchar(100) NOT NULL
) ENGINE=InnoDB DEFAULT CHARSET=latin1;

-- --------------------------------------------------------

--
-- Struktur dari tabel `kps_delivery_order`
--

CREATE TABLE `kps_delivery_order` (
  `KPS_DELIVERY_ORDER_ID` int(255) NOT NULL,
  `KPS_OUTGOING_FINISHED_GOOD_ID_DO` int(255) NOT NULL DEFAULT '0',
  `KPS_CUSTOMER_PLANT_ID_DO` int(11) DEFAULT NULL,
  `DATE_DO` datetime NOT NULL DEFAULT CURRENT_TIMESTAMP,
  `KPS_DELIVERY_ORDER_DELIVERY_DATE` date NOT NULL,
  `REV_NO_DO` int(100) NOT NULL DEFAULT '0',
  `NO_DO` varchar(255) NOT NULL DEFAULT '',
  `ADDRESS` varchar(255) DEFAULT NULL,
  `user_made_by_id_do` int(11) DEFAULT NULL,
  `employee_accepted_id` int(11) DEFAULT NULL,
  `employee_approved_id_DO` int(11) DEFAULT NULL,
  `employee_known_id` int(11) DEFAULT NULL,
  `TOTAL_QTY` int(150) NOT NULL DEFAULT '0',
  `ACCEPTED` varchar(100) DEFAULT NULL,
  `DELIVERED` varchar(100) DEFAULT NULL,
  `MADE_BY_DO` varchar(100) DEFAULT NULL,
  `APPROVED_BY_DO` varchar(100) DEFAULT NULL,
  `KNOWN_BY_DO` varchar(100) DEFAULT NULL,
  `status_do` int(11) NOT NULL DEFAULT '0',
  `revisi_no_do` int(11) NOT NULL DEFAULT '0',
  `KPS_DO_STATUS_PRINTED` datetime DEFAULT NULL,
  `KPS_DO_STATUS_REVISI` tinyint(4) DEFAULT NULL
) ENGINE=InnoDB DEFAULT CHARSET=latin1;

--
-- Dumping data untuk tabel `kps_delivery_order`
--

INSERT INTO `kps_delivery_order` (`KPS_DELIVERY_ORDER_ID`, `KPS_OUTGOING_FINISHED_GOOD_ID_DO`, `KPS_CUSTOMER_PLANT_ID_DO`, `DATE_DO`, `KPS_DELIVERY_ORDER_DELIVERY_DATE`, `REV_NO_DO`, `NO_DO`, `ADDRESS`, `user_made_by_id_do`, `employee_accepted_id`, `employee_approved_id_DO`, `employee_known_id`, `TOTAL_QTY`, `ACCEPTED`, `DELIVERED`, `MADE_BY_DO`, `APPROVED_BY_DO`, `KNOWN_BY_DO`, `status_do`, `revisi_no_do`, `KPS_DO_STATUS_PRINTED`, `KPS_DO_STATUS_REVISI`) VALUES
(8, 8, NULL, '2016-03-14 09:00:19', '0000-00-00', 1, '16/DO-SLS/III/1', '', 1, 1, 1, 1, 360, NULL, NULL, '', NULL, NULL, 0, 0, '2016-05-22 07:26:33', NULL),
(9, 10, NULL, '2016-03-29 18:18:46', '0000-00-00', 2, '16/DO-SLS/III/2', '', 3, 2, 2, 2, 0, NULL, NULL, NULL, NULL, NULL, 0, 0, NULL, NULL),
(10, 23, NULL, '2016-04-14 15:59:52', '0000-00-00', 3, '16/DO-SLS/IV/3', 'OS 320650', 4, 2, 4, 3, 0, NULL, NULL, NULL, NULL, NULL, 0, 0, NULL, NULL),
(11, 24, NULL, '2016-04-14 16:09:59', '0000-00-00', 4, '16/DO-SLS/IV/4', '', 4, 1, 1, 1, 50, NULL, NULL, NULL, NULL, NULL, 0, 0, '2016-05-17 08:13:13', NULL),
(12, 0, NULL, '2016-05-13 14:20:28', '0000-00-00', 5, '16/DO-SLS/V/5', 'gfdfbgdfged', 12, 5, 4, 2, 0, NULL, NULL, NULL, NULL, NULL, 0, 0, NULL, 1),
(13, 26, NULL, '2016-05-13 15:47:50', '0000-00-00', 6, '16/DO-SLS/V/6', '', 12, 3, 4, 5, 1033, NULL, NULL, NULL, NULL, NULL, 0, 0, '2016-05-18 00:45:06', NULL),
(14, 18, NULL, '2016-05-17 13:48:31', '0000-00-00', 7, '16/DO-SLS/V/7', NULL, 2, 3, 1, 2, 2100, NULL, NULL, NULL, NULL, NULL, 0, 0, '2016-05-22 15:44:58', NULL),
(15, 27, NULL, '2016-05-22 12:38:17', '2016-05-23', 8, '16/DO-SLS/V/8', NULL, 2, 1, 1, 2, 0, NULL, NULL, NULL, NULL, NULL, 0, 0, '2016-05-22 11:04:31', NULL),
(16, 8, NULL, '2016-05-22 13:35:31', '2016-05-22', 9, '16/DO-SLS/V/9', NULL, 2, 3, 2, 3, 0, NULL, NULL, NULL, NULL, NULL, 0, 0, '2016-05-22 11:04:33', NULL),
(17, 20, NULL, '2016-05-22 16:01:22', '2016-05-22', 10, '16/DO-SLS/V/10', NULL, 2, 2, 1, 3, 0, NULL, NULL, NULL, NULL, NULL, 0, 0, NULL, NULL),
(18, 14, NULL, '2016-05-22 16:05:18', '2016-05-22', 11, '16/DO-SLS/V/11', NULL, 2, 1, 1, 1, 90, NULL, NULL, NULL, NULL, NULL, 0, 0, '2016-05-23 09:59:22', NULL),
(19, 13, NULL, '2016-05-23 00:39:31', '2016-05-22', 12, '16/DO-SLS/V/12', NULL, 3, 2, 2, 3, 0, NULL, NULL, NULL, NULL, NULL, 0, 0, NULL, NULL),
(20, 15, NULL, '2016-05-23 00:46:25', '2016-05-22', 13, '16/DO-SLS/V/13', 'xxxsss', 3, 2, 2, 3, 0, NULL, NULL, NULL, NULL, NULL, 0, 2, NULL, NULL),
(21, 12, NULL, '2016-05-23 15:04:24', '2016-05-23', 14, '16/DO-SLS/V/14', NULL, 2, 1, 1, 1, 1011, NULL, NULL, NULL, NULL, NULL, 0, 0, '2016-05-23 10:36:55', NULL),
(22, 16, NULL, '2016-05-28 11:20:11', '2016-05-28', 15, '16/DO-SLS/15', NULL, 2, 2, 1, 3, 0, NULL, NULL, NULL, NULL, NULL, 0, 0, '2016-05-28 06:20:45', NULL),
(23, 17, NULL, '2016-05-28 11:36:56', '2016-05-28', 16, '16/DO-SLS/16', NULL, 2, 3, 1, 4, 2500, NULL, NULL, NULL, NULL, NULL, 0, 0, '2016-06-01 09:27:27', NULL);

--
-- Trigger `kps_delivery_order`
--
DELIMITER $$
CREATE TRIGGER `DO_update_record` BEFORE UPDATE ON `kps_delivery_order` FOR EACH ROW INSERT INTO kps_delivery_order_ (
 `KPS_DELIVERY_ORDER_ID`, `KPS_OUTGOING_FINISHED_GOOD_ID_DO`, `KPS_CUSTOMER_PLANT_ID_DO`, `DATE_DO`, `REV_NO_DO`, `NO_DO`, `ADDRESS`, `user_made_by_id_do`, `employee_accepted_id`, `employee_approved_id`, `employee_known_id`, `TOTAL_QTY`, `ACCEPTED`, `DELIVERED`, `MADE_BY_DO`, `APPROVED_BY_DO`, `KNOWN_BY_DO`, `status_do`, `revisi_no_do`, `UPDATE_BY_DO`,`KPS_DO_STATUS_PRINTED`,`KPS_DO_STATUS_REVISI`
)
VALUE (
  OLD.`KPS_DELIVERY_ORDER_ID`, OLD.`KPS_OUTGOING_FINISHED_GOOD_ID_DO`, OLD.`KPS_CUSTOMER_PLANT_ID_DO`, OLD.`DATE_DO`, OLD.`REV_NO_DO`, OLD.`NO_DO`, OLD.`ADDRESS`, OLD.`user_made_by_id_do`, OLD.`employee_accepted_id`, OLD.`employee_approved_id_DO`, OLD.`employee_known_id`, OLD.`TOTAL_QTY`, OLD.`ACCEPTED`, OLD.`DELIVERED`, OLD.`MADE_BY_DO`, OLD.`APPROVED_BY_DO`, OLD.`KNOWN_BY_DO`, OLD.`status_do`, OLD.`revisi_no_do`, NEW.`user_made_by_id_do`,OLD.`KPS_DO_STATUS_PRINTED`, OLD.`KPS_DO_STATUS_REVISI` )
$$
DELIMITER ;

-- --------------------------------------------------------

--
-- Struktur dari tabel `kps_delivery_order_`
--

CREATE TABLE `kps_delivery_order_` (
  `KPS_DELIVERY_ORDER_ID` int(255) NOT NULL,
  `KPS_OUTGOING_FINISHED_GOOD_ID_DO` int(255) NOT NULL,
  `KPS_CUSTOMER_PLANT_ID_DO` int(11) DEFAULT NULL,
  `DATE_DO` datetime NOT NULL DEFAULT CURRENT_TIMESTAMP,
  `REV_NO_DO` int(100) NOT NULL,
  `NO_DO` varchar(255) NOT NULL,
  `ADDRESS` varchar(255) DEFAULT NULL,
  `user_made_by_id_do` int(11) DEFAULT NULL,
  `employee_accepted_id` int(11) DEFAULT NULL,
  `employee_approved_id` int(11) DEFAULT NULL,
  `employee_known_id` int(11) DEFAULT NULL,
  `TOTAL_QTY` int(150) NOT NULL,
  `ACCEPTED` varchar(100) DEFAULT NULL,
  `DELIVERED` varchar(100) DEFAULT NULL,
  `MADE_BY_DO` varchar(100) DEFAULT NULL,
  `APPROVED_BY_DO` varchar(100) DEFAULT NULL,
  `KNOWN_BY_DO` varchar(100) DEFAULT NULL,
  `status_do` int(11) NOT NULL DEFAULT '0',
  `revisi_no_do` int(11) NOT NULL DEFAULT '0',
  `ID` int(11) NOT NULL,
  `UPDATE_TIME` datetime NOT NULL DEFAULT CURRENT_TIMESTAMP,
  `UPDATE_BY_DO` int(11) DEFAULT NULL,
  `KPS_DO_STATUS_PRINTED` datetime DEFAULT NULL,
  `KPS_DO_STATUS_REVISI` int(11) DEFAULT NULL
) ENGINE=InnoDB DEFAULT CHARSET=latin1;

--
-- Dumping data untuk tabel `kps_delivery_order_`
--

INSERT INTO `kps_delivery_order_` (`KPS_DELIVERY_ORDER_ID`, `KPS_OUTGOING_FINISHED_GOOD_ID_DO`, `KPS_CUSTOMER_PLANT_ID_DO`, `DATE_DO`, `REV_NO_DO`, `NO_DO`, `ADDRESS`, `user_made_by_id_do`, `employee_accepted_id`, `employee_approved_id`, `employee_known_id`, `TOTAL_QTY`, `ACCEPTED`, `DELIVERED`, `MADE_BY_DO`, `APPROVED_BY_DO`, `KNOWN_BY_DO`, `status_do`, `revisi_no_do`, `ID`, `UPDATE_TIME`, `UPDATE_BY_DO`, `KPS_DO_STATUS_PRINTED`, `KPS_DO_STATUS_REVISI`) VALUES
(8, 8, 1, '2016-03-14 09:00:19', 1, '16/DO-SLS/III/1', '', 1, 1, 1, 1, 360, NULL, NULL, '', NULL, NULL, 0, 0, 1, '2016-05-03 17:17:36', 0, NULL, NULL),
(8, 9, 1, '2016-03-14 09:00:19', 1, '16/DO-SLS/III/1', '', 1, 1, 1, 1, 360, NULL, NULL, '', NULL, NULL, 0, 0, 2, '2016-05-03 17:17:44', 0, NULL, NULL),
(8, 8, 1, '2016-03-14 09:00:19', 1, '16/DO-SLS/III/1', '', 1, 1, 1, 1, 360, NULL, NULL, '', NULL, NULL, 0, 0, 3, '2016-05-13 06:10:39', 0, NULL, NULL),
(13, 26, 0, '2016-05-13 15:47:50', 6, '16/DO-SLS/V/6', NULL, 13, 3, 4, 5, 0, NULL, NULL, NULL, NULL, NULL, 0, 0, 4, '2016-05-13 15:57:54', 13, NULL, NULL),
(13, 26, 0, '2016-05-13 15:47:50', 6, '16/DO-SLS/V/6', '', 13, 3, 4, 5, 0, NULL, NULL, NULL, NULL, NULL, 0, 0, 5, '2016-05-13 15:58:57', 13, NULL, NULL),
(13, 26, 1, '2016-05-13 15:47:50', 6, '16/DO-SLS/V/6', '', 13, 3, 4, 5, 0, NULL, NULL, NULL, NULL, NULL, 0, 0, 6, '2016-05-13 15:59:13', 13, NULL, NULL),
(13, 26, 0, '2016-05-13 15:47:50', 6, '16/DO-SLS/V/6', '', 13, 3, 4, 5, 0, NULL, NULL, NULL, NULL, NULL, 0, 0, 7, '2016-05-13 15:59:49', 13, NULL, NULL),
(13, 26, NULL, '2016-05-13 15:47:50', 6, '16/DO-SLS/V/6', '', 13, 3, 4, 5, 0, NULL, NULL, NULL, NULL, NULL, 0, 0, 8, '2016-05-13 16:01:10', 12, NULL, NULL),
(12, 0, 3, '2016-05-13 14:20:28', 5, '16/DO-SLS/V/5', 'gfdfbgdfged', 13, 5, 4, 2, 0, NULL, NULL, NULL, NULL, NULL, 0, 0, 9, '2016-05-13 16:01:16', 12, NULL, NULL),
(13, 26, NULL, '2016-05-13 15:47:50', 6, '16/DO-SLS/V/6', '', 12, 3, 4, 5, 0, NULL, NULL, NULL, NULL, NULL, 0, 0, 10, '2016-05-17 12:34:17', 12, NULL, NULL),
(13, 26, NULL, '2016-05-13 15:47:50', 6, '16/DO-SLS/V/6', '', 12, 3, 4, 5, 1033, NULL, NULL, NULL, NULL, NULL, 0, 0, 11, '2016-05-17 12:36:34', 12, NULL, NULL),
(13, 26, NULL, '2016-05-13 15:47:50', 6, '16/DO-SLS/V/6', '', 12, 3, 4, 5, 1033, NULL, NULL, NULL, NULL, NULL, 0, 0, 12, '2016-05-17 12:40:50', 12, NULL, NULL),
(11, 24, 3, '2016-04-14 16:09:59', 4, '16/DO-SLS/IV/4', '', 4, 1, 1, 1, 50, NULL, NULL, NULL, NULL, NULL, 0, 0, 13, '2016-05-17 12:43:35', 4, NULL, NULL),
(11, 24, 3, '2016-04-14 16:09:59', 4, '16/DO-SLS/IV/4', '', 4, 1, 1, 1, 50, NULL, NULL, NULL, NULL, NULL, 0, 0, 14, '2016-05-17 12:45:21', 4, '0000-00-00 00:00:00', NULL),
(11, 24, 3, '2016-04-14 16:09:59', 4, '16/DO-SLS/IV/4', '', 4, 1, 1, 1, 50, NULL, NULL, NULL, NULL, NULL, 0, 0, 15, '2016-05-17 12:45:45', 4, '0000-00-00 00:00:00', NULL),
(11, 24, 3, '2016-04-14 16:09:59', 4, '16/DO-SLS/IV/4', '', 4, 1, 1, 1, 50, NULL, NULL, NULL, NULL, NULL, 0, 0, 16, '2016-05-17 12:46:16', 4, '0000-00-00 00:00:00', NULL),
(11, 24, 3, '2016-04-14 16:09:59', 4, '16/DO-SLS/IV/4', '', 4, 1, 1, 1, 50, NULL, NULL, NULL, NULL, NULL, 0, 0, 17, '2016-05-17 12:55:08', 4, '0000-00-00 00:00:00', NULL),
(11, 24, 3, '2016-04-14 16:09:59', 4, '16/DO-SLS/IV/4', '', 4, 1, 1, 1, 50, NULL, NULL, NULL, NULL, NULL, 0, 0, 18, '2016-05-17 12:56:29', 4, '0000-00-00 00:00:00', NULL),
(11, 24, 3, '2016-04-14 16:09:59', 4, '16/DO-SLS/IV/4', '', 4, 1, 1, 1, 50, NULL, NULL, NULL, NULL, NULL, 0, 0, 19, '2016-05-17 12:56:45', 4, '0000-00-00 00:00:00', NULL),
(11, 24, 3, '2016-04-14 16:09:59', 4, '16/DO-SLS/IV/4', '', 4, 1, 1, 1, 50, NULL, NULL, NULL, NULL, NULL, 0, 0, 20, '2016-05-17 12:58:17', 4, '0000-00-00 00:00:00', NULL),
(11, 24, 3, '2016-04-14 16:09:59', 4, '16/DO-SLS/IV/4', '', 4, 1, 1, 1, 50, NULL, NULL, NULL, NULL, NULL, 0, 0, 21, '2016-05-17 12:58:43', 4, '0000-00-00 00:00:00', NULL),
(11, 24, 3, '2016-04-14 16:09:59', 4, '16/DO-SLS/IV/4', '', 4, 1, 1, 1, 50, NULL, NULL, NULL, NULL, NULL, 0, 0, 22, '2016-05-17 12:58:57', 4, '0000-00-00 00:00:00', NULL),
(11, 24, 3, '2016-04-14 16:09:59', 4, '16/DO-SLS/IV/4', '', 4, 1, 1, 1, 50, NULL, NULL, NULL, NULL, NULL, 0, 0, 23, '2016-05-17 12:59:17', 4, '0000-00-00 00:00:00', NULL),
(11, 24, 3, '2016-04-14 16:09:59', 4, '16/DO-SLS/IV/4', '', 4, 1, 1, 1, 50, NULL, NULL, NULL, NULL, NULL, 0, 0, 24, '2016-05-17 12:59:24', 4, '0000-00-00 00:00:00', NULL),
(11, 24, 3, '2016-04-14 16:09:59', 4, '16/DO-SLS/IV/4', '', 4, 1, 1, 1, 50, NULL, NULL, NULL, NULL, NULL, 0, 0, 25, '2016-05-17 13:00:09', 4, '0000-00-00 00:00:00', NULL),
(11, 24, 3, '2016-04-14 16:09:59', 4, '16/DO-SLS/IV/4', '', 4, 1, 1, 1, 50, NULL, NULL, NULL, NULL, NULL, 0, 0, 26, '2016-05-17 13:01:31', 4, '0000-00-00 00:00:00', NULL),
(11, 24, 3, '2016-04-14 16:09:59', 4, '16/DO-SLS/IV/4', '', 4, 1, 1, 1, 50, NULL, NULL, NULL, NULL, NULL, 0, 0, 27, '2016-05-17 13:02:09', 4, '0000-00-00 00:00:00', NULL),
(11, 24, 3, '2016-04-14 16:09:59', 4, '16/DO-SLS/IV/4', '', 4, 1, 1, 1, 50, NULL, NULL, NULL, NULL, NULL, 0, 0, 28, '2016-05-17 13:02:31', 4, '0000-00-00 00:00:00', NULL),
(11, 24, 3, '2016-04-14 16:09:59', 4, '16/DO-SLS/IV/4', '', 4, 1, 1, 1, 50, NULL, NULL, NULL, NULL, NULL, 0, 0, 29, '2016-05-17 13:03:26', 4, '0000-00-00 00:00:00', NULL),
(11, 24, 3, '2016-04-14 16:09:59', 4, '16/DO-SLS/IV/4', '', 4, 1, 1, 1, 50, NULL, NULL, NULL, NULL, NULL, 0, 0, 30, '2016-05-17 13:10:56', 4, '0000-00-00 00:00:00', NULL),
(11, 24, 3, '2016-04-14 16:09:59', 4, '16/DO-SLS/IV/4', '', 4, 1, 1, 1, 50, NULL, NULL, NULL, NULL, NULL, 0, 0, 31, '2016-05-17 13:11:09', 4, '0000-00-00 00:00:00', NULL),
(11, 24, 3, '2016-04-14 16:09:59', 4, '16/DO-SLS/IV/4', '', 4, 1, 1, 1, 50, NULL, NULL, NULL, NULL, NULL, 0, 0, 32, '2016-05-17 13:11:23', 4, '0000-00-00 00:00:00', NULL),
(11, 24, 3, '2016-04-14 16:09:59', 4, '16/DO-SLS/IV/4', '', 4, 1, 1, 1, 50, NULL, NULL, NULL, NULL, NULL, 0, 0, 33, '2016-05-17 13:11:43', 4, '0000-00-00 00:00:00', NULL),
(11, 24, 3, '2016-04-14 16:09:59', 4, '16/DO-SLS/IV/4', '', 4, 1, 1, 1, 50, NULL, NULL, NULL, NULL, NULL, 0, 0, 34, '2016-05-17 13:11:56', 4, '0000-00-00 00:00:00', NULL),
(11, 24, 3, '2016-04-14 16:09:59', 4, '16/DO-SLS/IV/4', '', 4, 1, 1, 1, 50, NULL, NULL, NULL, NULL, NULL, 0, 0, 35, '2016-05-17 13:12:11', 4, '0000-00-00 00:00:00', NULL),
(11, 24, 3, '2016-04-14 16:09:59', 4, '16/DO-SLS/IV/4', '', 4, 1, 1, 1, 50, NULL, NULL, NULL, NULL, NULL, 0, 0, 36, '2016-05-17 13:13:13', 4, '0000-00-00 00:00:00', NULL),
(12, 0, 3, '2016-05-13 14:20:28', 5, '16/DO-SLS/V/5', 'gfdfbgdfged', 12, 5, 4, 2, 0, NULL, NULL, NULL, NULL, NULL, 0, 0, 37, '2016-05-17 13:36:50', 12, NULL, NULL),
(13, 26, NULL, '2016-05-13 15:47:50', 6, '16/DO-SLS/V/6', '', 12, 3, 4, 5, 1033, NULL, NULL, NULL, NULL, NULL, 0, 0, 38, '2016-05-17 13:37:30', 12, '2016-05-17 02:27:34', NULL),
(13, 26, NULL, '2016-05-13 15:47:50', 6, '16/DO-SLS/V/6', '', 12, 3, 4, 5, 1033, NULL, NULL, NULL, NULL, NULL, 0, 0, 39, '2016-05-17 13:37:44', 12, '2016-05-17 02:27:34', 1),
(13, 26, NULL, '2016-05-13 15:47:50', 6, '16/DO-SLS/V/6', '', 12, 3, 4, 5, 1033, NULL, NULL, NULL, NULL, NULL, 0, 0, 40, '2016-05-17 13:41:15', 12, '2016-05-17 02:27:34', NULL),
(11, 24, 3, '2016-04-14 16:09:59', 4, '16/DO-SLS/IV/4', '', 4, 1, 1, 1, 50, NULL, NULL, NULL, NULL, NULL, 0, 0, 41, '2016-05-17 13:41:25', 4, '2016-05-17 08:13:13', NULL),
(13, 26, NULL, '2016-05-13 15:47:50', 6, '16/DO-SLS/V/6', '', 12, 3, 4, 5, 1033, NULL, NULL, NULL, NULL, NULL, 0, 0, 42, '2016-05-17 13:41:28', 12, '2016-05-17 08:41:15', NULL),
(13, 26, NULL, '2016-05-13 15:47:50', 6, '16/DO-SLS/V/6', '', 12, 3, 4, 5, 1033, NULL, NULL, NULL, NULL, NULL, 0, 0, 43, '2016-05-17 13:41:44', 12, '2016-05-17 08:41:15', 1),
(13, 26, NULL, '2016-05-13 15:47:50', 6, '16/DO-SLS/V/6', '', 12, 3, 4, 5, 1033, NULL, NULL, NULL, NULL, NULL, 0, 0, 44, '2016-05-17 13:41:49', 12, '2016-05-17 08:41:15', NULL),
(13, 26, NULL, '2016-05-13 15:47:50', 6, '16/DO-SLS/V/6', '', 12, 3, 4, 5, 1033, NULL, NULL, NULL, NULL, NULL, 0, 0, 45, '2016-05-17 14:46:07', 12, '2016-05-17 08:41:49', NULL),
(13, 26, NULL, '2016-05-13 15:47:50', 6, '16/DO-SLS/V/6', '', 12, 3, 4, 5, 1033, NULL, NULL, NULL, NULL, NULL, 0, 0, 46, '2016-05-17 15:45:11', 12, '2016-05-17 08:41:49', NULL),
(13, 26, NULL, '2016-05-13 15:47:50', 6, '16/DO-SLS/V/6', '', 12, 3, 4, 5, 1033, NULL, NULL, NULL, NULL, NULL, 0, 0, 47, '2016-05-17 15:45:23', 12, '2016-05-17 08:41:49', NULL),
(13, 26, NULL, '2016-05-13 15:47:50', 6, '16/DO-SLS/V/6', '', 12, 3, 4, 5, 1033, NULL, NULL, NULL, NULL, NULL, 0, 0, 48, '2016-05-17 16:20:34', 12, '2016-05-17 08:41:49', NULL),
(11, 24, 3, '2016-04-14 16:09:59', 4, '16/DO-SLS/IV/4', '', 4, 1, 1, 1, 50, NULL, NULL, NULL, NULL, NULL, 0, 0, 49, '2016-05-17 16:20:46', 4, '2016-05-17 08:13:13', 1),
(13, 26, NULL, '2016-05-13 15:47:50', 6, '16/DO-SLS/V/6', '', 12, 3, 4, 5, 1033, NULL, NULL, NULL, NULL, NULL, 0, 0, 50, '2016-05-17 18:21:38', 12, '2016-05-17 08:41:49', NULL),
(14, 18, 1, '2016-05-17 13:48:31', 7, '16/DO-SLS/V/7', NULL, 2, 3, 1, 2, 0, NULL, NULL, NULL, NULL, NULL, 0, 0, 51, '2016-05-17 18:22:33', 2, NULL, NULL),
(14, 18, 1, '2016-05-17 13:48:31', 7, '16/DO-SLS/V/7', NULL, 2, 3, 1, 2, 2100, NULL, NULL, NULL, NULL, NULL, 0, 0, 52, '2016-05-17 18:23:01', 2, NULL, NULL),
(14, 18, 1, '2016-05-17 13:48:31', 7, '16/DO-SLS/V/7', NULL, 2, 3, 1, 2, 2100, NULL, NULL, NULL, NULL, NULL, 0, 0, 53, '2016-05-17 18:23:10', 2, NULL, NULL),
(13, 26, NULL, '2016-05-13 15:47:50', 6, '16/DO-SLS/V/6', '', 12, 3, 4, 5, 1033, NULL, NULL, NULL, NULL, NULL, 0, 0, 54, '2016-05-18 05:45:06', 12, '2016-05-17 08:41:49', NULL),
(8, 8, 1, '2016-03-14 09:00:19', 1, '16/DO-SLS/III/1', '', 1, 1, 1, 1, 360, NULL, NULL, '', NULL, NULL, 0, 0, 55, '2016-05-18 05:45:37', 1, NULL, NULL),
(8, 8, 1, '2016-03-14 09:00:19', 1, '16/DO-SLS/III/1', '', 1, 1, 1, 1, 360, NULL, NULL, '', NULL, NULL, 0, 0, 56, '2016-05-18 05:49:18', 1, '2016-05-18 00:45:37', NULL),
(8, 8, 1, '2016-03-14 09:00:19', 1, '16/DO-SLS/III/1', '', 1, 1, 1, 1, 360, NULL, NULL, '', NULL, NULL, 0, 0, 57, '2016-05-18 05:49:31', 1, '2016-05-18 00:49:18', NULL),
(8, 8, 1, '2016-03-14 09:00:19', 1, '16/DO-SLS/III/1', '', 1, 1, 1, 1, 360, NULL, NULL, '', NULL, NULL, 0, 0, 58, '2016-05-18 05:50:05', 1, '2016-05-18 00:49:31', NULL),
(8, 8, 1, '2016-03-14 09:00:19', 1, '16/DO-SLS/III/1', '', 1, 1, 1, 1, 360, NULL, NULL, '', NULL, NULL, 0, 0, 59, '2016-05-18 05:50:20', 1, '2016-05-18 00:50:05', NULL),
(8, 8, 1, '2016-03-14 09:00:19', 1, '16/DO-SLS/III/1', '', 1, 1, 1, 1, 360, NULL, NULL, '', NULL, NULL, 0, 0, 60, '2016-05-18 05:50:27', 1, '2016-05-18 00:50:20', NULL),
(8, 8, 1, '2016-03-14 09:00:19', 1, '16/DO-SLS/III/1', '', 1, 1, 1, 1, 360, NULL, NULL, '', NULL, NULL, 0, 0, 61, '2016-05-18 05:51:18', 1, '2016-05-18 00:50:27', NULL),
(8, 8, 1, '2016-03-14 09:00:19', 1, '16/DO-SLS/III/1', '', 1, 1, 1, 1, 360, NULL, NULL, '', NULL, NULL, 0, 0, 62, '2016-05-18 05:51:29', 1, '2016-05-18 00:51:18', NULL),
(8, 8, 1, '2016-03-14 09:00:19', 1, '16/DO-SLS/III/1', '', 1, 1, 1, 1, 360, NULL, NULL, '', NULL, NULL, 0, 0, 63, '2016-05-22 12:25:40', 1, '2016-05-18 00:51:29', NULL),
(14, 18, 1, '2016-05-17 13:48:31', 7, '16/DO-SLS/V/7', NULL, 2, 3, 1, 2, 2100, NULL, NULL, NULL, NULL, NULL, 0, 0, 64, '2016-05-22 12:26:05', 2, '2016-05-17 13:23:10', NULL),
(12, 0, 3, '2016-05-13 14:20:28', 5, '16/DO-SLS/V/5', 'gfdfbgdfged', 12, 5, 4, 2, 0, NULL, NULL, NULL, NULL, NULL, 0, 0, 65, '2016-05-22 12:26:10', 12, NULL, 1),
(11, 24, 3, '2016-04-14 16:09:59', 4, '16/DO-SLS/IV/4', '', 4, 1, 1, 1, 50, NULL, NULL, NULL, NULL, NULL, 0, 0, 66, '2016-05-22 12:26:13', 4, '2016-05-17 08:13:13', 1),
(10, 23, 3, '2016-04-14 15:59:52', 3, '16/DO-SLS/IV/3', 'OS 320650', 4, 2, 4, 3, 0, NULL, NULL, NULL, NULL, NULL, 0, 0, 67, '2016-05-22 12:26:16', 4, NULL, NULL),
(9, 10, 3, '2016-03-29 18:18:46', 2, '16/DO-SLS/III/2', '', 3, 2, 2, 2, 0, NULL, NULL, NULL, NULL, NULL, 0, 0, 68, '2016-05-22 12:26:19', 3, NULL, NULL),
(8, 8, 1, '2016-03-14 09:00:19', 1, '16/DO-SLS/III/1', '', 1, 1, 1, 1, 360, NULL, NULL, '', NULL, NULL, 0, 0, 69, '2016-05-22 12:26:21', 1, '2016-05-22 07:25:40', NULL),
(8, 8, NULL, '2016-03-14 09:00:19', 1, '16/DO-SLS/III/1', '', 1, 1, 1, 1, 360, NULL, NULL, '', NULL, NULL, 0, 0, 70, '2016-05-22 12:26:33', 1, '2016-05-22 07:25:40', NULL),
(14, 18, NULL, '2016-05-17 13:48:31', 7, '16/DO-SLS/V/7', NULL, 2, 3, 1, 2, 2100, NULL, NULL, NULL, NULL, NULL, 0, 0, 71, '2016-05-22 12:30:13', 2, '2016-05-17 13:23:10', NULL),
(9, 10, NULL, '2016-03-29 18:18:46', 2, '16/DO-SLS/III/2', '', 3, 2, 2, 2, 0, NULL, NULL, NULL, NULL, NULL, 0, 0, 72, '2016-05-22 12:30:23', 3, NULL, NULL),
(15, 27, NULL, '2016-05-22 12:38:17', 8, '16/DO-SLS/V/8', NULL, 2, 1, 1, 2, 0, NULL, NULL, NULL, NULL, NULL, 0, 0, 73, '2016-05-22 12:52:51', 2, NULL, NULL),
(15, 27, NULL, '2016-05-22 12:38:17', 8, '16/DO-SLS/V/8', NULL, 2, 1, 1, 2, 0, NULL, NULL, NULL, NULL, NULL, 0, 0, 74, '2016-05-22 12:53:34', 2, '2016-05-22 07:52:51', NULL),
(15, 27, NULL, '2016-05-22 12:38:17', 8, '16/DO-SLS/V/8', NULL, 2, 1, 1, 2, 0, NULL, NULL, NULL, NULL, NULL, 0, 0, 75, '2016-05-22 12:54:17', 2, '2016-05-22 07:53:34', NULL),
(15, 27, NULL, '2016-05-22 12:38:17', 8, '16/DO-SLS/V/8', NULL, 2, 1, 1, 2, 0, NULL, NULL, NULL, NULL, NULL, 0, 0, 76, '2016-05-22 12:54:39', 2, '2016-05-22 07:54:17', NULL),
(15, 27, NULL, '2016-05-22 12:38:17', 8, '16/DO-SLS/V/8', NULL, 2, 1, 1, 2, 0, NULL, NULL, NULL, NULL, NULL, 0, 0, 77, '2016-05-22 12:56:24', 2, '2016-05-22 07:54:39', NULL),
(15, 27, NULL, '2016-05-22 12:38:17', 8, '16/DO-SLS/V/8', NULL, 2, 1, 1, 2, 0, NULL, NULL, NULL, NULL, NULL, 0, 0, 78, '2016-05-22 12:58:50', 2, '2016-05-22 07:56:24', NULL),
(15, 27, NULL, '2016-05-22 12:38:17', 8, '16/DO-SLS/V/8', NULL, 2, 1, 1, 2, 0, NULL, NULL, NULL, NULL, NULL, 0, 0, 79, '2016-05-22 12:59:40', 2, '2016-05-22 07:58:50', NULL),
(15, 27, NULL, '2016-05-22 12:38:17', 8, '16/DO-SLS/V/8', NULL, 2, 1, 1, 2, 0, NULL, NULL, NULL, NULL, NULL, 0, 0, 80, '2016-05-22 13:03:23', 2, '2016-05-22 07:59:40', NULL),
(15, 27, NULL, '2016-05-22 12:38:17', 8, '16/DO-SLS/V/8', NULL, 2, 1, 1, 2, 0, NULL, NULL, NULL, NULL, NULL, 0, 0, 81, '2016-05-22 13:04:02', 2, '2016-05-22 08:03:23', NULL),
(15, 27, NULL, '2016-05-22 12:38:17', 8, '16/DO-SLS/V/8', NULL, 2, 1, 1, 2, 0, NULL, NULL, NULL, NULL, NULL, 0, 0, 82, '2016-05-22 13:05:15', 2, '2016-05-22 08:04:02', NULL),
(15, 27, NULL, '2016-05-22 12:38:17', 8, '16/DO-SLS/V/8', NULL, 2, 1, 1, 2, 0, NULL, NULL, NULL, NULL, NULL, 0, 0, 83, '2016-05-22 13:05:40', 2, '2016-05-22 08:05:15', NULL),
(15, 27, NULL, '2016-05-22 12:38:17', 8, '16/DO-SLS/V/8', NULL, 2, 1, 1, 2, 0, NULL, NULL, NULL, NULL, NULL, 0, 0, 84, '2016-05-22 13:05:56', 2, '2016-05-22 08:05:40', NULL),
(15, 27, NULL, '2016-05-22 12:38:17', 8, '16/DO-SLS/V/8', NULL, 2, 1, 1, 2, 0, NULL, NULL, NULL, NULL, NULL, 0, 0, 85, '2016-05-22 13:06:02', 2, '2016-05-22 08:05:56', NULL),
(15, 27, NULL, '2016-05-22 12:38:17', 8, '16/DO-SLS/V/8', NULL, 2, 1, 1, 2, 0, NULL, NULL, NULL, NULL, NULL, 0, 0, 86, '2016-05-22 13:06:28', 2, '2016-05-22 08:06:02', NULL),
(15, 27, NULL, '2016-05-22 12:38:17', 8, '16/DO-SLS/V/8', NULL, 2, 1, 1, 2, 0, NULL, NULL, NULL, NULL, NULL, 0, 0, 87, '2016-05-22 13:09:02', 2, '2016-05-22 08:06:28', NULL),
(15, 27, NULL, '2016-05-22 12:38:17', 8, '16/DO-SLS/V/8', NULL, 2, 1, 1, 2, 0, NULL, NULL, NULL, NULL, NULL, 0, 0, 88, '2016-05-22 13:10:26', 2, '2016-05-22 08:09:02', NULL),
(15, 27, NULL, '2016-05-22 12:38:17', 8, '16/DO-SLS/V/8', NULL, 2, 1, 1, 2, 0, NULL, NULL, NULL, NULL, NULL, 0, 0, 89, '2016-05-22 13:16:22', 2, '2016-05-22 08:10:26', NULL),
(15, 27, NULL, '2016-05-22 12:38:17', 8, '16/DO-SLS/V/8', NULL, 2, 1, 1, 2, 0, NULL, NULL, NULL, NULL, NULL, 0, 0, 90, '2016-05-22 13:17:27', 2, '2016-05-22 08:16:22', NULL),
(15, 27, NULL, '2016-05-22 12:38:17', 8, '16/DO-SLS/V/8', NULL, 2, 1, 1, 2, 0, NULL, NULL, NULL, NULL, NULL, 0, 0, 91, '2016-05-22 13:17:35', 2, '2016-05-22 08:17:27', NULL),
(15, 27, NULL, '2016-05-22 12:38:17', 8, '16/DO-SLS/V/8', NULL, 2, 1, 1, 2, 0, NULL, NULL, NULL, NULL, NULL, 0, 0, 92, '2016-05-22 13:17:43', 2, '2016-05-22 08:17:35', NULL),
(15, 27, NULL, '2016-05-22 12:38:17', 8, '16/DO-SLS/V/8', NULL, 2, 1, 1, 2, 0, NULL, NULL, NULL, NULL, NULL, 0, 0, 93, '2016-05-22 13:18:58', 2, '2016-05-22 08:17:43', NULL),
(15, 27, NULL, '2016-05-22 12:38:17', 8, '16/DO-SLS/V/8', NULL, 2, 1, 1, 2, 0, NULL, NULL, NULL, NULL, NULL, 0, 0, 94, '2016-05-22 13:19:26', 2, '2016-05-22 08:18:58', NULL),
(15, 27, NULL, '2016-05-22 12:38:17', 8, '16/DO-SLS/V/8', NULL, 2, 1, 1, 2, 0, NULL, NULL, NULL, NULL, NULL, 0, 0, 95, '2016-05-22 13:19:40', 2, '2016-05-22 08:19:26', NULL),
(15, 27, NULL, '2016-05-22 12:38:17', 8, '16/DO-SLS/V/8', NULL, 2, 1, 1, 2, 0, NULL, NULL, NULL, NULL, NULL, 0, 0, 96, '2016-05-22 13:20:28', 2, '2016-05-22 08:19:40', NULL),
(15, 27, NULL, '2016-05-22 12:38:17', 8, '16/DO-SLS/V/8', NULL, 2, 1, 1, 2, 0, NULL, NULL, NULL, NULL, NULL, 0, 0, 97, '2016-05-22 13:22:02', 2, '2016-05-22 08:20:28', NULL),
(15, 27, NULL, '2016-05-22 12:38:17', 8, '16/DO-SLS/V/8', NULL, 2, 1, 1, 2, 0, NULL, NULL, NULL, NULL, NULL, 0, 0, 98, '2016-05-22 13:22:17', 2, '2016-05-22 08:22:02', NULL),
(15, 27, NULL, '2016-05-22 12:38:17', 8, '16/DO-SLS/V/8', NULL, 2, 1, 1, 2, 0, NULL, NULL, NULL, NULL, NULL, 0, 0, 99, '2016-05-22 13:23:16', 2, '2016-05-22 08:22:17', NULL),
(15, 27, NULL, '2016-05-22 12:38:17', 8, '16/DO-SLS/V/8', NULL, 2, 1, 1, 2, 0, NULL, NULL, NULL, NULL, NULL, 0, 0, 100, '2016-05-22 13:24:06', 2, '2016-05-22 08:23:16', NULL),
(15, 27, NULL, '2016-05-22 12:38:17', 8, '16/DO-SLS/V/8', NULL, 2, 1, 1, 2, 0, NULL, NULL, NULL, NULL, NULL, 0, 0, 101, '2016-05-22 13:24:10', 2, '2016-05-22 08:23:16', NULL),
(15, 27, NULL, '2016-05-22 12:38:17', 8, '16/DO-SLS/V/8', NULL, 2, 1, 1, 2, 0, NULL, NULL, NULL, NULL, NULL, 0, 0, 102, '2016-05-22 13:25:04', 2, '2016-05-22 08:24:10', NULL),
(16, 8, NULL, '2016-05-22 13:35:31', 9, '16/DO-SLS/V/9', NULL, 2, 3, 2, 3, 0, NULL, NULL, NULL, NULL, NULL, 0, 0, 103, '2016-05-22 13:36:04', 2, NULL, NULL),
(15, 27, NULL, '2016-05-22 12:38:17', 8, '16/DO-SLS/V/8', NULL, 2, 1, 1, 2, 0, NULL, NULL, NULL, NULL, NULL, 0, 0, 104, '2016-05-22 14:07:51', 2, '2016-05-22 08:25:04', NULL),
(15, 27, NULL, '2016-05-22 12:38:17', 8, '16/DO-SLS/V/8', NULL, 2, 1, 1, 2, 0, NULL, NULL, NULL, NULL, NULL, 0, 0, 105, '2016-05-22 14:09:05', 2, '2016-05-22 09:07:51', NULL),
(15, 27, NULL, '2016-05-22 12:38:17', 8, '16/DO-SLS/V/8', NULL, 2, 1, 1, 2, 0, NULL, NULL, NULL, NULL, NULL, 0, 0, 106, '2016-05-22 14:09:36', 2, '2016-05-22 09:09:05', NULL),
(15, 27, NULL, '2016-05-22 12:38:17', 8, '16/DO-SLS/V/8', NULL, 2, 1, 1, 2, 0, NULL, NULL, NULL, NULL, NULL, 0, 0, 107, '2016-05-22 14:10:34', 2, '2016-05-22 09:09:36', NULL),
(16, 8, NULL, '2016-05-22 13:35:31', 9, '16/DO-SLS/V/9', NULL, 2, 3, 2, 3, 0, NULL, NULL, NULL, NULL, NULL, 0, 0, 108, '2016-05-22 14:10:42', 2, '2016-05-22 08:36:04', NULL),
(16, 8, NULL, '2016-05-22 13:35:31', 9, '16/DO-SLS/V/9', NULL, 2, 3, 2, 3, 0, NULL, NULL, NULL, NULL, NULL, 0, 0, 109, '2016-05-22 14:11:13', 2, '2016-05-22 09:10:42', NULL),
(15, 27, NULL, '2016-05-22 12:38:17', 8, '16/DO-SLS/V/8', NULL, 2, 1, 1, 2, 0, NULL, NULL, NULL, NULL, NULL, 0, 0, 110, '2016-05-22 14:11:14', 2, '2016-05-22 09:10:34', NULL),
(16, 8, NULL, '2016-05-22 13:35:31', 9, '16/DO-SLS/V/9', NULL, 2, 3, 2, 3, 0, NULL, NULL, NULL, NULL, NULL, 0, 0, 111, '2016-05-22 14:12:34', 2, '2016-05-22 09:11:13', NULL),
(16, 8, NULL, '2016-05-22 13:35:31', 9, '16/DO-SLS/V/9', NULL, 2, 3, 2, 3, 0, NULL, NULL, NULL, NULL, NULL, 0, 0, 112, '2016-05-22 14:13:20', 2, '2016-05-22 09:12:34', NULL),
(16, 8, NULL, '2016-05-22 13:35:31', 9, '16/DO-SLS/V/9', NULL, 2, 3, 2, 3, 0, NULL, NULL, NULL, NULL, NULL, 0, 0, 113, '2016-05-22 14:14:04', 2, '2016-05-22 09:13:20', NULL),
(16, 8, NULL, '2016-05-22 13:35:31', 9, '16/DO-SLS/V/9', NULL, 2, 3, 2, 3, 0, NULL, NULL, NULL, NULL, NULL, 0, 0, 114, '2016-05-22 14:14:23', 2, '2016-05-22 09:14:04', NULL),
(16, 8, NULL, '2016-05-22 13:35:31', 9, '16/DO-SLS/V/9', NULL, 2, 3, 2, 3, 0, NULL, NULL, NULL, NULL, NULL, 0, 0, 115, '2016-05-22 14:15:05', 2, '2016-05-22 09:14:23', NULL),
(16, 8, NULL, '2016-05-22 13:35:31', 9, '16/DO-SLS/V/9', NULL, 2, 3, 2, 3, 0, NULL, NULL, NULL, NULL, NULL, 0, 0, 116, '2016-05-22 14:15:44', 2, '2016-05-22 09:15:05', NULL),
(16, 8, NULL, '2016-05-22 13:35:31', 9, '16/DO-SLS/V/9', NULL, 2, 3, 2, 3, 0, NULL, NULL, NULL, NULL, NULL, 0, 0, 117, '2016-05-22 14:15:50', 2, '2016-05-22 09:15:44', NULL),
(16, 8, NULL, '2016-05-22 13:35:31', 9, '16/DO-SLS/V/9', NULL, 2, 3, 2, 3, 0, NULL, NULL, NULL, NULL, NULL, 0, 0, 118, '2016-05-22 14:16:15', 2, '2016-05-22 09:15:50', NULL),
(16, 8, NULL, '2016-05-22 13:35:31', 9, '16/DO-SLS/V/9', NULL, 2, 3, 2, 3, 0, NULL, NULL, NULL, NULL, NULL, 0, 0, 119, '2016-05-22 14:18:36', 2, '2016-05-22 09:16:14', NULL),
(16, 8, NULL, '2016-05-22 13:35:31', 9, '16/DO-SLS/V/9', NULL, 2, 3, 2, 3, 0, NULL, NULL, NULL, NULL, NULL, 0, 0, 120, '2016-05-22 14:22:06', 2, '2016-05-22 09:18:36', NULL),
(16, 8, NULL, '2016-05-22 13:35:31', 9, '16/DO-SLS/V/9', NULL, 2, 3, 2, 3, 0, NULL, NULL, NULL, NULL, NULL, 0, 0, 121, '2016-05-22 14:23:13', 2, '2016-05-22 09:22:06', NULL),
(16, 8, NULL, '2016-05-22 13:35:31', 9, '16/DO-SLS/V/9', NULL, 2, 3, 2, 3, 0, NULL, NULL, NULL, NULL, NULL, 0, 0, 122, '2016-05-22 14:23:22', 2, '2016-05-22 09:23:13', NULL),
(16, 8, NULL, '2016-05-22 13:35:31', 9, '16/DO-SLS/V/9', NULL, 2, 3, 2, 3, 0, NULL, NULL, NULL, NULL, NULL, 0, 0, 123, '2016-05-22 14:23:42', 2, '2016-05-22 09:23:22', NULL),
(15, 27, NULL, '2016-05-22 12:38:17', 8, '16/DO-SLS/V/8', NULL, 2, 1, 1, 2, 0, NULL, NULL, NULL, NULL, NULL, 0, 0, 124, '2016-05-22 16:04:31', 2, '2016-05-22 09:11:14', NULL),
(16, 8, NULL, '2016-05-22 13:35:31', 9, '16/DO-SLS/V/9', NULL, 2, 3, 2, 3, 0, NULL, NULL, NULL, NULL, NULL, 0, 0, 125, '2016-05-22 16:04:33', 2, '2016-05-22 09:23:42', NULL),
(18, 14, NULL, '2016-05-22 16:05:18', 11, '16/DO-SLS/V/11', NULL, 2, 1, 1, 1, 0, NULL, NULL, NULL, NULL, NULL, 0, 0, 126, '2016-05-22 16:15:05', 2, NULL, NULL),
(18, 14, NULL, '2016-05-22 16:05:18', 11, '16/DO-SLS/V/11', NULL, 2, 1, 1, 1, 90, NULL, NULL, NULL, NULL, NULL, 0, 0, 127, '2016-05-22 16:15:49', 2, NULL, NULL),
(18, 14, NULL, '2016-05-22 16:05:18', 11, '16/DO-SLS/V/11', NULL, 2, 1, 1, 1, 90, NULL, NULL, NULL, NULL, NULL, 0, 0, 128, '2016-05-22 16:16:39', 2, NULL, NULL),
(18, 14, NULL, '2016-05-22 16:05:18', 11, '16/DO-SLS/V/11', NULL, 2, 1, 1, 1, 90, NULL, NULL, NULL, NULL, NULL, 0, 0, 129, '2016-05-22 16:19:56', 2, NULL, NULL),
(18, 14, NULL, '2016-05-22 16:05:18', 11, '16/DO-SLS/V/11', NULL, 2, 1, 1, 1, 90, NULL, NULL, NULL, NULL, NULL, 0, 0, 130, '2016-05-22 19:59:22', 2, '2016-05-22 11:19:56', NULL),
(14, 18, NULL, '2016-05-17 13:48:31', 7, '16/DO-SLS/V/7', NULL, 2, 3, 1, 2, 2100, NULL, NULL, NULL, NULL, NULL, 0, 0, 131, '2016-05-22 19:59:58', 2, '2016-05-17 13:23:10', NULL),
(18, 14, NULL, '2016-05-22 16:05:18', 11, '16/DO-SLS/V/11', NULL, 2, 1, 1, 1, 90, NULL, NULL, NULL, NULL, NULL, 0, 0, 132, '2016-05-22 20:06:31', 2, '2016-05-22 14:59:22', NULL),
(14, 18, NULL, '2016-05-17 13:48:31', 7, '16/DO-SLS/V/7', NULL, 2, 3, 1, 2, 2100, NULL, NULL, NULL, NULL, NULL, 0, 0, 133, '2016-05-22 20:11:09', 2, '2016-05-22 14:59:58', NULL),
(14, 18, NULL, '2016-05-17 13:48:31', 7, '16/DO-SLS/V/7', NULL, 2, 3, 1, 2, 2100, NULL, NULL, NULL, NULL, NULL, 0, 0, 134, '2016-05-22 20:11:22', 2, '2016-05-22 15:11:09', NULL),
(18, 14, NULL, '2016-05-22 16:05:18', 11, '16/DO-SLS/V/11', NULL, 2, 1, 1, 1, 90, NULL, NULL, NULL, NULL, NULL, 0, 0, 135, '2016-05-22 20:11:26', 2, '2016-05-22 15:06:31', NULL),
(18, 14, NULL, '2016-05-22 16:05:18', 11, '16/DO-SLS/V/11', NULL, 2, 1, 1, 1, 90, NULL, NULL, NULL, NULL, NULL, 0, 0, 136, '2016-05-22 20:15:24', 2, '2016-05-22 15:11:26', NULL),
(18, 14, NULL, '2016-05-22 16:05:18', 11, '16/DO-SLS/V/11', NULL, 2, 1, 1, 1, 90, NULL, NULL, NULL, NULL, NULL, 0, 0, 137, '2016-05-22 20:16:13', 2, '2016-05-22 15:15:24', NULL),
(18, 14, NULL, '2016-05-22 16:05:18', 11, '16/DO-SLS/V/11', NULL, 2, 1, 1, 1, 90, NULL, NULL, NULL, NULL, NULL, 0, 0, 138, '2016-05-22 20:17:30', 2, '2016-05-22 15:16:13', NULL),
(18, 14, NULL, '2016-05-22 16:05:18', 11, '16/DO-SLS/V/11', NULL, 2, 1, 1, 1, 90, NULL, NULL, NULL, NULL, NULL, 0, 0, 139, '2016-05-22 20:21:39', 2, '2016-05-22 15:17:30', NULL),
(18, 14, NULL, '2016-05-22 16:05:18', 11, '16/DO-SLS/V/11', NULL, 2, 1, 1, 1, 90, NULL, NULL, NULL, NULL, NULL, 0, 0, 140, '2016-05-22 20:21:55', 2, '2016-05-22 15:21:39', NULL),
(18, 14, NULL, '2016-05-22 16:05:18', 11, '16/DO-SLS/V/11', NULL, 2, 1, 1, 1, 90, NULL, NULL, NULL, NULL, NULL, 0, 0, 141, '2016-05-22 20:22:23', 2, '2016-05-22 15:21:55', NULL),
(18, 14, NULL, '2016-05-22 16:05:18', 11, '16/DO-SLS/V/11', NULL, 2, 1, 1, 1, 90, NULL, NULL, NULL, NULL, NULL, 0, 0, 142, '2016-05-22 20:22:44', 2, '2016-05-22 15:21:55', NULL),
(18, 14, NULL, '2016-05-22 16:05:18', 11, '16/DO-SLS/V/11', NULL, 2, 1, 1, 1, 90, NULL, NULL, NULL, NULL, NULL, 0, 0, 143, '2016-05-22 20:23:17', 2, '2016-05-22 15:21:55', NULL),
(18, 14, NULL, '2016-05-22 16:05:18', 11, '16/DO-SLS/V/11', NULL, 2, 1, 1, 1, 90, NULL, NULL, NULL, NULL, NULL, 0, 0, 144, '2016-05-22 20:23:53', 2, '2016-05-22 15:23:17', NULL),
(18, 14, NULL, '2016-05-22 16:05:18', 11, '16/DO-SLS/V/11', NULL, 2, 1, 1, 1, 90, NULL, NULL, NULL, NULL, NULL, 0, 0, 145, '2016-05-22 20:32:56', 2, '2016-05-22 15:23:53', NULL),
(18, 14, NULL, '2016-05-22 16:05:18', 11, '16/DO-SLS/V/11', NULL, 2, 1, 1, 1, 90, NULL, NULL, NULL, NULL, NULL, 0, 0, 146, '2016-05-22 20:33:41', 2, '2016-05-22 15:32:56', NULL),
(18, 14, NULL, '2016-05-22 16:05:18', 11, '16/DO-SLS/V/11', NULL, 2, 1, 1, 1, 90, NULL, NULL, NULL, NULL, NULL, 0, 0, 147, '2016-05-22 20:34:13', 2, '2016-05-22 15:33:41', NULL),
(18, 14, NULL, '2016-05-22 16:05:18', 11, '16/DO-SLS/V/11', NULL, 2, 1, 1, 1, 90, NULL, NULL, NULL, NULL, NULL, 0, 0, 148, '2016-05-22 20:36:51', 2, '2016-05-22 15:34:13', NULL),
(18, 14, NULL, '2016-05-22 16:05:18', 11, '16/DO-SLS/V/11', NULL, 2, 1, 1, 1, 90, NULL, NULL, NULL, NULL, NULL, 0, 0, 149, '2016-05-22 20:43:55', 2, '2016-05-22 15:36:51', NULL),
(18, 14, NULL, '2016-05-22 16:05:18', 11, '16/DO-SLS/V/11', NULL, 2, 1, 1, 1, 90, NULL, NULL, NULL, NULL, NULL, 0, 0, 150, '2016-05-22 20:44:27', 2, '2016-05-22 15:43:55', NULL),
(18, 14, NULL, '2016-05-22 16:05:18', 11, '16/DO-SLS/V/11', NULL, 2, 1, 1, 1, 90, NULL, NULL, NULL, NULL, NULL, 0, 0, 151, '2016-05-22 20:44:43', 2, '2016-05-22 15:44:27', NULL),
(14, 18, NULL, '2016-05-17 13:48:31', 7, '16/DO-SLS/V/7', NULL, 2, 3, 1, 2, 2100, NULL, NULL, NULL, NULL, NULL, 0, 0, 152, '2016-05-22 20:44:55', 2, '2016-05-22 15:11:22', NULL),
(14, 18, NULL, '2016-05-17 13:48:31', 7, '16/DO-SLS/V/7', NULL, 2, 3, 1, 2, 2100, NULL, NULL, NULL, NULL, NULL, 0, 0, 153, '2016-05-22 20:44:58', 2, '2016-05-22 15:44:55', NULL),
(18, 14, NULL, '2016-05-22 16:05:18', 11, '16/DO-SLS/V/11', NULL, 2, 1, 1, 1, 90, NULL, NULL, NULL, NULL, NULL, 0, 0, 154, '2016-05-22 20:45:14', 2, '2016-05-22 15:44:43', NULL),
(20, 15, NULL, '2016-05-23 00:46:25', 13, '16/DO-SLS/V/13', NULL, 3, 2, 2, 3, 0, NULL, NULL, NULL, NULL, NULL, 0, 0, 155, '2016-05-23 00:48:25', 3, NULL, NULL),
(20, 15, NULL, '2016-05-23 00:46:25', 13, '16/DO-SLS/V/13', NULL, 3, 2, 2, 3, 0, NULL, NULL, NULL, NULL, NULL, 0, 0, 156, '2016-05-23 00:49:09', 3, NULL, NULL),
(20, 15, NULL, '2016-05-23 00:46:25', 13, '16/DO-SLS/V/13', NULL, 3, 2, 2, 3, 0, NULL, NULL, NULL, NULL, NULL, 0, 0, 157, '2016-05-23 01:33:45', 3, NULL, NULL),
(20, 15, NULL, '2016-05-23 00:46:25', 13, '16/DO-SLS/V/13', NULL, 3, 2, 2, 3, 0, NULL, NULL, NULL, NULL, NULL, 0, 0, 158, '2016-05-23 01:53:58', 3, NULL, NULL),
(20, 15, NULL, '2016-05-23 00:46:25', 13, '16/DO-SLS/V/13', 'xxx', 3, 2, 2, 3, 0, NULL, NULL, NULL, NULL, NULL, 0, 0, 159, '2016-05-23 01:53:58', 3, NULL, NULL),
(20, 15, NULL, '2016-05-23 00:46:25', 13, '16/DO-SLS/V/13', 'xxx', 3, 2, 2, 3, 0, NULL, NULL, NULL, NULL, NULL, 0, 1, 160, '2016-05-23 01:55:59', 3, NULL, NULL),
(20, 15, NULL, '2016-05-23 00:46:25', 13, '16/DO-SLS/V/13', 'xxxsss', 3, 2, 2, 3, 0, NULL, NULL, NULL, NULL, NULL, 0, 1, 161, '2016-05-23 01:55:59', 3, NULL, NULL),
(18, 14, NULL, '2016-05-22 16:05:18', 11, '16/DO-SLS/V/11', NULL, 2, 1, 1, 1, 90, NULL, NULL, NULL, NULL, NULL, 0, 0, 162, '2016-05-23 14:59:22', 2, '2016-05-22 15:44:43', NULL),
(11, 24, NULL, '2016-04-14 16:09:59', 4, '16/DO-SLS/IV/4', '', 4, 1, 1, 1, 50, NULL, NULL, NULL, NULL, NULL, 0, 0, 163, '2016-05-23 15:00:51', 4, '2016-05-17 08:13:13', 1),
(21, 12, NULL, '2016-05-23 15:04:24', 14, '16/DO-SLS/V/14', NULL, 2, 1, 1, 1, 0, NULL, NULL, NULL, NULL, NULL, 0, 0, 164, '2016-05-23 15:04:40', 2, NULL, NULL),
(21, 12, NULL, '2016-05-23 15:04:24', 14, '16/DO-SLS/V/14', NULL, 2, 1, 1, 1, 1011, NULL, NULL, NULL, NULL, NULL, 0, 0, 165, '2016-05-23 15:04:59', 2, NULL, NULL),
(21, 12, NULL, '2016-05-23 15:04:24', 14, '16/DO-SLS/V/14', NULL, 2, 1, 1, 1, 1011, NULL, NULL, NULL, NULL, NULL, 0, 0, 166, '2016-05-23 15:11:08', 2, '2016-05-23 10:04:59', NULL),
(21, 12, NULL, '2016-05-23 15:04:24', 14, '16/DO-SLS/V/14', NULL, 2, 1, 1, 1, 1011, NULL, NULL, NULL, NULL, NULL, 0, 0, 167, '2016-05-23 15:36:55', 2, '2016-05-23 10:11:08', NULL),
(20, 15, NULL, '2016-05-23 00:46:25', 13, '16/DO-SLS/V/13', 'xxxsss', 3, 2, 2, 3, 0, NULL, NULL, NULL, NULL, NULL, 0, 2, 168, '2016-05-23 15:39:13', 3, NULL, NULL),
(22, 16, NULL, '2016-05-28 11:20:11', 15, '16/DO-SLS/15', NULL, 2, 2, 1, 3, 0, NULL, NULL, NULL, NULL, NULL, 0, 0, 169, '2016-05-28 11:20:17', 2, NULL, NULL),
(22, 16, NULL, '2016-05-28 11:20:11', 15, '16/DO-SLS/15', NULL, 2, 2, 1, 3, 0, NULL, NULL, NULL, NULL, NULL, 0, 0, 170, '2016-05-28 11:20:45', 2, NULL, NULL),
(23, 17, NULL, '2016-05-28 11:36:56', 16, '16/DO-SLS/16', NULL, 2, 3, 1, 4, 0, NULL, NULL, NULL, NULL, NULL, 0, 0, 171, '2016-05-28 11:37:05', 2, NULL, NULL),
(23, 17, NULL, '2016-05-28 11:36:56', 16, '16/DO-SLS/16', NULL, 2, 3, 1, 4, 2500, NULL, NULL, NULL, NULL, NULL, 0, 0, 172, '2016-05-28 11:37:29', 2, NULL, NULL),
(23, 17, NULL, '2016-05-28 11:36:56', 16, '16/DO-SLS/16', NULL, 2, 3, 1, 4, 2500, NULL, NULL, NULL, NULL, NULL, 0, 0, 173, '2016-05-28 11:42:47', 2, '2016-05-28 06:37:29', NULL),
(23, 17, NULL, '2016-05-28 11:36:56', 16, '16/DO-SLS/16', NULL, 2, 3, 1, 4, 2500, NULL, NULL, NULL, NULL, NULL, 0, 0, 174, '2016-06-01 14:27:27', 2, '2016-05-28 06:42:47', NULL);

-- --------------------------------------------------------

--
-- Struktur dari tabel `kps_delivery_order_confirm`
--

CREATE TABLE `kps_delivery_order_confirm` (
  `KPS_DELIVERY_ORDER_CONFIRM_ID` int(255) NOT NULL,
  `KPS_DO_ID_CONFIRM` int(255) NOT NULL,
  `RECEIVED_DATE` date NOT NULL,
  `RECEIVED_DECISION` varchar(20) NOT NULL,
  `PROBLEM` varchar(255) DEFAULT NULL,
  `NOTE_IF_NG` varchar(255) DEFAULT NULL,
  `KPS_DO_CONFIRM_MADE_BY` int(11) NOT NULL
) ENGINE=InnoDB DEFAULT CHARSET=latin1;

--
-- Dumping data untuk tabel `kps_delivery_order_confirm`
--

INSERT INTO `kps_delivery_order_confirm` (`KPS_DELIVERY_ORDER_CONFIRM_ID`, `KPS_DO_ID_CONFIRM`, `RECEIVED_DATE`, `RECEIVED_DECISION`, `PROBLEM`, `NOTE_IF_NG`, `KPS_DO_CONFIRM_MADE_BY`) VALUES
(14, 13, '2016-05-17', 'OK', 'Blooming', 'Tidak OKE', 2),
(15, 14, '2016-05-19', 'OK', '', '', 2),
(16, 8, '2016-05-17', 'OK', '', '', 2),
(17, 18, '2016-05-17', 'OK', '', '', 2),
(18, 20, '2016-05-24', 'OK', '', '', 3),
(19, 11, '2016-05-24', 'OK', '', '', 2),
(20, 21, '2016-05-12', 'OK', '', '', 2),
(21, 22, '2016-05-30', 'OK', '', '', 2);

-- --------------------------------------------------------

--
-- Struktur dari tabel `kps_delivery_order_detail`
--

CREATE TABLE `kps_delivery_order_detail` (
  `KPS_DELIVERY_ORDER_DETAIL_ID` int(255) NOT NULL,
  `KPS_DELIVERY_ORDER_ID` int(255) NOT NULL,
  `KPS_OUTGOING_FINISHED_GOOD_DETAIL_ID_DO` int(255) NOT NULL,
  `NOTE_DO` mediumtext NOT NULL,
  `status` varchar(32) DEFAULT NULL
) ENGINE=InnoDB DEFAULT CHARSET=latin1;

-- --------------------------------------------------------

--
-- Struktur dari tabel `kps_delivery_order_retur`
--

CREATE TABLE `kps_delivery_order_retur` (
  `KPS_DELIVERY_ORDER_RETUR_ID` int(11) NOT NULL,
  `KPS_DO_RETUR_NO` varchar(250) NOT NULL,
  `OUTGOING_RETUR_PRODUCT_ID_DO` int(11) NOT NULL,
  `KPS_DO_RETUR_DATE` datetime NOT NULL DEFAULT CURRENT_TIMESTAMP,
  `KPS_DO_REV_NO` int(11) NOT NULL,
  `KPS_DO_RETUR_MADE_BY` int(11) NOT NULL,
  `KPS_DO_RETUR_APPROVE_BY` int(11) DEFAULT NULL,
  `KPS_DELIVERY_ORDER_NOTE` longtext
) ENGINE=InnoDB DEFAULT CHARSET=latin1;

--
-- Dumping data untuk tabel `kps_delivery_order_retur`
--

INSERT INTO `kps_delivery_order_retur` (`KPS_DELIVERY_ORDER_RETUR_ID`, `KPS_DO_RETUR_NO`, `OUTGOING_RETUR_PRODUCT_ID_DO`, `KPS_DO_RETUR_DATE`, `KPS_DO_REV_NO`, `KPS_DO_RETUR_MADE_BY`, `KPS_DO_RETUR_APPROVE_BY`, `KPS_DELIVERY_ORDER_NOTE`) VALUES
(1, '16/DO-RTR-SLS/III/1', 1, '2016-03-04 08:00:50', 1, 0, 7, 'oke'),
(2, '16/DO-RTR-SLS/V/2', 2, '2016-05-24 13:36:19', 2, 2, 1, 'oke');

--
-- Trigger `kps_delivery_order_retur`
--
DELIMITER $$
CREATE TRIGGER `DOR_update_record` BEFORE UPDATE ON `kps_delivery_order_retur` FOR EACH ROW INSERT INTO kps_delivery_order_retur_ (
  `KPS_DELIVERY_ORDER_RETUR_ID`, `KPS_DO_RETUR_NO`, `OUTGOING_RETUR_PRODUCT_ID_DO`, `KPS_DO_RETUR_DATE`, `KPS_DO_REV_NO`, `KPS_DO_RETUR_MADE_BY`, `KPS_DO_RETUR_APPROVE_BY`, `KPS_DELIVERY_ORDER_NOTE`, `UPDATE_BY_DOR`
)
VALUE (
 OLD.`KPS_DELIVERY_ORDER_RETUR_ID`, OLD.`KPS_DO_RETUR_NO`, OLD.`OUTGOING_RETUR_PRODUCT_ID_DO`, OLD.`KPS_DO_RETUR_DATE`, OLD.`KPS_DO_REV_NO`, OLD.`KPS_DO_RETUR_MADE_BY`, OLD.`KPS_DO_RETUR_APPROVE_BY`, OLD.`KPS_DELIVERY_ORDER_NOTE`, NEW.`KPS_DO_RETUR_MADE_BY` )
$$
DELIMITER ;

-- --------------------------------------------------------

--
-- Struktur dari tabel `kps_delivery_order_retur_`
--

CREATE TABLE `kps_delivery_order_retur_` (
  `KPS_DELIVERY_ORDER_RETUR_ID` int(11) NOT NULL,
  `KPS_DO_RETUR_NO` varchar(250) NOT NULL,
  `OUTGOING_RETUR_PRODUCT_ID_DO` int(11) NOT NULL,
  `KPS_DO_RETUR_DATE` datetime NOT NULL DEFAULT CURRENT_TIMESTAMP,
  `KPS_DO_REV_NO` int(11) NOT NULL,
  `KPS_DO_RETUR_MADE_BY` int(11) NOT NULL,
  `KPS_DO_RETUR_APPROVE_BY` int(11) DEFAULT NULL,
  `KPS_DELIVERY_ORDER_NOTE` longtext,
  `ID` int(11) NOT NULL,
  `UPDATE_TIME` datetime NOT NULL DEFAULT CURRENT_TIMESTAMP,
  `UPDATE_BY_DOR` int(11) NOT NULL
) ENGINE=InnoDB DEFAULT CHARSET=latin1;

--
-- Dumping data untuk tabel `kps_delivery_order_retur_`
--

INSERT INTO `kps_delivery_order_retur_` (`KPS_DELIVERY_ORDER_RETUR_ID`, `KPS_DO_RETUR_NO`, `OUTGOING_RETUR_PRODUCT_ID_DO`, `KPS_DO_RETUR_DATE`, `KPS_DO_REV_NO`, `KPS_DO_RETUR_MADE_BY`, `KPS_DO_RETUR_APPROVE_BY`, `KPS_DELIVERY_ORDER_NOTE`, `ID`, `UPDATE_TIME`, `UPDATE_BY_DOR`) VALUES
(1, '16/DO-RTR-SLS/III/1', 1, '2016-03-04 08:00:50', 1, 0, 7, 'oke', 1, '2016-05-03 17:25:52', 0),
(1, '16/DO-RTR-SLS/III/1', 2, '2016-03-04 08:00:50', 1, 0, 7, 'oke', 2, '2016-05-03 17:25:58', 0);

-- --------------------------------------------------------

--
-- Struktur dari tabel `kps_delivery_quota`
--

CREATE TABLE `kps_delivery_quota` (
  `KPS_DELIVERY_QUOTA_ID` int(255) NOT NULL,
  `KPS_VEHICLE_ID` int(255) NOT NULL,
  `TOTAL` varchar(100) NOT NULL,
  `STATUS` varchar(50) NOT NULL,
  `TOTAL_STANDARD` varchar(255) DEFAULT NULL,
  `TOTAL_ACTUAL` varchar(255) DEFAULT NULL,
  `TOTAL_VOLUME` varchar(255) DEFAULT NULL,
  `TOTAL_PROFIT` varchar(255) NOT NULL
) ENGINE=InnoDB DEFAULT CHARSET=latin1;

-- --------------------------------------------------------

--
-- Struktur dari tabel `kps_delivery_quota_setup`
--

CREATE TABLE `kps_delivery_quota_setup` (
  `KPS_DELIVERY_QUOTA_SETUP_ID` int(255) NOT NULL,
  `SETUP_DATE` date NOT NULL,
  `DATE` date NOT NULL,
  `NO` varchar(100) NOT NULL,
  `REV_NO` varchar(100) NOT NULL,
  `KPS_VEHICLE_ID` int(255) NOT NULL,
  `SUPPLIER_NAME` varchar(100) NOT NULL,
  `PURCHASE_DATE` date NOT NULL,
  `COST_DELIVERY_LOCAL` varchar(255) NOT NULL,
  `COST_DELIVERY_JABOTABEK` varchar(255) NOT NULL,
  `VOLUME_BOX` varchar(100) NOT NULL,
  `PHOTOS_OF_TRUCK` varchar(150) NOT NULL,
  `NOTE` mediumtext NOT NULL
) ENGINE=InnoDB DEFAULT CHARSET=latin1;

-- --------------------------------------------------------

--
-- Struktur dari tabel `kps_delivery_schedule`
--

CREATE TABLE `kps_delivery_schedule` (
  `KPS_DELIVERY_SCHEDULE_ID` int(255) NOT NULL,
  `DELIVERY_DATE` datetime NOT NULL DEFAULT CURRENT_TIMESTAMP,
  `NO_REV_NO` varchar(100) NOT NULL DEFAULT '',
  `REV_NO` int(11) NOT NULL DEFAULT '0',
  `KPS_BUKTI_PESANAN_ID_DS` varchar(100) DEFAULT NULL,
  `KPS_OS_ID_DS` int(11) DEFAULT NULL,
  `user_made_by_id` int(11) DEFAULT NULL,
  `employee_checked_id` int(11) DEFAULT NULL,
  `TOTAL` varchar(255) NOT NULL DEFAULT '',
  `CHECKED` varchar(100) DEFAULT NULL,
  `MADE_BY` varchar(100) DEFAULT NULL,
  `status_ds` int(11) NOT NULL DEFAULT '0',
  `revisi_no_ds` int(11) NOT NULL DEFAULT '0',
  `DEL_DS` int(11) NOT NULL DEFAULT '0'
) ENGINE=InnoDB DEFAULT CHARSET=latin1;

--
-- Dumping data untuk tabel `kps_delivery_schedule`
--

INSERT INTO `kps_delivery_schedule` (`KPS_DELIVERY_SCHEDULE_ID`, `DELIVERY_DATE`, `NO_REV_NO`, `REV_NO`, `KPS_BUKTI_PESANAN_ID_DS`, `KPS_OS_ID_DS`, `user_made_by_id`, `employee_checked_id`, `TOTAL`, `CHECKED`, `MADE_BY`, `status_ds`, `revisi_no_ds`, `DEL_DS`) VALUES
(2, '2016-02-26 15:31:20', '16/DS-SLS/II/2', 2, '2', NULL, NULL, 1, '10', NULL, NULL, 0, 0, 0),
(4, '2016-02-28 16:16:08', '16/DS-SLS/II/4', 4, '1', NULL, NULL, 1, '720', NULL, NULL, 0, 0, 0),
(9, '2016-02-28 20:24:39', '16/DS-SLS/II/5', 5, '1', 2, NULL, NULL, '123', NULL, NULL, 0, 0, 0),
(10, '2016-03-16 14:10:10', '16/DS-SLS/III/6', 6, '1', NULL, NULL, 1, '190', NULL, NULL, 0, 0, 0),
(11, '2016-03-26 23:26:57', '16/DS-SLS/III/7', 7, '1', 14, NULL, NULL, '0', NULL, NULL, 0, 0, 0),
(12, '2016-03-29 15:32:11', '16/DS-SLS/III/8', 8, '3', NULL, NULL, 2, '960', NULL, NULL, 0, 0, 0),
(13, '2016-03-30 11:55:28', '16/DS-SLS/III/9', 9, '1', 15, NULL, NULL, '0', NULL, NULL, 0, 0, 0),
(14, '2016-03-30 14:29:14', '16/DS-SLS/III/10', 10, '4', NULL, NULL, 0, '0', NULL, NULL, 0, 0, 0),
(15, '2016-03-30 14:29:28', '16/DS-SLS/III/11', 11, '4', NULL, NULL, 2, '100', NULL, NULL, 0, 0, 0),
(16, '2016-04-05 05:46:18', '16/DS-SLS/IV/12', 12, '5', 16, NULL, NULL, '100', NULL, NULL, 0, 0, 0),
(17, '2016-04-05 05:48:32', '16/DS-SLS/IV/13', 13, '5', NULL, NULL, 2, '0', NULL, NULL, 0, 0, 0),
(18, '2016-04-06 06:33:33', '16/DS-SLS/IV/14', 14, '5', 17, NULL, NULL, '0', NULL, NULL, 0, 0, 0),
(19, '2016-04-06 06:49:41', '16/DS-SLS/IV/15', 15, '5', 18, NULL, NULL, '0', NULL, NULL, 0, 0, 0),
(20, '2016-04-06 15:26:40', '16/DS-SLS/IV/16', 16, '5', 19, NULL, NULL, '0', NULL, NULL, 0, 0, 0),
(21, '2016-04-06 15:26:53', '16/DS-SLS/IV/17', 17, '5', 20, NULL, NULL, '0', NULL, NULL, 0, 0, 0),
(22, '2016-04-06 15:27:38', '16/DS-SLS/IV/18', 18, '5', 21, NULL, NULL, '0', NULL, NULL, 0, 0, 0),
(23, '2016-04-06 15:29:29', '16/DS-SLS/IV/19', 19, '', 22, NULL, NULL, '0', NULL, NULL, 0, 0, 0),
(24, '2016-04-06 15:33:56', '16/DS-SLS/IV/20', 20, '5', 23, NULL, NULL, '0', NULL, NULL, 0, 0, 0),
(25, '2016-04-07 17:30:10', '16/DS-SLS/IV/21', 21, '5', 24, NULL, NULL, '1000', NULL, NULL, 0, 0, 0),
(26, '2016-04-07 17:40:38', '16/DS-SLS/IV/22', 22, '5', 25, NULL, NULL, '0', NULL, NULL, 0, 0, 0),
(27, '2016-04-07 22:02:12', '16/DS-SLS/IV/23', 23, NULL, 26, NULL, NULL, '100', NULL, NULL, 0, 0, 0),
(28, '2016-04-07 22:10:05', '16/DS-SLS/IV/24', 24, '6', NULL, NULL, 2, '160', NULL, NULL, 0, 0, 0),
(29, '2016-04-07 22:17:20', '16/DS-SLS/IV/25', 25, NULL, 27, NULL, NULL, '0', NULL, NULL, 0, 0, 0),
(30, '2016-04-08 06:06:40', '16/DS-SLS/IV/26', 26, '7', NULL, NULL, 1, '15001', NULL, NULL, 0, 0, 0),
(31, '2016-04-14 15:18:06', '16/DS-SLS/IV/27', 27, '8', NULL, NULL, 4, '9000', NULL, NULL, 0, 0, 0),
(32, '2016-04-14 16:34:42', '16/DS-SLS/IV/28', 28, NULL, 28, NULL, NULL, '0', NULL, NULL, 0, 0, 0),
(33, '2016-05-13 10:38:00', '16/DS-SLS/V/29', 29, '11', NULL, NULL, 4, '3700', NULL, NULL, 0, 0, 0),
(34, '2016-05-13 15:32:40', '16/DS-SLS/V/30', 30, '12', NULL, NULL, 4, '79', NULL, NULL, 0, 0, 0),
(35, '2016-05-22 12:32:19', '16/DS-SLS/V/31', 31, '13', NULL, NULL, 1, '300', NULL, NULL, 1, 1, 0),
(36, '2016-05-23 16:07:23', '16/DS-SLS/V/32', 32, NULL, 29, NULL, NULL, '0', NULL, NULL, 0, 0, 0),
(37, '2016-05-23 16:09:06', '16/DS-SLS/V/33', 33, NULL, 30, NULL, NULL, '0', NULL, NULL, 0, 0, 0),
(38, '2016-05-25 06:13:00', '16/DS-SLS/V/34', 34, NULL, 31, NULL, NULL, '0', NULL, NULL, 0, 0, 0),
(39, '2016-05-25 06:13:05', '16/DS-SLS/V/35', 35, NULL, 32, NULL, NULL, '0', NULL, NULL, 0, 0, 0),
(40, '2016-05-25 06:36:23', '16/DS-SLS/V/36', 36, NULL, 33, NULL, NULL, '0', NULL, NULL, 0, 0, 0),
(41, '2016-05-25 07:49:41', '16/DS-SLS/V/37', 37, '15', NULL, NULL, 1, '400', NULL, NULL, 0, 0, 0),
(42, '2016-05-25 08:50:57', '16/DS-SLS/V/38', 38, NULL, 34, NULL, NULL, '0', NULL, NULL, 0, 0, 0),
(43, '2016-05-26 08:22:26', '16/DS-SLS/V/39', 39, NULL, 35, NULL, NULL, '0', NULL, NULL, 0, 0, 0),
(44, '2016-05-31 15:07:03', '16/DS-SLS/V/40', 40, '20', NULL, NULL, 1, '50', NULL, NULL, 1, 0, 0),
(45, '2016-06-01 14:21:33', '16/DS-SLS/VI/41', 41, '23', NULL, NULL, 6, '10100', NULL, NULL, 0, 0, 0);

--
-- Trigger `kps_delivery_schedule`
--
DELIMITER $$
CREATE TRIGGER `DS_UPDATE_RECORD` BEFORE UPDATE ON `kps_delivery_schedule` FOR EACH ROW INSERT INTO kps_delivery_schedule_ (
 `KPS_DELIVERY_SCHEDULE_ID`, `DELIVERY_DATE`, `NO_REV_NO`, `REV_NO`, `KPS_BUKTI_PESANAN_ID_DS`, `KPS_OS_ID_DS`, `user_made_by_id`, `employee_checked_id`, `TOTAL`, `CHECKED`, `MADE_BY`, `status_ds`, `revisi_no_ds`, `UPDATE_BY_DS`
)
VALUE (
OLD.`KPS_DELIVERY_SCHEDULE_ID`, OLD.`DELIVERY_DATE`, OLD.`NO_REV_NO`, OLD.`REV_NO`, OLD.`KPS_BUKTI_PESANAN_ID_DS`, OLD.`KPS_OS_ID_DS`, OLD.`user_made_by_id`, OLD.`employee_checked_id`, OLD.`TOTAL`, OLD.`CHECKED`, OLD.`MADE_BY`, OLD.`status_ds`, OLD.`revisi_no_ds`, NEW.`MADE_BY`)
$$
DELIMITER ;

-- --------------------------------------------------------

--
-- Struktur dari tabel `kps_delivery_schedule_`
--

CREATE TABLE `kps_delivery_schedule_` (
  `KPS_DELIVERY_SCHEDULE_ID` int(255) NOT NULL,
  `DELIVERY_DATE` datetime NOT NULL DEFAULT CURRENT_TIMESTAMP,
  `NO_REV_NO` varchar(100) NOT NULL,
  `REV_NO` int(11) NOT NULL,
  `KPS_BUKTI_PESANAN_ID_DS` varchar(100) DEFAULT NULL,
  `KPS_OS_ID_DS` int(11) DEFAULT NULL,
  `user_made_by_id` int(11) DEFAULT NULL,
  `employee_checked_id` int(11) DEFAULT NULL,
  `TOTAL` varchar(255) NOT NULL,
  `CHECKED` varchar(100) DEFAULT NULL,
  `MADE_BY` varchar(100) DEFAULT NULL,
  `status_ds` int(11) NOT NULL DEFAULT '0',
  `revisi_no_ds` int(11) NOT NULL DEFAULT '0',
  `ID` int(11) NOT NULL,
  `UPDATE_TIME` datetime NOT NULL DEFAULT CURRENT_TIMESTAMP,
  `UPDATE_BY_DS` int(11) DEFAULT NULL
) ENGINE=InnoDB DEFAULT CHARSET=latin1;

--
-- Dumping data untuk tabel `kps_delivery_schedule_`
--

INSERT INTO `kps_delivery_schedule_` (`KPS_DELIVERY_SCHEDULE_ID`, `DELIVERY_DATE`, `NO_REV_NO`, `REV_NO`, `KPS_BUKTI_PESANAN_ID_DS`, `KPS_OS_ID_DS`, `user_made_by_id`, `employee_checked_id`, `TOTAL`, `CHECKED`, `MADE_BY`, `status_ds`, `revisi_no_ds`, `ID`, `UPDATE_TIME`, `UPDATE_BY_DS`) VALUES
(2, '2016-02-26 15:31:16', '16/DS-SLS/II/2', 2, '2', NULL, NULL, 1, '10', NULL, NULL, 0, 0, 1, '2016-05-03 14:10:33', NULL),
(4, '2016-02-28 16:16:08', '16/DS-SLS/II/4', 4, '1', NULL, NULL, 1, '720', NULL, NULL, 1, 0, 2, '2016-05-05 21:49:29', NULL),
(33, '2016-05-13 10:38:00', '16/DS-SLS/V/29', 29, '11', NULL, NULL, 4, '0', NULL, NULL, 0, 0, 3, '2016-05-13 10:39:59', NULL),
(33, '2016-05-13 10:38:00', '16/DS-SLS/V/29', 29, '11', NULL, NULL, 4, '0', NULL, NULL, 0, 0, 4, '2016-05-13 10:41:14', NULL),
(33, '2016-05-13 10:38:00', '16/DS-SLS/V/29', 29, '11', NULL, NULL, 4, '0', NULL, NULL, 0, 0, 5, '2016-05-13 10:41:14', NULL),
(33, '2016-05-13 10:38:00', '16/DS-SLS/V/29', 29, '11', NULL, NULL, 4, '300', NULL, NULL, 0, 0, 6, '2016-05-13 10:43:01', NULL),
(33, '2016-05-13 10:38:00', '16/DS-SLS/V/29', 29, '11', NULL, NULL, 4, '300', NULL, NULL, 0, 0, 7, '2016-05-13 10:43:01', NULL),
(33, '2016-05-13 10:38:00', '16/DS-SLS/V/29', 29, '11', NULL, NULL, 4, '3400', NULL, NULL, 0, 0, 8, '2016-05-13 10:43:22', NULL),
(33, '2016-05-13 10:38:00', '16/DS-SLS/V/29', 29, '11', NULL, NULL, 4, '3400', NULL, NULL, 0, 0, 9, '2016-05-13 10:48:38', NULL),
(33, '2016-05-13 10:38:00', '16/DS-SLS/V/29', 29, '11', NULL, NULL, 4, '3400', NULL, NULL, 0, 0, 10, '2016-05-13 10:52:25', NULL),
(33, '2016-05-13 10:38:00', '16/DS-SLS/V/29', 29, '11', NULL, NULL, 4, '3400', NULL, NULL, 0, 0, 11, '2016-05-13 11:01:31', NULL),
(33, '2016-05-13 10:38:00', '16/DS-SLS/V/29', 29, '11', NULL, NULL, 4, '3400', NULL, NULL, 0, 0, 12, '2016-05-13 11:01:35', NULL),
(33, '2016-05-13 10:38:00', '16/DS-SLS/V/29', 29, '11', NULL, NULL, 4, '3400', NULL, NULL, 0, 0, 13, '2016-05-13 11:30:04', NULL),
(33, '2016-05-13 10:38:00', '16/DS-SLS/V/29', 29, '11', NULL, NULL, 4, '3400', NULL, NULL, 0, 0, 14, '2016-05-13 13:30:03', NULL),
(33, '2016-05-13 10:38:00', '16/DS-SLS/V/29', 29, '11', NULL, NULL, 4, '3400', NULL, NULL, 0, 0, 15, '2016-05-13 13:30:47', NULL),
(33, '2016-05-13 10:38:00', '16/DS-SLS/V/29', 29, '11', NULL, NULL, 4, '3400', NULL, NULL, 0, 0, 16, '2016-05-13 13:30:47', NULL),
(33, '2016-05-13 10:38:00', '16/DS-SLS/V/29', 29, '11', NULL, NULL, 4, '3700', NULL, NULL, 0, 0, 17, '2016-05-13 13:32:25', NULL),
(33, '2016-05-13 10:38:00', '16/DS-SLS/V/29', 29, '11', NULL, NULL, 4, '3700', NULL, NULL, 0, 0, 18, '2016-05-13 13:32:58', NULL),
(34, '2016-05-13 15:32:40', '16/DS-SLS/V/30', 30, '12', NULL, NULL, 4, '0', NULL, NULL, 0, 0, 19, '2016-05-13 15:35:32', NULL),
(34, '2016-05-13 15:32:40', '16/DS-SLS/V/30', 30, '12', NULL, NULL, 4, '0', NULL, NULL, 0, 0, 20, '2016-05-13 15:38:15', NULL),
(34, '2016-05-13 15:32:40', '16/DS-SLS/V/30', 30, '12', NULL, NULL, 4, '0', NULL, NULL, 0, 0, 21, '2016-05-13 15:38:15', NULL),
(34, '2016-05-13 15:32:40', '16/DS-SLS/V/30', 30, '12', NULL, NULL, 4, '35', NULL, NULL, 0, 0, 22, '2016-05-13 15:39:23', NULL),
(34, '2016-05-13 15:32:40', '16/DS-SLS/V/30', 30, '12', NULL, NULL, 4, '35', NULL, NULL, 0, 0, 23, '2016-05-13 15:39:23', NULL),
(34, '2016-05-13 15:32:40', '16/DS-SLS/V/30', 30, '12', NULL, NULL, 4, '79', NULL, NULL, 0, 0, 24, '2016-05-22 12:08:59', NULL),
(35, '2016-05-22 12:32:19', '16/DS-SLS/V/31', 31, '13', NULL, NULL, 1, '0', NULL, NULL, 0, 0, 25, '2016-05-22 12:32:21', NULL),
(35, '2016-05-22 12:32:19', '16/DS-SLS/V/31', 31, '13', NULL, NULL, 1, '0', NULL, NULL, 0, 0, 26, '2016-05-22 12:32:40', NULL),
(35, '2016-05-22 12:32:19', '16/DS-SLS/V/31', 31, '13', NULL, NULL, 1, '0', NULL, NULL, 0, 0, 27, '2016-05-22 12:32:40', NULL),
(35, '2016-05-22 12:32:19', '16/DS-SLS/V/31', 31, '13', NULL, NULL, 1, '100', NULL, NULL, 0, 0, 28, '2016-05-22 12:33:17', NULL),
(35, '2016-05-22 12:32:19', '16/DS-SLS/V/31', 31, '13', NULL, NULL, 1, '100', NULL, NULL, 0, 0, 29, '2016-05-22 12:33:17', NULL),
(34, '2016-05-13 15:32:40', '16/DS-SLS/V/30', 30, '12', NULL, NULL, 4, '79', NULL, NULL, 0, 0, 30, '2016-05-22 12:37:02', NULL),
(35, '2016-05-22 12:32:19', '16/DS-SLS/V/31', 31, '13', NULL, NULL, 1, '300', NULL, NULL, 0, 0, 31, '2016-05-22 12:37:09', NULL),
(35, '2016-05-22 12:32:19', '16/DS-SLS/V/31', 31, '13', NULL, NULL, 1, '300', NULL, NULL, 1, 0, 32, '2016-05-22 12:37:14', NULL),
(35, '2016-05-22 12:32:19', '16/DS-SLS/V/31', 31, '13', NULL, NULL, 1, '300', NULL, NULL, 1, 0, 33, '2016-05-23 01:30:19', NULL),
(35, '2016-05-22 12:32:19', '16/DS-SLS/V/31', 31, '13', NULL, NULL, 1, '301', NULL, NULL, 1, 0, 34, '2016-05-23 01:30:20', NULL),
(40, '2016-05-25 06:36:23', '16/DS-SLS/V/36', 36, NULL, 33, NULL, NULL, '0', NULL, NULL, 0, 0, 35, '2016-05-25 06:39:07', NULL),
(35, '2016-05-22 12:32:19', '16/DS-SLS/V/31', 31, '13', NULL, NULL, 1, '301', NULL, NULL, 1, 1, 36, '2016-05-25 06:56:21', NULL),
(35, '2016-05-22 12:32:19', '16/DS-SLS/V/31', 31, '13', NULL, NULL, 1, '300', NULL, NULL, 1, 1, 37, '2016-05-25 07:07:35', NULL),
(35, '2016-05-22 12:32:19', '16/DS-SLS/V/31', 31, '13', NULL, NULL, 1, '300', NULL, NULL, 1, 1, 38, '2016-05-25 07:09:23', NULL),
(35, '2016-05-22 12:32:19', '16/DS-SLS/V/31', 31, '13', NULL, NULL, 1, '300', NULL, NULL, 1, 1, 39, '2016-05-25 07:10:58', NULL),
(35, '2016-05-22 12:32:19', '16/DS-SLS/V/31', 31, '13', NULL, NULL, 1, '300', NULL, NULL, 1, 1, 40, '2016-05-25 07:20:49', NULL),
(35, '2016-05-22 12:32:19', '16/DS-SLS/V/31', 31, '13', NULL, NULL, 1, '300', NULL, NULL, 1, 1, 41, '2016-05-25 07:22:28', NULL),
(35, '2016-05-22 12:32:19', '16/DS-SLS/V/31', 31, '13', NULL, NULL, 1, '300', NULL, NULL, 1, 1, 42, '2016-05-25 07:26:55', NULL),
(35, '2016-05-22 12:32:19', '16/DS-SLS/V/31', 31, '13', NULL, NULL, 1, '300', NULL, NULL, 1, 1, 43, '2016-05-25 07:27:25', NULL),
(35, '2016-05-22 12:32:19', '16/DS-SLS/V/31', 31, '13', NULL, NULL, 1, '300', NULL, NULL, 1, 1, 44, '2016-05-25 07:28:35', NULL),
(35, '2016-05-22 12:32:19', '16/DS-SLS/V/31', 31, '13', NULL, NULL, 1, '300', NULL, NULL, 1, 1, 45, '2016-05-25 07:28:55', NULL),
(35, '2016-05-22 12:32:19', '16/DS-SLS/V/31', 31, '13', NULL, NULL, 1, '300', NULL, NULL, 1, 1, 46, '2016-05-25 07:29:03', NULL),
(35, '2016-05-22 12:32:19', '16/DS-SLS/V/31', 31, '13', NULL, NULL, 1, '300', NULL, NULL, 1, 1, 47, '2016-05-25 07:32:58', NULL),
(35, '2016-05-22 12:32:19', '16/DS-SLS/V/31', 31, '13', NULL, NULL, 1, '300', NULL, NULL, 1, 1, 48, '2016-05-25 07:33:16', NULL),
(35, '2016-05-22 12:32:19', '16/DS-SLS/V/31', 31, '13', NULL, NULL, 1, '300', NULL, NULL, 1, 1, 49, '2016-05-25 07:33:38', NULL),
(35, '2016-05-22 12:32:19', '16/DS-SLS/V/31', 31, '13', NULL, NULL, 1, '300', NULL, NULL, 1, 1, 50, '2016-05-25 07:38:40', NULL),
(35, '2016-05-22 12:32:19', '16/DS-SLS/V/31', 31, '13', NULL, NULL, 1, '300', NULL, NULL, 1, 1, 51, '2016-05-25 07:38:55', NULL),
(35, '2016-05-22 12:32:19', '16/DS-SLS/V/31', 31, '13', NULL, NULL, 1, '300', NULL, NULL, 1, 1, 52, '2016-05-25 07:39:15', NULL),
(35, '2016-05-22 12:32:19', '16/DS-SLS/V/31', 31, '13', NULL, NULL, 1, '300', NULL, NULL, 1, 1, 53, '2016-05-25 07:46:48', NULL),
(41, '2016-05-25 07:49:41', '16/DS-SLS/V/37', 37, '15', NULL, NULL, 1, '0', NULL, NULL, 0, 0, 54, '2016-05-25 07:49:49', NULL),
(41, '2016-05-25 07:49:41', '16/DS-SLS/V/37', 37, '15', NULL, NULL, 1, '0', NULL, NULL, 0, 0, 55, '2016-05-25 07:50:03', NULL),
(41, '2016-05-25 07:49:41', '16/DS-SLS/V/37', 37, '15', NULL, NULL, 1, '0', NULL, NULL, 0, 0, 56, '2016-05-25 07:50:03', NULL),
(41, '2016-05-25 07:49:41', '16/DS-SLS/V/37', 37, '15', NULL, NULL, 1, '500', NULL, NULL, 0, 0, 57, '2016-05-25 07:50:08', NULL),
(41, '2016-05-25 07:49:41', '16/DS-SLS/V/37', 37, '15', NULL, NULL, 1, '500', NULL, NULL, 0, 0, 58, '2016-05-25 07:50:14', NULL),
(41, '2016-05-25 07:49:41', '16/DS-SLS/V/37', 37, '15', NULL, NULL, 1, '500', NULL, NULL, 0, 0, 59, '2016-05-25 07:50:33', NULL),
(41, '2016-05-25 07:49:41', '16/DS-SLS/V/37', 37, '15', NULL, NULL, 1, '500', NULL, NULL, 0, 0, 60, '2016-05-25 07:50:33', NULL),
(41, '2016-05-25 07:49:41', '16/DS-SLS/V/37', 37, '15', NULL, NULL, 1, '1500', NULL, NULL, 0, 0, 61, '2016-05-25 07:51:49', NULL),
(41, '2016-05-25 07:49:41', '16/DS-SLS/V/37', 37, '15', NULL, NULL, 1, '1500', NULL, NULL, 0, 0, 62, '2016-05-25 07:52:06', NULL),
(41, '2016-05-25 07:49:41', '16/DS-SLS/V/37', 37, '15', NULL, NULL, 1, '1500', NULL, NULL, 0, 0, 63, '2016-05-25 07:52:06', NULL),
(41, '2016-05-25 07:49:41', '16/DS-SLS/V/37', 37, '15', NULL, NULL, 1, '1500', NULL, NULL, 0, 0, 64, '2016-05-25 07:54:00', NULL),
(41, '2016-05-25 07:49:41', '16/DS-SLS/V/37', 37, '15', NULL, NULL, 1, '1500', NULL, NULL, 0, 0, 65, '2016-05-25 07:54:18', NULL),
(41, '2016-05-25 07:49:41', '16/DS-SLS/V/37', 37, '15', NULL, NULL, 1, '1500', NULL, NULL, 0, 0, 66, '2016-05-25 07:54:19', NULL),
(41, '2016-05-25 07:49:41', '16/DS-SLS/V/37', 37, '15', NULL, NULL, 1, '1600', NULL, NULL, 0, 0, 67, '2016-05-25 07:54:52', NULL),
(41, '2016-05-25 07:49:41', '16/DS-SLS/V/37', 37, '15', NULL, NULL, 1, '1600', NULL, NULL, 0, 0, 68, '2016-05-25 07:55:05', NULL),
(41, '2016-05-25 07:49:41', '16/DS-SLS/V/37', 37, '15', NULL, NULL, 1, '1600', NULL, NULL, 0, 0, 69, '2016-05-25 07:55:05', NULL),
(41, '2016-05-25 07:49:41', '16/DS-SLS/V/37', 37, '15', NULL, NULL, 1, '1600', NULL, NULL, 0, 0, 70, '2016-05-25 07:57:40', NULL),
(41, '2016-05-25 07:49:41', '16/DS-SLS/V/37', 37, '15', NULL, NULL, 1, '1600', NULL, NULL, 0, 0, 71, '2016-05-25 07:57:42', NULL),
(41, '2016-05-25 07:49:41', '16/DS-SLS/V/37', 37, '15', NULL, NULL, 1, '1600', NULL, NULL, 0, 0, 72, '2016-05-25 07:58:06', NULL),
(41, '2016-05-25 07:49:41', '16/DS-SLS/V/37', 37, '15', NULL, NULL, 1, '1600', NULL, NULL, 0, 0, 73, '2016-05-25 07:58:20', NULL),
(41, '2016-05-25 07:49:41', '16/DS-SLS/V/37', 37, '15', NULL, NULL, 1, '1600', NULL, NULL, 0, 0, 74, '2016-05-25 07:58:31', NULL),
(41, '2016-05-25 07:49:41', '16/DS-SLS/V/37', 37, '15', NULL, NULL, 1, '1700', NULL, NULL, 0, 0, 75, '2016-05-25 07:58:33', NULL),
(41, '2016-05-25 07:49:41', '16/DS-SLS/V/37', 37, '15', NULL, NULL, 1, '1700', NULL, NULL, 0, 0, 76, '2016-05-25 07:59:00', NULL),
(41, '2016-05-25 07:49:41', '16/DS-SLS/V/37', 37, '15', NULL, NULL, 1, '1700', NULL, NULL, 0, 0, 77, '2016-05-25 07:59:03', NULL),
(41, '2016-05-25 07:49:41', '16/DS-SLS/V/37', 37, '15', NULL, NULL, 1, '1700', NULL, NULL, 0, 0, 78, '2016-05-25 07:59:30', NULL),
(41, '2016-05-25 07:49:41', '16/DS-SLS/V/37', 37, '15', NULL, NULL, 1, '1700', NULL, NULL, 0, 0, 79, '2016-05-25 07:59:41', NULL),
(41, '2016-05-25 07:49:41', '16/DS-SLS/V/37', 37, '15', NULL, NULL, 1, '1700', NULL, NULL, 0, 0, 80, '2016-05-25 07:59:41', NULL),
(41, '2016-05-25 07:49:41', '16/DS-SLS/V/37', 37, '15', NULL, NULL, 1, '1800', NULL, NULL, 0, 0, 81, '2016-05-25 08:00:01', NULL),
(41, '2016-05-25 07:49:41', '16/DS-SLS/V/37', 37, '15', NULL, NULL, 1, '1800', NULL, NULL, 0, 0, 82, '2016-05-25 08:00:03', NULL),
(41, '2016-05-25 07:49:41', '16/DS-SLS/V/37', 37, '15', NULL, NULL, 1, '1800', NULL, NULL, 0, 0, 83, '2016-05-25 08:03:47', NULL),
(41, '2016-05-25 07:49:41', '16/DS-SLS/V/37', 37, '15', NULL, NULL, 1, '1800', NULL, NULL, 0, 0, 84, '2016-05-25 08:05:27', NULL),
(41, '2016-05-25 07:49:41', '16/DS-SLS/V/37', 37, '15', NULL, NULL, 1, '1800', NULL, NULL, 0, 0, 85, '2016-05-25 08:05:35', NULL),
(41, '2016-05-25 07:49:41', '16/DS-SLS/V/37', 37, '15', NULL, NULL, 1, '1800', NULL, NULL, 0, 0, 86, '2016-05-25 08:05:41', NULL),
(41, '2016-05-25 07:49:41', '16/DS-SLS/V/37', 37, '15', NULL, NULL, 1, '1800', NULL, NULL, 0, 0, 87, '2016-05-25 08:09:34', NULL),
(41, '2016-05-25 07:49:41', '16/DS-SLS/V/37', 37, '15', NULL, NULL, 1, '1800', NULL, NULL, 0, 0, 88, '2016-05-25 08:10:07', NULL),
(41, '2016-05-25 07:49:41', '16/DS-SLS/V/37', 37, '15', NULL, NULL, 1, '1800', NULL, NULL, 0, 0, 89, '2016-05-25 08:45:32', NULL),
(41, '2016-05-25 07:49:41', '16/DS-SLS/V/37', 37, '15', NULL, NULL, 1, '1800', NULL, NULL, 0, 0, 90, '2016-05-25 08:46:24', NULL),
(41, '2016-05-25 07:49:41', '16/DS-SLS/V/37', 37, '15', NULL, NULL, 1, '1800', NULL, NULL, 0, 0, 91, '2016-05-25 08:49:23', NULL),
(41, '2016-05-25 07:49:41', '16/DS-SLS/V/37', 37, '15', NULL, NULL, 1, '1300', NULL, NULL, 0, 0, 92, '2016-05-25 08:49:35', NULL),
(42, '2016-05-25 08:50:57', '16/DS-SLS/V/38', 38, NULL, 34, NULL, NULL, '0', NULL, NULL, 0, 0, 93, '2016-05-25 08:51:28', NULL),
(41, '2016-05-25 07:49:41', '16/DS-SLS/V/37', 37, '15', NULL, NULL, 1, '300', NULL, NULL, 0, 0, 94, '2016-05-25 09:01:40', NULL),
(41, '2016-05-25 07:49:41', '16/DS-SLS/V/37', 37, '15', NULL, NULL, 1, '300', NULL, NULL, 0, 0, 95, '2016-05-25 09:01:56', NULL),
(41, '2016-05-25 07:49:41', '16/DS-SLS/V/37', 37, '15', NULL, NULL, 1, '300', NULL, NULL, 0, 0, 96, '2016-05-25 09:01:59', NULL),
(41, '2016-05-25 07:49:41', '16/DS-SLS/V/37', 37, '15', NULL, NULL, 1, '300', NULL, NULL, 0, 0, 97, '2016-05-25 09:02:14', NULL),
(41, '2016-05-25 07:49:41', '16/DS-SLS/V/37', 37, '15', NULL, NULL, 1, '300', NULL, NULL, 0, 0, 98, '2016-05-25 09:02:17', NULL),
(41, '2016-05-25 07:49:41', '16/DS-SLS/V/37', 37, '15', NULL, NULL, 1, '300', NULL, NULL, 0, 0, 99, '2016-05-25 09:02:35', NULL),
(41, '2016-05-25 07:49:41', '16/DS-SLS/V/37', 37, '15', NULL, NULL, 1, '300', NULL, NULL, 0, 0, 100, '2016-05-25 09:02:35', NULL),
(41, '2016-05-25 07:49:41', '16/DS-SLS/V/37', 37, '15', NULL, NULL, 1, '400', NULL, NULL, 0, 0, 101, '2016-05-25 09:03:00', NULL),
(41, '2016-05-25 07:49:41', '16/DS-SLS/V/37', 37, '15', NULL, NULL, 1, '400', NULL, NULL, 0, 0, 102, '2016-05-25 09:03:38', NULL),
(41, '2016-05-25 07:49:41', '16/DS-SLS/V/37', 37, '15', NULL, NULL, 1, '400', NULL, NULL, 0, 0, 103, '2016-05-25 09:03:52', NULL),
(42, '2016-05-25 08:50:57', '16/DS-SLS/V/38', 38, NULL, 34, NULL, NULL, '0', NULL, NULL, 0, 0, 104, '2016-05-25 09:04:07', NULL),
(42, '2016-05-25 08:50:57', '16/DS-SLS/V/38', 38, NULL, 34, NULL, NULL, '0', NULL, NULL, 0, 0, 105, '2016-05-25 09:11:27', NULL),
(41, '2016-05-25 07:49:41', '16/DS-SLS/V/37', 37, '15', NULL, NULL, 1, '300', NULL, NULL, 0, 0, 106, '2016-05-25 09:11:35', NULL),
(41, '2016-05-25 07:49:41', '16/DS-SLS/V/37', 37, '15', NULL, NULL, 1, '300', NULL, NULL, 0, 0, 107, '2016-05-25 09:11:56', NULL),
(41, '2016-05-25 07:49:41', '16/DS-SLS/V/37', 37, '15', NULL, NULL, 1, '300', NULL, NULL, 0, 0, 108, '2016-05-25 09:11:56', NULL),
(42, '2016-05-25 08:50:57', '16/DS-SLS/V/38', 38, NULL, 34, NULL, NULL, '0', NULL, NULL, 0, 0, 109, '2016-05-25 09:12:13', NULL),
(42, '2016-05-25 08:50:57', '16/DS-SLS/V/38', 38, NULL, 34, NULL, NULL, '0', NULL, NULL, 0, 0, 110, '2016-05-25 09:13:51', NULL),
(41, '2016-05-25 07:49:41', '16/DS-SLS/V/37', 37, '15', NULL, NULL, 1, '400', NULL, NULL, 0, 0, 111, '2016-05-25 09:13:56', NULL),
(41, '2016-05-25 07:49:41', '16/DS-SLS/V/37', 37, '15', NULL, NULL, 1, '400', NULL, NULL, 0, 0, 112, '2016-05-25 09:14:06', NULL),
(41, '2016-05-25 07:49:41', '16/DS-SLS/V/37', 37, '15', NULL, NULL, 1, '400', NULL, NULL, 0, 0, 113, '2016-05-25 09:14:15', NULL),
(42, '2016-05-25 08:50:57', '16/DS-SLS/V/38', 38, NULL, 34, NULL, NULL, '0', NULL, NULL, 0, 0, 114, '2016-05-25 09:14:44', NULL),
(41, '2016-05-25 07:49:41', '16/DS-SLS/V/37', 37, '15', NULL, NULL, 1, '300', NULL, NULL, 0, 0, 115, '2016-05-25 09:14:59', NULL),
(41, '2016-05-25 07:49:41', '16/DS-SLS/V/37', 37, '15', NULL, NULL, 1, '300', NULL, NULL, 0, 0, 116, '2016-05-25 09:15:00', NULL),
(41, '2016-05-25 07:49:41', '16/DS-SLS/V/37', 37, '15', NULL, NULL, 1, '400', NULL, NULL, 0, 0, 117, '2016-05-25 09:15:11', NULL),
(41, '2016-05-25 07:49:41', '16/DS-SLS/V/37', 37, '15', NULL, NULL, 1, '400', NULL, NULL, 0, 0, 118, '2016-05-25 09:15:25', NULL),
(41, '2016-05-25 07:49:41', '16/DS-SLS/V/37', 37, '15', NULL, NULL, 1, '400', NULL, NULL, 0, 0, 119, '2016-05-25 09:15:38', NULL),
(41, '2016-05-25 07:49:41', '16/DS-SLS/V/37', 37, '15', NULL, NULL, 1, '400', NULL, NULL, 0, 0, 120, '2016-05-25 09:16:15', NULL),
(41, '2016-05-25 07:49:41', '16/DS-SLS/V/37', 37, '15', NULL, NULL, 1, '400', NULL, NULL, 0, 0, 121, '2016-05-25 09:16:19', NULL),
(42, '2016-05-25 08:50:57', '16/DS-SLS/V/38', 38, NULL, 34, NULL, NULL, '0', NULL, NULL, 0, 0, 122, '2016-05-25 09:20:15', NULL),
(41, '2016-05-25 07:49:41', '16/DS-SLS/V/37', 37, '15', NULL, NULL, 1, '300', NULL, NULL, 0, 0, 123, '2016-05-25 09:24:54', NULL),
(41, '2016-05-25 07:49:41', '16/DS-SLS/V/37', 37, '15', NULL, NULL, 1, '300', NULL, NULL, 0, 0, 124, '2016-05-25 09:28:42', NULL),
(41, '2016-05-25 07:49:41', '16/DS-SLS/V/37', 37, '15', NULL, NULL, 1, '300', NULL, NULL, 0, 0, 125, '2016-05-25 09:28:45', NULL),
(41, '2016-05-25 07:49:41', '16/DS-SLS/V/37', 37, '15', NULL, NULL, 1, '300', NULL, NULL, 0, 0, 126, '2016-05-25 09:29:09', NULL),
(41, '2016-05-25 07:49:41', '16/DS-SLS/V/37', 37, '15', NULL, NULL, 1, '300', NULL, NULL, 0, 0, 127, '2016-05-25 09:29:09', NULL),
(41, '2016-05-25 07:49:41', '16/DS-SLS/V/37', 37, '15', NULL, NULL, 1, '400', NULL, NULL, 0, 0, 128, '2016-05-25 09:29:26', NULL),
(44, '2016-05-31 15:07:03', '16/DS-SLS/V/40', 40, '20', NULL, NULL, 1, '0', NULL, NULL, 0, 0, 129, '2016-05-31 15:07:09', NULL),
(44, '2016-05-31 15:07:03', '16/DS-SLS/V/40', 40, '20', NULL, NULL, 1, '0', NULL, NULL, 0, 0, 130, '2016-05-31 15:07:33', NULL),
(44, '2016-05-31 15:07:03', '16/DS-SLS/V/40', 40, '20', NULL, NULL, 1, '0', NULL, NULL, 0, 0, 131, '2016-05-31 15:07:33', NULL),
(44, '2016-05-31 15:07:03', '16/DS-SLS/V/40', 40, '20', NULL, NULL, 1, '10', NULL, NULL, 0, 0, 132, '2016-05-31 15:07:56', NULL),
(44, '2016-05-31 15:07:03', '16/DS-SLS/V/40', 40, '20', NULL, NULL, 1, '10', NULL, NULL, 0, 0, 133, '2016-05-31 15:07:56', NULL),
(44, '2016-05-31 15:07:03', '16/DS-SLS/V/40', 40, '20', NULL, NULL, 1, '30', NULL, NULL, 0, 0, 134, '2016-05-31 15:08:19', NULL),
(44, '2016-05-31 15:07:03', '16/DS-SLS/V/40', 40, '20', NULL, NULL, 1, '30', NULL, NULL, 0, 0, 135, '2016-05-31 15:08:22', NULL),
(44, '2016-05-31 15:07:03', '16/DS-SLS/V/40', 40, '20', NULL, NULL, 1, '30', NULL, NULL, 0, 0, 136, '2016-05-31 15:08:43', NULL),
(44, '2016-05-31 15:07:03', '16/DS-SLS/V/40', 40, '20', NULL, NULL, 1, '30', NULL, NULL, 0, 0, 137, '2016-05-31 15:08:43', NULL),
(44, '2016-05-31 15:07:03', '16/DS-SLS/V/40', 40, '20', NULL, NULL, 1, '50', NULL, NULL, 0, 0, 138, '2016-05-31 15:09:05', NULL),
(44, '2016-05-31 15:07:03', '16/DS-SLS/V/40', 40, '20', NULL, NULL, 1, '50', NULL, NULL, 0, 0, 139, '2016-06-01 10:50:37', NULL),
(45, '2016-06-01 14:21:33', '16/DS-SLS/VI/41', 41, '23', NULL, NULL, 6, '0', NULL, NULL, 0, 0, 140, '2016-06-01 14:21:42', NULL),
(45, '2016-06-01 14:21:33', '16/DS-SLS/VI/41', 41, '23', NULL, NULL, 6, '0', NULL, NULL, 0, 0, 141, '2016-06-01 14:23:06', NULL),
(45, '2016-06-01 14:21:33', '16/DS-SLS/VI/41', 41, '23', NULL, NULL, 6, '0', NULL, NULL, 0, 0, 142, '2016-06-01 14:23:06', NULL),
(45, '2016-06-01 14:21:33', '16/DS-SLS/VI/41', 41, '23', NULL, NULL, 6, '0', NULL, NULL, 0, 0, 143, '2016-06-01 14:23:21', NULL),
(45, '2016-06-01 14:21:33', '16/DS-SLS/VI/41', 41, '23', NULL, NULL, 6, '50', NULL, NULL, 0, 0, 144, '2016-06-01 14:24:07', NULL),
(45, '2016-06-01 14:21:33', '16/DS-SLS/VI/41', 41, '23', NULL, NULL, 6, '50', NULL, NULL, 0, 0, 145, '2016-06-01 14:43:17', NULL),
(45, '2016-06-01 14:21:33', '16/DS-SLS/VI/41', 41, '23', NULL, NULL, 6, '50', NULL, NULL, 0, 0, 146, '2016-06-01 14:43:18', NULL),
(45, '2016-06-01 14:21:33', '16/DS-SLS/VI/41', 41, '23', NULL, NULL, 6, '100', NULL, NULL, 0, 0, 147, '2016-06-01 14:43:49', NULL),
(45, '2016-06-01 14:21:33', '16/DS-SLS/VI/41', 41, '23', NULL, NULL, 6, '100', NULL, NULL, 0, 0, 148, '2016-06-01 15:35:14', NULL),
(45, '2016-06-01 14:21:33', '16/DS-SLS/VI/41', 41, '23', NULL, NULL, 6, '100', NULL, NULL, 0, 0, 149, '2016-06-01 15:35:15', NULL),
(45, '2016-06-01 14:21:33', '16/DS-SLS/VI/41', 41, '23', NULL, NULL, 6, '10100', NULL, NULL, 0, 0, 150, '2016-06-01 15:40:14', NULL),
(45, '2016-06-01 14:21:33', '16/DS-SLS/VI/41', 41, '23', NULL, NULL, 6, '10100', NULL, NULL, 0, 0, 151, '2016-06-01 15:46:14', NULL),
(45, '2016-06-01 14:21:33', '16/DS-SLS/VI/41', 41, '23', NULL, NULL, 6, '10100', NULL, NULL, 0, 0, 152, '2016-06-01 15:47:38', NULL),
(45, '2016-06-01 14:21:33', '16/DS-SLS/VI/41', 41, '23', NULL, NULL, 6, '10100', NULL, NULL, 0, 0, 153, '2016-06-01 15:49:13', NULL);

-- --------------------------------------------------------

--
-- Struktur dari tabel `kps_delivery_schedule_detail`
--

CREATE TABLE `kps_delivery_schedule_detail` (
  `KPS_DELIVERY_SCHEDULE_DETAIL_ID` int(255) NOT NULL,
  `KPS_DELIVERY_SCHEDULE_ID` int(255) NOT NULL,
  `KPS_BUKTI_PESANAN_DETAIL_ID_SD` int(11) NOT NULL,
  `KPS_CUSTOMER_DELIVERY_SETUP_ID` varchar(255) DEFAULT NULL,
  `QUANTITY_DELIVERY` int(11) NOT NULL,
  `DELIVERY_PLAN` datetime NOT NULL,
  `REMAINING_QUANTITY` int(11) DEFAULT NULL,
  `NOTE_DS_DET` mediumtext,
  `TOTAL` varchar(100) DEFAULT NULL,
  `KPS_DSD_R_PENDING` int(11) DEFAULT NULL,
  `KPS_DSD_R_PENDING_REMAINING` int(11) DEFAULT NULL
) ENGINE=InnoDB DEFAULT CHARSET=latin1;

--
-- Dumping data untuk tabel `kps_delivery_schedule_detail`
--

INSERT INTO `kps_delivery_schedule_detail` (`KPS_DELIVERY_SCHEDULE_DETAIL_ID`, `KPS_DELIVERY_SCHEDULE_ID`, `KPS_BUKTI_PESANAN_DETAIL_ID_SD`, `KPS_CUSTOMER_DELIVERY_SETUP_ID`, `QUANTITY_DELIVERY`, `DELIVERY_PLAN`, `REMAINING_QUANTITY`, `NOTE_DS_DET`, `TOTAL`, `KPS_DSD_R_PENDING`, `KPS_DSD_R_PENDING_REMAINING`) VALUES
(8, 4, 1, '1', 400, '2016-03-02 00:00:00', 600, 'test', NULL, NULL, NULL),
(9, 4, 1, '1', 100, '2016-03-23 00:00:00', 500, 'sadf', NULL, NULL, NULL),
(10, 4, 1, '1', 200, '2016-03-16 00:00:00', 300, 'haahah', NULL, NULL, NULL),
(11, 4, 1, '1', 10, '2016-03-19 00:00:00', 290, 'test', NULL, NULL, NULL),
(12, 4, 1, '1', 10, '2016-03-03 00:00:00', 280, 'test', NULL, NULL, NULL),
(14, 9, 1, '1', 50, '2016-03-20 00:00:00', 230, 'testing\n', NULL, NULL, NULL),
(15, 9, 1, '1', 50, '2016-03-27 00:00:00', 180, 'test', NULL, NULL, NULL),
(16, 9, 1, '1', 23, '2016-03-02 00:00:00', 157, 'tes', NULL, NULL, NULL),
(17, 4, 4, '1', 10, '2016-03-02 00:00:00', 190, 'test', NULL, NULL, NULL),
(18, 9, 1, '1', 157, '2016-03-02 00:00:00', 0, '', NULL, NULL, NULL),
(19, 10, 4, '1', 190, '2016-03-27 00:00:00', 0, '', NULL, NULL, NULL),
(20, 2, 3, '1', 10, '2016-03-29 00:00:00', 0, '', NULL, NULL, NULL),
(21, 12, 6, '4', 900, '2016-04-10 00:00:00', 100, '', NULL, NULL, NULL),
(27, 12, 6, '5', 50, '2016-04-24 00:00:00', 50, '', NULL, NULL, NULL),
(28, 12, 6, '4', 10, '2016-04-04 00:00:00', 40, 'ok', NULL, NULL, NULL),
(29, 15, 7, '1', 100, '2016-03-30 00:00:00', 9900, 'oke', NULL, NULL, NULL),
(30, 16, 9, '1', 100, '2016-04-08 00:00:00', 99900, 'Oke', NULL, NULL, NULL),
(31, 16, 10, '1', 10000, '2016-04-08 00:00:00', 190000, 'Sip', NULL, NULL, NULL),
(32, 20, 9, '1', 9, '2016-04-30 00:00:00', NULL, 'Percobaan DSD Pending pertama', NULL, 30, 1),
(33, 25, 9, '1', 1000, '2016-04-16 00:00:00', 98900, 'Ini Percobaan pending ke 2', NULL, NULL, NULL),
(34, 25, 10, '1', 200, '2016-04-16 00:00:00', 189800, 'percobaan pending k2', NULL, NULL, NULL),
(35, 26, 9, '1', 100, '2016-04-16 00:00:00', NULL, '', NULL, 33, 0),
(36, 27, 11, '1', 100, '2016-04-09 00:00:00', 9900, 'uji coba os tanpa BP di DS', NULL, NULL, NULL),
(37, 27, 12, '1', 2000, '2016-04-09 00:00:00', 3000, 'uji coba os tanpa BP di ds', NULL, NULL, NULL),
(38, 28, 11, '1', 110, '2016-04-08 00:00:00', 9790, 'Percobaan Pending Pada Out Going\r\n', NULL, NULL, NULL),
(39, 28, 11, '1', 10, '2016-04-10 00:00:00', 9780, 'percobaan Pending untuk out going ', NULL, NULL, NULL),
(40, 28, 11, '1', 20, '2016-04-11 00:00:00', 9760, 'percobaan pending untuk outgoing', NULL, NULL, NULL),
(41, 28, 12, '1', 0, '2016-04-08 00:00:00', 3000, 'Percobaan pending utuk out going', NULL, NULL, NULL),
(42, 28, 12, '0', 10, '2016-04-10 00:00:00', 2990, 'Percobaan Pending untuk Outgoing', NULL, NULL, NULL),
(43, 28, 12, '1', 10, '2016-04-06 00:00:00', 2980, 'Percobaan Pending untuk otu going', NULL, NULL, NULL),
(44, 30, 13, '1', 10000, '2016-04-11 00:00:00', 30000, 'INI percobaan Perbandingan pending', NULL, NULL, NULL),
(45, 30, 13, '1', 100, '2016-04-09 00:00:00', 29900, 'INI percobaan perbandingan pending', NULL, NULL, NULL),
(46, 30, 13, '0', 1000, '2016-04-13 00:00:00', 28900, 'INI percobaan perbandingan pending', NULL, NULL, NULL),
(47, 30, 14, '1', 1000, '2016-04-11 00:00:00', 49000, 'INI percobaan perbandingan pending', NULL, NULL, NULL),
(48, 30, 14, '1', 1000, '2016-04-13 00:00:00', 48000, 'INI percobaan perbandingan pending', NULL, NULL, NULL),
(49, 30, 13, '1', 900, '2016-04-28 00:00:00', 28000, 'Percobaan Pending dengan DS', NULL, NULL, NULL),
(50, 29, 11, '1', 10, '2016-04-09 00:00:00', 9750, 'oke', NULL, NULL, NULL),
(51, 30, 13, '0', 1001, '2016-04-29 00:00:00', 26999, 'Percobaan pembayaran Pending', NULL, NULL, NULL),
(52, 31, 15, '4', 2500, '2016-04-17 00:00:00', 6500, '', NULL, NULL, NULL),
(53, 31, 15, '4', 2500, '2016-04-21 00:00:00', 4000, '', NULL, NULL, NULL),
(54, 31, 15, '4', 4000, '2016-04-25 00:00:00', 0, '', NULL, NULL, NULL),
(55, 32, 16, '4', 300, '2016-04-16 00:00:00', 2700, '', NULL, NULL, NULL),
(56, 33, 17, '4', 300, '2016-05-17 00:00:00', 3400, '', NULL, NULL, NULL),
(57, 33, 17, '4', 3100, '2016-05-20 00:00:00', 300, '', NULL, NULL, NULL),
(58, 33, 17, '4', 300, '2016-05-23 00:00:00', 0, '', NULL, NULL, NULL),
(59, 34, 18, '7', 35, '2016-05-18 00:00:00', 44, 'URGENT', NULL, NULL, NULL),
(60, 34, 18, '7', 44, '2016-05-25 00:00:00', 0, '', NULL, NULL, NULL),
(61, 35, 19, '1', 100, '2016-05-23 00:00:00', 100, 'oke', NULL, NULL, NULL),
(62, 35, 20, '2', 200, '2016-05-23 00:00:00', 200, 'oke', NULL, NULL, NULL),
(63, 40, 23, '1', 500, '2016-05-26 00:00:00', 7500, 'oke', NULL, NULL, NULL),
(66, 41, 21, '1', 100, '2016-05-28 00:00:00', 900, 'gimana', NULL, NULL, NULL),
(67, 41, 21, '1', 100, '2016-05-27 00:00:00', 800, 'how', NULL, NULL, NULL),
(68, 41, 22, '1', 100, '2016-05-28 00:00:00', 4900, 'how', NULL, NULL, NULL),
(77, 41, 21, '1', 100, '2016-05-25 00:00:00', 700, 'cek qty remaining by os', NULL, NULL, NULL),
(78, 44, 26, '1', 10, '2016-05-31 00:00:00', 990, 'cek untuk update QTY percobaan pertama', NULL, NULL, NULL),
(79, 44, 27, '1', 20, '2016-05-31 00:00:00', 180, 'percobaan untuk update qty percobaan ke 2', NULL, NULL, NULL),
(80, 44, 26, '1', 20, '2016-06-01 00:00:00', 970, 'test wty update bp first', NULL, NULL, NULL),
(81, 45, 30, '1', 50, '2016-06-02 00:00:00', 50, '', NULL, NULL, NULL),
(82, 45, 30, '1', 50, '2016-06-03 00:00:00', 0, '', NULL, NULL, NULL),
(83, 45, 31, '1', 10000, '2016-06-02 00:00:00', 0, '', NULL, NULL, NULL);

--
-- Trigger `kps_delivery_schedule_detail`
--
DELIMITER $$
CREATE TRIGGER `DS_DET_update_record` BEFORE UPDATE ON `kps_delivery_schedule_detail` FOR EACH ROW INSERT INTO kps_delivery_schedule_detail_ (
 `KPS_DELIVERY_SCHEDULE_DETAIL_ID`, `KPS_DELIVERY_SCHEDULE_ID`, `KPS_BUKTI_PESANAN_DETAIL_ID_SD`, `KPS_CUSTOMER_DELIVERY_SETUP_ID`, `QUANTITY_DELIVERY`, `DELIVERY_PLAN`, `REMAINING_QUANTITY`, `NOTE_DS_DET`, `TOTAL`, `KPS_DSD_R_PENDING`, `KPS_DSD_R_PENDING_REMAINING`
)
VALUE (
OLD.`KPS_DELIVERY_SCHEDULE_DETAIL_ID`, OLD.`KPS_DELIVERY_SCHEDULE_ID`, OLD.`KPS_BUKTI_PESANAN_DETAIL_ID_SD`, OLD.`KPS_CUSTOMER_DELIVERY_SETUP_ID`, OLD.`QUANTITY_DELIVERY`, OLD.`DELIVERY_PLAN`, OLD.`REMAINING_QUANTITY`, OLD.`NOTE_DS_DET`, OLD.`TOTAL`, OLD.`KPS_DSD_R_PENDING`, OLD.`KPS_DSD_R_PENDING_REMAINING` )
$$
DELIMITER ;

-- --------------------------------------------------------

--
-- Struktur dari tabel `kps_delivery_schedule_detail_`
--

CREATE TABLE `kps_delivery_schedule_detail_` (
  `KPS_DELIVERY_SCHEDULE_DETAIL_ID` int(255) NOT NULL,
  `KPS_DELIVERY_SCHEDULE_ID` int(255) NOT NULL,
  `KPS_BUKTI_PESANAN_DETAIL_ID_SD` int(11) NOT NULL,
  `KPS_CUSTOMER_DELIVERY_SETUP_ID` varchar(255) DEFAULT NULL,
  `QUANTITY_DELIVERY` int(11) NOT NULL,
  `DELIVERY_PLAN` datetime NOT NULL,
  `REMAINING_QUANTITY` int(11) DEFAULT NULL,
  `NOTE_DS_DET` mediumtext,
  `TOTAL` varchar(100) DEFAULT NULL,
  `KPS_DSD_R_PENDING` int(11) DEFAULT NULL,
  `KPS_DSD_R_PENDING_REMAINING` int(11) DEFAULT NULL,
  `ID` int(11) NOT NULL,
  `UPDATE_TIME` datetime NOT NULL DEFAULT CURRENT_TIMESTAMP
) ENGINE=InnoDB DEFAULT CHARSET=latin1;

--
-- Dumping data untuk tabel `kps_delivery_schedule_detail_`
--

INSERT INTO `kps_delivery_schedule_detail_` (`KPS_DELIVERY_SCHEDULE_DETAIL_ID`, `KPS_DELIVERY_SCHEDULE_ID`, `KPS_BUKTI_PESANAN_DETAIL_ID_SD`, `KPS_CUSTOMER_DELIVERY_SETUP_ID`, `QUANTITY_DELIVERY`, `DELIVERY_PLAN`, `REMAINING_QUANTITY`, `NOTE_DS_DET`, `TOTAL`, `KPS_DSD_R_PENDING`, `KPS_DSD_R_PENDING_REMAINING`, `ID`, `UPDATE_TIME`) VALUES
(38, 28, 11, '1', 110, '2016-04-08 00:00:00', 9790, 'Percobaan Pending Pada Out Going\r\n', NULL, NULL, NULL, 1, '2016-05-03 17:07:52'),
(38, 28, 12, '1', 110, '2016-04-08 00:00:00', 9790, 'Percobaan Pending Pada Out Going\r\n', NULL, NULL, NULL, 2, '2016-05-03 17:07:58'),
(66, 41, 21, '1', 100, '2016-05-28 00:00:00', 400, 'gimana', NULL, NULL, NULL, 4, '2016-05-25 08:45:37'),
(67, 41, 21, '1', 100, '2016-05-27 00:00:00', 300, 'how', NULL, NULL, NULL, 5, '2016-05-25 08:45:37'),
(66, 41, 21, '1', 100, '2016-05-28 00:00:00', 900, 'gimana', NULL, NULL, NULL, 6, '2016-05-25 08:49:22'),
(67, 41, 21, '1', 100, '2016-05-27 00:00:00', 800, 'how', NULL, NULL, NULL, 7, '2016-05-25 08:49:22'),
(68, 41, 22, '1', 100, '2016-05-28 00:00:00', 3900, 'how', NULL, NULL, NULL, 8, '2016-05-25 08:49:35'),
(66, 41, 21, '1', 100, '2016-05-28 00:00:00', 900, 'gimana', NULL, NULL, NULL, 9, '2016-05-25 09:03:52'),
(67, 41, 21, '1', 100, '2016-05-27 00:00:00', 800, 'how', NULL, NULL, NULL, 10, '2016-05-25 09:03:52'),
(66, 41, 21, '1', 100, '2016-05-28 00:00:00', 900, 'gimana', NULL, NULL, NULL, 11, '2016-05-25 09:14:15'),
(67, 41, 21, '1', 100, '2016-05-27 00:00:00', 800, 'how', NULL, NULL, NULL, 12, '2016-05-25 09:14:15'),
(75, 41, 21, '0', 100, '2016-05-25 00:00:00', 600, 'cek qty remaining', NULL, NULL, NULL, 13, '2016-05-25 09:16:07'),
(66, 41, 21, '1', 100, '2016-05-28 00:00:00', 900, 'gimana', NULL, NULL, NULL, 14, '2016-05-25 09:16:19'),
(67, 41, 21, '1', 100, '2016-05-27 00:00:00', 800, 'how', NULL, NULL, NULL, 15, '2016-05-25 09:16:19'),
(66, 41, 21, '1', 100, '2016-05-28 00:00:00', 900, 'gimana', NULL, NULL, NULL, 16, '2016-05-25 09:29:22'),
(67, 41, 21, '1', 100, '2016-05-27 00:00:00', 800, 'how', NULL, NULL, NULL, 17, '2016-05-25 09:29:22'),
(77, 41, 21, '1', 100, '2016-05-25 00:00:00', 600, 'cek qty remaining by os', NULL, NULL, NULL, 18, '2016-05-25 09:29:22'),
(78, 44, 26, '1', 10, '2016-05-31 00:00:00', 90, 'cek untuk update QTY percobaan pertama', NULL, NULL, NULL, 19, '2016-05-31 15:09:01'),
(80, 44, 26, '1', 20, '2016-06-01 00:00:00', 70, 'test wty update bp first', NULL, NULL, NULL, 20, '2016-05-31 15:09:01');

-- --------------------------------------------------------

--
-- Struktur dari tabel `kps_delivery_schedule_total_reamining`
--

CREATE TABLE `kps_delivery_schedule_total_reamining` (
  `KPS_REAMINING_ID` int(11) NOT NULL,
  `KPS_BUKTI_PESANAN_DETAIL_ID_SD` int(11) NOT NULL,
  `KPS_NILAI` int(11) NOT NULL
) ENGINE=InnoDB DEFAULT CHARSET=latin1;

-- --------------------------------------------------------

--
-- Struktur dari tabel `kps_delivery_status`
--

CREATE TABLE `kps_delivery_status` (
  `KPS_DELIVERY_STATUS_ID` int(255) NOT NULL,
  `DELIVERY_STATUS_DATE` date NOT NULL,
  `KPS_BUKTI_PESANAN_ID_DETAIL_DST` int(255) NOT NULL,
  `QUANTITY_ACTUAL_DELIVERY` int(100) NOT NULL,
  `QUANTITY_REMAINING` int(100) NOT NULL,
  `PENDING_NUMBER` varchar(50) NOT NULL,
  `PENDING_QUANTITY` varchar(50) NOT NULL,
  `STATUS` varchar(20) NOT NULL,
  `PERCENTAGE_PENDING_DELIVERY` varchar(20) NOT NULL,
  `APPROVED_STATUS` int(100) NOT NULL,
  `CHECKED_STATUS` int(100) NOT NULL,
  `MADE_BY` varchar(100) NOT NULL
) ENGINE=InnoDB DEFAULT CHARSET=latin1;

-- --------------------------------------------------------

--
-- Struktur dari tabel `kps_delivery_status_detail`
--

CREATE TABLE `kps_delivery_status_detail` (
  `KPS_DELIVERY_STATUS_DETAIL_ID` int(11) NOT NULL,
  `KPS_DELIVERY_STATUS_ID_DETAIL` int(11) NOT NULL,
  `KPS_DELIVERY_SCHEDULE_DETAIL_ID_DSTD` int(11) NOT NULL,
  `KPS_DELIVERY_STATUS_DETAIL_DN` int(11) NOT NULL,
  `KPS_DELIVERY_STATUS_DETAIL_BALANCE` int(11) NOT NULL,
  `KPS_DELIVERY_STATUS_DETAIL_PENDING` int(11) NOT NULL
) ENGINE=InnoDB DEFAULT CHARSET=latin1;

-- --------------------------------------------------------

--
-- Struktur dari tabel `kps_department_employee`
--

CREATE TABLE `kps_department_employee` (
  `DEPT_EMPLOYEE_ID` int(11) NOT NULL,
  `DEPT_NAME` varchar(45) NOT NULL
) ENGINE=InnoDB DEFAULT CHARSET=latin1;

--
-- Dumping data untuk tabel `kps_department_employee`
--

INSERT INTO `kps_department_employee` (`DEPT_EMPLOYEE_ID`, `DEPT_NAME`) VALUES
(1, 'SALES'),
(2, 'PPIC'),
(3, 'WAREHOUSE'),
(4, 'PRODUCTION'),
(5, 'INFORMATION TECHNOLOGY');

-- --------------------------------------------------------

--
-- Struktur dari tabel `kps_employee`
--

CREATE TABLE `kps_employee` (
  `KPS_EMPLOYEE_ID` int(255) NOT NULL,
  `NIK` varchar(255) NOT NULL,
  `EMPLOYEE_NAME` varchar(100) NOT NULL,
  `ADDRESS_EP` text NOT NULL,
  `PHONE_EP` varchar(30) NOT NULL,
  `POSITION_ID_EP` int(11) DEFAULT NULL,
  `DEPT_EMPLOYEE_ID` int(11) NOT NULL,
  `SEC_EMPLOYEE_ID` int(11) NOT NULL,
  `POSITION_ID` int(11) NOT NULL,
  `SECTION` int(11) DEFAULT NULL,
  `kps_group_id` int(11) DEFAULT NULL,
  `DOMISILI_KERJA` varchar(150) NOT NULL,
  `EMAIL` varchar(40) NOT NULL,
  `DATE_JOINT_TO_KPS` timestamp NULL DEFAULT CURRENT_TIMESTAMP,
  `EMPLOYEE_STATUS` varchar(10) NOT NULL
) ENGINE=InnoDB DEFAULT CHARSET=latin1;

--
-- Dumping data untuk tabel `kps_employee`
--

INSERT INTO `kps_employee` (`KPS_EMPLOYEE_ID`, `NIK`, `EMPLOYEE_NAME`, `ADDRESS_EP`, `PHONE_EP`, `POSITION_ID_EP`, `DEPT_EMPLOYEE_ID`, `SEC_EMPLOYEE_ID`, `POSITION_ID`, `SECTION`, `kps_group_id`, `DOMISILI_KERJA`, `EMAIL`, `DATE_JOINT_TO_KPS`, `EMPLOYEE_STATUS`) VALUES
(1, '001', 'Mochamad Akbar Anggamaulana', 'Jl. Dirgantara VI no. 23', '+6282117811477', NULL, 1, 1, 1, NULL, 1, 'BANDUNG', 'mochamad.akbar@gmail.com', '2016-02-24 19:40:17', 'on'),
(2, '002', 'Abdullah Hanifan', 'Jalan Raya Cililin', '082117811568', NULL, 1, 1, 3, NULL, 2, 'BANDUNG BARAT', 'ifan.hanifan@gmail.com', '2016-02-24 19:41:21', 'on'),
(3, '005', 'Thariq Abdillah', 'Bandung', '08217881190', NULL, 1, 1, 3, NULL, 1, 'SIMEULUE', 'thariq@gmail.com', '2016-02-26 01:10:29', 'on'),
(4, '011', 'Weni Windayani', 'bandung', '022', NULL, 1, 1, 1, NULL, 1, 'ACEH SELATAN', 'weni', '2016-03-28 06:21:16', 'on'),
(5, '012', 'Ashari Darmawan', 'Bandung', '022', NULL, 1, 1, 1, NULL, 1, 'BENER MERIAH', 'ashari', '2016-03-28 06:22:07', 'on'),
(6, '013', 'Dedi', 'Bandung', '022', NULL, 1, 1, 1, NULL, 2, 'BENER MERIAH', 'dedi', '2016-03-28 06:23:41', 'on'),
(7, '014', 'Ridwan', 'Bandung', '022', NULL, 1, 1, 1, NULL, 1, 'ACEH JAYA', 'ridwan', '2016-03-28 06:24:29', 'on'),
(8, '015', 'Aminudin', 'Bandung', '022', NULL, 1, 1, 1, NULL, 2, 'ACEH BARAT DAYA', 'amin', '2016-03-28 06:25:04', 'on'),
(9, '016', 'Eko Rahman', 'Bandung', '022', NULL, 1, 1, 1, NULL, 1, 'ACEH TAMIANG', 'eko', '2016-03-28 06:25:35', 'on'),
(10, '017', 'Weni Windayani 2', '', '', NULL, 1, 1, 1, NULL, 1, 'NAGAN RAYA', '', '2016-04-14 07:54:11', 'on'),
(11, '018', 'New Item Employee', 'Bandung', '092129990129', NULL, 1, 1, 3, NULL, 1, 'ACEH TAMIANG', 'mochamad.akbar@gmail.com', '2016-05-06 04:23:30', 'on'),
(12, '019', 'Regular Employee', 'Jl. Dirgantara VI no. 23', '+6282117811477', NULL, 1, 1, 3, NULL, 2, 'ACEH TAMIANG', 'mochamad.akbar@gmail.com', '2016-05-06 04:24:02', 'on');

-- --------------------------------------------------------

--
-- Struktur dari tabel `kps_failed_project`
--

CREATE TABLE `kps_failed_project` (
  `KPS_FAILED_PROJECT_ID` int(255) NOT NULL,
  `DATE_FAILED` datetime NOT NULL DEFAULT CURRENT_TIMESTAMP,
  `REV_NO_FAILED` varchar(100) NOT NULL DEFAULT '',
  `NO_FAILED` varchar(100) NOT NULL DEFAULT '',
  `KPS_RFQ_ID_FAILED` int(255) NOT NULL DEFAULT '0',
  `NOTE_FAILED` mediumtext NOT NULL,
  `MADE_BY_FAILED` varchar(100) DEFAULT NULL,
  `APPROVED_FAILED` varchar(100) DEFAULT NULL,
  `user_made_by_id` int(11) DEFAULT NULL,
  `employee_approved_id` int(11) DEFAULT NULL,
  `revisi_no_project` int(11) NOT NULL DEFAULT '0',
  `status_project` int(11) NOT NULL DEFAULT '0',
  `DEL_PROJECT` int(11) NOT NULL DEFAULT '0'
) ENGINE=InnoDB DEFAULT CHARSET=latin1;

--
-- Dumping data untuk tabel `kps_failed_project`
--

INSERT INTO `kps_failed_project` (`KPS_FAILED_PROJECT_ID`, `DATE_FAILED`, `REV_NO_FAILED`, `NO_FAILED`, `KPS_RFQ_ID_FAILED`, `NOTE_FAILED`, `MADE_BY_FAILED`, `APPROVED_FAILED`, `user_made_by_id`, `employee_approved_id`, `revisi_no_project`, `status_project`, `DEL_PROJECT`) VALUES
(1, '2016-02-28 15:04:19', '2', '16/FP-SLS/II/1', 3, 'testXXx', '1', NULL, NULL, 1, 1, 0, 0);

--
-- Trigger `kps_failed_project`
--
DELIMITER $$
CREATE TRIGGER `PROJECT_update_record` BEFORE UPDATE ON `kps_failed_project` FOR EACH ROW INSERT INTO kps_failed_project_ (
  `KPS_FAILED_PROJECT_ID`, `DATE_FAILED`, `REV_NO_FAILED`, `NO_FAILED`, `KPS_RFQ_ID_FAILED`, `NOTE_FAILED`, `MADE_BY_FAILED`, `APPROVED_FAILED`, `user_made_by_id`, `employee_approved_id`, `revisi_no_project`, `status_project`, `DEL_PROJECT`, `UPDATE_BY_PROJECT`
)
VALUE (
  OLD.`KPS_FAILED_PROJECT_ID`, OLD.`DATE_FAILED`, OLD.`REV_NO_FAILED`, OLD.`NO_FAILED`, OLD.`KPS_RFQ_ID_FAILED`, OLD.`NOTE_FAILED`, OLD.`MADE_BY_FAILED`, OLD.`APPROVED_FAILED`, OLD.`user_made_by_id`, OLD.`employee_approved_id`, OLD.`revisi_no_project`, OLD.`status_project`, OLD.`DEL_PROJECT`, NEW.`MADE_BY_FAILED` )
$$
DELIMITER ;

-- --------------------------------------------------------

--
-- Struktur dari tabel `kps_failed_project_`
--

CREATE TABLE `kps_failed_project_` (
  `KPS_FAILED_PROJECT_ID` int(255) NOT NULL,
  `DATE_FAILED` datetime NOT NULL DEFAULT CURRENT_TIMESTAMP,
  `REV_NO_FAILED` varchar(100) NOT NULL DEFAULT '',
  `NO_FAILED` varchar(100) NOT NULL DEFAULT '',
  `KPS_RFQ_ID_FAILED` int(255) NOT NULL DEFAULT '0',
  `NOTE_FAILED` mediumtext NOT NULL,
  `MADE_BY_FAILED` varchar(100) DEFAULT NULL,
  `APPROVED_FAILED` varchar(100) DEFAULT NULL,
  `user_made_by_id` int(11) DEFAULT NULL,
  `employee_approved_id` int(11) DEFAULT NULL,
  `revisi_no_project` int(11) NOT NULL DEFAULT '0',
  `status_project` int(11) NOT NULL DEFAULT '0',
  `DEL_PROJECT` int(11) NOT NULL DEFAULT '0',
  `ID` int(11) NOT NULL,
  `UPDATE_TIME` datetime NOT NULL DEFAULT CURRENT_TIMESTAMP,
  `UPDATE_BY_PROJECT` int(11) NOT NULL
) ENGINE=InnoDB DEFAULT CHARSET=latin1;

--
-- Dumping data untuk tabel `kps_failed_project_`
--

INSERT INTO `kps_failed_project_` (`KPS_FAILED_PROJECT_ID`, `DATE_FAILED`, `REV_NO_FAILED`, `NO_FAILED`, `KPS_RFQ_ID_FAILED`, `NOTE_FAILED`, `MADE_BY_FAILED`, `APPROVED_FAILED`, `user_made_by_id`, `employee_approved_id`, `revisi_no_project`, `status_project`, `DEL_PROJECT`, `ID`, `UPDATE_TIME`, `UPDATE_BY_PROJECT`) VALUES
(1, '2016-02-28 15:04:19', '2', '16/FP-SLS/II/1', 3, 'test\n', '1', NULL, NULL, 1, 0, 0, 0, 1, '2016-05-05 21:09:48', 1),
(1, '2016-02-28 15:04:19', '2', '16/FP-SLS/II/1', 3, 'test\nX', '1', NULL, NULL, 1, 0, 0, 0, 2, '2016-05-05 21:10:10', 1),
(1, '2016-02-28 15:04:19', '2', '16/FP-SLS/II/1', 3, 'testXX', '1', NULL, NULL, 1, 0, 0, 0, 3, '2016-05-05 21:10:10', 1),
(1, '2016-02-28 15:04:19', '2', '16/FP-SLS/II/1', 3, 'testXX', '1', NULL, NULL, 1, 1, 0, 0, 4, '2016-05-05 21:13:15', 1),
(1, '2016-02-28 15:04:19', '2', '16/FP-SLS/II/1', 3, 'testXXx', '1', NULL, NULL, 1, 1, 0, 0, 5, '2016-05-05 21:13:15', 1);

-- --------------------------------------------------------

--
-- Struktur dari tabel `kps_failed_project_attachment`
--

CREATE TABLE `kps_failed_project_attachment` (
  `KPS_FAILED_PROJECT_ATTACHMENT_ID` int(255) NOT NULL,
  `KPS_FAILED_PROJECT_ID` int(255) NOT NULL,
  `TYPE` varchar(255) NOT NULL,
  `TITLE` varchar(255) DEFAULT NULL,
  `FILENAME` varchar(255) DEFAULT NULL
) ENGINE=InnoDB DEFAULT CHARSET=latin1;

-- --------------------------------------------------------

--
-- Struktur dari tabel `kps_fill`
--

CREATE TABLE `kps_fill` (
  `KPS_FILL_ID` int(255) NOT NULL,
  `KPS_RFQ_ID` int(255) NOT NULL,
  `ENGINEERING_NEW_ITEM` varchar(100) NOT NULL,
  `ENGINEERING_MOULD_DRAWING` varchar(100) NOT NULL,
  `ENGINEERING_VOLUME_DRAWING` varchar(100) NOT NULL,
  `ENGINEERING_TOOLING_DESIGN` varchar(100) NOT NULL,
  `ENGINEERING_OTHERS` varchar(100) NOT NULL,
  `PURCHASE_MATERIAL_PRICE` varchar(255) NOT NULL,
  `PURCHASE_TOOLING_COST` varchar(255) NOT NULL,
  `PURCHASE_MACHINE_PRICE` varchar(255) NOT NULL,
  `OTHERS` varchar(255) NOT NULL,
  `CUSTOMER_RECEIVE_DATE` date NOT NULL,
  `CUSTOMER_DRAWING_NO` varchar(100) NOT NULL,
  `CUSTOMER_DRAWING_REV_NO` varchar(100) NOT NULL,
  `CUSTOMER_REV_NO` varchar(100) NOT NULL,
  `CUSTOMER_OBSELETE_DATE` varchar(100) NOT NULL,
  `CUSTOMER_DRAWING_NOTE` mediumtext NOT NULL
) ENGINE=InnoDB DEFAULT CHARSET=latin1;

-- --------------------------------------------------------

--
-- Struktur dari tabel `kps_group`
--

CREATE TABLE `kps_group` (
  `id` int(11) NOT NULL,
  `group_name` varchar(100) DEFAULT NULL
) ENGINE=InnoDB DEFAULT CHARSET=latin1;

--
-- Dumping data untuk tabel `kps_group`
--

INSERT INTO `kps_group` (`id`, `group_name`) VALUES
(1, 'A1'),
(2, 'A2'),
(3, 'A3');

-- --------------------------------------------------------

--
-- Struktur dari tabel `kps_harga_borongan`
--

CREATE TABLE `kps_harga_borongan` (
  `KPS_HARGA_BORONGAN_ID` int(255) NOT NULL,
  `DOC_NO` varchar(50) NOT NULL,
  `DATE` date NOT NULL,
  `NO_REV_NO` varchar(50) NOT NULL,
  `KPS_ITEM_MASTER_ID` int(255) NOT NULL,
  `KPS_CUSTOMER_LIST_ID` int(255) NOT NULL,
  `VALID_DATE_FROM` date NOT NULL,
  `VALID_DATE_UNTIL` date NOT NULL,
  `NOTES` mediumtext NOT NULL
) ENGINE=InnoDB DEFAULT CHARSET=latin1;

-- --------------------------------------------------------

--
-- Struktur dari tabel `kps_harga_borongan_detail`
--

CREATE TABLE `kps_harga_borongan_detail` (
  `KPS_HARGA_BORONGAN_DETAIL_ID` int(255) NOT NULL,
  `KPS_HARGA_BORONGAN_ID` int(255) NOT NULL,
  `PROCESS` varchar(150) NOT NULL,
  `DOC_NO` varchar(150) NOT NULL,
  `DOC_REV_NO` varchar(150) NOT NULL,
  `KPS_TOOLING_ID` int(255) NOT NULL,
  `CAV_NO` int(255) NOT NULL,
  `KPS_MACHINE_ID` int(255) NOT NULL,
  `CT_MACHINE` varchar(150) NOT NULL,
  `CT_MAN` int(50) NOT NULL,
  `CT_CHARGE` int(50) NOT NULL,
  `HARGA_PENGAJUAN_ENGINEERING` varchar(255) NOT NULL,
  `HARGA_APPROVED_PRODUKSI` varchar(255) NOT NULL,
  `APPROVED_DIREKTUR` varchar(255) NOT NULL,
  `REV_HARGA_NO` varchar(50) NOT NULL,
  `REMAKS` varchar(255) NOT NULL
) ENGINE=InnoDB DEFAULT CHARSET=latin1;

-- --------------------------------------------------------

--
-- Struktur dari tabel `kps_harga_borongan_rev`
--

CREATE TABLE `kps_harga_borongan_rev` (
  `KPS_HARGA_BORONGAN_REV_ID` int(255) NOT NULL,
  `KPS_HARGA_BORONGAN_ID` int(255) NOT NULL,
  `REV_NO` varchar(50) NOT NULL,
  `REV_DATE` date NOT NULL,
  `REV_CONTAIN` varchar(255) NOT NULL
) ENGINE=InnoDB DEFAULT CHARSET=latin1;

-- --------------------------------------------------------

--
-- Struktur dari tabel `kps_history_price`
--

CREATE TABLE `kps_history_price` (
  `KPS_HISTORY_PRICE_ID` int(255) NOT NULL,
  `DATE` date NOT NULL,
  `KPS_PRICE_UPDATE_ID` int(255) NOT NULL
) ENGINE=InnoDB DEFAULT CHARSET=latin1;

-- --------------------------------------------------------

--
-- Struktur dari tabel `kps_history_price_detail`
--

CREATE TABLE `kps_history_price_detail` (
  `KPS_HISTORY_PRICE_DETAIL_ID` int(255) NOT NULL,
  `KPS_HISTORY_PRICE_ID` int(255) NOT NULL,
  `KPS_QUOTATION_ID` int(255) NOT NULL
) ENGINE=InnoDB DEFAULT CHARSET=latin1;

-- --------------------------------------------------------

--
-- Struktur dari tabel `kps_inventory`
--

CREATE TABLE `kps_inventory` (
  `KPS_INVENTORY_ID` int(255) NOT NULL,
  `DATE` date NOT NULL,
  `AREA` varchar(100) NOT NULL,
  `KPS_ITEM_MASTER_ID` int(255) NOT NULL,
  `BREAKDOWN` varchar(255) NOT NULL,
  `MIN_INVENTORY` varchar(255) NOT NULL,
  `MAX_INVENTORY` varchar(255) NOT NULL,
  `INVENTORY` varchar(255) NOT NULL,
  `DELIVERY_PENDING` varchar(255) NOT NULL,
  `OUTSTANDING_PO_OS` varchar(255) NOT NULL,
  `INVENTORY_BREAKDOWN` varchar(255) NOT NULL,
  `UNIT` varchar(20) NOT NULL,
  `STATUS` varchar(20) NOT NULL,
  `TOTAL_BREAKDOWN` varchar(255) NOT NULL,
  `TOTAL_MIN_INVENTORY` varchar(255) NOT NULL,
  `TOTAL_MAX_INVENTORY` varchar(255) NOT NULL,
  `TOTAL_INVENTORY` varchar(255) NOT NULL,
  `TOTAL_DELIVERY_PENDING` varchar(255) NOT NULL,
  `TOTAL_OUTSTANDING_PO_OS` varchar(255) NOT NULL,
  `TOTAL_INVENTORY_BREAKDOWN` varchar(255) NOT NULL
) ENGINE=InnoDB DEFAULT CHARSET=latin1;

-- --------------------------------------------------------

--
-- Struktur dari tabel `kps_invoice`
--

CREATE TABLE `kps_invoice` (
  `KPS_INVOICE_ID` int(255) NOT NULL,
  `invoice_type_id` int(11) DEFAULT NULL,
  `customer_id` int(11) DEFAULT NULL,
  `INVOICE_INDUK_ID_inv` int(11) DEFAULT NULL,
  `DATE_INVO` datetime DEFAULT CURRENT_TIMESTAMP,
  `NO_INVO` varchar(100) DEFAULT NULL,
  `KPS_NO_INVOICE_FAKTUR_PAJAK` int(11) NOT NULL,
  `REV_NO_INVO` int(100) DEFAULT NULL,
  `TOTAL_1_INVO` varchar(255) DEFAULT NULL,
  `TOTAL_2_INVO` varchar(255) DEFAULT NULL,
  `TOTAL_3_INVO` varchar(255) DEFAULT NULL,
  `TOTAL_4_INVO` varchar(255) DEFAULT NULL,
  `PREPARED_INVO` int(100) DEFAULT NULL,
  `CHECKED_INVO` int(100) DEFAULT NULL,
  `APPROVED_INVO` int(100) DEFAULT NULL,
  `total_qty` int(11) DEFAULT NULL,
  `total_amount` varchar(255) DEFAULT NULL,
  `total_dp_or_vat` varchar(255) DEFAULT NULL,
  `total_ppn_or_tax` varchar(255) DEFAULT NULL,
  `total_all` varchar(255) DEFAULT NULL,
  `term` int(11) NOT NULL DEFAULT '0',
  `KPS_INVOICE_DP` int(11) NOT NULL DEFAULT '0',
  `MADE_BY` int(11) NOT NULL DEFAULT '0',
  `KPS_INV_NOMOR_URUT_NT_TX` int(11) DEFAULT NULL,
  `KPS_INVOICE_NOMOR_PENGGANTI` varchar(256) DEFAULT NULL,
  `KPS_INVOICE_STATUS_APP_DELETE_DIREKTUR` tinyint(4) DEFAULT NULL,
  `KPS_INVOICE_STATUS_PRINT` tinyint(4) DEFAULT NULL,
  `KPS_INVOICE_APP_DELETE_CHANGE_NUMBER` int(11) DEFAULT NULL,
  `KPS_INVOICE_APP_DELETE_NORMALY` int(11) DEFAULT NULL,
  `KPS_INVOICE_FLAG_DELETE` tinyint(4) DEFAULT NULL
) ENGINE=InnoDB DEFAULT CHARSET=latin1;

--
-- Dumping data untuk tabel `kps_invoice`
--

INSERT INTO `kps_invoice` (`KPS_INVOICE_ID`, `invoice_type_id`, `customer_id`, `INVOICE_INDUK_ID_inv`, `DATE_INVO`, `NO_INVO`, `KPS_NO_INVOICE_FAKTUR_PAJAK`, `REV_NO_INVO`, `TOTAL_1_INVO`, `TOTAL_2_INVO`, `TOTAL_3_INVO`, `TOTAL_4_INVO`, `PREPARED_INVO`, `CHECKED_INVO`, `APPROVED_INVO`, `total_qty`, `total_amount`, `total_dp_or_vat`, `total_ppn_or_tax`, `total_all`, `term`, `KPS_INVOICE_DP`, `MADE_BY`, `KPS_INV_NOMOR_URUT_NT_TX`, `KPS_INVOICE_NOMOR_PENGGANTI`, `KPS_INVOICE_STATUS_APP_DELETE_DIREKTUR`, `KPS_INVOICE_STATUS_PRINT`, `KPS_INVOICE_APP_DELETE_CHANGE_NUMBER`, `KPS_INVOICE_APP_DELETE_NORMALY`, `KPS_INVOICE_FLAG_DELETE`) VALUES
(10, NULL, 1, 2, '2016-03-27 09:41:52', '16/INV-SLS/III/1', 0, 1, NULL, NULL, NULL, NULL, 1, 1, 1, 360, '183960.91666666666', '0', '0', '0', 1, 20, 0, NULL, NULL, NULL, NULL, NULL, NULL, NULL),
(11, NULL, 1, 2, '2016-03-27 12:21:14', '16/INV-SLS/III/2', 0, 2, NULL, NULL, NULL, NULL, 1, 1, 3, 360, '183960.91666666666', '0', '0', '0', 2, 50, 0, NULL, NULL, NULL, NULL, NULL, NULL, NULL),
(13, NULL, 1, 2, '2016-03-28 09:56:09', '16/INV-SLS/III/3', 0, 3, NULL, NULL, NULL, NULL, 1, 1, 3, 360, '183960.91666666666', '0', '0', '0', 3, 30, 0, NULL, NULL, NULL, NULL, NULL, NULL, NULL),
(14, NULL, NULL, 3, '2016-03-29 18:38:14', '16/INV-SLS/III/4', 0, 4, NULL, NULL, NULL, NULL, 2, 2, 3, 800, '659200', '0', '0', '0', 1, 100, 0, NULL, NULL, NULL, NULL, NULL, NULL, NULL),
(15, NULL, NULL, 4, '2016-05-13 15:05:44', '16/INV-SLS/V/1', 0, NULL, NULL, NULL, NULL, NULL, 3, 2, 4, 5000, '4120000', '0', '0', '0', 1, 100, 0, 1, NULL, NULL, 1, NULL, NULL, NULL),
(16, NULL, NULL, 5, '2016-05-13 16:21:04', '16/INV-SLSR/V/2', 0, NULL, NULL, NULL, NULL, NULL, 1, 3, 4, 35, '30800', '0', '0', '0', 1, 100, 0, 2, NULL, NULL, NULL, NULL, NULL, NULL),
(17, NULL, NULL, 7, '2016-05-17 18:34:31', '16/INV-SLSR/V/3', 0, NULL, NULL, NULL, NULL, NULL, 2, 1, 1, NULL, NULL, '0', '0', '0', 1, 20, 0, 3, NULL, NULL, NULL, NULL, NULL, NULL),
(18, NULL, NULL, 7, '2016-05-17 19:02:29', '16/INV-SLSR/V/4', 0, NULL, NULL, NULL, NULL, NULL, 2, 3, 4, NULL, NULL, '0', '0', '0', 0, 10, 0, 4, '35434434', NULL, NULL, NULL, NULL, NULL),
(19, NULL, NULL, 9, '2016-05-22 21:06:03', '16/INV-SLSR/V/5', 0, NULL, NULL, NULL, NULL, NULL, 2, 1, 3, 2200, '1000000', '0', '0', '0', 1, 50, 0, 5, NULL, NULL, 1, NULL, NULL, NULL),
(21, NULL, NULL, 9, '2016-05-25 00:08:53', '16/INV-SLSR/V/6', 2147483647, NULL, NULL, NULL, NULL, NULL, 2, 1, 1, 2200, '1000000', '0', '0', '0', 2, 10, 0, 6, '2147483647', NULL, NULL, NULL, NULL, NULL),
(22, NULL, NULL, 9, '2016-05-28 06:56:42', '16/INV-SLSR/V/7', 2147483647, NULL, NULL, NULL, NULL, NULL, 2, 2, 3, 2200, '1000000', '0', '0', '0', 2, 50, 0, 7, '22334455667788', NULL, 1, NULL, NULL, NULL),
(23, NULL, NULL, 9, '2016-05-28 07:05:32', '16/INV-SLSR/V/8', 2147483647, NULL, NULL, NULL, NULL, NULL, 2, 2, 5, 2200, '1000000', '0', '0', '0', 2, 50, 0, 8, '556677889900', NULL, NULL, NULL, NULL, NULL),
(24, NULL, NULL, 9, '2016-05-28 07:06:49', '16/INV-SLSR/V/9', 2147483647, NULL, NULL, NULL, NULL, NULL, 2, 2, 3, 2200, '1000000', '0', '0', '0', 2, 50, 0, 9, '6677880045454754', NULL, NULL, NULL, NULL, NULL),
(25, NULL, NULL, 9, '2016-05-28 07:10:38', '16/INV-SLSR/V/10', 2147483647, NULL, NULL, NULL, NULL, NULL, 2, 5, 5, 2200, '1000000', '0', '0', '0', 2, 50, 0, 10, '435347654', NULL, NULL, NULL, NULL, NULL),
(26, NULL, NULL, 9, '2016-05-28 07:13:16', '16/INV-SLSR/V/11', 435347654, NULL, NULL, NULL, NULL, NULL, 12, 3, 2, 2200, '1000000', '0', '0', '0', 2, 50, 0, 11, '7654657899765', NULL, 1, 2, NULL, NULL),
(27, NULL, NULL, 7, '2016-05-28 11:08:05', '16/INV-SLSR/V/12', 35434434, NULL, NULL, NULL, NULL, NULL, 2, 4, 3, NULL, NULL, '0', '0', '0', 4, 80, 0, 12, '77575', NULL, NULL, NULL, NULL, NULL),
(28, NULL, NULL, 7, '2016-05-28 11:09:20', '16/INV-SLSR/V/13', 77575, NULL, NULL, NULL, NULL, NULL, 2, 2, 2, NULL, NULL, '0', '0', '0', 4, 80, 0, 13, NULL, NULL, NULL, NULL, NULL, NULL),
(29, NULL, NULL, 9, '2016-05-30 11:01:30', '16/INV-SLSR/V/14', 2147483647, NULL, NULL, NULL, NULL, NULL, 12, 1, 3, 2200, '1000000', '0', '0', '0', 2, 50, 0, 14, NULL, NULL, 1, NULL, NULL, NULL);

--
-- Trigger `kps_invoice`
--
DELIMITER $$
CREATE TRIGGER `invoice_update_record` BEFORE UPDATE ON `kps_invoice` FOR EACH ROW INSERT INTO kps_invoice_ (

  `KPS_INVOICE_ID`,

  `invoice_type_id`,

  `customer_id`,

  `INVOICE_INDUK_ID_inv`,

  `DATE_INVO`,

  `NO_INVO`,

    `KPS_NO_INVOICE_FAKTUR_PAJAK`,

  `REV_NO_INVO`,

  `TOTAL_1_INVO`,

  `TOTAL_2_INVO`,

  `TOTAL_3_INVO`,

  `TOTAL_4_INVO`,

  `PREPARED_INVO`,

  `CHECKED_INVO`,

  `APPROVED_INVO`,

  `total_qty`,

  `total_amount`,

  `total_dp_or_vat`,

  `total_ppn_or_tax`,

  `total_all`,

  `term`,

  `KPS_INVOICE_DP`,

  `MADE_BY`, 

  `UPDATE_BY`, `KPS_INVOICE_NOMOR_PENGGANTI` , `KPS_INVOICE_STATUS_APP_DELETE_DIREKTUR` , `KPS_INVOICE_STATUS_PRINT`, `KPS_INVOICE_APP_DELETE_CHANGE_NUMBER`, `KPS_INVOICE_APP_DELETE_NORMALY`, `KPS_INVOICE_FLAG_DELETE`

)

VALUE (

  OLD.`KPS_INVOICE_ID`,

  OLD.`invoice_type_id`,

  OLD.`customer_id`,

  OLD.`INVOICE_INDUK_ID_inv`,

  OLD.`DATE_INVO`,

  OLD.`NO_INVO`,

  OLD.`KPS_NO_INVOICE_FAKTUR_PAJAK`,  

  OLD.`REV_NO_INVO`,

  OLD.`TOTAL_1_INVO`,

  OLD.`TOTAL_2_INVO`,

  OLD.`TOTAL_3_INVO`,

  OLD.`TOTAL_4_INVO`,

  OLD.`PREPARED_INVO`,

  OLD.`CHECKED_INVO`,

  OLD.`APPROVED_INVO`,

  OLD.`total_qty`,

  OLD.`total_amount`,

  OLD.`total_dp_or_vat`,

  OLD.`total_ppn_or_tax`,

  OLD.`total_all`,

  OLD.`term`,

  OLD.`KPS_INVOICE_DP`,

  OLD.`MADE_BY`, 

  NEW.`PREPARED_INVO` , NEW.`KPS_INVOICE_NOMOR_PENGGANTI` , OLD.`KPS_INVOICE_STATUS_APP_DELETE_DIREKTUR` , OLD.`KPS_INVOICE_STATUS_PRINT`, NEW.`KPS_INVOICE_APP_DELETE_CHANGE_NUMBER`, NEW.`KPS_INVOICE_APP_DELETE_NORMALY`, NEW.`KPS_INVOICE_FLAG_DELETE`  )
$$
DELIMITER ;

-- --------------------------------------------------------

--
-- Struktur dari tabel `kps_invoice_`
--

CREATE TABLE `kps_invoice_` (
  `KPS_INVOICE_ID_` int(11) NOT NULL,
  `KPS_INVOICE_STATUS_VIEW_BY_DIREKTUR` int(11) DEFAULT NULL,
  `UPDATE_TIME` datetime NOT NULL DEFAULT CURRENT_TIMESTAMP,
  `KPS_INVOICE_ID` int(255) NOT NULL,
  `invoice_type_id` int(11) DEFAULT NULL,
  `customer_id` int(11) DEFAULT NULL,
  `INVOICE_INDUK_ID_inv` int(11) DEFAULT NULL,
  `DATE_INVO` datetime DEFAULT CURRENT_TIMESTAMP,
  `NO_INVO` varchar(100) DEFAULT NULL,
  `KPS_NO_INVOICE_FAKTUR_PAJAK` int(11) DEFAULT NULL,
  `REV_NO_INVO` int(100) DEFAULT NULL,
  `TOTAL_1_INVO` varchar(255) DEFAULT NULL,
  `TOTAL_2_INVO` varchar(255) DEFAULT NULL,
  `TOTAL_3_INVO` varchar(255) DEFAULT NULL,
  `TOTAL_4_INVO` varchar(255) DEFAULT NULL,
  `PREPARED_INVO` int(100) DEFAULT NULL,
  `CHECKED_INVO` int(100) DEFAULT NULL,
  `APPROVED_INVO` int(100) DEFAULT NULL,
  `total_qty` int(11) DEFAULT NULL,
  `total_amount` varchar(255) DEFAULT NULL,
  `total_dp_or_vat` varchar(255) DEFAULT NULL,
  `total_ppn_or_tax` varchar(255) DEFAULT NULL,
  `total_all` varchar(255) DEFAULT NULL,
  `term` int(11) NOT NULL,
  `KPS_INVOICE_DP` int(11) NOT NULL,
  `MADE_BY` int(11) NOT NULL,
  `UPDATE_BY` int(11) DEFAULT NULL,
  `KPS_INVOICE_NOMOR_PENGGANTI` varchar(256) DEFAULT NULL,
  `KPS_INVOICE_STATUS_APP_DELETE_DIREKTUR` tinyint(4) DEFAULT NULL,
  `KPS_INVOICE_STATUS_PRINT` tinyint(4) DEFAULT NULL,
  `KPS_INVOICE_APP_DELETE_CHANGE_NUMBER` int(11) DEFAULT NULL,
  `KPS_INVOICE_APP_DELETE_NORMALY` int(11) DEFAULT NULL,
  `KPS_INVOICE_FLAG_DELETE` tinyint(4) DEFAULT NULL
) ENGINE=InnoDB DEFAULT CHARSET=latin1;

--
-- Dumping data untuk tabel `kps_invoice_`
--

INSERT INTO `kps_invoice_` (`KPS_INVOICE_ID_`, `KPS_INVOICE_STATUS_VIEW_BY_DIREKTUR`, `UPDATE_TIME`, `KPS_INVOICE_ID`, `invoice_type_id`, `customer_id`, `INVOICE_INDUK_ID_inv`, `DATE_INVO`, `NO_INVO`, `KPS_NO_INVOICE_FAKTUR_PAJAK`, `REV_NO_INVO`, `TOTAL_1_INVO`, `TOTAL_2_INVO`, `TOTAL_3_INVO`, `TOTAL_4_INVO`, `PREPARED_INVO`, `CHECKED_INVO`, `APPROVED_INVO`, `total_qty`, `total_amount`, `total_dp_or_vat`, `total_ppn_or_tax`, `total_all`, `term`, `KPS_INVOICE_DP`, `MADE_BY`, `UPDATE_BY`, `KPS_INVOICE_NOMOR_PENGGANTI`, `KPS_INVOICE_STATUS_APP_DELETE_DIREKTUR`, `KPS_INVOICE_STATUS_PRINT`, `KPS_INVOICE_APP_DELETE_CHANGE_NUMBER`, `KPS_INVOICE_APP_DELETE_NORMALY`, `KPS_INVOICE_FLAG_DELETE`) VALUES
(1, NULL, '2016-05-06 13:38:43', 10, NULL, 1, 2, '2016-03-27 09:41:52', '16/INV-SLS/III/1', NULL, 1, NULL, NULL, NULL, NULL, 1, 1, 1, 360, '183960.91666666666', '0', '0', '0', 1, 20, 0, 0, NULL, NULL, NULL, NULL, NULL, NULL),
(2, NULL, '2016-05-06 13:38:43', 11, NULL, 1, 2, '2016-03-27 12:21:14', '16/INV-SLS/III/2', NULL, 2, NULL, NULL, NULL, NULL, 1, 1, 3, 360, '183960.91666666666', '0', '0', '0', 2, 50, 0, 0, NULL, NULL, NULL, NULL, NULL, NULL),
(3, NULL, '2016-05-06 13:38:43', 13, NULL, 1, 2, '2016-03-28 09:56:09', '16/INV-SLS/III/3', NULL, 3, NULL, NULL, NULL, NULL, 1, 1, 3, 360, '183960.91666666666', '0', '0', '0', 3, 30, 0, 0, NULL, NULL, NULL, NULL, NULL, NULL),
(4, NULL, '2016-05-06 13:38:52', 10, NULL, 1, 2, '2016-03-27 09:41:52', '16/INV-SLS/III/1', NULL, 1, NULL, NULL, NULL, NULL, 1, 1, 1, 360, '183960.91666666666', '0', '0', '0', 1, 20, 0, 0, NULL, NULL, NULL, NULL, NULL, NULL),
(5, NULL, '2016-05-06 13:38:52', 11, NULL, 1, 2, '2016-03-27 12:21:14', '16/INV-SLS/III/2', NULL, 2, NULL, NULL, NULL, NULL, 1, 1, 3, 360, '183960.91666666666', '0', '0', '0', 2, 50, 0, 0, NULL, NULL, NULL, NULL, NULL, NULL),
(6, NULL, '2016-05-06 13:38:52', 13, NULL, 1, 2, '2016-03-28 09:56:09', '16/INV-SLS/III/3', NULL, 3, NULL, NULL, NULL, NULL, 1, 1, 3, 360, '183960.91666666666', '0', '0', '0', 3, 30, 0, 0, NULL, NULL, NULL, NULL, NULL, NULL),
(7, NULL, '2016-05-13 06:24:49', 14, NULL, NULL, 3, '2016-03-29 18:38:14', '16/INV-SLS/III/4', NULL, 4, NULL, NULL, NULL, NULL, 2, 2, 3, 800, '659200', '0', '0', '0', 1, 100, 0, 0, NULL, NULL, NULL, NULL, NULL, NULL),
(8, NULL, '2016-05-13 06:25:12', 10, NULL, 1, 2, '2016-03-27 09:41:52', '16/INV-SLS/III/1', NULL, 1, NULL, NULL, NULL, NULL, 1, 1, 1, 360, '183960.91666666666', '0', '0', '0', 1, 20, 0, 0, NULL, NULL, NULL, NULL, NULL, NULL),
(9, NULL, '2016-05-13 06:25:12', 11, NULL, 1, 2, '2016-03-27 12:21:14', '16/INV-SLS/III/2', NULL, 2, NULL, NULL, NULL, NULL, 1, 1, 3, 360, '183960.91666666666', '0', '0', '0', 2, 50, 0, 0, NULL, NULL, NULL, NULL, NULL, NULL),
(10, NULL, '2016-05-13 06:25:12', 13, NULL, 1, 2, '2016-03-28 09:56:09', '16/INV-SLS/III/3', NULL, 3, NULL, NULL, NULL, NULL, 1, 1, 3, 360, '183960.91666666666', '0', '0', '0', 3, 30, 0, 0, NULL, NULL, NULL, NULL, NULL, NULL),
(11, NULL, '2016-05-13 06:26:04', 10, NULL, 1, 2, '2016-03-27 09:41:52', '16/INV-SLS/III/1', NULL, 1, NULL, NULL, NULL, NULL, 1, 1, 1, 360, '183960.91666666666', '0', '0', '0', 1, 20, 0, 0, NULL, NULL, NULL, NULL, NULL, NULL),
(12, NULL, '2016-05-13 06:26:04', 11, NULL, 1, 2, '2016-03-27 12:21:14', '16/INV-SLS/III/2', NULL, 2, NULL, NULL, NULL, NULL, 1, 1, 3, 360, '183960.91666666666', '0', '0', '0', 2, 50, 0, 0, NULL, NULL, NULL, NULL, NULL, NULL),
(13, NULL, '2016-05-13 06:26:04', 13, NULL, 1, 2, '2016-03-28 09:56:09', '16/INV-SLS/III/3', NULL, 3, NULL, NULL, NULL, NULL, 1, 1, 3, 360, '183960.91666666666', '0', '0', '0', 3, 30, 0, 0, NULL, NULL, NULL, NULL, NULL, NULL),
(14, NULL, '2016-05-13 06:29:13', 10, NULL, 1, 2, '2016-03-27 09:41:52', '16/INV-SLS/III/1', NULL, 1, NULL, NULL, NULL, NULL, 1, 1, 1, 360, '183960.91666666666', '0', '0', '0', 1, 20, 0, 0, NULL, NULL, NULL, NULL, NULL, NULL),
(15, NULL, '2016-05-13 06:29:13', 11, NULL, 1, 2, '2016-03-27 12:21:14', '16/INV-SLS/III/2', NULL, 2, NULL, NULL, NULL, NULL, 1, 1, 3, 360, '183960.91666666666', '0', '0', '0', 2, 50, 0, 0, NULL, NULL, NULL, NULL, NULL, NULL),
(16, NULL, '2016-05-13 06:29:13', 13, NULL, 1, 2, '2016-03-28 09:56:09', '16/INV-SLS/III/3', NULL, 3, NULL, NULL, NULL, NULL, 1, 1, 3, 360, '183960.91666666666', '0', '0', '0', 3, 30, 0, 0, NULL, NULL, NULL, NULL, NULL, NULL),
(17, NULL, '2016-05-13 09:16:22', 10, NULL, 1, 2, '2016-03-27 09:41:52', '16/INV-SLS/III/1', NULL, 1, NULL, NULL, NULL, NULL, 1, 1, 1, 360, '183960.91666666666', '0', '0', '0', 1, 20, 0, 0, NULL, NULL, NULL, NULL, NULL, NULL),
(18, NULL, '2016-05-13 09:16:22', 11, NULL, 1, 2, '2016-03-27 12:21:14', '16/INV-SLS/III/2', NULL, 2, NULL, NULL, NULL, NULL, 1, 1, 3, 360, '183960.91666666666', '0', '0', '0', 2, 50, 0, 0, NULL, NULL, NULL, NULL, NULL, NULL),
(19, NULL, '2016-05-13 09:16:22', 13, NULL, 1, 2, '2016-03-28 09:56:09', '16/INV-SLS/III/3', NULL, 3, NULL, NULL, NULL, NULL, 1, 1, 3, 360, '183960.91666666666', '0', '0', '0', 3, 30, 0, 0, NULL, NULL, NULL, NULL, NULL, NULL),
(20, NULL, '2016-05-13 09:16:36', 10, NULL, 1, 2, '2016-03-27 09:41:52', '16/INV-SLS/III/1', NULL, 1, NULL, NULL, NULL, NULL, 1, 1, 1, 360, '183960.91666666666', '0', '0', '0', 1, 20, 0, 0, NULL, NULL, NULL, NULL, NULL, NULL),
(21, NULL, '2016-05-13 09:16:36', 11, NULL, 1, 2, '2016-03-27 12:21:14', '16/INV-SLS/III/2', NULL, 2, NULL, NULL, NULL, NULL, 1, 1, 3, 360, '183960.91666666666', '0', '0', '0', 2, 50, 0, 0, NULL, NULL, NULL, NULL, NULL, NULL),
(22, NULL, '2016-05-13 09:16:36', 13, NULL, 1, 2, '2016-03-28 09:56:09', '16/INV-SLS/III/3', NULL, 3, NULL, NULL, NULL, NULL, 1, 1, 3, 360, '183960.91666666666', '0', '0', '0', 3, 30, 0, 0, NULL, NULL, NULL, NULL, NULL, NULL),
(23, NULL, '2016-05-13 14:35:38', 10, NULL, 1, 2, '2016-03-27 09:41:52', '16/INV-SLS/III/1', NULL, 1, NULL, NULL, NULL, NULL, 1, 1, 1, 360, '183960.91666666666', '0', '0', '0', 1, 20, 0, 0, NULL, NULL, NULL, NULL, NULL, NULL),
(24, NULL, '2016-05-13 14:35:38', 11, NULL, 1, 2, '2016-03-27 12:21:14', '16/INV-SLS/III/2', NULL, 2, NULL, NULL, NULL, NULL, 1, 1, 3, 360, '183960.91666666666', '0', '0', '0', 2, 50, 0, 0, NULL, NULL, NULL, NULL, NULL, NULL),
(25, NULL, '2016-05-13 14:35:38', 13, NULL, 1, 2, '2016-03-28 09:56:09', '16/INV-SLS/III/3', NULL, 3, NULL, NULL, NULL, NULL, 1, 1, 3, 360, '183960.91666666666', '0', '0', '0', 3, 30, 0, 0, NULL, NULL, NULL, NULL, NULL, NULL),
(26, NULL, '2016-05-13 15:05:44', 15, NULL, NULL, 4, '2016-05-13 15:05:44', '16/INV-SLS/V/1', NULL, NULL, NULL, NULL, NULL, NULL, 3, 2, 4, 0, '0', '0', '0', '0', 1, 100, 0, 0, NULL, NULL, NULL, NULL, NULL, NULL),
(27, NULL, '2016-05-13 15:06:28', 15, NULL, NULL, 4, '2016-05-13 15:05:44', '16/INV-SLS/V/1', NULL, NULL, NULL, NULL, NULL, NULL, 3, 2, 4, 5000, '4120000', '0', '0', '0', 1, 100, 0, 0, NULL, NULL, NULL, NULL, NULL, NULL),
(28, NULL, '2016-05-13 15:07:08', 15, NULL, NULL, 4, '2016-05-13 15:05:44', '16/INV-SLS/V/1', NULL, NULL, NULL, NULL, NULL, NULL, 3, 2, 4, 5000, '4120000', '0', '0', '0', 1, 100, 0, 0, NULL, NULL, NULL, NULL, NULL, NULL),
(29, NULL, '2016-05-13 15:09:20', 15, NULL, NULL, 4, '2016-05-13 15:05:44', '16/INV-SLS/V/1', NULL, NULL, NULL, NULL, NULL, NULL, 3, 2, 4, 5000, '4120000', '0', '0', '0', 1, 100, 0, 0, NULL, NULL, NULL, NULL, NULL, NULL),
(30, NULL, '2016-05-13 15:09:44', 15, NULL, NULL, 4, '2016-05-13 15:05:44', '16/INV-SLS/V/1', NULL, NULL, NULL, NULL, NULL, NULL, 3, 2, 4, 5000, '4120000', '0', '0', '0', 1, 100, 0, 0, NULL, NULL, NULL, NULL, NULL, NULL),
(31, NULL, '2016-05-13 15:10:10', 15, NULL, NULL, 4, '2016-05-13 15:05:44', '16/INV-SLS/V/1', NULL, NULL, NULL, NULL, NULL, NULL, 3, 2, 4, 5000, '4120000', '0', '0', '0', 1, 100, 0, 0, NULL, NULL, NULL, NULL, NULL, NULL),
(32, NULL, '2016-05-13 15:12:11', 15, NULL, NULL, 4, '2016-05-13 15:05:44', '16/INV-SLS/V/1', NULL, NULL, NULL, NULL, NULL, NULL, 3, 2, 4, 5000, '4120000', '0', '0', '0', 1, 100, 0, 0, NULL, NULL, NULL, NULL, NULL, NULL),
(33, NULL, '2016-05-13 15:12:13', 15, NULL, NULL, 4, '2016-05-13 15:05:44', '16/INV-SLS/V/1', NULL, NULL, NULL, NULL, NULL, NULL, 3, 2, 4, 5000, '4120000', '0', '0', '0', 1, 100, 0, 0, NULL, NULL, NULL, NULL, NULL, NULL),
(34, NULL, '2016-05-13 15:12:21', 15, NULL, NULL, 4, '2016-05-13 15:05:44', '16/INV-SLS/V/1', NULL, NULL, NULL, NULL, NULL, NULL, 3, 2, 4, 5000, '4120000', '0', '0', '0', 1, 100, 0, 0, NULL, NULL, NULL, NULL, NULL, NULL),
(35, NULL, '2016-05-13 15:12:33', 15, NULL, NULL, 4, '2016-05-13 15:05:44', '16/INV-SLS/V/1', NULL, NULL, NULL, NULL, NULL, NULL, 3, 2, 4, 5000, '4120000', '0', '0', '0', 1, 100, 0, 0, NULL, NULL, NULL, NULL, NULL, NULL),
(36, NULL, '2016-05-13 15:13:05', 15, NULL, NULL, 4, '2016-05-13 15:05:44', '16/INV-SLS/V/1', NULL, NULL, NULL, NULL, NULL, NULL, 3, 2, 4, 5000, '4120000', '0', '0', '0', 1, 100, 0, 0, NULL, NULL, NULL, NULL, NULL, NULL),
(37, NULL, '2016-05-13 15:13:14', 15, NULL, NULL, 4, '2016-05-13 15:05:44', '16/INV-SLS/V/1', NULL, NULL, NULL, NULL, NULL, NULL, 3, 2, 4, 5000, '4120000', '0', '0', '0', 1, 100, 0, 0, NULL, NULL, NULL, NULL, NULL, NULL),
(38, NULL, '2016-05-13 15:13:54', 15, NULL, NULL, 4, '2016-05-13 15:05:44', '16/INV-SLS/V/1', NULL, NULL, NULL, NULL, NULL, NULL, 3, 2, 4, 5000, '4120000', '0', '0', '0', 1, 100, 0, 0, NULL, NULL, NULL, NULL, NULL, NULL),
(39, NULL, '2016-05-13 15:14:12', 15, NULL, NULL, 4, '2016-05-13 15:05:44', '16/INV-SLS/V/1', NULL, NULL, NULL, NULL, NULL, NULL, 3, 2, 4, 5000, '4120000', '0', '0', '0', 1, 100, 0, 0, NULL, NULL, NULL, NULL, NULL, NULL),
(40, NULL, '2016-05-13 15:14:30', 15, NULL, NULL, 4, '2016-05-13 15:05:44', '16/INV-SLS/V/1', NULL, NULL, NULL, NULL, NULL, NULL, 3, 2, 4, 5000, '4120000', '0', '0', '0', 1, 100, 0, 0, NULL, NULL, NULL, NULL, NULL, NULL),
(41, NULL, '2016-05-13 15:14:43', 15, NULL, NULL, 4, '2016-05-13 15:05:44', '16/INV-SLS/V/1', NULL, NULL, NULL, NULL, NULL, NULL, 3, 2, 4, 5000, '4120000', '0', '0', '0', 1, 100, 0, 0, NULL, NULL, NULL, NULL, NULL, NULL),
(42, NULL, '2016-05-13 15:14:44', 15, NULL, NULL, 4, '2016-05-13 15:05:44', '16/INV-SLS/V/1', NULL, NULL, NULL, NULL, NULL, NULL, 3, 2, 4, 5000, '4120000', '0', '0', '0', 1, 100, 0, 0, NULL, NULL, NULL, NULL, NULL, NULL),
(43, NULL, '2016-05-13 15:15:35', 15, NULL, NULL, 4, '2016-05-13 15:05:44', '16/INV-SLS/V/1', NULL, NULL, NULL, NULL, NULL, NULL, 3, 2, 4, 5000, '4120000', '0', '0', '0', 1, 100, 0, 0, NULL, NULL, NULL, NULL, NULL, NULL),
(44, NULL, '2016-05-13 15:15:52', 15, NULL, NULL, 4, '2016-05-13 15:05:44', '16/INV-SLS/V/1', NULL, NULL, NULL, NULL, NULL, NULL, 3, 2, 4, 5000, '4120000', '0', '0', '0', 1, 100, 0, 0, NULL, NULL, NULL, NULL, NULL, NULL),
(45, NULL, '2016-05-13 15:15:52', 15, NULL, NULL, 4, '2016-05-13 15:05:44', '16/INV-SLS/V/1', NULL, NULL, NULL, NULL, NULL, NULL, 3, 2, 4, 5000, '4120000', '0', '0', '0', 1, 100, 0, 0, NULL, NULL, NULL, NULL, NULL, NULL),
(46, NULL, '2016-05-13 15:15:58', 15, NULL, NULL, 4, '2016-05-13 15:05:44', '16/INV-SLS/V/1', NULL, NULL, NULL, NULL, NULL, NULL, 3, 2, 4, 5000, '4120000', '0', '0', '0', 1, 100, 0, 0, NULL, NULL, NULL, NULL, NULL, NULL),
(47, NULL, '2016-05-13 15:16:11', 15, NULL, NULL, 4, '2016-05-13 15:05:44', '16/INV-SLS/V/1', NULL, NULL, NULL, NULL, NULL, NULL, 3, 2, 4, 5000, '4120000', '0', '0', '0', 1, 100, 0, 0, NULL, NULL, NULL, NULL, NULL, NULL),
(48, NULL, '2016-05-13 15:16:19', 15, NULL, NULL, 4, '2016-05-13 15:05:44', '16/INV-SLS/V/1', NULL, NULL, NULL, NULL, NULL, NULL, 3, 2, 4, 5000, '4120000', '0', '0', '0', 1, 100, 0, 0, NULL, NULL, NULL, NULL, NULL, NULL),
(49, NULL, '2016-05-13 15:17:42', 15, NULL, NULL, 4, '2016-05-13 15:05:44', '16/INV-SLS/V/1', NULL, NULL, NULL, NULL, NULL, NULL, 3, 2, 4, 5000, '4120000', '0', '0', '0', 1, 100, 0, 0, NULL, NULL, NULL, NULL, NULL, NULL),
(50, NULL, '2016-05-13 15:17:50', 15, NULL, NULL, 4, '2016-05-13 15:05:44', '16/INV-SLS/V/1', NULL, NULL, NULL, NULL, NULL, NULL, 3, 2, 4, 5000, '4120000', '0', '0', '0', 1, 100, 0, 0, NULL, NULL, NULL, NULL, NULL, NULL),
(51, NULL, '2016-05-13 15:18:02', 15, NULL, NULL, 4, '2016-05-13 15:05:44', '16/INV-SLS/V/1', NULL, NULL, NULL, NULL, NULL, NULL, 3, 2, 4, 5000, '4120000', '0', '0', '0', 1, 100, 0, 0, NULL, NULL, NULL, NULL, NULL, NULL),
(52, NULL, '2016-05-13 15:18:14', 15, NULL, NULL, 4, '2016-05-13 15:05:44', '16/INV-SLS/V/1', NULL, NULL, NULL, NULL, NULL, NULL, 3, 2, 4, 5000, '4120000', '0', '0', '0', 1, 100, 0, 0, NULL, NULL, NULL, NULL, NULL, NULL),
(53, NULL, '2016-05-13 15:18:16', 15, NULL, NULL, 4, '2016-05-13 15:05:44', '16/INV-SLS/V/1', NULL, NULL, NULL, NULL, NULL, NULL, 3, 2, 4, 5000, '4120000', '0', '0', '0', 1, 100, 0, 0, NULL, NULL, NULL, NULL, NULL, NULL),
(54, NULL, '2016-05-13 16:21:05', 16, NULL, NULL, 5, '2016-05-13 16:21:04', '16/INV-SLSR/V/2', NULL, NULL, NULL, NULL, NULL, NULL, 1, 3, 4, 0, '0', '0', '0', '0', 1, 100, 0, 0, NULL, NULL, NULL, NULL, NULL, NULL),
(55, NULL, '2016-05-13 16:21:43', 16, NULL, NULL, 5, '2016-05-13 16:21:04', '16/INV-SLSR/V/2', NULL, NULL, NULL, NULL, NULL, NULL, 1, 3, 4, 35, '30800', '0', '0', '0', 1, 100, 0, 0, NULL, NULL, NULL, NULL, NULL, NULL),
(56, NULL, '2016-05-13 16:26:52', 16, NULL, NULL, 5, '2016-05-13 16:21:04', '16/INV-SLSR/V/2', NULL, NULL, NULL, NULL, NULL, NULL, 1, 3, 4, 35, '30800', '0', '0', '0', 1, 100, 0, 0, NULL, NULL, NULL, NULL, NULL, NULL),
(57, NULL, '2016-05-13 16:35:45', 16, NULL, NULL, 5, '2016-05-13 16:21:04', '16/INV-SLSR/V/2', NULL, NULL, NULL, NULL, NULL, NULL, 1, 3, 4, 35, '30800', '0', '0', '0', 1, 100, 0, 0, NULL, NULL, NULL, NULL, NULL, NULL),
(58, NULL, '2016-05-13 16:37:09', 14, NULL, NULL, 3, '2016-03-29 18:38:14', '16/INV-SLS/III/4', NULL, 4, NULL, NULL, NULL, NULL, 2, 2, 3, 800, '659200', '0', '0', '0', 1, 100, 0, 0, NULL, NULL, NULL, NULL, NULL, NULL),
(59, NULL, '2016-05-13 16:37:26', 14, NULL, NULL, 3, '2016-03-29 18:38:14', '16/INV-SLS/III/4', NULL, 4, NULL, NULL, NULL, NULL, 2, 2, 3, 800, '659200', '0', '0', '0', 1, 100, 0, 0, NULL, NULL, NULL, NULL, NULL, NULL),
(60, NULL, '2016-05-13 16:38:29', 14, NULL, NULL, 3, '2016-03-29 18:38:14', '16/INV-SLS/III/4', NULL, 4, NULL, NULL, NULL, NULL, 2, 2, 3, 800, '659200', '0', '0', '0', 1, 100, 0, 0, NULL, NULL, NULL, NULL, NULL, NULL),
(61, NULL, '2016-05-17 16:23:23', 15, NULL, NULL, 4, '2016-05-13 15:05:44', '16/INV-SLS/V/1', NULL, NULL, NULL, NULL, NULL, NULL, 3, 2, 4, 5000, '4120000', '0', '0', '0', 1, 100, 0, 0, NULL, NULL, NULL, NULL, NULL, NULL),
(62, NULL, '2016-05-17 16:23:57', 10, NULL, 1, 2, '2016-03-27 09:41:52', '16/INV-SLS/III/1', NULL, 1, NULL, NULL, NULL, NULL, 1, 1, 1, 360, '183960.91666666666', '0', '0', '0', 1, 20, 0, 0, NULL, NULL, NULL, NULL, NULL, NULL),
(63, NULL, '2016-05-17 16:23:57', 11, NULL, 1, 2, '2016-03-27 12:21:14', '16/INV-SLS/III/2', NULL, 2, NULL, NULL, NULL, NULL, 1, 1, 3, 360, '183960.91666666666', '0', '0', '0', 2, 50, 0, 0, NULL, NULL, NULL, NULL, NULL, NULL),
(64, NULL, '2016-05-17 16:23:57', 13, NULL, 1, 2, '2016-03-28 09:56:09', '16/INV-SLS/III/3', NULL, 3, NULL, NULL, NULL, NULL, 1, 1, 3, 360, '183960.91666666666', '0', '0', '0', 3, 30, 0, 0, NULL, NULL, NULL, NULL, NULL, NULL),
(65, NULL, '2016-05-17 16:24:03', 14, NULL, NULL, 3, '2016-03-29 18:38:14', '16/INV-SLS/III/4', NULL, 4, NULL, NULL, NULL, NULL, 2, 2, 3, 800, '659200', '0', '0', '0', 1, 100, 0, 0, NULL, NULL, NULL, NULL, NULL, NULL),
(66, NULL, '2016-05-17 16:24:10', 15, NULL, NULL, 4, '2016-05-13 15:05:44', '16/INV-SLS/V/1', NULL, NULL, NULL, NULL, NULL, NULL, 3, 2, 4, 5000, '4120000', '0', '0', '0', 1, 100, 0, 0, NULL, NULL, NULL, NULL, NULL, NULL),
(67, NULL, '2016-05-17 16:24:13', 15, NULL, NULL, 4, '2016-05-13 15:05:44', '16/INV-SLS/V/1', NULL, NULL, NULL, NULL, NULL, NULL, 3, 2, 4, 5000, '4120000', '0', '0', '0', 1, 100, 0, 0, NULL, NULL, NULL, NULL, NULL, NULL),
(68, NULL, '2016-05-17 16:56:45', 15, NULL, NULL, 4, '2016-05-13 15:05:44', '16/INV-SLS/V/1', NULL, NULL, NULL, NULL, NULL, NULL, 3, 2, 4, 5000, '4120000', '0', '0', '0', 1, 100, 0, 0, NULL, NULL, NULL, NULL, NULL, NULL),
(69, NULL, '2016-05-17 16:57:04', 14, NULL, NULL, 3, '2016-03-29 18:38:14', '16/INV-SLS/III/4', NULL, 4, NULL, NULL, NULL, NULL, 2, 2, 3, 800, '659200', '0', '0', '0', 1, 100, 0, 0, NULL, NULL, NULL, NULL, NULL, NULL),
(70, NULL, '2016-05-17 16:59:22', 15, NULL, NULL, 4, '2016-05-13 15:05:44', '16/INV-SLS/V/1', NULL, NULL, NULL, NULL, NULL, NULL, 3, 2, 4, 5000, '4120000', '0', '0', '0', 1, 100, 0, 0, NULL, NULL, NULL, NULL, NULL, NULL),
(71, NULL, '2016-05-17 17:14:45', 15, NULL, NULL, 4, '2016-05-13 15:05:44', '16/INV-SLS/V/1', NULL, NULL, NULL, NULL, NULL, NULL, 3, 2, 4, 5000, '4120000', '0', '0', '0', 1, 100, 0, 0, NULL, NULL, NULL, NULL, NULL, NULL),
(72, NULL, '2016-05-17 17:17:47', 14, NULL, NULL, 3, '2016-03-29 18:38:14', '16/INV-SLS/III/4', NULL, 4, NULL, NULL, NULL, NULL, 2, 2, 3, 800, '659200', '0', '0', '0', 1, 100, 0, 0, NULL, NULL, NULL, NULL, NULL, NULL),
(73, NULL, '2016-05-17 17:19:00', 14, NULL, NULL, 3, '2016-03-29 18:38:14', '16/INV-SLS/III/4', NULL, 4, NULL, NULL, NULL, NULL, 2, 2, 3, 800, '659200', '0', '0', '0', 1, 100, 0, 0, NULL, NULL, NULL, NULL, NULL, NULL),
(74, NULL, '2016-05-17 17:19:17', 14, NULL, NULL, 3, '2016-03-29 18:38:14', '16/INV-SLS/III/4', NULL, 4, NULL, NULL, NULL, NULL, 2, 2, 3, 800, '659200', '0', '0', '0', 1, 100, 0, 0, NULL, NULL, NULL, NULL, NULL, NULL),
(75, NULL, '2016-05-17 17:22:10', 14, NULL, NULL, 3, '2016-03-29 18:38:14', '16/INV-SLS/III/4', NULL, 4, NULL, NULL, NULL, NULL, 2, 2, 3, 800, '659200', '0', '0', '0', 1, 100, 0, 0, NULL, NULL, NULL, NULL, NULL, NULL),
(76, NULL, '2016-05-17 17:22:58', 15, NULL, NULL, 4, '2016-05-13 15:05:44', '16/INV-SLS/V/1', NULL, NULL, NULL, NULL, NULL, NULL, 3, 2, 4, 5000, '4120000', '0', '0', '0', 1, 100, 0, 0, NULL, NULL, NULL, NULL, NULL, NULL),
(77, NULL, '2016-05-17 17:27:36', 15, NULL, NULL, 4, '2016-05-13 15:05:44', '16/INV-SLS/V/1', NULL, NULL, NULL, NULL, NULL, NULL, 3, 2, 4, 5000, '4120000', '0', '0', '0', 1, 100, 0, 0, NULL, NULL, NULL, NULL, NULL, NULL),
(78, NULL, '2016-05-17 17:27:51', 15, NULL, NULL, 4, '2016-05-13 15:05:44', '16/INV-SLS/V/1', NULL, NULL, NULL, NULL, NULL, NULL, 3, 2, 4, 5000, '4120000', '0', '0', '0', 1, 100, 0, 0, NULL, NULL, NULL, NULL, NULL, NULL),
(79, NULL, '2016-05-17 17:28:02', 14, NULL, NULL, 3, '2016-03-29 18:38:14', '16/INV-SLS/III/4', NULL, 4, NULL, NULL, NULL, NULL, 2, 2, 3, 800, '659200', '0', '0', '0', 1, 100, 0, 0, NULL, NULL, NULL, NULL, NULL, NULL),
(80, NULL, '2016-05-17 17:34:15', 15, NULL, NULL, 4, '2016-05-13 15:05:44', '16/INV-SLS/V/1', NULL, NULL, NULL, NULL, NULL, NULL, 3, 2, 4, 5000, '4120000', '0', '0', '0', 1, 100, 0, 0, NULL, NULL, NULL, NULL, NULL, NULL),
(81, NULL, '2016-05-17 17:35:09', 15, NULL, NULL, 4, '2016-05-13 15:05:44', '16/INV-SLS/V/1', NULL, NULL, NULL, NULL, NULL, NULL, 3, 2, 4, 5000, '4120000', '0', '0', '0', 1, 100, 0, 0, NULL, NULL, NULL, NULL, NULL, NULL),
(82, NULL, '2016-05-17 17:35:51', 15, NULL, NULL, 4, '2016-05-13 15:05:44', '16/INV-SLS/V/1', NULL, NULL, NULL, NULL, NULL, NULL, 3, 2, 4, 5000, '4120000', '0', '0', '0', 1, 100, 0, 0, NULL, NULL, NULL, NULL, NULL, NULL),
(83, NULL, '2016-05-17 17:36:19', 15, NULL, NULL, 4, '2016-05-13 15:05:44', '16/INV-SLS/V/1', NULL, NULL, NULL, NULL, NULL, NULL, 3, 2, 4, 5000, '4120000', '0', '0', '0', 1, 100, 0, 0, NULL, NULL, NULL, NULL, NULL, NULL),
(84, NULL, '2016-05-17 17:36:21', 15, NULL, NULL, 4, '2016-05-13 15:05:44', '16/INV-SLS/V/1', NULL, NULL, NULL, NULL, NULL, NULL, 3, 2, 4, 5000, '4120000', '0', '0', '0', 1, 100, 0, 0, NULL, NULL, NULL, NULL, NULL, NULL),
(85, NULL, '2016-05-17 17:36:25', 15, NULL, NULL, 4, '2016-05-13 15:05:44', '16/INV-SLS/V/1', NULL, NULL, NULL, NULL, NULL, NULL, 3, 2, 4, 5000, '4120000', '0', '0', '0', 1, 100, 0, 0, NULL, NULL, NULL, NULL, NULL, NULL),
(86, NULL, '2016-05-17 17:36:28', 15, NULL, NULL, 4, '2016-05-13 15:05:44', '16/INV-SLS/V/1', NULL, NULL, NULL, NULL, NULL, NULL, 3, 2, 4, 5000, '4120000', '0', '0', '0', 1, 100, 0, 0, NULL, NULL, NULL, NULL, NULL, NULL),
(87, NULL, '2016-05-17 17:37:21', 15, NULL, NULL, 4, '2016-05-13 15:05:44', '16/INV-SLS/V/1', NULL, NULL, NULL, NULL, NULL, NULL, 3, 2, 4, 5000, '4120000', '0', '0', '0', 1, 100, 0, 0, NULL, NULL, NULL, NULL, NULL, NULL),
(88, NULL, '2016-05-17 17:37:43', 15, NULL, NULL, 4, '2016-05-13 15:05:44', '16/INV-SLS/V/1', NULL, NULL, NULL, NULL, NULL, NULL, 3, 2, 4, 5000, '4120000', '0', '0', '0', 1, 100, 0, 0, NULL, NULL, NULL, NULL, NULL, NULL),
(89, NULL, '2016-05-17 17:49:15', 15, NULL, NULL, 4, '2016-05-13 15:05:44', '16/INV-SLS/V/1', NULL, NULL, NULL, NULL, NULL, NULL, 3, 2, 4, 5000, '4120000', '0', '0', '0', 1, 100, 0, 0, NULL, NULL, NULL, NULL, NULL, NULL),
(90, NULL, '2016-05-17 17:49:50', 15, NULL, NULL, 4, '2016-05-13 15:05:44', '16/INV-SLS/V/1', NULL, NULL, NULL, NULL, NULL, NULL, 3, 2, 4, 5000, '4120000', '0', '0', '0', 1, 100, 0, 0, NULL, NULL, NULL, NULL, NULL, NULL),
(91, NULL, '2016-05-17 18:01:04', 14, NULL, NULL, 3, '2016-03-29 18:38:14', '16/INV-SLS/III/4', NULL, 4, NULL, NULL, NULL, NULL, 2, 2, 3, 800, '659200', '0', '0', '0', 1, 100, 0, 0, NULL, NULL, NULL, NULL, NULL, NULL),
(92, NULL, '2016-05-17 18:20:32', 14, NULL, NULL, 3, '2016-03-29 18:38:14', '16/INV-SLS/III/4', NULL, 4, NULL, NULL, NULL, NULL, 2, 2, 3, 800, '659200', '0', '0', '0', 1, 100, 0, 0, NULL, NULL, NULL, NULL, NULL, NULL),
(93, NULL, '2016-05-17 18:34:31', 17, NULL, NULL, 7, '2016-05-17 18:34:31', '16/INV-SLSR/V/3', NULL, NULL, NULL, NULL, NULL, NULL, 2, 1, 1, 0, '0', '0', '0', '0', 1, 20, 0, 0, NULL, NULL, NULL, NULL, NULL, NULL),
(94, NULL, '2016-05-17 19:01:04', 17, NULL, NULL, 7, '2016-05-17 18:34:31', '16/INV-SLSR/V/3', NULL, NULL, NULL, NULL, NULL, NULL, 2, 1, 1, 90, '45000', '0', '0', '0', 1, 20, 0, 0, NULL, NULL, NULL, NULL, NULL, NULL),
(95, NULL, '2016-05-17 19:01:11', 17, NULL, NULL, 7, '2016-05-17 18:34:31', '16/INV-SLSR/V/3', NULL, NULL, NULL, NULL, NULL, NULL, 2, 1, 1, 90, '45000', '0', '0', '0', 1, 20, 0, 0, NULL, NULL, NULL, NULL, NULL, NULL),
(96, NULL, '2016-05-17 19:02:29', 17, NULL, NULL, 7, '2016-05-17 18:34:31', '16/INV-SLSR/V/3', NULL, NULL, NULL, NULL, NULL, NULL, 2, 1, 1, 90, '45000', '0', '0', '0', 1, 20, 0, 0, NULL, NULL, NULL, NULL, NULL, NULL),
(97, NULL, '2016-05-17 19:02:29', 18, NULL, NULL, 7, '2016-05-17 19:02:29', '16/INV-SLSR/V/4', NULL, NULL, NULL, NULL, NULL, NULL, 2, 3, 4, 0, '0', '0', '0', '0', 0, 10, 0, 0, NULL, NULL, NULL, NULL, NULL, NULL),
(98, NULL, '2016-05-17 19:02:32', 17, NULL, NULL, 7, '2016-05-17 18:34:31', '16/INV-SLSR/V/3', NULL, NULL, NULL, NULL, NULL, NULL, 2, 1, 1, 90, '45000', '0', '0', '0', 1, 20, 0, 0, NULL, NULL, NULL, NULL, NULL, NULL),
(99, NULL, '2016-05-17 19:02:32', 18, NULL, NULL, 7, '2016-05-17 19:02:29', '16/INV-SLSR/V/4', NULL, NULL, NULL, NULL, NULL, NULL, 2, 3, 4, 90, '45000', '0', '0', '0', 0, 10, 0, 0, NULL, NULL, NULL, NULL, NULL, NULL),
(100, NULL, '2016-05-17 21:39:45', 17, NULL, NULL, 7, '2016-05-17 18:34:31', '16/INV-SLSR/V/3', NULL, NULL, NULL, NULL, NULL, NULL, 2, 1, 1, 90, '45000', '0', '0', '0', 1, 20, 0, 0, NULL, NULL, NULL, NULL, NULL, NULL),
(101, NULL, '2016-05-17 21:39:45', 18, NULL, NULL, 7, '2016-05-17 19:02:29', '16/INV-SLSR/V/4', NULL, NULL, NULL, NULL, NULL, NULL, 2, 3, 4, 90, '45000', '0', '0', '0', 0, 10, 0, 0, NULL, NULL, NULL, NULL, NULL, NULL),
(102, NULL, '2016-05-17 21:41:55', 17, NULL, NULL, 7, '2016-05-17 18:34:31', '16/INV-SLSR/V/3', NULL, NULL, NULL, NULL, NULL, NULL, 2, 1, 1, 90, '45000', '0', '0', '0', 1, 20, 0, 0, NULL, NULL, NULL, NULL, NULL, NULL),
(103, NULL, '2016-05-17 21:41:55', 18, NULL, NULL, 7, '2016-05-17 19:02:29', '16/INV-SLSR/V/4', NULL, NULL, NULL, NULL, NULL, NULL, 2, 3, 4, 90, '45000', '0', '0', '0', 0, 10, 0, 0, NULL, NULL, NULL, NULL, NULL, NULL),
(104, NULL, '2016-05-17 21:42:23', 17, NULL, NULL, 7, '2016-05-17 18:34:31', '16/INV-SLSR/V/3', NULL, NULL, NULL, NULL, NULL, NULL, 2, 1, 1, 90, '45000', '0', '0', '0', 1, 20, 0, 0, NULL, NULL, NULL, NULL, NULL, NULL),
(105, NULL, '2016-05-17 21:42:23', 18, NULL, NULL, 7, '2016-05-17 19:02:29', '16/INV-SLSR/V/4', NULL, NULL, NULL, NULL, NULL, NULL, 2, 3, 4, 90, '45000', '0', '0', '0', 0, 10, 0, 0, NULL, NULL, NULL, NULL, NULL, NULL),
(106, NULL, '2016-05-17 21:49:28', 17, NULL, NULL, 7, '2016-05-17 18:34:31', '16/INV-SLSR/V/3', NULL, NULL, NULL, NULL, NULL, NULL, 2, 1, 1, 90, '45000', '0', '0', '0', 1, 20, 0, 0, NULL, NULL, NULL, NULL, NULL, NULL),
(107, NULL, '2016-05-17 21:49:28', 18, NULL, NULL, 7, '2016-05-17 19:02:29', '16/INV-SLSR/V/4', NULL, NULL, NULL, NULL, NULL, NULL, 2, 3, 4, 90, '45000', '0', '0', '0', 0, 10, 0, 0, NULL, NULL, NULL, NULL, NULL, NULL),
(108, NULL, '2016-05-17 21:51:26', 14, NULL, NULL, 3, '2016-03-29 18:38:14', '16/INV-SLS/III/4', NULL, 4, NULL, NULL, NULL, NULL, 2, 2, 3, 800, '659200', '0', '0', '0', 1, 100, 0, 0, NULL, NULL, NULL, NULL, NULL, NULL),
(109, NULL, '2016-05-17 21:51:30', 15, NULL, NULL, 4, '2016-05-13 15:05:44', '16/INV-SLS/V/1', NULL, NULL, NULL, NULL, NULL, NULL, 3, 2, 4, 5000, '4120000', '0', '0', '0', 1, 100, 0, 0, NULL, NULL, NULL, NULL, NULL, NULL),
(110, NULL, '2016-05-17 21:52:39', 15, NULL, NULL, 4, '2016-05-13 15:05:44', '16/INV-SLS/V/1', NULL, NULL, NULL, NULL, NULL, NULL, 3, 2, 4, 5000, '4120000', '0', '0', '0', 1, 100, 0, 0, NULL, NULL, NULL, NULL, NULL, NULL),
(111, NULL, '2016-05-17 21:52:41', 15, NULL, NULL, 4, '2016-05-13 15:05:44', '16/INV-SLS/V/1', NULL, NULL, NULL, NULL, NULL, NULL, 3, 2, 4, 5000, '4120000', '0', '0', '0', 1, 100, 0, 0, NULL, NULL, NULL, NULL, NULL, NULL),
(112, NULL, '2016-05-17 21:52:57', 15, NULL, NULL, 4, '2016-05-13 15:05:44', '16/INV-SLS/V/1', NULL, NULL, NULL, NULL, NULL, NULL, 3, 2, 4, 5000, '4120000', '0', '0', '0', 1, 100, 0, 0, NULL, NULL, NULL, NULL, NULL, NULL),
(113, NULL, '2016-05-17 21:52:58', 15, NULL, NULL, 4, '2016-05-13 15:05:44', '16/INV-SLS/V/1', NULL, NULL, NULL, NULL, NULL, NULL, 3, 2, 4, 5000, '4120000', '0', '0', '0', 1, 100, 0, 0, NULL, NULL, NULL, NULL, NULL, NULL),
(114, NULL, '2016-05-18 05:08:22', 14, NULL, NULL, 3, '2016-03-29 18:38:14', '16/INV-SLS/III/4', NULL, 4, NULL, NULL, NULL, NULL, 2, 2, 3, 800, '659200', '0', '0', '0', 1, 100, 0, 0, NULL, NULL, NULL, NULL, NULL, NULL),
(115, NULL, '2016-05-18 05:08:26', 10, NULL, 1, 2, '2016-03-27 09:41:52', '16/INV-SLS/III/1', NULL, 1, NULL, NULL, NULL, NULL, 1, 1, 1, 360, '183960.91666666666', '0', '0', '0', 1, 20, 0, 0, NULL, NULL, NULL, NULL, NULL, NULL),
(116, NULL, '2016-05-18 05:08:26', 11, NULL, 1, 2, '2016-03-27 12:21:14', '16/INV-SLS/III/2', NULL, 2, NULL, NULL, NULL, NULL, 1, 1, 3, 360, '183960.91666666666', '0', '0', '0', 2, 50, 0, 0, NULL, NULL, NULL, NULL, NULL, NULL),
(117, NULL, '2016-05-18 05:08:26', 13, NULL, 1, 2, '2016-03-28 09:56:09', '16/INV-SLS/III/3', NULL, 3, NULL, NULL, NULL, NULL, 1, 1, 3, 360, '183960.91666666666', '0', '0', '0', 3, 30, 0, 0, NULL, NULL, NULL, NULL, NULL, NULL),
(118, NULL, '2016-05-18 05:08:35', 17, NULL, NULL, 7, '2016-05-17 18:34:31', '16/INV-SLSR/V/3', NULL, NULL, NULL, NULL, NULL, NULL, 2, 1, 1, 90, '45000', '0', '0', '0', 1, 20, 0, 0, NULL, NULL, NULL, NULL, NULL, NULL),
(119, NULL, '2016-05-18 05:08:35', 18, NULL, NULL, 7, '2016-05-17 19:02:29', '16/INV-SLSR/V/4', NULL, NULL, NULL, NULL, NULL, NULL, 2, 3, 4, 90, '45000', '0', '0', '0', 0, 10, 0, 0, NULL, NULL, NULL, NULL, NULL, NULL),
(120, NULL, '2016-05-18 05:08:39', 14, NULL, NULL, 3, '2016-03-29 18:38:14', '16/INV-SLS/III/4', NULL, 4, NULL, NULL, NULL, NULL, 2, 2, 3, 800, '659200', '0', '0', '0', 1, 100, 0, 0, NULL, NULL, NULL, NULL, NULL, NULL),
(121, NULL, '2016-05-18 05:08:45', 15, NULL, NULL, 4, '2016-05-13 15:05:44', '16/INV-SLS/V/1', NULL, NULL, NULL, NULL, NULL, NULL, 3, 2, 4, 5000, '4120000', '0', '0', '0', 1, 100, 0, 0, NULL, NULL, NULL, NULL, NULL, NULL),
(122, NULL, '2016-05-18 05:08:54', 15, NULL, NULL, 4, '2016-05-13 15:05:44', '16/INV-SLS/V/1', NULL, NULL, NULL, NULL, NULL, NULL, 3, 2, 4, 5000, '4120000', '0', '0', '0', 1, 100, 0, 0, NULL, NULL, NULL, NULL, NULL, NULL),
(123, NULL, '2016-05-18 05:09:00', 15, NULL, NULL, 4, '2016-05-13 15:05:44', '16/INV-SLS/V/1', NULL, NULL, NULL, NULL, NULL, NULL, 3, 2, 4, 5000, '4120000', '0', '0', '0', 1, 100, 0, 0, NULL, NULL, NULL, NULL, NULL, NULL),
(124, NULL, '2016-05-18 05:09:08', 15, NULL, NULL, 4, '2016-05-13 15:05:44', '16/INV-SLS/V/1', NULL, NULL, NULL, NULL, NULL, NULL, 3, 2, 4, 5000, '4120000', '0', '0', '0', 1, 100, 0, 0, NULL, NULL, NULL, NULL, NULL, NULL),
(125, NULL, '2016-05-18 05:13:23', 15, NULL, NULL, 4, '2016-05-13 15:05:44', '16/INV-SLS/V/1', NULL, NULL, NULL, NULL, NULL, NULL, 3, 2, 4, 5000, '4120000', '0', '0', '0', 1, 100, 0, 0, NULL, NULL, NULL, NULL, NULL, NULL),
(126, NULL, '2016-05-18 05:14:47', 15, NULL, NULL, 4, '2016-05-13 15:05:44', '16/INV-SLS/V/1', NULL, NULL, NULL, NULL, NULL, NULL, 3, 2, 4, 5000, '4120000', '0', '0', '0', 1, 100, 0, 0, NULL, NULL, NULL, NULL, NULL, NULL),
(127, NULL, '2016-05-18 05:14:57', 15, NULL, NULL, 4, '2016-05-13 15:05:44', '16/INV-SLS/V/1', NULL, NULL, NULL, NULL, NULL, NULL, 3, 2, 4, 5000, '4120000', '0', '0', '0', 1, 100, 0, 0, NULL, NULL, NULL, NULL, NULL, NULL),
(128, NULL, '2016-05-18 05:14:59', 15, NULL, NULL, 4, '2016-05-13 15:05:44', '16/INV-SLS/V/1', NULL, NULL, NULL, NULL, NULL, NULL, 3, 2, 4, 5000, '4120000', '0', '0', '0', 1, 100, 0, 0, NULL, NULL, NULL, NULL, NULL, NULL),
(129, NULL, '2016-05-18 05:15:50', 15, NULL, NULL, 4, '2016-05-13 15:05:44', '16/INV-SLS/V/1', NULL, NULL, NULL, NULL, NULL, NULL, 3, 2, 4, 5000, '4120000', '0', '0', '0', 1, 100, 0, 0, NULL, NULL, NULL, NULL, NULL, NULL),
(130, NULL, '2016-05-18 05:15:51', 15, NULL, NULL, 4, '2016-05-13 15:05:44', '16/INV-SLS/V/1', NULL, NULL, NULL, NULL, NULL, NULL, 3, 2, 4, 5000, '4120000', '0', '0', '0', 1, 100, 0, 0, NULL, NULL, NULL, NULL, NULL, NULL),
(131, NULL, '2016-05-18 05:16:00', 15, NULL, NULL, 4, '2016-05-13 15:05:44', '16/INV-SLS/V/1', NULL, NULL, NULL, NULL, NULL, NULL, 3, 2, 4, 5000, '4120000', '0', '0', '0', 1, 100, 0, 0, NULL, NULL, NULL, NULL, NULL, NULL),
(132, NULL, '2016-05-18 05:17:21', 15, NULL, NULL, 4, '2016-05-13 15:05:44', '16/INV-SLS/V/1', NULL, NULL, NULL, NULL, NULL, NULL, 3, 2, 4, 5000, '4120000', '0', '0', '0', 1, 100, 0, 0, NULL, NULL, NULL, NULL, NULL, NULL),
(133, NULL, '2016-05-18 05:17:27', 15, NULL, NULL, 4, '2016-05-13 15:05:44', '16/INV-SLS/V/1', NULL, NULL, NULL, NULL, NULL, NULL, 3, 2, 4, 5000, '4120000', '0', '0', '0', 1, 100, 0, 0, NULL, NULL, NULL, NULL, NULL, NULL),
(134, NULL, '2016-05-18 05:17:53', 15, NULL, NULL, 4, '2016-05-13 15:05:44', '16/INV-SLS/V/1', NULL, NULL, NULL, NULL, NULL, NULL, 3, 2, 4, 5000, '4120000', '0', '0', '0', 1, 100, 0, 0, NULL, NULL, NULL, NULL, NULL, NULL),
(135, NULL, '2016-05-18 05:19:49', 15, NULL, NULL, 4, '2016-05-13 15:05:44', '16/INV-SLS/V/1', NULL, NULL, NULL, NULL, NULL, NULL, 3, 2, 4, 5000, '4120000', '0', '0', '0', 1, 100, 0, 0, NULL, NULL, NULL, NULL, NULL, NULL),
(136, NULL, '2016-05-18 05:19:50', 15, NULL, NULL, 4, '2016-05-13 15:05:44', '16/INV-SLS/V/1', NULL, NULL, NULL, NULL, NULL, NULL, 3, 2, 4, 5000, '4120000', '0', '0', '0', 1, 100, 0, 0, NULL, NULL, NULL, NULL, NULL, NULL),
(137, NULL, '2016-05-18 05:20:14', 15, NULL, NULL, 4, '2016-05-13 15:05:44', '16/INV-SLS/V/1', NULL, NULL, NULL, NULL, NULL, NULL, 3, 2, 4, 5000, '4120000', '0', '0', '0', 1, 100, 0, 0, NULL, NULL, NULL, NULL, NULL, NULL),
(138, NULL, '2016-05-18 05:20:15', 15, NULL, NULL, 4, '2016-05-13 15:05:44', '16/INV-SLS/V/1', NULL, NULL, NULL, NULL, NULL, NULL, 3, 2, 4, 5000, '4120000', '0', '0', '0', 1, 100, 0, 0, NULL, NULL, NULL, NULL, NULL, NULL),
(139, NULL, '2016-05-18 05:20:33', 15, NULL, NULL, 4, '2016-05-13 15:05:44', '16/INV-SLS/V/1', NULL, NULL, NULL, NULL, NULL, NULL, 3, 2, 4, 5000, '4120000', '0', '0', '0', 1, 100, 0, 0, NULL, NULL, NULL, NULL, NULL, NULL),
(140, NULL, '2016-05-18 05:20:35', 15, NULL, NULL, 4, '2016-05-13 15:05:44', '16/INV-SLS/V/1', NULL, NULL, NULL, NULL, NULL, NULL, 3, 2, 4, 5000, '4120000', '0', '0', '0', 1, 100, 0, 0, NULL, NULL, NULL, NULL, NULL, NULL),
(141, NULL, '2016-05-18 05:20:38', 15, NULL, NULL, 4, '2016-05-13 15:05:44', '16/INV-SLS/V/1', NULL, NULL, NULL, NULL, NULL, NULL, 3, 2, 4, 5000, '4120000', '0', '0', '0', 1, 100, 0, 0, NULL, NULL, NULL, NULL, NULL, NULL),
(142, NULL, '2016-05-18 05:20:52', 15, NULL, NULL, 4, '2016-05-13 15:05:44', '16/INV-SLS/V/1', NULL, NULL, NULL, NULL, NULL, NULL, 3, 2, 4, 5000, '4120000', '0', '0', '0', 1, 100, 0, 0, NULL, NULL, NULL, NULL, NULL, NULL),
(143, NULL, '2016-05-18 05:21:41', 15, NULL, NULL, 4, '2016-05-13 15:05:44', '16/INV-SLS/V/1', NULL, NULL, NULL, NULL, NULL, NULL, 3, 2, 4, 5000, '4120000', '0', '0', '0', 1, 100, 0, 0, NULL, NULL, NULL, NULL, NULL, NULL),
(144, NULL, '2016-05-18 05:25:00', 15, NULL, NULL, 4, '2016-05-13 15:05:44', '16/INV-SLS/V/1', NULL, NULL, NULL, NULL, NULL, NULL, 3, 2, 4, 5000, '4120000', '0', '0', '0', 1, 100, 0, 0, NULL, NULL, NULL, NULL, NULL, NULL),
(145, NULL, '2016-05-18 05:25:25', 15, NULL, NULL, 4, '2016-05-13 15:05:44', '16/INV-SLS/V/1', NULL, NULL, NULL, NULL, NULL, NULL, 3, 2, 4, 5000, '4120000', '0', '0', '0', 1, 100, 0, 0, NULL, NULL, NULL, NULL, NULL, NULL),
(146, NULL, '2016-05-18 05:25:27', 15, NULL, NULL, 4, '2016-05-13 15:05:44', '16/INV-SLS/V/1', NULL, NULL, NULL, NULL, NULL, NULL, 3, 2, 4, 5000, '4120000', '0', '0', '0', 1, 100, 0, 0, NULL, NULL, NULL, NULL, NULL, NULL),
(147, NULL, '2016-05-18 05:25:31', 15, NULL, NULL, 4, '2016-05-13 15:05:44', '16/INV-SLS/V/1', NULL, NULL, NULL, NULL, NULL, NULL, 3, 2, 4, 5000, '4120000', '0', '0', '0', 1, 100, 0, 0, NULL, NULL, NULL, NULL, NULL, NULL),
(148, NULL, '2016-05-18 05:25:47', 17, NULL, NULL, 7, '2016-05-17 18:34:31', '16/INV-SLSR/V/3', NULL, NULL, NULL, NULL, NULL, NULL, 2, 1, 1, 90, '45000', '0', '0', '0', 1, 20, 0, 0, NULL, NULL, NULL, NULL, NULL, NULL),
(149, NULL, '2016-05-18 05:25:47', 18, NULL, NULL, 7, '2016-05-17 19:02:29', '16/INV-SLSR/V/4', NULL, NULL, NULL, NULL, NULL, NULL, 2, 3, 4, 90, '45000', '0', '0', '0', 0, 10, 0, 0, NULL, NULL, NULL, NULL, NULL, NULL),
(150, NULL, '2016-05-18 05:25:51', 17, NULL, NULL, 7, '2016-05-17 18:34:31', '16/INV-SLSR/V/3', NULL, NULL, NULL, NULL, NULL, NULL, 2, 1, 1, 90, '45000', '0', '0', '0', 1, 20, 0, 0, NULL, NULL, NULL, NULL, NULL, NULL),
(151, NULL, '2016-05-18 05:25:51', 18, NULL, NULL, 7, '2016-05-17 19:02:29', '16/INV-SLSR/V/4', NULL, NULL, NULL, NULL, NULL, NULL, 2, 3, 4, 90, '45000', '0', '0', '0', 0, 10, 0, 0, NULL, NULL, NULL, NULL, NULL, NULL),
(152, NULL, '2016-05-18 05:25:56', 17, NULL, NULL, 7, '2016-05-17 18:34:31', '16/INV-SLSR/V/3', NULL, NULL, NULL, NULL, NULL, NULL, 2, 1, 1, NULL, NULL, '0', '0', '0', 1, 20, 0, 0, NULL, NULL, NULL, NULL, NULL, NULL),
(153, NULL, '2016-05-18 05:25:56', 18, NULL, NULL, 7, '2016-05-17 19:02:29', '16/INV-SLSR/V/4', NULL, NULL, NULL, NULL, NULL, NULL, 2, 3, 4, NULL, NULL, '0', '0', '0', 0, 10, 0, 0, NULL, NULL, NULL, NULL, NULL, NULL),
(154, NULL, '2016-05-18 05:26:01', 17, NULL, NULL, 7, '2016-05-17 18:34:31', '16/INV-SLSR/V/3', NULL, NULL, NULL, NULL, NULL, NULL, 2, 1, 1, NULL, NULL, '0', '0', '0', 1, 20, 0, 0, NULL, NULL, NULL, NULL, NULL, NULL),
(155, NULL, '2016-05-18 05:26:01', 18, NULL, NULL, 7, '2016-05-17 19:02:29', '16/INV-SLSR/V/4', NULL, NULL, NULL, NULL, NULL, NULL, 2, 3, 4, NULL, NULL, '0', '0', '0', 0, 10, 0, 0, NULL, NULL, NULL, NULL, NULL, NULL),
(156, NULL, '2016-05-18 05:26:03', 17, NULL, NULL, 7, '2016-05-17 18:34:31', '16/INV-SLSR/V/3', NULL, NULL, NULL, NULL, NULL, NULL, 2, 1, 1, NULL, NULL, '0', '0', '0', 1, 20, 0, 0, NULL, NULL, NULL, NULL, NULL, NULL),
(157, NULL, '2016-05-18 05:26:03', 18, NULL, NULL, 7, '2016-05-17 19:02:29', '16/INV-SLSR/V/4', NULL, NULL, NULL, NULL, NULL, NULL, 2, 3, 4, NULL, NULL, '0', '0', '0', 0, 10, 0, 0, NULL, NULL, NULL, NULL, NULL, NULL),
(158, NULL, '2016-05-18 05:26:11', 17, NULL, NULL, 7, '2016-05-17 18:34:31', '16/INV-SLSR/V/3', NULL, NULL, NULL, NULL, NULL, NULL, 2, 1, 1, NULL, NULL, '0', '0', '0', 1, 20, 0, 0, NULL, NULL, NULL, NULL, NULL, NULL),
(159, NULL, '2016-05-18 05:26:11', 18, NULL, NULL, 7, '2016-05-17 19:02:29', '16/INV-SLSR/V/4', NULL, NULL, NULL, NULL, NULL, NULL, 2, 3, 4, NULL, NULL, '0', '0', '0', 0, 10, 0, 0, NULL, NULL, NULL, NULL, NULL, NULL),
(160, NULL, '2016-05-18 05:26:14', 17, NULL, NULL, 7, '2016-05-17 18:34:31', '16/INV-SLSR/V/3', NULL, NULL, NULL, NULL, NULL, NULL, 2, 1, 1, NULL, NULL, '0', '0', '0', 1, 20, 0, 0, NULL, NULL, NULL, NULL, NULL, NULL),
(161, NULL, '2016-05-18 05:26:14', 18, NULL, NULL, 7, '2016-05-17 19:02:29', '16/INV-SLSR/V/4', NULL, NULL, NULL, NULL, NULL, NULL, 2, 3, 4, NULL, NULL, '0', '0', '0', 0, 10, 0, 0, NULL, NULL, NULL, NULL, NULL, NULL),
(162, NULL, '2016-05-18 05:26:16', 17, NULL, NULL, 7, '2016-05-17 18:34:31', '16/INV-SLSR/V/3', NULL, NULL, NULL, NULL, NULL, NULL, 2, 1, 1, NULL, NULL, '0', '0', '0', 1, 20, 0, 0, NULL, NULL, NULL, NULL, NULL, NULL),
(163, NULL, '2016-05-18 05:26:16', 18, NULL, NULL, 7, '2016-05-17 19:02:29', '16/INV-SLSR/V/4', NULL, NULL, NULL, NULL, NULL, NULL, 2, 3, 4, NULL, NULL, '0', '0', '0', 0, 10, 0, 0, NULL, NULL, NULL, NULL, NULL, NULL),
(164, NULL, '2016-05-18 05:26:19', 17, NULL, NULL, 7, '2016-05-17 18:34:31', '16/INV-SLSR/V/3', NULL, NULL, NULL, NULL, NULL, NULL, 2, 1, 1, NULL, NULL, '0', '0', '0', 1, 20, 0, 0, NULL, NULL, NULL, NULL, NULL, NULL),
(165, NULL, '2016-05-18 05:26:19', 18, NULL, NULL, 7, '2016-05-17 19:02:29', '16/INV-SLSR/V/4', NULL, NULL, NULL, NULL, NULL, NULL, 2, 3, 4, NULL, NULL, '0', '0', '0', 0, 10, 0, 0, NULL, NULL, NULL, NULL, NULL, NULL),
(166, NULL, '2016-05-18 05:26:21', 17, NULL, NULL, 7, '2016-05-17 18:34:31', '16/INV-SLSR/V/3', NULL, NULL, NULL, NULL, NULL, NULL, 2, 1, 1, NULL, NULL, '0', '0', '0', 1, 20, 0, 0, NULL, NULL, NULL, NULL, NULL, NULL),
(167, NULL, '2016-05-18 05:26:21', 18, NULL, NULL, 7, '2016-05-17 19:02:29', '16/INV-SLSR/V/4', NULL, NULL, NULL, NULL, NULL, NULL, 2, 3, 4, NULL, NULL, '0', '0', '0', 0, 10, 0, 0, NULL, NULL, NULL, NULL, NULL, NULL),
(168, NULL, '2016-05-18 05:26:35', 17, NULL, NULL, 7, '2016-05-17 18:34:31', '16/INV-SLSR/V/3', NULL, NULL, NULL, NULL, NULL, NULL, 2, 1, 1, NULL, NULL, '0', '0', '0', 1, 20, 0, 0, NULL, NULL, NULL, NULL, NULL, NULL),
(169, NULL, '2016-05-18 05:26:35', 18, NULL, NULL, 7, '2016-05-17 19:02:29', '16/INV-SLSR/V/4', NULL, NULL, NULL, NULL, NULL, NULL, 2, 3, 4, NULL, NULL, '0', '0', '0', 0, 10, 0, 0, NULL, NULL, NULL, NULL, NULL, NULL),
(170, NULL, '2016-05-18 05:26:36', 17, NULL, NULL, 7, '2016-05-17 18:34:31', '16/INV-SLSR/V/3', NULL, NULL, NULL, NULL, NULL, NULL, 2, 1, 1, NULL, NULL, '0', '0', '0', 1, 20, 0, 0, NULL, NULL, NULL, NULL, NULL, NULL),
(171, NULL, '2016-05-18 05:26:36', 18, NULL, NULL, 7, '2016-05-17 19:02:29', '16/INV-SLSR/V/4', NULL, NULL, NULL, NULL, NULL, NULL, 2, 3, 4, NULL, NULL, '0', '0', '0', 0, 10, 0, 0, NULL, NULL, NULL, NULL, NULL, NULL),
(172, NULL, '2016-05-18 05:26:46', 17, NULL, NULL, 7, '2016-05-17 18:34:31', '16/INV-SLSR/V/3', NULL, NULL, NULL, NULL, NULL, NULL, 2, 1, 1, NULL, NULL, '0', '0', '0', 1, 20, 0, 0, NULL, NULL, NULL, NULL, NULL, NULL),
(173, NULL, '2016-05-18 05:26:46', 18, NULL, NULL, 7, '2016-05-17 19:02:29', '16/INV-SLSR/V/4', NULL, NULL, NULL, NULL, NULL, NULL, 2, 3, 4, NULL, NULL, '0', '0', '0', 0, 10, 0, 0, NULL, NULL, NULL, NULL, NULL, NULL),
(174, NULL, '2016-05-18 05:26:48', 17, NULL, NULL, 7, '2016-05-17 18:34:31', '16/INV-SLSR/V/3', NULL, NULL, NULL, NULL, NULL, NULL, 2, 1, 1, NULL, NULL, '0', '0', '0', 1, 20, 0, 0, NULL, NULL, NULL, NULL, NULL, NULL),
(175, NULL, '2016-05-18 05:26:48', 18, NULL, NULL, 7, '2016-05-17 19:02:29', '16/INV-SLSR/V/4', NULL, NULL, NULL, NULL, NULL, NULL, 2, 3, 4, NULL, NULL, '0', '0', '0', 0, 10, 0, 0, NULL, NULL, NULL, NULL, NULL, NULL),
(176, NULL, '2016-05-18 05:28:16', 17, NULL, NULL, 7, '2016-05-17 18:34:31', '16/INV-SLSR/V/3', NULL, NULL, NULL, NULL, NULL, NULL, 2, 1, 1, NULL, NULL, '0', '0', '0', 1, 20, 0, 0, NULL, NULL, NULL, NULL, NULL, NULL),
(177, NULL, '2016-05-18 05:28:16', 18, NULL, NULL, 7, '2016-05-17 19:02:29', '16/INV-SLSR/V/4', NULL, NULL, NULL, NULL, NULL, NULL, 2, 3, 4, NULL, NULL, '0', '0', '0', 0, 10, 0, 0, NULL, NULL, NULL, NULL, NULL, NULL),
(178, NULL, '2016-05-18 05:28:17', 17, NULL, NULL, 7, '2016-05-17 18:34:31', '16/INV-SLSR/V/3', NULL, NULL, NULL, NULL, NULL, NULL, 2, 1, 1, NULL, NULL, '0', '0', '0', 1, 20, 0, 0, NULL, NULL, NULL, NULL, NULL, NULL),
(179, NULL, '2016-05-18 05:28:17', 18, NULL, NULL, 7, '2016-05-17 19:02:29', '16/INV-SLSR/V/4', NULL, NULL, NULL, NULL, NULL, NULL, 2, 3, 4, NULL, NULL, '0', '0', '0', 0, 10, 0, 0, NULL, NULL, NULL, NULL, NULL, NULL),
(180, NULL, '2016-05-18 05:28:21', 17, NULL, NULL, 7, '2016-05-17 18:34:31', '16/INV-SLSR/V/3', NULL, NULL, NULL, NULL, NULL, NULL, 2, 1, 1, NULL, NULL, '0', '0', '0', 1, 20, 0, 0, NULL, NULL, NULL, NULL, NULL, NULL),
(181, NULL, '2016-05-18 05:28:21', 18, NULL, NULL, 7, '2016-05-17 19:02:29', '16/INV-SLSR/V/4', NULL, NULL, NULL, NULL, NULL, NULL, 2, 3, 4, NULL, NULL, '0', '0', '0', 0, 10, 0, 0, NULL, NULL, NULL, NULL, NULL, NULL),
(182, NULL, '2016-05-18 05:28:24', 17, NULL, NULL, 7, '2016-05-17 18:34:31', '16/INV-SLSR/V/3', NULL, NULL, NULL, NULL, NULL, NULL, 2, 1, 1, 90, '45000', '0', '0', '0', 1, 20, 0, 0, NULL, NULL, NULL, NULL, NULL, NULL),
(183, NULL, '2016-05-18 05:28:24', 18, NULL, NULL, 7, '2016-05-17 19:02:29', '16/INV-SLSR/V/4', NULL, NULL, NULL, NULL, NULL, NULL, 2, 3, 4, 90, '45000', '0', '0', '0', 0, 10, 0, 0, NULL, NULL, NULL, NULL, NULL, NULL),
(184, NULL, '2016-05-18 05:28:27', 17, NULL, NULL, 7, '2016-05-17 18:34:31', '16/INV-SLSR/V/3', NULL, NULL, NULL, NULL, NULL, NULL, 2, 1, 1, 90, '45000', '0', '0', '0', 1, 20, 0, 0, NULL, NULL, NULL, NULL, NULL, NULL),
(185, NULL, '2016-05-18 05:28:27', 18, NULL, NULL, 7, '2016-05-17 19:02:29', '16/INV-SLSR/V/4', NULL, NULL, NULL, NULL, NULL, NULL, 2, 3, 4, 90, '45000', '0', '0', '0', 0, 10, 0, 0, NULL, NULL, NULL, NULL, NULL, NULL),
(186, NULL, '2016-05-18 05:28:28', 17, NULL, NULL, 7, '2016-05-17 18:34:31', '16/INV-SLSR/V/3', NULL, NULL, NULL, NULL, NULL, NULL, 2, 1, 1, 90, '45000', '0', '0', '0', 1, 20, 0, 0, NULL, NULL, NULL, NULL, NULL, NULL),
(187, NULL, '2016-05-18 05:28:28', 18, NULL, NULL, 7, '2016-05-17 19:02:29', '16/INV-SLSR/V/4', NULL, NULL, NULL, NULL, NULL, NULL, 2, 3, 4, 90, '45000', '0', '0', '0', 0, 10, 0, 0, NULL, NULL, NULL, NULL, NULL, NULL),
(188, NULL, '2016-05-18 05:28:29', 17, NULL, NULL, 7, '2016-05-17 18:34:31', '16/INV-SLSR/V/3', NULL, NULL, NULL, NULL, NULL, NULL, 2, 1, 1, 90, '45000', '0', '0', '0', 1, 20, 0, 0, NULL, NULL, NULL, NULL, NULL, NULL),
(189, NULL, '2016-05-18 05:28:29', 18, NULL, NULL, 7, '2016-05-17 19:02:29', '16/INV-SLSR/V/4', NULL, NULL, NULL, NULL, NULL, NULL, 2, 3, 4, 90, '45000', '0', '0', '0', 0, 10, 0, 0, NULL, NULL, NULL, NULL, NULL, NULL),
(190, NULL, '2016-05-18 05:28:39', 17, NULL, NULL, 7, '2016-05-17 18:34:31', '16/INV-SLSR/V/3', NULL, NULL, NULL, NULL, NULL, NULL, 2, 1, 1, 90, '45000', '0', '0', '0', 1, 20, 0, 0, NULL, NULL, NULL, NULL, NULL, NULL),
(191, NULL, '2016-05-18 05:28:39', 18, NULL, NULL, 7, '2016-05-17 19:02:29', '16/INV-SLSR/V/4', NULL, NULL, NULL, NULL, NULL, NULL, 2, 3, 4, 90, '45000', '0', '0', '0', 0, 10, 0, 0, NULL, NULL, NULL, NULL, NULL, NULL),
(192, NULL, '2016-05-18 05:28:46', 17, NULL, NULL, 7, '2016-05-17 18:34:31', '16/INV-SLSR/V/3', NULL, NULL, NULL, NULL, NULL, NULL, 2, 1, 1, 90, '45000', '0', '0', '0', 1, 20, 0, 0, NULL, NULL, NULL, NULL, NULL, NULL),
(193, NULL, '2016-05-18 05:28:46', 18, NULL, NULL, 7, '2016-05-17 19:02:29', '16/INV-SLSR/V/4', NULL, NULL, NULL, NULL, NULL, NULL, 2, 3, 4, 90, '45000', '0', '0', '0', 0, 10, 0, 0, NULL, NULL, NULL, NULL, NULL, NULL),
(194, NULL, '2016-05-18 05:28:50', 15, NULL, NULL, 4, '2016-05-13 15:05:44', '16/INV-SLS/V/1', NULL, NULL, NULL, NULL, NULL, NULL, 3, 2, 4, 5000, '4120000', '0', '0', '0', 1, 100, 0, 0, NULL, NULL, NULL, NULL, NULL, NULL),
(195, NULL, '2016-05-18 05:28:52', 15, NULL, NULL, 4, '2016-05-13 15:05:44', '16/INV-SLS/V/1', NULL, NULL, NULL, NULL, NULL, NULL, 3, 2, 4, 5000, '4120000', '0', '0', '0', 1, 100, 0, 0, NULL, NULL, NULL, NULL, NULL, NULL),
(196, NULL, '2016-05-18 05:28:56', 15, NULL, NULL, 4, '2016-05-13 15:05:44', '16/INV-SLS/V/1', NULL, NULL, NULL, NULL, NULL, NULL, 3, 2, 4, 5000, '4120000', '0', '0', '0', 1, 100, 0, 0, NULL, NULL, NULL, NULL, NULL, NULL),
(197, NULL, '2016-05-18 05:28:59', 15, NULL, NULL, 4, '2016-05-13 15:05:44', '16/INV-SLS/V/1', NULL, NULL, NULL, NULL, NULL, NULL, 3, 2, 4, 5000, '4120000', '0', '0', '0', 1, 100, 0, 0, NULL, NULL, NULL, NULL, NULL, NULL),
(198, NULL, '2016-05-18 05:31:09', 17, NULL, NULL, 7, '2016-05-17 18:34:31', '16/INV-SLSR/V/3', NULL, NULL, NULL, NULL, NULL, NULL, 2, 1, 1, 90, '45000', '0', '0', '0', 1, 20, 0, 0, NULL, NULL, NULL, NULL, NULL, NULL),
(199, NULL, '2016-05-18 05:31:09', 18, NULL, NULL, 7, '2016-05-17 19:02:29', '16/INV-SLSR/V/4', NULL, NULL, NULL, NULL, NULL, NULL, 2, 3, 4, 90, '45000', '0', '0', '0', 0, 10, 0, 0, NULL, NULL, NULL, NULL, NULL, NULL),
(200, NULL, '2016-05-18 05:31:12', 17, NULL, NULL, 7, '2016-05-17 18:34:31', '16/INV-SLSR/V/3', NULL, NULL, NULL, NULL, NULL, NULL, 2, 1, 1, 90, '45000', '0', '0', '0', 1, 20, 0, 0, NULL, NULL, NULL, NULL, NULL, NULL),
(201, NULL, '2016-05-18 05:31:12', 18, NULL, NULL, 7, '2016-05-17 19:02:29', '16/INV-SLSR/V/4', NULL, NULL, NULL, NULL, NULL, NULL, 2, 3, 4, 90, '45000', '0', '0', '0', 0, 10, 0, 0, NULL, NULL, NULL, NULL, NULL, NULL),
(202, NULL, '2016-05-18 05:32:18', 17, NULL, NULL, 7, '2016-05-17 18:34:31', '16/INV-SLSR/V/3', NULL, NULL, NULL, NULL, NULL, NULL, 2, 1, 1, 90, '45000', '0', '0', '0', 1, 20, 0, 0, NULL, NULL, NULL, NULL, NULL, NULL),
(203, NULL, '2016-05-18 05:32:18', 18, NULL, NULL, 7, '2016-05-17 19:02:29', '16/INV-SLSR/V/4', NULL, NULL, NULL, NULL, NULL, NULL, 2, 3, 4, 90, '45000', '0', '0', '0', 0, 10, 0, 0, NULL, NULL, NULL, NULL, NULL, NULL),
(204, NULL, '2016-05-18 05:32:34', 17, NULL, NULL, 7, '2016-05-17 18:34:31', '16/INV-SLSR/V/3', NULL, NULL, NULL, NULL, NULL, NULL, 2, 1, 1, 90, '45000', '0', '0', '0', 1, 20, 0, 0, NULL, NULL, NULL, NULL, NULL, NULL),
(205, NULL, '2016-05-18 05:32:34', 18, NULL, NULL, 7, '2016-05-17 19:02:29', '16/INV-SLSR/V/4', NULL, NULL, NULL, NULL, NULL, NULL, 2, 3, 4, 90, '45000', '0', '0', '0', 0, 10, 0, 0, NULL, NULL, NULL, NULL, NULL, NULL),
(206, NULL, '2016-05-18 05:32:40', 17, NULL, NULL, 7, '2016-05-17 18:34:31', '16/INV-SLSR/V/3', NULL, NULL, NULL, NULL, NULL, NULL, 2, 1, 1, 90, '45000', '0', '0', '0', 1, 20, 0, 0, NULL, NULL, NULL, NULL, NULL, NULL),
(207, NULL, '2016-05-18 05:32:40', 18, NULL, NULL, 7, '2016-05-17 19:02:29', '16/INV-SLSR/V/4', NULL, NULL, NULL, NULL, NULL, NULL, 2, 3, 4, 90, '45000', '0', '0', '0', 0, 10, 0, 0, NULL, NULL, NULL, NULL, NULL, NULL),
(208, NULL, '2016-05-18 05:33:02', 17, NULL, NULL, 7, '2016-05-17 18:34:31', '16/INV-SLSR/V/3', NULL, NULL, NULL, NULL, NULL, NULL, 2, 1, 1, 90, '45000', '0', '0', '0', 1, 20, 0, 0, NULL, NULL, NULL, NULL, NULL, NULL),
(209, NULL, '2016-05-18 05:33:02', 18, NULL, NULL, 7, '2016-05-17 19:02:29', '16/INV-SLSR/V/4', NULL, NULL, NULL, NULL, NULL, NULL, 2, 3, 4, 90, '45000', '0', '0', '0', 0, 10, 0, 0, NULL, NULL, NULL, NULL, NULL, NULL),
(210, NULL, '2016-05-18 05:33:50', 17, NULL, NULL, 7, '2016-05-17 18:34:31', '16/INV-SLSR/V/3', NULL, NULL, NULL, NULL, NULL, NULL, 2, 1, 1, 90, '45000', '0', '0', '0', 1, 20, 0, 0, NULL, NULL, NULL, NULL, NULL, NULL),
(211, NULL, '2016-05-18 05:33:50', 18, NULL, NULL, 7, '2016-05-17 19:02:29', '16/INV-SLSR/V/4', NULL, NULL, NULL, NULL, NULL, NULL, 2, 3, 4, 90, '45000', '0', '0', '0', 0, 10, 0, 0, NULL, NULL, NULL, NULL, NULL, NULL),
(212, NULL, '2016-05-18 05:34:22', 17, NULL, NULL, 7, '2016-05-17 18:34:31', '16/INV-SLSR/V/3', NULL, NULL, NULL, NULL, NULL, NULL, 2, 1, 1, 90, '45000', '0', '0', '0', 1, 20, 0, 0, NULL, NULL, NULL, NULL, NULL, NULL),
(213, NULL, '2016-05-18 05:34:22', 18, NULL, NULL, 7, '2016-05-17 19:02:29', '16/INV-SLSR/V/4', NULL, NULL, NULL, NULL, NULL, NULL, 2, 3, 4, 90, '45000', '0', '0', '0', 0, 10, 0, 0, NULL, NULL, NULL, NULL, NULL, NULL),
(214, NULL, '2016-05-18 05:34:45', 17, NULL, NULL, 7, '2016-05-17 18:34:31', '16/INV-SLSR/V/3', NULL, NULL, NULL, NULL, NULL, NULL, 2, 1, 1, 90, '45000', '0', '0', '0', 1, 20, 0, 0, NULL, NULL, NULL, NULL, NULL, NULL),
(215, NULL, '2016-05-18 05:34:45', 18, NULL, NULL, 7, '2016-05-17 19:02:29', '16/INV-SLSR/V/4', NULL, NULL, NULL, NULL, NULL, NULL, 2, 3, 4, 90, '45000', '0', '0', '0', 0, 10, 0, 0, NULL, NULL, NULL, NULL, NULL, NULL),
(216, NULL, '2016-05-18 05:35:18', 17, NULL, NULL, 7, '2016-05-17 18:34:31', '16/INV-SLSR/V/3', NULL, NULL, NULL, NULL, NULL, NULL, 2, 1, 1, 90, '45000', '0', '0', '0', 1, 20, 0, 0, NULL, NULL, NULL, NULL, NULL, NULL),
(217, NULL, '2016-05-18 05:35:18', 18, NULL, NULL, 7, '2016-05-17 19:02:29', '16/INV-SLSR/V/4', NULL, NULL, NULL, NULL, NULL, NULL, 2, 3, 4, 90, '45000', '0', '0', '0', 0, 10, 0, 0, NULL, NULL, NULL, NULL, NULL, NULL),
(218, NULL, '2016-05-18 05:36:11', 17, NULL, NULL, 7, '2016-05-17 18:34:31', '16/INV-SLSR/V/3', NULL, NULL, NULL, NULL, NULL, NULL, 2, 1, 1, 90, '45000', '0', '0', '0', 1, 20, 0, 0, NULL, NULL, NULL, NULL, NULL, NULL),
(219, NULL, '2016-05-18 05:36:11', 18, NULL, NULL, 7, '2016-05-17 19:02:29', '16/INV-SLSR/V/4', NULL, NULL, NULL, NULL, NULL, NULL, 2, 3, 4, 90, '45000', '0', '0', '0', 0, 10, 0, 0, NULL, NULL, NULL, NULL, NULL, NULL),
(220, NULL, '2016-05-18 05:36:42', 17, NULL, NULL, 7, '2016-05-17 18:34:31', '16/INV-SLSR/V/3', NULL, NULL, NULL, NULL, NULL, NULL, 2, 1, 1, 90, '45000', '0', '0', '0', 1, 20, 0, 0, NULL, NULL, NULL, NULL, NULL, NULL),
(221, NULL, '2016-05-18 05:36:42', 18, NULL, NULL, 7, '2016-05-17 19:02:29', '16/INV-SLSR/V/4', NULL, NULL, NULL, NULL, NULL, NULL, 2, 3, 4, 90, '45000', '0', '0', '0', 0, 10, 0, 0, NULL, NULL, NULL, NULL, NULL, NULL),
(222, NULL, '2016-05-18 05:36:53', 17, NULL, NULL, 7, '2016-05-17 18:34:31', '16/INV-SLSR/V/3', NULL, NULL, NULL, NULL, NULL, NULL, 2, 1, 1, 90, '45000', '0', '0', '0', 1, 20, 0, 0, NULL, NULL, NULL, NULL, NULL, NULL),
(223, NULL, '2016-05-18 05:36:53', 18, NULL, NULL, 7, '2016-05-17 19:02:29', '16/INV-SLSR/V/4', NULL, NULL, NULL, NULL, NULL, NULL, 2, 3, 4, 90, '45000', '0', '0', '0', 0, 10, 0, 0, NULL, NULL, NULL, NULL, NULL, NULL),
(224, NULL, '2016-05-18 05:37:01', 17, NULL, NULL, 7, '2016-05-17 18:34:31', '16/INV-SLSR/V/3', NULL, NULL, NULL, NULL, NULL, NULL, 2, 1, 1, 90, '45000', '0', '0', '0', 1, 20, 0, 0, NULL, NULL, NULL, NULL, NULL, NULL),
(225, NULL, '2016-05-18 05:37:01', 18, NULL, NULL, 7, '2016-05-17 19:02:29', '16/INV-SLSR/V/4', NULL, NULL, NULL, NULL, NULL, NULL, 2, 3, 4, 90, '45000', '0', '0', '0', 0, 10, 0, 0, NULL, NULL, NULL, NULL, NULL, NULL);
INSERT INTO `kps_invoice_` (`KPS_INVOICE_ID_`, `KPS_INVOICE_STATUS_VIEW_BY_DIREKTUR`, `UPDATE_TIME`, `KPS_INVOICE_ID`, `invoice_type_id`, `customer_id`, `INVOICE_INDUK_ID_inv`, `DATE_INVO`, `NO_INVO`, `KPS_NO_INVOICE_FAKTUR_PAJAK`, `REV_NO_INVO`, `TOTAL_1_INVO`, `TOTAL_2_INVO`, `TOTAL_3_INVO`, `TOTAL_4_INVO`, `PREPARED_INVO`, `CHECKED_INVO`, `APPROVED_INVO`, `total_qty`, `total_amount`, `total_dp_or_vat`, `total_ppn_or_tax`, `total_all`, `term`, `KPS_INVOICE_DP`, `MADE_BY`, `UPDATE_BY`, `KPS_INVOICE_NOMOR_PENGGANTI`, `KPS_INVOICE_STATUS_APP_DELETE_DIREKTUR`, `KPS_INVOICE_STATUS_PRINT`, `KPS_INVOICE_APP_DELETE_CHANGE_NUMBER`, `KPS_INVOICE_APP_DELETE_NORMALY`, `KPS_INVOICE_FLAG_DELETE`) VALUES
(226, NULL, '2016-05-18 05:37:56', 17, NULL, NULL, 7, '2016-05-17 18:34:31', '16/INV-SLSR/V/3', NULL, NULL, NULL, NULL, NULL, NULL, 2, 1, 1, 90, '45000', '0', '0', '0', 1, 20, 0, 0, NULL, NULL, NULL, NULL, NULL, NULL),
(227, NULL, '2016-05-18 05:37:56', 18, NULL, NULL, 7, '2016-05-17 19:02:29', '16/INV-SLSR/V/4', NULL, NULL, NULL, NULL, NULL, NULL, 2, 3, 4, 90, '45000', '0', '0', '0', 0, 10, 0, 0, NULL, NULL, NULL, NULL, NULL, NULL),
(228, NULL, '2016-05-18 05:39:19', 17, NULL, NULL, 7, '2016-05-17 18:34:31', '16/INV-SLSR/V/3', NULL, NULL, NULL, NULL, NULL, NULL, 2, 1, 1, 90, '45000', '0', '0', '0', 1, 20, 0, 0, NULL, NULL, NULL, NULL, NULL, NULL),
(229, NULL, '2016-05-18 05:39:19', 18, NULL, NULL, 7, '2016-05-17 19:02:29', '16/INV-SLSR/V/4', NULL, NULL, NULL, NULL, NULL, NULL, 2, 3, 4, 90, '45000', '0', '0', '0', 0, 10, 0, 0, NULL, NULL, NULL, NULL, NULL, NULL),
(230, NULL, '2016-05-18 05:39:42', 17, NULL, NULL, 7, '2016-05-17 18:34:31', '16/INV-SLSR/V/3', NULL, NULL, NULL, NULL, NULL, NULL, 2, 1, 1, 90, '45000', '0', '0', '0', 1, 20, 0, 0, NULL, NULL, NULL, NULL, NULL, NULL),
(231, NULL, '2016-05-18 05:39:42', 18, NULL, NULL, 7, '2016-05-17 19:02:29', '16/INV-SLSR/V/4', NULL, NULL, NULL, NULL, NULL, NULL, 2, 3, 4, 90, '45000', '0', '0', '0', 0, 10, 0, 0, NULL, NULL, NULL, NULL, NULL, NULL),
(232, NULL, '2016-05-18 05:39:54', 17, NULL, NULL, 7, '2016-05-17 18:34:31', '16/INV-SLSR/V/3', NULL, NULL, NULL, NULL, NULL, NULL, 2, 1, 1, 90, '45000', '0', '0', '0', 1, 20, 0, 0, NULL, NULL, NULL, NULL, NULL, NULL),
(233, NULL, '2016-05-18 05:39:54', 18, NULL, NULL, 7, '2016-05-17 19:02:29', '16/INV-SLSR/V/4', NULL, NULL, NULL, NULL, NULL, NULL, 2, 3, 4, 90, '45000', '0', '0', '0', 0, 10, 0, 0, NULL, NULL, NULL, NULL, NULL, NULL),
(234, NULL, '2016-05-18 05:40:05', 15, NULL, NULL, 4, '2016-05-13 15:05:44', '16/INV-SLS/V/1', NULL, NULL, NULL, NULL, NULL, NULL, 3, 2, 4, 5000, '4120000', '0', '0', '0', 1, 100, 0, 0, NULL, NULL, NULL, NULL, NULL, NULL),
(235, NULL, '2016-05-18 05:40:10', 14, NULL, NULL, 3, '2016-03-29 18:38:14', '16/INV-SLS/III/4', NULL, 4, NULL, NULL, NULL, NULL, 2, 2, 3, 800, '659200', '0', '0', '0', 1, 100, 0, 0, NULL, NULL, NULL, NULL, NULL, NULL),
(236, NULL, '2016-05-18 05:40:17', 15, NULL, NULL, 4, '2016-05-13 15:05:44', '16/INV-SLS/V/1', NULL, NULL, NULL, NULL, NULL, NULL, 3, 2, 4, 5000, '4120000', '0', '0', '0', 1, 100, 0, 0, NULL, NULL, NULL, NULL, NULL, NULL),
(237, NULL, '2016-05-18 05:40:19', 15, NULL, NULL, 4, '2016-05-13 15:05:44', '16/INV-SLS/V/1', NULL, NULL, NULL, NULL, NULL, NULL, 3, 2, 4, 5000, '4120000', '0', '0', '0', 1, 100, 0, 0, NULL, NULL, NULL, NULL, NULL, NULL),
(238, NULL, '2016-05-18 05:40:20', 15, NULL, NULL, 4, '2016-05-13 15:05:44', '16/INV-SLS/V/1', NULL, NULL, NULL, NULL, NULL, NULL, 3, 2, 4, 5000, '4120000', '0', '0', '0', 1, 100, 0, 0, NULL, NULL, NULL, NULL, NULL, NULL),
(239, NULL, '2016-05-18 05:40:28', 15, NULL, NULL, 4, '2016-05-13 15:05:44', '16/INV-SLS/V/1', NULL, NULL, NULL, NULL, NULL, NULL, 3, 2, 4, 5000, '4120000', '0', '0', '0', 1, 100, 0, 0, NULL, NULL, NULL, NULL, NULL, NULL),
(240, NULL, '2016-05-18 09:06:51', 15, NULL, NULL, 4, '2016-05-13 15:05:44', '16/INV-SLS/V/1', NULL, NULL, NULL, NULL, NULL, NULL, 3, 2, 4, 5000, '4120000', '0', '0', '0', 1, 100, 0, 0, NULL, NULL, NULL, NULL, NULL, NULL),
(241, NULL, '2016-05-22 12:57:56', 15, NULL, NULL, 4, '2016-05-13 15:05:44', '16/INV-SLS/V/1', NULL, NULL, NULL, NULL, NULL, NULL, 3, 2, 4, 5000, '4120000', '0', '0', '0', 1, 100, 0, 0, NULL, NULL, NULL, NULL, NULL, NULL),
(242, NULL, '2016-05-22 16:04:39', 15, NULL, NULL, 4, '2016-05-13 15:05:44', '16/INV-SLS/V/1', NULL, NULL, NULL, NULL, NULL, NULL, 3, 2, 4, 5000, '4120000', '0', '0', '0', 1, 100, 0, 0, NULL, NULL, NULL, NULL, NULL, NULL),
(243, NULL, '2016-05-22 19:57:06', 17, NULL, NULL, 7, '2016-05-17 18:34:31', '16/INV-SLSR/V/3', NULL, NULL, NULL, NULL, NULL, NULL, 2, 1, 1, 90, '45000', '0', '0', '0', 1, 20, 0, 0, NULL, NULL, NULL, NULL, NULL, NULL),
(244, NULL, '2016-05-22 19:57:06', 18, NULL, NULL, 7, '2016-05-17 19:02:29', '16/INV-SLSR/V/4', NULL, NULL, NULL, NULL, NULL, NULL, 2, 3, 4, 90, '45000', '0', '0', '0', 0, 10, 0, 0, NULL, NULL, NULL, NULL, NULL, NULL),
(245, NULL, '2016-05-22 20:55:02', 17, NULL, NULL, 7, '2016-05-17 18:34:31', '16/INV-SLSR/V/3', NULL, NULL, NULL, NULL, NULL, NULL, 2, 1, 1, 90, '45000', '0', '0', '0', 1, 20, 0, 0, NULL, NULL, NULL, NULL, NULL, NULL),
(246, NULL, '2016-05-22 20:55:02', 18, NULL, NULL, 7, '2016-05-17 19:02:29', '16/INV-SLSR/V/4', NULL, NULL, NULL, NULL, NULL, NULL, 2, 3, 4, 90, '45000', '0', '0', '0', 0, 10, 0, 0, NULL, NULL, NULL, NULL, NULL, NULL),
(247, NULL, '2016-05-22 21:06:04', 19, NULL, NULL, 9, '2016-05-22 21:06:03', '16/INV-SLSR/V/5', NULL, NULL, NULL, NULL, NULL, NULL, 2, 1, 3, 0, '0', '0', '0', '0', 1, 50, 0, 0, NULL, NULL, NULL, NULL, NULL, NULL),
(248, NULL, '2016-05-22 21:06:08', 19, NULL, NULL, 9, '2016-05-22 21:06:03', '16/INV-SLSR/V/5', NULL, NULL, NULL, NULL, NULL, NULL, 2, 1, 3, 2100, '950000', '0', '0', '0', 1, 50, 0, 0, NULL, NULL, NULL, NULL, NULL, NULL),
(249, NULL, '2016-05-22 21:06:14', 19, NULL, NULL, 9, '2016-05-22 21:06:03', '16/INV-SLSR/V/5', NULL, NULL, NULL, NULL, NULL, NULL, 2, 1, 3, 2100, '950000', '0', '0', '0', 1, 50, 0, 0, NULL, NULL, NULL, NULL, NULL, NULL),
(250, NULL, '2016-05-23 00:16:09', 10, NULL, 1, 2, '2016-03-27 09:41:52', '16/INV-SLS/III/1', NULL, 1, NULL, NULL, NULL, NULL, 1, 1, 1, 360, '183960.91666666666', '0', '0', '0', 1, 20, 0, 0, NULL, NULL, NULL, NULL, NULL, NULL),
(251, NULL, '2016-05-23 00:16:09', 11, NULL, 1, 2, '2016-03-27 12:21:14', '16/INV-SLS/III/2', NULL, 2, NULL, NULL, NULL, NULL, 1, 1, 3, 360, '183960.91666666666', '0', '0', '0', 2, 50, 0, 0, NULL, NULL, NULL, NULL, NULL, NULL),
(252, NULL, '2016-05-23 00:16:09', 13, NULL, 1, 2, '2016-03-28 09:56:09', '16/INV-SLS/III/3', NULL, 3, NULL, NULL, NULL, NULL, 1, 1, 3, 360, '183960.91666666666', '0', '0', '0', 3, 30, 0, 0, NULL, NULL, NULL, NULL, NULL, NULL),
(253, NULL, '2016-05-23 00:16:12', 10, NULL, 1, 2, '2016-03-27 09:41:52', '16/INV-SLS/III/1', NULL, 1, NULL, NULL, NULL, NULL, 1, 1, 1, 360, '183960.91666666666', '0', '0', '0', 1, 20, 0, 0, NULL, NULL, NULL, NULL, NULL, NULL),
(254, NULL, '2016-05-23 00:16:12', 11, NULL, 1, 2, '2016-03-27 12:21:14', '16/INV-SLS/III/2', NULL, 2, NULL, NULL, NULL, NULL, 1, 1, 3, 360, '183960.91666666666', '0', '0', '0', 2, 50, 0, 0, NULL, NULL, NULL, NULL, NULL, NULL),
(255, NULL, '2016-05-23 00:16:12', 13, NULL, 1, 2, '2016-03-28 09:56:09', '16/INV-SLS/III/3', NULL, 3, NULL, NULL, NULL, NULL, 1, 1, 3, 360, '183960.91666666666', '0', '0', '0', 3, 30, 0, 0, NULL, NULL, NULL, NULL, NULL, NULL),
(256, NULL, '2016-05-23 00:16:27', 10, NULL, 1, 2, '2016-03-27 09:41:52', '16/INV-SLS/III/1', NULL, 1, NULL, NULL, NULL, NULL, 1, 1, 1, 360, '183960.91666666666', '0', '0', '0', 1, 20, 0, 0, NULL, NULL, NULL, NULL, NULL, NULL),
(257, NULL, '2016-05-23 00:16:27', 11, NULL, 1, 2, '2016-03-27 12:21:14', '16/INV-SLS/III/2', NULL, 2, NULL, NULL, NULL, NULL, 1, 1, 3, 360, '183960.91666666666', '0', '0', '0', 2, 50, 0, 0, NULL, NULL, NULL, NULL, NULL, NULL),
(258, NULL, '2016-05-23 00:16:27', 13, NULL, 1, 2, '2016-03-28 09:56:09', '16/INV-SLS/III/3', NULL, 3, NULL, NULL, NULL, NULL, 1, 1, 3, 360, '183960.91666666666', '0', '0', '0', 3, 30, 0, 0, NULL, NULL, NULL, NULL, NULL, NULL),
(259, NULL, '2016-05-23 00:16:32', 19, NULL, NULL, 9, '2016-05-22 21:06:03', '16/INV-SLSR/V/5', NULL, NULL, NULL, NULL, NULL, NULL, 2, 1, 3, 2100, '950000', '0', '0', '0', 1, 50, 0, 0, NULL, NULL, NULL, NULL, NULL, NULL),
(260, NULL, '2016-05-23 00:16:35', 19, NULL, NULL, 9, '2016-05-22 21:06:03', '16/INV-SLSR/V/5', NULL, NULL, NULL, NULL, NULL, NULL, 2, 1, 3, 2100, '950000', '0', '0', '0', 1, 50, 0, 0, NULL, NULL, NULL, NULL, NULL, NULL),
(261, NULL, '2016-05-23 00:30:30', 19, NULL, NULL, 9, '2016-05-22 21:06:03', '16/INV-SLSR/V/5', NULL, NULL, NULL, NULL, NULL, NULL, 2, 1, 3, 2100, '950000', '0', '0', '0', 1, 50, 0, 0, NULL, NULL, NULL, NULL, NULL, NULL),
(262, NULL, '2016-05-23 00:39:47', 19, NULL, NULL, 9, '2016-05-22 21:06:03', '16/INV-SLSR/V/5', NULL, NULL, NULL, NULL, NULL, NULL, 2, 1, 3, NULL, NULL, '0', '0', '0', 1, 50, 0, 0, NULL, NULL, NULL, NULL, NULL, NULL),
(263, NULL, '2016-05-23 00:40:17', 19, NULL, NULL, 9, '2016-05-22 21:06:03', '16/INV-SLSR/V/5', NULL, NULL, NULL, NULL, NULL, NULL, 2, 1, 3, NULL, NULL, '0', '0', '0', 1, 50, 0, 0, NULL, NULL, NULL, NULL, NULL, NULL),
(264, NULL, '2016-05-23 00:40:24', 19, NULL, NULL, 9, '2016-05-22 21:06:03', '16/INV-SLSR/V/5', NULL, NULL, NULL, NULL, NULL, NULL, 2, 1, 3, NULL, NULL, '0', '0', '0', 1, 50, 0, 0, NULL, NULL, NULL, NULL, NULL, NULL),
(265, NULL, '2016-05-23 00:46:28', 19, NULL, NULL, 9, '2016-05-22 21:06:03', '16/INV-SLSR/V/5', NULL, NULL, NULL, NULL, NULL, NULL, 2, 1, 3, NULL, NULL, '0', '0', '0', 1, 50, 0, 0, NULL, NULL, NULL, NULL, NULL, NULL),
(266, NULL, '2016-05-23 00:49:40', 19, NULL, NULL, 9, '2016-05-22 21:06:03', '16/INV-SLSR/V/5', NULL, NULL, NULL, NULL, NULL, NULL, 2, 1, 3, NULL, NULL, '0', '0', '0', 1, 50, 0, 0, NULL, NULL, NULL, NULL, NULL, NULL),
(267, NULL, '2016-05-23 00:53:23', 19, NULL, NULL, 9, '2016-05-22 21:06:03', '16/INV-SLSR/V/5', NULL, NULL, NULL, NULL, NULL, NULL, 2, 1, 3, NULL, NULL, '0', '0', '0', 1, 50, 0, 0, NULL, NULL, NULL, NULL, NULL, NULL),
(268, NULL, '2016-05-23 00:55:22', 19, NULL, NULL, 9, '2016-05-22 21:06:03', '16/INV-SLSR/V/5', NULL, NULL, NULL, NULL, NULL, NULL, 2, 1, 3, NULL, NULL, '0', '0', '0', 1, 50, 0, 0, NULL, NULL, NULL, NULL, NULL, NULL),
(269, NULL, '2016-05-23 00:55:27', 19, NULL, NULL, 9, '2016-05-22 21:06:03', '16/INV-SLSR/V/5', NULL, NULL, NULL, NULL, NULL, NULL, 2, 1, 3, NULL, NULL, '0', '0', '0', 1, 50, 0, 0, NULL, NULL, NULL, NULL, NULL, NULL),
(270, NULL, '2016-05-23 00:55:50', 19, NULL, NULL, 9, '2016-05-22 21:06:03', '16/INV-SLSR/V/5', NULL, NULL, NULL, NULL, NULL, NULL, 2, 1, 3, NULL, NULL, '0', '0', '0', 1, 50, 0, 0, NULL, NULL, NULL, NULL, NULL, NULL),
(271, NULL, '2016-05-23 00:56:16', 19, NULL, NULL, 9, '2016-05-22 21:06:03', '16/INV-SLSR/V/5', NULL, NULL, NULL, NULL, NULL, NULL, 2, 1, 3, NULL, NULL, '0', '0', '0', 1, 50, 0, 0, NULL, NULL, NULL, NULL, NULL, NULL),
(272, NULL, '2016-05-23 00:56:21', 19, NULL, NULL, 9, '2016-05-22 21:06:03', '16/INV-SLSR/V/5', NULL, NULL, NULL, NULL, NULL, NULL, 2, 1, 3, NULL, NULL, '0', '0', '0', 1, 50, 0, 0, NULL, NULL, NULL, NULL, NULL, NULL),
(273, NULL, '2016-05-23 01:01:27', 19, NULL, NULL, 9, '2016-05-22 21:06:03', '16/INV-SLSR/V/5', NULL, NULL, NULL, NULL, NULL, NULL, 2, 1, 3, 2100, '950000', '0', '0', '0', 1, 50, 0, 0, NULL, NULL, NULL, NULL, NULL, NULL),
(274, NULL, '2016-05-23 01:03:08', 19, NULL, NULL, 9, '2016-05-22 21:06:03', '16/INV-SLSR/V/5', NULL, NULL, NULL, NULL, NULL, NULL, 2, 1, 3, NULL, NULL, '0', '0', '0', 1, 50, 0, 0, NULL, NULL, NULL, NULL, NULL, NULL),
(275, NULL, '2016-05-23 01:03:13', 19, NULL, NULL, 9, '2016-05-22 21:06:03', '16/INV-SLSR/V/5', NULL, NULL, NULL, NULL, NULL, NULL, 2, 1, 3, NULL, NULL, '0', '0', '0', 1, 50, 0, 0, NULL, NULL, NULL, NULL, NULL, NULL),
(276, NULL, '2016-05-23 01:05:35', 19, NULL, NULL, 9, '2016-05-22 21:06:03', '16/INV-SLSR/V/5', NULL, NULL, NULL, NULL, NULL, NULL, 2, 1, 3, NULL, NULL, '0', '0', '0', 1, 50, 0, 0, NULL, NULL, NULL, NULL, NULL, NULL),
(277, NULL, '2016-05-23 01:07:19', 19, NULL, NULL, 9, '2016-05-22 21:06:03', '16/INV-SLSR/V/5', NULL, NULL, NULL, NULL, NULL, NULL, 2, 1, 3, 2100, '950000', '0', '0', '0', 1, 50, 0, 0, NULL, NULL, NULL, NULL, NULL, NULL),
(278, NULL, '2016-05-23 01:07:26', 19, NULL, NULL, 9, '2016-05-22 21:06:03', '16/INV-SLSR/V/5', NULL, NULL, NULL, NULL, NULL, NULL, 2, 1, 3, NULL, NULL, '0', '0', '0', 1, 50, 0, 0, NULL, NULL, NULL, NULL, NULL, NULL),
(279, NULL, '2016-05-23 01:17:34', 19, NULL, NULL, 9, '2016-05-22 21:06:03', '16/INV-SLSR/V/5', NULL, NULL, NULL, NULL, NULL, NULL, 2, 1, 3, 2100, '950000', '0', '0', '0', 1, 50, 0, 0, NULL, NULL, NULL, NULL, NULL, NULL),
(280, NULL, '2016-05-23 01:19:02', 19, NULL, NULL, 9, '2016-05-22 21:06:03', '16/INV-SLSR/V/5', NULL, NULL, NULL, NULL, NULL, NULL, 2, 1, 3, NULL, NULL, '0', '0', '0', 1, 50, 0, 0, NULL, NULL, NULL, NULL, NULL, NULL),
(281, NULL, '2016-05-23 01:19:05', 19, NULL, NULL, 9, '2016-05-22 21:06:03', '16/INV-SLSR/V/5', NULL, NULL, NULL, NULL, NULL, NULL, 2, 1, 3, 2200, '1000000', '0', '0', '0', 1, 50, 0, 0, NULL, NULL, NULL, NULL, NULL, NULL),
(282, NULL, '2016-05-23 01:19:18', 19, NULL, NULL, 9, '2016-05-22 21:06:03', '16/INV-SLSR/V/5', NULL, NULL, NULL, NULL, NULL, NULL, 2, 1, 3, 2200, '1000000', '0', '0', '0', 1, 50, 0, 0, NULL, NULL, NULL, NULL, NULL, NULL),
(283, NULL, '2016-05-23 01:19:24', 19, NULL, NULL, 9, '2016-05-22 21:06:03', '16/INV-SLSR/V/5', NULL, NULL, NULL, NULL, NULL, NULL, 2, 1, 3, NULL, NULL, '0', '0', '0', 1, 50, 0, 0, NULL, NULL, NULL, NULL, NULL, NULL),
(284, NULL, '2016-05-23 01:19:29', 19, NULL, NULL, 9, '2016-05-22 21:06:03', '16/INV-SLSR/V/5', NULL, NULL, NULL, NULL, NULL, NULL, 2, 1, 3, 2200, '1000000', '0', '0', '0', 1, 50, 0, 0, NULL, NULL, NULL, NULL, NULL, NULL),
(285, NULL, '2016-05-23 10:21:44', 19, NULL, NULL, 9, '2016-05-22 21:06:03', '16/INV-SLSR/V/5', NULL, NULL, NULL, NULL, NULL, NULL, 2, 1, 3, 2200, '1000000', '0', '0', '0', 1, 50, 0, 0, NULL, NULL, NULL, NULL, NULL, NULL),
(286, NULL, '2016-05-23 10:21:50', 19, NULL, NULL, 9, '2016-05-22 21:06:03', '16/INV-SLSR/V/5', NULL, NULL, NULL, NULL, NULL, NULL, 2, 1, 3, 2200, '1000000', '0', '0', '0', 1, 50, 0, 0, NULL, NULL, NULL, NULL, NULL, NULL),
(287, NULL, '2016-05-23 10:23:32', 19, NULL, NULL, 9, '2016-05-22 21:06:03', '16/INV-SLSR/V/5', NULL, NULL, NULL, NULL, NULL, NULL, 2, 1, 3, 2200, '1000000', '0', '0', '0', 1, 50, 0, 0, NULL, NULL, NULL, NULL, NULL, NULL),
(288, NULL, '2016-05-23 10:23:56', 19, NULL, NULL, 9, '2016-05-22 21:06:03', '16/INV-SLSR/V/5', NULL, NULL, NULL, NULL, NULL, NULL, 2, 1, 3, NULL, NULL, '0', '0', '0', 1, 50, 0, 0, NULL, NULL, NULL, NULL, NULL, NULL),
(289, NULL, '2016-05-23 10:24:49', 19, NULL, NULL, 9, '2016-05-22 21:06:03', '16/INV-SLSR/V/5', NULL, NULL, NULL, NULL, NULL, NULL, 2, 1, 3, 2200, '1000000', '0', '0', '0', 1, 50, 0, 0, NULL, NULL, NULL, NULL, NULL, NULL),
(290, NULL, '2016-05-23 10:24:52', 19, NULL, NULL, 9, '2016-05-22 21:06:03', '16/INV-SLSR/V/5', NULL, NULL, NULL, NULL, NULL, NULL, 2, 1, 3, 2200, '1000000', '0', '0', '0', 1, 50, 0, 0, NULL, NULL, NULL, NULL, NULL, NULL),
(291, NULL, '2016-05-23 10:24:57', 19, NULL, NULL, 9, '2016-05-22 21:06:03', '16/INV-SLSR/V/5', NULL, NULL, NULL, NULL, NULL, NULL, 2, 1, 3, 2200, '1000000', '0', '0', '0', 1, 50, 0, 0, NULL, NULL, NULL, NULL, NULL, NULL),
(292, NULL, '2016-05-23 10:25:00', 19, NULL, NULL, 9, '2016-05-22 21:06:03', '16/INV-SLSR/V/5', NULL, NULL, NULL, NULL, NULL, NULL, 2, 1, 3, 2200, '1000000', '0', '0', '0', 1, 50, 0, 0, NULL, NULL, NULL, NULL, NULL, NULL),
(293, NULL, '2016-05-23 10:26:36', 19, NULL, NULL, 9, '2016-05-22 21:06:03', '16/INV-SLSR/V/5', NULL, NULL, NULL, NULL, NULL, NULL, 2, 1, 3, 2200, '1000000', '0', '0', '0', 1, 50, 0, 0, NULL, NULL, NULL, NULL, NULL, NULL),
(294, NULL, '2016-05-23 10:27:08', 19, NULL, NULL, 9, '2016-05-22 21:06:03', '16/INV-SLSR/V/5', NULL, NULL, NULL, NULL, NULL, NULL, 2, 1, 3, 2200, '1000000', '0', '0', '0', 1, 50, 0, 0, NULL, NULL, NULL, NULL, NULL, NULL),
(295, NULL, '2016-05-23 11:35:06', 19, NULL, NULL, 9, '2016-05-22 21:06:03', '16/INV-SLSR/V/5', NULL, NULL, NULL, NULL, NULL, NULL, 2, 1, 3, 2200, '1000000', '0', '0', '0', 1, 50, 0, 0, NULL, NULL, NULL, NULL, NULL, NULL),
(296, NULL, '2016-05-23 11:45:00', 19, NULL, NULL, 9, '2016-05-22 21:06:03', '16/INV-SLSR/V/5', NULL, NULL, NULL, NULL, NULL, NULL, 2, 1, 3, 2200, '1000000', '0', '0', '0', 1, 50, 0, 0, NULL, NULL, NULL, NULL, NULL, NULL),
(297, NULL, '2016-05-23 15:01:27', 19, NULL, NULL, 9, '2016-05-22 21:06:03', '16/INV-SLSR/V/5', NULL, NULL, NULL, NULL, NULL, NULL, 2, 1, 3, 2200, '1000000', '0', '0', '0', 1, 50, 0, 0, NULL, NULL, NULL, NULL, NULL, NULL),
(298, NULL, '2016-05-23 15:22:25', 19, NULL, NULL, 9, '2016-05-22 21:06:03', '16/INV-SLSR/V/5', NULL, NULL, NULL, NULL, NULL, NULL, 2, 1, 3, 2200, '1000000', '0', '0', '0', 1, 50, 0, 0, NULL, NULL, NULL, NULL, NULL, NULL),
(299, NULL, '2016-05-23 15:23:41', 19, NULL, NULL, 9, '2016-05-22 21:06:03', '16/INV-SLSR/V/5', NULL, NULL, NULL, NULL, NULL, NULL, 2, 1, 3, 2200, '1000000', '0', '0', '0', 1, 50, 0, 0, NULL, NULL, NULL, NULL, NULL, NULL),
(300, NULL, '2016-05-23 15:31:25', 17, NULL, NULL, 7, '2016-05-17 18:34:31', '16/INV-SLSR/V/3', NULL, NULL, NULL, NULL, NULL, NULL, 2, 1, 1, 90, '45000', '0', '0', '0', 1, 20, 0, 0, NULL, NULL, NULL, NULL, NULL, NULL),
(301, NULL, '2016-05-23 15:31:25', 18, NULL, NULL, 7, '2016-05-17 19:02:29', '16/INV-SLSR/V/4', NULL, NULL, NULL, NULL, NULL, NULL, 2, 3, 4, 90, '45000', '0', '0', '0', 0, 10, 0, 0, NULL, NULL, NULL, NULL, NULL, NULL),
(302, NULL, '2016-05-23 15:32:50', 19, NULL, NULL, 9, '2016-05-22 21:06:03', '16/INV-SLSR/V/5', NULL, NULL, NULL, NULL, NULL, NULL, 2, 1, 3, 2200, '1000000', '0', '0', '0', 1, 50, 0, 0, NULL, NULL, NULL, NULL, NULL, NULL),
(303, NULL, '2016-05-23 15:33:37', 16, NULL, NULL, 5, '2016-05-13 16:21:04', '16/INV-SLSR/V/2', NULL, NULL, NULL, NULL, NULL, NULL, 1, 3, 4, 35, '30800', '0', '0', '0', 1, 100, 0, 0, NULL, NULL, NULL, NULL, NULL, NULL),
(304, NULL, '2016-05-24 22:43:07', 19, NULL, NULL, 9, '2016-05-22 21:06:03', '16/INV-SLSR/V/5', NULL, NULL, NULL, NULL, NULL, NULL, 2, 1, 3, 2200, '1000000', '0', '0', '0', 1, 50, 0, 0, NULL, NULL, NULL, NULL, NULL, NULL),
(305, NULL, '2016-05-24 23:45:28', 16, NULL, NULL, 5, '2016-05-13 16:21:04', '16/INV-SLSR/V/2', NULL, NULL, NULL, NULL, NULL, NULL, 1, 3, 4, 35, '30800', '0', '0', '0', 1, 100, 0, 0, NULL, NULL, NULL, NULL, NULL, NULL),
(306, NULL, '2016-05-25 00:01:37', 19, NULL, NULL, 9, '2016-05-22 21:06:03', '16/INV-SLSR/V/5', NULL, NULL, NULL, NULL, NULL, NULL, 2, 1, 3, 2200, '1000000', '0', '0', '0', 1, 50, 0, 0, NULL, NULL, NULL, NULL, NULL, NULL),
(307, NULL, '2016-05-25 00:01:44', 19, NULL, NULL, 9, '2016-05-22 21:06:03', '16/INV-SLSR/V/5', NULL, NULL, NULL, NULL, NULL, NULL, 2, 1, 3, 2200, '1000000', '0', '0', '0', 1, 50, 0, 0, NULL, NULL, NULL, NULL, NULL, NULL),
(308, NULL, '2016-05-25 00:01:47', 19, NULL, NULL, 9, '2016-05-22 21:06:03', '16/INV-SLSR/V/5', NULL, NULL, NULL, NULL, NULL, NULL, 2, 1, 3, 2200, '1000000', '0', '0', '0', 1, 50, 0, 0, NULL, NULL, NULL, NULL, NULL, NULL),
(309, NULL, '2016-05-25 00:01:49', 19, NULL, NULL, 9, '2016-05-22 21:06:03', '16/INV-SLSR/V/5', NULL, NULL, NULL, NULL, NULL, NULL, 2, 1, 3, 2200, '1000000', '0', '0', '0', 1, 50, 0, 0, NULL, NULL, NULL, NULL, NULL, NULL),
(310, NULL, '2016-05-25 00:01:58', 19, NULL, NULL, 9, '2016-05-22 21:06:03', '16/INV-SLSR/V/5', NULL, NULL, NULL, NULL, NULL, NULL, 2, 1, 3, 2200, '1000000', '0', '0', '0', 1, 50, 0, 0, NULL, NULL, NULL, NULL, NULL, NULL),
(311, NULL, '2016-05-25 00:03:04', 19, NULL, NULL, 9, '2016-05-22 21:06:03', '16/INV-SLSR/V/5', NULL, NULL, NULL, NULL, NULL, NULL, 2, 1, 3, 2200, '1000000', '0', '0', '0', 1, 50, 0, 0, NULL, NULL, NULL, NULL, NULL, NULL),
(312, NULL, '2016-05-25 00:03:48', 19, NULL, NULL, 9, '2016-05-22 21:06:03', '16/INV-SLSR/V/5', NULL, NULL, NULL, NULL, NULL, NULL, 2, 1, 3, 2200, '1000000', '0', '0', '0', 1, 50, 0, 0, NULL, NULL, NULL, NULL, NULL, NULL),
(313, NULL, '2016-05-25 00:07:22', 19, NULL, NULL, 9, '2016-05-22 21:06:03', '16/INV-SLSR/V/5', NULL, NULL, NULL, NULL, NULL, NULL, 2, 1, 3, 2200, '1000000', '0', '0', '0', 1, 50, 0, 0, NULL, NULL, NULL, NULL, NULL, NULL),
(314, NULL, '2016-05-25 00:07:29', 19, NULL, NULL, 9, '2016-05-22 21:06:03', '16/INV-SLSR/V/5', NULL, NULL, NULL, NULL, NULL, NULL, 2, 1, 3, 2200, '1000000', '0', '0', '0', 1, 50, 0, 0, NULL, NULL, NULL, NULL, NULL, NULL),
(315, NULL, '2016-05-25 00:07:29', 20, NULL, NULL, 9, '2016-05-25 00:07:28', '16/INV-SLSR/V/6', NULL, NULL, NULL, NULL, NULL, NULL, 2, 0, 0, 0, '0', '0', '0', '0', 0, 0, 0, 0, NULL, NULL, NULL, NULL, NULL, NULL),
(316, NULL, '2016-05-25 00:07:43', 19, NULL, NULL, 9, '2016-05-22 21:06:03', '16/INV-SLSR/V/5', NULL, NULL, NULL, NULL, NULL, NULL, 2, 1, 3, 2200, '1000000', '0', '0', '0', 1, 50, 0, 0, NULL, NULL, NULL, NULL, NULL, NULL),
(317, NULL, '2016-05-25 00:07:43', 20, NULL, NULL, 9, '2016-05-25 00:07:28', '16/INV-SLSR/V/6', NULL, NULL, NULL, NULL, NULL, NULL, 2, 0, 0, 2200, '1000000', '0', '0', '0', 0, 0, 0, 0, NULL, NULL, NULL, NULL, NULL, NULL),
(318, NULL, '2016-05-25 00:08:24', 19, NULL, NULL, 9, '2016-05-22 21:06:03', '16/INV-SLSR/V/5', NULL, NULL, NULL, NULL, NULL, NULL, 2, 1, 3, 2200, '1000000', '0', '0', '0', 1, 50, 0, 0, NULL, NULL, NULL, NULL, NULL, NULL),
(319, NULL, '2016-05-25 00:08:27', 19, NULL, NULL, 9, '2016-05-22 21:06:03', '16/INV-SLSR/V/5', NULL, NULL, NULL, NULL, NULL, NULL, 2, 1, 3, 2200, '1000000', '0', '0', '0', 1, 50, 0, 0, NULL, NULL, NULL, NULL, NULL, NULL),
(320, NULL, '2016-05-25 00:08:34', 19, NULL, NULL, 9, '2016-05-22 21:06:03', '16/INV-SLSR/V/5', NULL, NULL, NULL, NULL, NULL, NULL, 2, 1, 3, 2200, '1000000', '0', '0', '0', 1, 50, 0, 0, NULL, NULL, NULL, NULL, NULL, NULL),
(321, NULL, '2016-05-25 00:08:53', 19, NULL, NULL, 9, '2016-05-22 21:06:03', '16/INV-SLSR/V/5', NULL, NULL, NULL, NULL, NULL, NULL, 2, 1, 3, 2200, '1000000', '0', '0', '0', 1, 50, 0, 0, NULL, NULL, NULL, NULL, NULL, NULL),
(322, NULL, '2016-05-25 00:08:53', 21, NULL, NULL, 9, '2016-05-25 00:08:53', '16/INV-SLSR/V/6', NULL, NULL, NULL, NULL, NULL, NULL, 2, 1, 1, 0, '0', '0', '0', '0', 2, 10, 0, 0, NULL, NULL, NULL, NULL, NULL, NULL),
(323, NULL, '2016-05-25 00:08:56', 19, NULL, NULL, 9, '2016-05-22 21:06:03', '16/INV-SLSR/V/5', NULL, NULL, NULL, NULL, NULL, NULL, 2, 1, 3, 2200, '1000000', '0', '0', '0', 1, 50, 0, 0, NULL, NULL, NULL, NULL, NULL, NULL),
(324, NULL, '2016-05-25 00:08:56', 21, NULL, NULL, 9, '2016-05-25 00:08:53', '16/INV-SLSR/V/6', NULL, NULL, NULL, NULL, NULL, NULL, 2, 1, 1, 2200, '1000000', '0', '0', '0', 2, 10, 0, 0, NULL, NULL, NULL, NULL, NULL, NULL),
(325, NULL, '2016-05-25 00:09:11', 19, NULL, NULL, 9, '2016-05-22 21:06:03', '16/INV-SLSR/V/5', NULL, NULL, NULL, NULL, NULL, NULL, 2, 1, 3, 2200, '1000000', '0', '0', '0', 1, 50, 0, 0, NULL, NULL, NULL, NULL, NULL, NULL),
(326, NULL, '2016-05-25 00:09:11', 21, NULL, NULL, 9, '2016-05-25 00:08:53', '16/INV-SLSR/V/6', NULL, NULL, NULL, NULL, NULL, NULL, 2, 1, 1, 2200, '1000000', '0', '0', '0', 2, 10, 0, 0, NULL, NULL, NULL, NULL, NULL, NULL),
(327, NULL, '2016-05-25 00:09:21', 19, NULL, NULL, 9, '2016-05-22 21:06:03', '16/INV-SLSR/V/5', NULL, NULL, NULL, NULL, NULL, NULL, 2, 1, 3, 2200, '1000000', '0', '0', '0', 1, 50, 0, 0, NULL, NULL, NULL, NULL, NULL, NULL),
(328, NULL, '2016-05-25 00:09:21', 21, NULL, NULL, 9, '2016-05-25 00:08:53', '16/INV-SLSR/V/6', NULL, NULL, NULL, NULL, NULL, NULL, 2, 1, 1, 2200, '1000000', '0', '0', '0', 2, 10, 0, 0, NULL, NULL, NULL, NULL, NULL, NULL),
(329, NULL, '2016-05-25 00:09:49', 21, NULL, NULL, 9, '2016-05-25 00:08:53', '16/INV-SLSR/V/6', NULL, NULL, NULL, NULL, NULL, NULL, 2, 1, 1, 2200, '1000000', '0', '0', '0', 2, 10, 0, 0, NULL, NULL, NULL, NULL, NULL, NULL),
(330, NULL, '2016-05-25 00:09:52', 19, NULL, NULL, 9, '2016-05-22 21:06:03', '16/INV-SLSR/V/5', NULL, NULL, NULL, NULL, NULL, NULL, 2, 1, 3, 2200, '1000000', '0', '0', '0', 1, 50, 0, 0, NULL, NULL, NULL, NULL, NULL, NULL),
(331, NULL, '2016-05-25 00:09:52', 21, NULL, NULL, 9, '2016-05-25 00:08:53', '16/INV-SLSR/V/6', NULL, NULL, NULL, NULL, NULL, NULL, 2, 1, 1, 2200, '1000000', '0', '0', '0', 2, 10, 0, 0, NULL, NULL, NULL, NULL, NULL, NULL),
(332, NULL, '2016-05-25 00:32:42', 19, NULL, NULL, 9, '2016-05-22 21:06:03', '16/INV-SLSR/V/5', NULL, NULL, NULL, NULL, NULL, NULL, 2, 1, 3, 2200, '1000000', '0', '0', '0', 1, 50, 0, 0, NULL, NULL, NULL, NULL, NULL, NULL),
(333, NULL, '2016-05-25 00:32:42', 21, NULL, NULL, 9, '2016-05-25 00:08:53', '16/INV-SLSR/V/6', NULL, NULL, NULL, NULL, NULL, NULL, 2, 1, 1, 2200, '1000000', '0', '0', '0', 2, 10, 0, 0, NULL, NULL, NULL, NULL, NULL, NULL),
(334, NULL, '2016-05-25 00:33:24', 19, NULL, NULL, 9, '2016-05-22 21:06:03', '16/INV-SLSR/V/5', NULL, NULL, NULL, NULL, NULL, NULL, 2, 1, 3, 2200, '1000000', '0', '0', '0', 1, 50, 0, 0, NULL, NULL, NULL, NULL, NULL, NULL),
(335, NULL, '2016-05-25 00:33:24', 21, NULL, NULL, 9, '2016-05-25 00:08:53', '16/INV-SLSR/V/6', NULL, NULL, NULL, NULL, NULL, NULL, 2, 1, 1, 2200, '1000000', '0', '0', '0', 2, 10, 0, 0, NULL, NULL, NULL, NULL, NULL, NULL),
(336, NULL, '2016-05-25 00:34:01', 19, NULL, NULL, 9, '2016-05-22 21:06:03', '16/INV-SLSR/V/5', NULL, NULL, NULL, NULL, NULL, NULL, 2, 1, 3, 2200, '1000000', '0', '0', '0', 1, 50, 0, 0, NULL, NULL, NULL, NULL, NULL, NULL),
(337, NULL, '2016-05-25 00:34:01', 21, NULL, NULL, 9, '2016-05-25 00:08:53', '16/INV-SLSR/V/6', NULL, NULL, NULL, NULL, NULL, NULL, 2, 1, 1, 2200, '1000000', '0', '0', '0', 2, 10, 0, 0, NULL, NULL, NULL, NULL, NULL, NULL),
(338, NULL, '2016-05-25 00:34:13', 19, NULL, NULL, 9, '2016-05-22 21:06:03', '16/INV-SLSR/V/5', NULL, NULL, NULL, NULL, NULL, NULL, 2, 1, 3, 2200, '1000000', '0', '0', '0', 1, 50, 0, 0, NULL, NULL, NULL, NULL, NULL, NULL),
(339, NULL, '2016-05-25 00:34:13', 21, NULL, NULL, 9, '2016-05-25 00:08:53', '16/INV-SLSR/V/6', NULL, NULL, NULL, NULL, NULL, NULL, 2, 1, 1, 2200, '1000000', '0', '0', '0', 2, 10, 0, 0, NULL, NULL, NULL, NULL, NULL, NULL),
(340, NULL, '2016-05-25 00:36:10', 19, NULL, NULL, 9, '2016-05-22 21:06:03', '16/INV-SLSR/V/5', NULL, NULL, NULL, NULL, NULL, NULL, 2, 1, 3, 2200, '1000000', '0', '0', '0', 1, 50, 0, 0, NULL, NULL, NULL, NULL, NULL, NULL),
(341, NULL, '2016-05-25 00:36:10', 21, NULL, NULL, 9, '2016-05-25 00:08:53', '16/INV-SLSR/V/6', NULL, NULL, NULL, NULL, NULL, NULL, 2, 1, 1, 2200, '1000000', '0', '0', '0', 2, 10, 0, 0, NULL, NULL, NULL, NULL, NULL, NULL),
(342, NULL, '2016-05-25 00:36:20', 19, NULL, NULL, 9, '2016-05-22 21:06:03', '16/INV-SLSR/V/5', NULL, NULL, NULL, NULL, NULL, NULL, 2, 1, 3, 2200, '1000000', '0', '0', '0', 1, 50, 0, 0, NULL, NULL, NULL, NULL, NULL, NULL),
(343, NULL, '2016-05-25 00:36:20', 21, NULL, NULL, 9, '2016-05-25 00:08:53', '16/INV-SLSR/V/6', NULL, NULL, NULL, NULL, NULL, NULL, 2, 1, 1, 2200, '1000000', '0', '0', '0', 2, 10, 0, 0, NULL, NULL, NULL, NULL, NULL, NULL),
(344, NULL, '2016-05-26 09:58:09', 17, NULL, NULL, 7, '2016-05-17 18:34:31', '16/INV-SLSR/V/3', NULL, NULL, NULL, NULL, NULL, NULL, 2, 1, 1, 90, '45000', '0', '0', '0', 1, 20, 0, 0, NULL, NULL, NULL, NULL, NULL, NULL),
(345, NULL, '2016-05-26 09:58:09', 18, NULL, NULL, 7, '2016-05-17 19:02:29', '16/INV-SLSR/V/4', NULL, NULL, NULL, NULL, NULL, NULL, 2, 3, 4, 90, '45000', '0', '0', '0', 0, 10, 0, 0, NULL, NULL, NULL, NULL, NULL, NULL),
(346, NULL, '2016-05-27 21:04:15', 19, NULL, NULL, 9, '2016-05-22 21:06:03', '16/INV-SLSR/V/5', NULL, NULL, NULL, NULL, NULL, NULL, 2, 1, 3, 2200, '1000000', '0', '0', '0', 1, 50, 0, 0, NULL, NULL, NULL, NULL, NULL, NULL),
(347, NULL, '2016-05-27 21:04:15', 21, NULL, NULL, 9, '2016-05-25 00:08:53', '16/INV-SLSR/V/6', NULL, NULL, NULL, NULL, NULL, NULL, 2, 1, 1, 2200, '1000000', '0', '0', '0', 2, 10, 0, 0, NULL, NULL, NULL, NULL, NULL, NULL),
(348, NULL, '2016-05-27 21:04:20', 19, NULL, NULL, 9, '2016-05-22 21:06:03', '16/INV-SLSR/V/5', NULL, NULL, NULL, NULL, NULL, NULL, 2, 1, 3, 2200, '1000000', '0', '0', '0', 1, 50, 0, 0, NULL, NULL, NULL, NULL, NULL, NULL),
(349, NULL, '2016-05-27 21:04:20', 21, NULL, NULL, 9, '2016-05-25 00:08:53', '16/INV-SLSR/V/6', NULL, NULL, NULL, NULL, NULL, NULL, 2, 1, 1, 2200, '1000000', '0', '0', '0', 2, 10, 0, 0, NULL, NULL, NULL, NULL, NULL, NULL),
(350, NULL, '2016-05-27 21:04:22', 19, NULL, NULL, 9, '2016-05-22 21:06:03', '16/INV-SLSR/V/5', NULL, NULL, NULL, NULL, NULL, NULL, 2, 1, 3, 2200, '1000000', '0', '0', '0', 1, 50, 0, 0, NULL, NULL, NULL, NULL, NULL, NULL),
(351, NULL, '2016-05-27 21:04:22', 21, NULL, NULL, 9, '2016-05-25 00:08:53', '16/INV-SLSR/V/6', NULL, NULL, NULL, NULL, NULL, NULL, 2, 1, 1, 2200, '1000000', '0', '0', '0', 2, 10, 0, 0, NULL, NULL, NULL, NULL, NULL, NULL),
(352, NULL, '2016-05-27 21:04:34', 19, NULL, NULL, 9, '2016-05-22 21:06:03', '16/INV-SLSR/V/5', NULL, NULL, NULL, NULL, NULL, NULL, 2, 1, 3, 2200, '1000000', '0', '0', '0', 1, 50, 0, 0, NULL, NULL, NULL, NULL, NULL, NULL),
(353, NULL, '2016-05-27 21:04:34', 21, NULL, NULL, 9, '2016-05-25 00:08:53', '16/INV-SLSR/V/6', NULL, NULL, NULL, NULL, NULL, NULL, 2, 1, 1, 2200, '1000000', '0', '0', '0', 2, 10, 0, 0, NULL, NULL, NULL, NULL, NULL, NULL),
(354, NULL, '2016-05-27 21:04:36', 19, NULL, NULL, 9, '2016-05-22 21:06:03', '16/INV-SLSR/V/5', NULL, NULL, NULL, NULL, NULL, NULL, 2, 1, 3, 2200, '1000000', '0', '0', '0', 1, 50, 0, 0, NULL, NULL, NULL, NULL, NULL, NULL),
(355, NULL, '2016-05-27 21:04:36', 21, NULL, NULL, 9, '2016-05-25 00:08:53', '16/INV-SLSR/V/6', NULL, NULL, NULL, NULL, NULL, NULL, 2, 1, 1, 2200, '1000000', '0', '0', '0', 2, 10, 0, 0, NULL, NULL, NULL, NULL, NULL, NULL),
(356, NULL, '2016-05-27 21:04:37', 19, NULL, NULL, 9, '2016-05-22 21:06:03', '16/INV-SLSR/V/5', NULL, NULL, NULL, NULL, NULL, NULL, 2, 1, 3, 2200, '1000000', '0', '0', '0', 1, 50, 0, 0, NULL, NULL, NULL, NULL, NULL, NULL),
(357, NULL, '2016-05-27 21:04:37', 21, NULL, NULL, 9, '2016-05-25 00:08:53', '16/INV-SLSR/V/6', NULL, NULL, NULL, NULL, NULL, NULL, 2, 1, 1, 2200, '1000000', '0', '0', '0', 2, 10, 0, 0, NULL, NULL, NULL, NULL, NULL, NULL),
(358, NULL, '2016-05-28 05:45:53', 19, NULL, NULL, 9, '2016-05-22 21:06:03', '16/INV-SLSR/V/5', NULL, NULL, NULL, NULL, NULL, NULL, 2, 1, 3, 2200, '1000000', '0', '0', '0', 1, 50, 0, 0, NULL, NULL, NULL, NULL, NULL, NULL),
(359, NULL, '2016-05-28 05:45:53', 21, NULL, NULL, 9, '2016-05-25 00:08:53', '16/INV-SLSR/V/6', NULL, NULL, NULL, NULL, NULL, NULL, 2, 1, 1, 2200, '1000000', '0', '0', '0', 2, 10, 0, 0, NULL, NULL, NULL, NULL, NULL, NULL),
(360, NULL, '2016-05-28 05:46:01', 19, NULL, NULL, 9, '2016-05-22 21:06:03', '16/INV-SLSR/V/5', NULL, NULL, NULL, NULL, NULL, NULL, 2, 1, 3, 2200, '1000000', '0', '0', '0', 1, 50, 0, 0, NULL, NULL, NULL, NULL, NULL, NULL),
(361, NULL, '2016-05-28 05:46:01', 21, NULL, NULL, 9, '2016-05-25 00:08:53', '16/INV-SLSR/V/6', NULL, NULL, NULL, NULL, NULL, NULL, 2, 1, 1, 2200, '1000000', '0', '0', '0', 2, 10, 0, 0, NULL, NULL, NULL, NULL, NULL, NULL),
(362, NULL, '2016-05-28 05:47:02', 19, NULL, NULL, 9, '2016-05-22 21:06:03', '16/INV-SLSR/V/5', NULL, NULL, NULL, NULL, NULL, NULL, 2, 1, 3, 2200, '1000000', '0', '0', '0', 1, 50, 0, 0, NULL, NULL, NULL, NULL, NULL, NULL),
(363, NULL, '2016-05-28 05:47:02', 21, NULL, NULL, 9, '2016-05-25 00:08:53', '16/INV-SLSR/V/6', NULL, NULL, NULL, NULL, NULL, NULL, 2, 1, 1, 2200, '1000000', '0', '0', '0', 2, 10, 0, 0, NULL, NULL, NULL, NULL, NULL, NULL),
(364, NULL, '2016-05-28 05:48:47', 19, NULL, NULL, 9, '2016-05-22 21:06:03', '16/INV-SLSR/V/5', NULL, NULL, NULL, NULL, NULL, NULL, 2, 1, 3, 2200, '1000000', '0', '0', '0', 1, 50, 0, 0, NULL, NULL, NULL, NULL, NULL, NULL),
(365, NULL, '2016-05-28 05:48:47', 21, NULL, NULL, 9, '2016-05-25 00:08:53', '16/INV-SLSR/V/6', NULL, NULL, NULL, NULL, NULL, NULL, 2, 1, 1, 2200, '1000000', '0', '0', '0', 2, 10, 0, 0, NULL, NULL, NULL, NULL, NULL, NULL),
(366, NULL, '2016-05-28 05:53:57', 19, NULL, NULL, 9, '2016-05-22 21:06:03', '16/INV-SLSR/V/5', NULL, NULL, NULL, NULL, NULL, NULL, 2, 1, 3, 2200, '1000000', '0', '0', '0', 1, 50, 0, 0, NULL, NULL, NULL, NULL, NULL, NULL),
(367, NULL, '2016-05-28 05:53:57', 21, NULL, NULL, 9, '2016-05-25 00:08:53', '16/INV-SLSR/V/6', NULL, NULL, NULL, NULL, NULL, NULL, 2, 1, 1, 2200, '1000000', '0', '0', '0', 2, 10, 0, 0, NULL, NULL, NULL, NULL, NULL, NULL),
(368, NULL, '2016-05-28 05:54:34', 19, NULL, NULL, 9, '2016-05-22 21:06:03', '16/INV-SLSR/V/5', NULL, NULL, NULL, NULL, NULL, NULL, 2, 1, 3, 2200, '1000000', '0', '0', '0', 1, 50, 0, 0, NULL, NULL, NULL, NULL, NULL, NULL),
(369, NULL, '2016-05-28 05:54:34', 21, NULL, NULL, 9, '2016-05-25 00:08:53', '16/INV-SLSR/V/6', NULL, NULL, NULL, NULL, NULL, NULL, 2, 1, 1, 2200, '1000000', '0', '0', '0', 2, 10, 0, 0, NULL, NULL, NULL, NULL, NULL, NULL),
(370, NULL, '2016-05-28 05:55:11', 19, NULL, NULL, 9, '2016-05-22 21:06:03', '16/INV-SLSR/V/5', NULL, NULL, NULL, NULL, NULL, NULL, 2, 1, 3, 2200, '1000000', '0', '0', '0', 1, 50, 0, 0, NULL, NULL, NULL, NULL, NULL, NULL),
(371, NULL, '2016-05-28 05:58:26', 19, NULL, NULL, 9, '2016-05-22 21:06:03', '16/INV-SLSR/V/5', NULL, NULL, NULL, NULL, NULL, NULL, 2, 1, 3, 2200, '1000000', '0', '0', '0', 1, 50, 0, 0, NULL, NULL, 1, NULL, NULL, NULL),
(372, NULL, '2016-05-28 05:58:26', 21, NULL, NULL, 9, '2016-05-25 00:08:53', '16/INV-SLSR/V/6', NULL, NULL, NULL, NULL, NULL, NULL, 2, 1, 1, 2200, '1000000', '0', '0', '0', 2, 10, 0, 0, NULL, NULL, NULL, NULL, NULL, NULL),
(373, NULL, '2016-05-28 05:58:37', 19, NULL, NULL, 9, '2016-05-22 21:06:03', '16/INV-SLSR/V/5', NULL, NULL, NULL, NULL, NULL, NULL, 2, 1, 3, 2200, '1000000', '0', '0', '0', 1, 50, 0, 0, NULL, NULL, 1, NULL, NULL, NULL),
(374, NULL, '2016-05-28 05:58:37', 21, NULL, NULL, 9, '2016-05-25 00:08:53', '16/INV-SLSR/V/6', NULL, NULL, NULL, NULL, NULL, NULL, 2, 1, 1, 2200, '1000000', '0', '0', '0', 2, 10, 0, 0, NULL, NULL, NULL, NULL, NULL, NULL),
(375, NULL, '2016-05-28 05:58:54', 19, NULL, NULL, 9, '2016-05-22 21:06:03', '16/INV-SLSR/V/5', NULL, NULL, NULL, NULL, NULL, NULL, 2, 1, 3, 2200, '1000000', '0', '0', '0', 1, 50, 0, 0, NULL, NULL, 1, NULL, NULL, NULL),
(376, NULL, '2016-05-28 05:58:54', 21, NULL, NULL, 9, '2016-05-25 00:08:53', '16/INV-SLSR/V/6', NULL, NULL, NULL, NULL, NULL, NULL, 2, 1, 1, 2200, '1000000', '0', '0', '0', 2, 10, 0, 0, NULL, NULL, NULL, NULL, NULL, NULL),
(377, NULL, '2016-05-28 06:06:19', 19, NULL, NULL, 9, '2016-05-22 21:06:03', '16/INV-SLSR/V/5', NULL, NULL, NULL, NULL, NULL, NULL, 2, 1, 3, 2200, '1000000', '0', '0', '0', 1, 50, 0, 0, NULL, NULL, 1, NULL, NULL, NULL),
(378, NULL, '2016-05-28 06:06:19', 21, NULL, NULL, 9, '2016-05-25 00:08:53', '16/INV-SLSR/V/6', NULL, NULL, NULL, NULL, NULL, NULL, 2, 1, 1, 2200, '1000000', '0', '0', '0', 2, 10, 0, 0, NULL, NULL, NULL, NULL, NULL, NULL),
(379, NULL, '2016-05-28 06:06:54', 19, NULL, NULL, 9, '2016-05-22 21:06:03', '16/INV-SLSR/V/5', NULL, NULL, NULL, NULL, NULL, NULL, 2, 1, 3, 2200, '1000000', '0', '0', '0', 1, 50, 0, 0, NULL, NULL, 1, NULL, NULL, NULL),
(380, NULL, '2016-05-28 06:06:54', 21, NULL, NULL, 9, '2016-05-25 00:08:53', '16/INV-SLSR/V/6', NULL, NULL, NULL, NULL, NULL, NULL, 2, 1, 1, 2200, '1000000', '0', '0', '0', 2, 10, 0, 0, NULL, NULL, NULL, NULL, NULL, NULL),
(381, NULL, '2016-05-28 06:07:20', 19, NULL, NULL, 9, '2016-05-22 21:06:03', '16/INV-SLSR/V/5', NULL, NULL, NULL, NULL, NULL, NULL, 2, 1, 3, 2200, '1000000', '0', '0', '0', 1, 50, 0, 0, NULL, NULL, 1, NULL, NULL, NULL),
(382, NULL, '2016-05-28 06:07:20', 21, NULL, NULL, 9, '2016-05-25 00:08:53', '16/INV-SLSR/V/6', NULL, NULL, NULL, NULL, NULL, NULL, 2, 1, 1, 2200, '1000000', '0', '0', '0', 2, 10, 0, 0, NULL, NULL, NULL, NULL, NULL, NULL),
(383, NULL, '2016-05-28 06:13:19', 19, NULL, NULL, 9, '2016-05-22 21:06:03', '16/INV-SLSR/V/5', NULL, NULL, NULL, NULL, NULL, NULL, 2, 1, 3, 2200, '1000000', '0', '0', '0', 1, 50, 0, 0, NULL, NULL, 1, NULL, NULL, NULL),
(384, NULL, '2016-05-28 06:13:19', 21, NULL, NULL, 9, '2016-05-25 00:08:53', '16/INV-SLSR/V/6', NULL, NULL, NULL, NULL, NULL, NULL, 2, 1, 1, 2200, '1000000', '0', '0', '0', 2, 10, 0, 0, NULL, NULL, NULL, NULL, NULL, NULL),
(385, NULL, '2016-05-28 06:13:43', 19, NULL, NULL, 9, '2016-05-22 21:06:03', '16/INV-SLSR/V/5', NULL, NULL, NULL, NULL, NULL, NULL, 2, 1, 3, 2200, '1000000', '0', '0', '0', 1, 50, 0, 0, NULL, NULL, 1, NULL, NULL, NULL),
(386, NULL, '2016-05-28 06:13:43', 21, NULL, NULL, 9, '2016-05-25 00:08:53', '16/INV-SLSR/V/6', NULL, NULL, NULL, NULL, NULL, NULL, 2, 1, 1, 2200, '1000000', '0', '0', '0', 2, 10, 0, 0, NULL, NULL, NULL, NULL, NULL, NULL),
(387, NULL, '2016-05-28 06:16:38', 19, NULL, NULL, 9, '2016-05-22 21:06:03', '16/INV-SLSR/V/5', NULL, NULL, NULL, NULL, NULL, NULL, 2, 1, 3, 2200, '1000000', '0', '0', '0', 1, 50, 0, 0, NULL, NULL, 1, NULL, NULL, NULL),
(388, NULL, '2016-05-28 06:16:38', 21, NULL, NULL, 9, '2016-05-25 00:08:53', '16/INV-SLSR/V/6', NULL, NULL, NULL, NULL, NULL, NULL, 2, 1, 1, 2200, '1000000', '0', '0', '0', 2, 10, 0, 0, NULL, NULL, NULL, NULL, NULL, NULL),
(389, NULL, '2016-05-28 06:34:59', 19, NULL, NULL, 9, '2016-05-22 21:06:03', '16/INV-SLSR/V/5', NULL, NULL, NULL, NULL, NULL, NULL, 2, 1, 3, 2200, '1000000', '0', '0', '0', 1, 50, 0, 0, NULL, NULL, 1, NULL, NULL, NULL),
(390, NULL, '2016-05-28 06:34:59', 21, NULL, NULL, 9, '2016-05-25 00:08:53', '16/INV-SLSR/V/6', NULL, NULL, NULL, NULL, NULL, NULL, 2, 1, 1, 2200, '1000000', '0', '0', '0', 2, 10, 0, 0, NULL, NULL, NULL, NULL, NULL, NULL),
(391, NULL, '2016-05-28 06:36:07', 19, NULL, NULL, 9, '2016-05-22 21:06:03', '16/INV-SLSR/V/5', NULL, NULL, NULL, NULL, NULL, NULL, 2, 1, 3, 2200, '1000000', '0', '0', '0', 1, 50, 0, 0, NULL, NULL, 1, NULL, NULL, NULL),
(392, NULL, '2016-05-28 06:36:07', 21, NULL, NULL, 9, '2016-05-25 00:08:53', '16/INV-SLSR/V/6', NULL, NULL, NULL, NULL, NULL, NULL, 2, 1, 1, 2200, '1000000', '0', '0', '0', 2, 10, 0, 0, NULL, NULL, NULL, NULL, NULL, NULL),
(393, NULL, '2016-05-28 06:37:20', 19, NULL, NULL, 9, '2016-05-22 21:06:03', '16/INV-SLSR/V/5', NULL, NULL, NULL, NULL, NULL, NULL, 2, 1, 3, 2200, '1000000', '0', '0', '0', 1, 50, 0, 0, NULL, NULL, 1, NULL, NULL, NULL),
(394, NULL, '2016-05-28 06:37:20', 21, NULL, NULL, 9, '2016-05-25 00:08:53', '16/INV-SLSR/V/6', NULL, NULL, NULL, NULL, NULL, NULL, 2, 1, 1, 2200, '1000000', '0', '0', '0', 2, 10, 0, 0, NULL, NULL, NULL, NULL, NULL, NULL),
(395, NULL, '2016-05-28 06:37:21', 19, NULL, NULL, 9, '2016-05-22 21:06:03', '16/INV-SLSR/V/5', NULL, NULL, NULL, NULL, NULL, NULL, 2, 1, 3, 2200, '1000000', '0', '0', '0', 1, 50, 0, 0, NULL, NULL, 1, NULL, NULL, NULL),
(396, NULL, '2016-05-28 06:37:21', 21, NULL, NULL, 9, '2016-05-25 00:08:53', '16/INV-SLSR/V/6', NULL, NULL, NULL, NULL, NULL, NULL, 2, 1, 1, 2200, '1000000', '0', '0', '0', 2, 10, 0, 0, NULL, NULL, NULL, NULL, NULL, NULL),
(397, NULL, '2016-05-28 06:42:10', 19, NULL, NULL, 9, '2016-05-22 21:06:03', '16/INV-SLSR/V/5', NULL, NULL, NULL, NULL, NULL, NULL, 2, 1, 3, 2200, '1000000', '0', '0', '0', 1, 50, 0, 0, NULL, NULL, 1, NULL, NULL, NULL),
(398, NULL, '2016-05-28 06:42:10', 21, NULL, NULL, 9, '2016-05-25 00:08:53', '16/INV-SLSR/V/6', NULL, NULL, NULL, NULL, NULL, NULL, 2, 1, 1, 2200, '1000000', '0', '0', '0', 2, 10, 0, 0, NULL, NULL, NULL, NULL, NULL, NULL),
(399, NULL, '2016-05-28 06:43:18', 19, NULL, NULL, 9, '2016-05-22 21:06:03', '16/INV-SLSR/V/5', NULL, NULL, NULL, NULL, NULL, NULL, 2, 1, 3, 2200, '1000000', '0', '0', '0', 1, 50, 0, 0, NULL, NULL, 1, NULL, NULL, NULL),
(400, NULL, '2016-05-28 06:43:18', 21, NULL, NULL, 9, '2016-05-25 00:08:53', '16/INV-SLSR/V/6', NULL, NULL, NULL, NULL, NULL, NULL, 2, 1, 1, 2200, '1000000', '0', '0', '0', 2, 10, 0, 0, NULL, NULL, NULL, NULL, NULL, NULL),
(401, NULL, '2016-05-28 06:43:20', 19, NULL, NULL, 9, '2016-05-22 21:06:03', '16/INV-SLSR/V/5', NULL, NULL, NULL, NULL, NULL, NULL, 2, 1, 3, 2200, '1000000', '0', '0', '0', 1, 50, 0, 0, NULL, NULL, 1, NULL, NULL, NULL),
(402, NULL, '2016-05-28 06:43:20', 21, NULL, NULL, 9, '2016-05-25 00:08:53', '16/INV-SLSR/V/6', NULL, NULL, NULL, NULL, NULL, NULL, 2, 1, 1, 2200, '1000000', '0', '0', '0', 2, 10, 0, 0, NULL, NULL, NULL, NULL, NULL, NULL),
(403, NULL, '2016-05-28 06:44:46', 19, NULL, NULL, 9, '2016-05-22 21:06:03', '16/INV-SLSR/V/5', NULL, NULL, NULL, NULL, NULL, NULL, 2, 1, 3, 2200, '1000000', '0', '0', '0', 1, 50, 0, 0, NULL, NULL, 1, NULL, NULL, NULL),
(404, NULL, '2016-05-28 06:44:46', 21, NULL, NULL, 9, '2016-05-25 00:08:53', '16/INV-SLSR/V/6', NULL, NULL, NULL, NULL, NULL, NULL, 2, 1, 1, 2200, '1000000', '0', '0', '0', 2, 10, 0, 0, NULL, NULL, NULL, NULL, NULL, NULL),
(405, NULL, '2016-05-28 06:44:56', 19, NULL, NULL, 9, '2016-05-22 21:06:03', '16/INV-SLSR/V/5', NULL, NULL, NULL, NULL, NULL, NULL, 2, 1, 3, 2200, '1000000', '0', '0', '0', 1, 50, 0, 0, NULL, NULL, 1, NULL, NULL, NULL),
(406, NULL, '2016-05-28 06:44:56', 21, NULL, NULL, 9, '2016-05-25 00:08:53', '16/INV-SLSR/V/6', NULL, NULL, NULL, NULL, NULL, NULL, 2, 1, 1, 2200, '1000000', '0', '0', '0', 2, 10, 0, 0, NULL, NULL, NULL, NULL, NULL, NULL),
(407, NULL, '2016-05-28 06:45:26', 19, NULL, NULL, 9, '2016-05-22 21:06:03', '16/INV-SLSR/V/5', NULL, NULL, NULL, NULL, NULL, NULL, 2, 1, 3, 2200, '1000000', '0', '0', '0', 1, 50, 0, 0, NULL, NULL, 1, NULL, NULL, NULL),
(408, NULL, '2016-05-28 06:45:26', 21, NULL, NULL, 9, '2016-05-25 00:08:53', '16/INV-SLSR/V/6', NULL, NULL, NULL, NULL, NULL, NULL, 2, 1, 1, 2200, '1000000', '0', '0', '0', 2, 10, 0, 0, NULL, NULL, NULL, NULL, NULL, NULL),
(409, NULL, '2016-05-28 06:47:56', 19, NULL, NULL, 9, '2016-05-22 21:06:03', '16/INV-SLSR/V/5', NULL, NULL, NULL, NULL, NULL, NULL, 2, 1, 3, 2200, '1000000', '0', '0', '0', 1, 50, 0, 0, NULL, NULL, 1, NULL, NULL, NULL),
(410, NULL, '2016-05-28 06:47:56', 21, NULL, NULL, 9, '2016-05-25 00:08:53', '16/INV-SLSR/V/6', NULL, NULL, NULL, NULL, NULL, NULL, 2, 1, 1, 2200, '1000000', '0', '0', '0', 2, 10, 0, 0, NULL, NULL, NULL, NULL, NULL, NULL),
(411, NULL, '2016-05-28 06:48:10', 19, NULL, NULL, 9, '2016-05-22 21:06:03', '16/INV-SLSR/V/5', NULL, NULL, NULL, NULL, NULL, NULL, 2, 1, 3, 2200, '1000000', '0', '0', '0', 1, 50, 0, 0, NULL, NULL, 1, NULL, NULL, NULL),
(412, NULL, '2016-05-28 06:48:10', 21, NULL, NULL, 9, '2016-05-25 00:08:53', '16/INV-SLSR/V/6', NULL, NULL, NULL, NULL, NULL, NULL, 2, 1, 1, 2200, '1000000', '0', '0', '0', 2, 10, 0, 0, NULL, NULL, NULL, NULL, NULL, NULL),
(413, NULL, '2016-05-28 06:48:15', 19, NULL, NULL, 9, '2016-05-22 21:06:03', '16/INV-SLSR/V/5', NULL, NULL, NULL, NULL, NULL, NULL, 2, 1, 3, 2200, '1000000', '0', '0', '0', 1, 50, 0, 0, NULL, NULL, 1, NULL, NULL, NULL),
(414, NULL, '2016-05-28 06:48:15', 21, NULL, NULL, 9, '2016-05-25 00:08:53', '16/INV-SLSR/V/6', NULL, NULL, NULL, NULL, NULL, NULL, 2, 1, 1, 2200, '1000000', '0', '0', '0', 2, 10, 0, 0, NULL, NULL, NULL, NULL, NULL, NULL),
(415, NULL, '2016-05-28 06:50:02', 19, NULL, NULL, 9, '2016-05-22 21:06:03', '16/INV-SLSR/V/5', NULL, NULL, NULL, NULL, NULL, NULL, 2, 1, 3, 2200, '1000000', '0', '0', '0', 1, 50, 0, 0, NULL, NULL, 1, NULL, NULL, NULL),
(416, NULL, '2016-05-28 06:50:02', 21, NULL, NULL, 9, '2016-05-25 00:08:53', '16/INV-SLSR/V/6', NULL, NULL, NULL, NULL, NULL, NULL, 2, 1, 1, 2200, '1000000', '0', '0', '0', 2, 10, 0, 0, NULL, NULL, NULL, NULL, NULL, NULL),
(417, NULL, '2016-05-28 06:50:15', 19, NULL, NULL, 9, '2016-05-22 21:06:03', '16/INV-SLSR/V/5', NULL, NULL, NULL, NULL, NULL, NULL, 2, 1, 3, 2200, '1000000', '0', '0', '0', 1, 50, 0, 0, NULL, NULL, 1, NULL, NULL, NULL),
(418, NULL, '2016-05-28 06:50:15', 21, NULL, NULL, 9, '2016-05-25 00:08:53', '16/INV-SLSR/V/6', NULL, NULL, NULL, NULL, NULL, NULL, 2, 1, 1, 2200, '1000000', '0', '0', '0', 2, 10, 0, 0, NULL, NULL, NULL, NULL, NULL, NULL),
(419, NULL, '2016-05-28 06:51:08', 19, NULL, NULL, 9, '2016-05-22 21:06:03', '16/INV-SLSR/V/5', NULL, NULL, NULL, NULL, NULL, NULL, 2, 1, 3, 2200, '1000000', '0', '0', '0', 1, 50, 0, 0, NULL, NULL, 1, NULL, NULL, NULL),
(420, NULL, '2016-05-28 06:51:08', 21, NULL, NULL, 9, '2016-05-25 00:08:53', '16/INV-SLSR/V/6', NULL, NULL, NULL, NULL, NULL, NULL, 2, 1, 1, 2200, '1000000', '0', '0', '0', 2, 10, 0, 0, NULL, NULL, NULL, NULL, NULL, NULL),
(421, NULL, '2016-05-28 06:52:45', 19, NULL, NULL, 9, '2016-05-22 21:06:03', '16/INV-SLSR/V/5', NULL, NULL, NULL, NULL, NULL, NULL, 2, 1, 3, 2200, '1000000', '0', '0', '0', 1, 50, 0, 0, NULL, NULL, 1, NULL, NULL, NULL),
(422, NULL, '2016-05-28 06:52:45', 21, NULL, NULL, 9, '2016-05-25 00:08:53', '16/INV-SLSR/V/6', NULL, NULL, NULL, NULL, NULL, NULL, 2, 1, 1, 2200, '1000000', '0', '0', '0', 2, 10, 0, 0, NULL, NULL, NULL, NULL, NULL, NULL),
(423, NULL, '2016-05-28 06:52:55', 19, NULL, NULL, 9, '2016-05-22 21:06:03', '16/INV-SLSR/V/5', NULL, NULL, NULL, NULL, NULL, NULL, 2, 1, 3, 2200, '1000000', '0', '0', '0', 1, 50, 0, 0, NULL, NULL, 1, NULL, NULL, NULL),
(424, NULL, '2016-05-28 06:52:55', 21, NULL, NULL, 9, '2016-05-25 00:08:53', '16/INV-SLSR/V/6', NULL, NULL, NULL, NULL, NULL, NULL, 2, 1, 1, 2200, '1000000', '0', '0', '0', 2, 10, 0, 0, NULL, NULL, NULL, NULL, NULL, NULL),
(425, NULL, '2016-05-28 06:52:58', 19, NULL, NULL, 9, '2016-05-22 21:06:03', '16/INV-SLSR/V/5', NULL, NULL, NULL, NULL, NULL, NULL, 2, 1, 3, 2200, '1000000', '0', '0', '0', 1, 50, 0, 0, NULL, NULL, 1, NULL, NULL, NULL),
(426, NULL, '2016-05-28 06:52:58', 21, NULL, NULL, 9, '2016-05-25 00:08:53', '16/INV-SLSR/V/6', NULL, NULL, NULL, NULL, NULL, NULL, 2, 1, 1, 2200, '1000000', '0', '0', '0', 2, 10, 0, 0, NULL, NULL, NULL, NULL, NULL, NULL),
(427, NULL, '2016-05-28 06:54:58', 19, NULL, NULL, 9, '2016-05-22 21:06:03', '16/INV-SLSR/V/5', NULL, NULL, NULL, NULL, NULL, NULL, 2, 1, 3, 2200, '1000000', '0', '0', '0', 1, 50, 0, 0, NULL, NULL, 1, NULL, NULL, NULL),
(428, NULL, '2016-05-28 06:54:58', 21, NULL, NULL, 9, '2016-05-25 00:08:53', '16/INV-SLSR/V/6', NULL, NULL, NULL, NULL, NULL, NULL, 2, 1, 1, 2200, '1000000', '0', '0', '0', 2, 10, 0, 0, NULL, NULL, NULL, NULL, NULL, NULL),
(429, NULL, '2016-05-28 06:55:29', 19, NULL, NULL, 9, '2016-05-22 21:06:03', '16/INV-SLSR/V/5', NULL, NULL, NULL, NULL, NULL, NULL, 2, 1, 3, 2200, '1000000', '0', '0', '0', 1, 50, 0, 0, NULL, NULL, 1, NULL, NULL, NULL),
(430, NULL, '2016-05-28 06:55:29', 21, NULL, NULL, 9, '2016-05-25 00:08:53', '16/INV-SLSR/V/6', NULL, NULL, NULL, NULL, NULL, NULL, 2, 1, 1, 2200, '1000000', '0', '0', '0', 2, 10, 0, 0, NULL, NULL, NULL, NULL, NULL, NULL),
(431, NULL, '2016-05-28 06:55:31', 19, NULL, NULL, 9, '2016-05-22 21:06:03', '16/INV-SLSR/V/5', NULL, NULL, NULL, NULL, NULL, NULL, 2, 1, 3, 2200, '1000000', '0', '0', '0', 1, 50, 0, 0, NULL, NULL, 1, NULL, NULL, NULL),
(432, NULL, '2016-05-28 06:55:31', 21, NULL, NULL, 9, '2016-05-25 00:08:53', '16/INV-SLSR/V/6', NULL, NULL, NULL, NULL, NULL, NULL, 2, 1, 1, 2200, '1000000', '0', '0', '0', 2, 10, 0, 0, NULL, NULL, NULL, NULL, NULL, NULL),
(433, NULL, '2016-05-28 06:56:27', 19, NULL, NULL, 9, '2016-05-22 21:06:03', '16/INV-SLSR/V/5', NULL, NULL, NULL, NULL, NULL, NULL, 2, 1, 3, 2200, '1000000', '0', '0', '0', 1, 50, 0, 0, NULL, NULL, 1, NULL, NULL, NULL),
(434, NULL, '2016-05-28 06:56:27', 21, NULL, NULL, 9, '2016-05-25 00:08:53', '16/INV-SLSR/V/6', NULL, NULL, NULL, NULL, NULL, NULL, 2, 1, 1, 2200, '1000000', '0', '0', '0', 2, 10, 0, 0, NULL, NULL, NULL, NULL, NULL, NULL),
(435, NULL, '2016-05-28 06:56:29', 19, NULL, NULL, 9, '2016-05-22 21:06:03', '16/INV-SLSR/V/5', NULL, NULL, NULL, NULL, NULL, NULL, 2, 1, 3, 2200, '1000000', '0', '0', '0', 1, 50, 0, 0, NULL, NULL, 1, NULL, NULL, NULL),
(436, NULL, '2016-05-28 06:56:29', 21, NULL, NULL, 9, '2016-05-25 00:08:53', '16/INV-SLSR/V/6', NULL, NULL, NULL, NULL, NULL, NULL, 2, 1, 1, 2200, '1000000', '0', '0', '0', 2, 10, 0, 0, NULL, NULL, NULL, NULL, NULL, NULL),
(437, NULL, '2016-05-28 06:56:42', 21, NULL, NULL, 9, '2016-05-25 00:08:53', '16/INV-SLSR/V/6', NULL, NULL, NULL, NULL, NULL, NULL, 2, 1, 1, 2200, '1000000', '0', '0', '0', 2, 10, 0, 0, NULL, NULL, NULL, NULL, NULL, NULL),
(438, NULL, '2016-05-28 06:56:42', 19, NULL, NULL, 9, '2016-05-22 21:06:03', '16/INV-SLSR/V/5', NULL, NULL, NULL, NULL, NULL, NULL, 2, 1, 3, 2200, '1000000', '0', '0', '0', 1, 50, 0, 0, NULL, NULL, 1, NULL, NULL, NULL),
(439, NULL, '2016-05-28 06:56:42', 21, NULL, NULL, 9, '2016-05-25 00:08:53', '16/INV-SLSR/V/6', NULL, NULL, NULL, NULL, NULL, NULL, 2, 1, 1, 2200, '1000000', '0', '0', '0', 2, 10, 0, 0, NULL, NULL, NULL, NULL, NULL, NULL),
(440, NULL, '2016-05-28 06:56:42', 22, NULL, NULL, 9, '2016-05-28 06:56:42', '16/INV-SLSR/V/7', NULL, NULL, NULL, NULL, NULL, NULL, 2, 2, 3, 0, '0', '0', '0', '0', 2, 50, 0, 0, NULL, NULL, NULL, NULL, NULL, NULL),
(441, NULL, '2016-05-28 06:56:46', 19, NULL, NULL, 9, '2016-05-22 21:06:03', '16/INV-SLSR/V/5', NULL, NULL, NULL, NULL, NULL, NULL, 2, 1, 3, 2200, '1000000', '0', '0', '0', 1, 50, 0, 0, NULL, NULL, 1, NULL, NULL, NULL),
(442, NULL, '2016-05-28 06:56:46', 21, NULL, NULL, 9, '2016-05-25 00:08:53', '16/INV-SLSR/V/6', NULL, NULL, NULL, NULL, NULL, NULL, 2, 1, 1, 2200, '1000000', '0', '0', '0', 2, 10, 0, 0, NULL, NULL, NULL, NULL, NULL, NULL),
(443, NULL, '2016-05-28 06:56:46', 22, NULL, NULL, 9, '2016-05-28 06:56:42', '16/INV-SLSR/V/7', NULL, NULL, NULL, NULL, NULL, NULL, 2, 2, 3, 2200, '1000000', '0', '0', '0', 2, 50, 0, 0, NULL, NULL, NULL, NULL, NULL, NULL),
(444, NULL, '2016-05-28 07:01:13', 19, NULL, NULL, 9, '2016-05-22 21:06:03', '16/INV-SLSR/V/5', NULL, NULL, NULL, NULL, NULL, NULL, 2, 1, 3, 2200, '1000000', '0', '0', '0', 1, 50, 0, 0, NULL, NULL, 1, NULL, NULL, NULL),
(445, NULL, '2016-05-28 07:01:13', 21, NULL, NULL, 9, '2016-05-25 00:08:53', '16/INV-SLSR/V/6', NULL, NULL, NULL, NULL, NULL, NULL, 2, 1, 1, 2200, '1000000', '0', '0', '0', 2, 10, 0, 0, NULL, NULL, NULL, NULL, NULL, NULL),
(446, NULL, '2016-05-28 07:01:13', 22, NULL, NULL, 9, '2016-05-28 06:56:42', '16/INV-SLSR/V/7', NULL, NULL, NULL, NULL, NULL, NULL, 2, 2, 3, 2200, '1000000', '0', '0', '0', 2, 50, 0, 0, NULL, NULL, NULL, NULL, NULL, NULL),
(447, NULL, '2016-05-28 07:03:03', 19, NULL, NULL, 9, '2016-05-22 21:06:03', '16/INV-SLSR/V/5', NULL, NULL, NULL, NULL, NULL, NULL, 2, 1, 3, 2200, '1000000', '0', '0', '0', 1, 50, 0, 0, NULL, NULL, 1, NULL, NULL, NULL),
(448, NULL, '2016-05-28 07:03:03', 21, NULL, NULL, 9, '2016-05-25 00:08:53', '16/INV-SLSR/V/6', NULL, NULL, NULL, NULL, NULL, NULL, 2, 1, 1, 2200, '1000000', '0', '0', '0', 2, 10, 0, 0, NULL, NULL, NULL, NULL, NULL, NULL),
(449, NULL, '2016-05-28 07:03:03', 22, NULL, NULL, 9, '2016-05-28 06:56:42', '16/INV-SLSR/V/7', NULL, NULL, NULL, NULL, NULL, NULL, 2, 2, 3, 2200, '1000000', '0', '0', '0', 2, 50, 0, 0, NULL, NULL, NULL, NULL, NULL, NULL);
INSERT INTO `kps_invoice_` (`KPS_INVOICE_ID_`, `KPS_INVOICE_STATUS_VIEW_BY_DIREKTUR`, `UPDATE_TIME`, `KPS_INVOICE_ID`, `invoice_type_id`, `customer_id`, `INVOICE_INDUK_ID_inv`, `DATE_INVO`, `NO_INVO`, `KPS_NO_INVOICE_FAKTUR_PAJAK`, `REV_NO_INVO`, `TOTAL_1_INVO`, `TOTAL_2_INVO`, `TOTAL_3_INVO`, `TOTAL_4_INVO`, `PREPARED_INVO`, `CHECKED_INVO`, `APPROVED_INVO`, `total_qty`, `total_amount`, `total_dp_or_vat`, `total_ppn_or_tax`, `total_all`, `term`, `KPS_INVOICE_DP`, `MADE_BY`, `UPDATE_BY`, `KPS_INVOICE_NOMOR_PENGGANTI`, `KPS_INVOICE_STATUS_APP_DELETE_DIREKTUR`, `KPS_INVOICE_STATUS_PRINT`, `KPS_INVOICE_APP_DELETE_CHANGE_NUMBER`, `KPS_INVOICE_APP_DELETE_NORMALY`, `KPS_INVOICE_FLAG_DELETE`) VALUES
(450, NULL, '2016-05-28 07:03:06', 19, NULL, NULL, 9, '2016-05-22 21:06:03', '16/INV-SLSR/V/5', NULL, NULL, NULL, NULL, NULL, NULL, 2, 1, 3, 2200, '1000000', '0', '0', '0', 1, 50, 0, 0, NULL, NULL, 1, NULL, NULL, NULL),
(451, NULL, '2016-05-28 07:03:59', 19, NULL, NULL, 9, '2016-05-22 21:06:03', '16/INV-SLSR/V/5', NULL, NULL, NULL, NULL, NULL, NULL, 2, 1, 3, 2200, '1000000', '0', '0', '0', 1, 50, 0, 0, NULL, NULL, 1, NULL, NULL, NULL),
(452, NULL, '2016-05-28 07:03:59', 21, NULL, NULL, 9, '2016-05-25 00:08:53', '16/INV-SLSR/V/6', NULL, NULL, NULL, NULL, NULL, NULL, 2, 1, 1, 2200, '1000000', '0', '0', '0', 2, 10, 0, 0, NULL, NULL, NULL, NULL, NULL, NULL),
(453, NULL, '2016-05-28 07:03:59', 22, NULL, NULL, 9, '2016-05-28 06:56:42', '16/INV-SLSR/V/7', NULL, NULL, NULL, NULL, NULL, NULL, 2, 2, 3, 2200, '1000000', '0', '0', '0', 2, 50, 0, 0, NULL, NULL, NULL, NULL, NULL, NULL),
(454, NULL, '2016-05-28 07:04:35', 19, NULL, NULL, 9, '2016-05-22 21:06:03', '16/INV-SLSR/V/5', NULL, NULL, NULL, NULL, NULL, NULL, 2, 1, 3, 2200, '1000000', '0', '0', '0', 1, 50, 0, 0, NULL, NULL, 1, NULL, NULL, NULL),
(455, NULL, '2016-05-28 07:04:35', 21, NULL, NULL, 9, '2016-05-25 00:08:53', '16/INV-SLSR/V/6', NULL, NULL, NULL, NULL, NULL, NULL, 2, 1, 1, 2200, '1000000', '0', '0', '0', 2, 10, 0, 0, NULL, NULL, NULL, NULL, NULL, NULL),
(456, NULL, '2016-05-28 07:04:35', 22, NULL, NULL, 9, '2016-05-28 06:56:42', '16/INV-SLSR/V/7', NULL, NULL, NULL, NULL, NULL, NULL, 2, 2, 3, 2200, '1000000', '0', '0', '0', 2, 50, 0, 0, NULL, NULL, NULL, NULL, NULL, NULL),
(457, NULL, '2016-05-28 07:05:05', 21, NULL, NULL, 9, '2016-05-25 00:08:53', '16/INV-SLSR/V/6', NULL, NULL, NULL, NULL, NULL, NULL, 2, 1, 1, 2200, '1000000', '0', '0', '0', 2, 10, 0, 0, NULL, NULL, NULL, NULL, NULL, NULL),
(458, NULL, '2016-05-28 07:05:16', 19, NULL, NULL, 9, '2016-05-22 21:06:03', '16/INV-SLSR/V/5', NULL, NULL, NULL, NULL, NULL, NULL, 2, 1, 3, 2200, '1000000', '0', '0', '0', 1, 50, 0, 0, NULL, NULL, 1, NULL, NULL, NULL),
(459, NULL, '2016-05-28 07:05:16', 21, NULL, NULL, 9, '2016-05-25 00:08:53', '16/INV-SLSR/V/6', NULL, NULL, NULL, NULL, NULL, NULL, 2, 1, 1, 2200, '1000000', '0', '0', '0', 2, 10, 0, 0, '2147483647', NULL, NULL, NULL, NULL, NULL),
(460, NULL, '2016-05-28 07:05:16', 22, NULL, NULL, 9, '2016-05-28 06:56:42', '16/INV-SLSR/V/7', NULL, NULL, NULL, NULL, NULL, NULL, 2, 2, 3, 2200, '1000000', '0', '0', '0', 2, 50, 0, 0, NULL, NULL, NULL, NULL, NULL, NULL),
(461, NULL, '2016-05-28 07:05:32', 22, NULL, NULL, 9, '2016-05-28 06:56:42', '16/INV-SLSR/V/7', NULL, NULL, NULL, NULL, NULL, NULL, 2, 2, 3, 2200, '1000000', '0', '0', '0', 2, 50, 0, 0, NULL, NULL, NULL, NULL, NULL, NULL),
(462, NULL, '2016-05-28 07:05:32', 19, NULL, NULL, 9, '2016-05-22 21:06:03', '16/INV-SLSR/V/5', NULL, NULL, NULL, NULL, NULL, NULL, 2, 1, 3, 2200, '1000000', '0', '0', '0', 1, 50, 0, 0, NULL, NULL, 1, NULL, NULL, NULL),
(463, NULL, '2016-05-28 07:05:32', 21, NULL, NULL, 9, '2016-05-25 00:08:53', '16/INV-SLSR/V/6', NULL, NULL, NULL, NULL, NULL, NULL, 2, 1, 1, 2200, '1000000', '0', '0', '0', 2, 10, 0, 0, '2147483647', NULL, NULL, NULL, NULL, NULL),
(464, NULL, '2016-05-28 07:05:32', 22, NULL, NULL, 9, '2016-05-28 06:56:42', '16/INV-SLSR/V/7', NULL, NULL, NULL, NULL, NULL, NULL, 2, 2, 3, 2200, '1000000', '0', '0', '0', 2, 50, 0, 0, '22334455667788', NULL, NULL, NULL, NULL, NULL),
(465, NULL, '2016-05-28 07:05:32', 23, NULL, NULL, 9, '2016-05-28 07:05:32', '16/INV-SLSR/V/8', NULL, NULL, NULL, NULL, NULL, NULL, 2, 2, 5, 0, '0', '0', '0', '0', 2, 50, 0, 0, NULL, NULL, NULL, NULL, NULL, NULL),
(466, NULL, '2016-05-28 07:05:43', 19, NULL, NULL, 9, '2016-05-22 21:06:03', '16/INV-SLSR/V/5', NULL, NULL, NULL, NULL, NULL, NULL, 2, 1, 3, 2200, '1000000', '0', '0', '0', 1, 50, 0, 0, NULL, NULL, 1, NULL, NULL, NULL),
(467, NULL, '2016-05-28 07:05:43', 21, NULL, NULL, 9, '2016-05-25 00:08:53', '16/INV-SLSR/V/6', NULL, NULL, NULL, NULL, NULL, NULL, 2, 1, 1, 2200, '1000000', '0', '0', '0', 2, 10, 0, 0, '2147483647', NULL, NULL, NULL, NULL, NULL),
(468, NULL, '2016-05-28 07:05:43', 22, NULL, NULL, 9, '2016-05-28 06:56:42', '16/INV-SLSR/V/7', NULL, NULL, NULL, NULL, NULL, NULL, 2, 2, 3, 2200, '1000000', '0', '0', '0', 2, 50, 0, 0, '22334455667788', NULL, NULL, NULL, NULL, NULL),
(469, NULL, '2016-05-28 07:05:43', 23, NULL, NULL, 9, '2016-05-28 07:05:32', '16/INV-SLSR/V/8', NULL, NULL, NULL, NULL, NULL, NULL, 2, 2, 5, 2200, '1000000', '0', '0', '0', 2, 50, 0, 0, NULL, NULL, NULL, NULL, NULL, NULL),
(470, NULL, '2016-05-28 07:06:36', 19, NULL, NULL, 9, '2016-05-22 21:06:03', '16/INV-SLSR/V/5', NULL, NULL, NULL, NULL, NULL, NULL, 2, 1, 3, 2200, '1000000', '0', '0', '0', 1, 50, 0, 0, NULL, NULL, 1, NULL, NULL, NULL),
(471, NULL, '2016-05-28 07:06:36', 21, NULL, NULL, 9, '2016-05-25 00:08:53', '16/INV-SLSR/V/6', NULL, NULL, NULL, NULL, NULL, NULL, 2, 1, 1, 2200, '1000000', '0', '0', '0', 2, 10, 0, 0, '2147483647', NULL, NULL, NULL, NULL, NULL),
(472, NULL, '2016-05-28 07:06:36', 22, NULL, NULL, 9, '2016-05-28 06:56:42', '16/INV-SLSR/V/7', NULL, NULL, NULL, NULL, NULL, NULL, 2, 2, 3, 2200, '1000000', '0', '0', '0', 2, 50, 0, 0, '22334455667788', NULL, NULL, NULL, NULL, NULL),
(473, NULL, '2016-05-28 07:06:36', 23, NULL, NULL, 9, '2016-05-28 07:05:32', '16/INV-SLSR/V/8', NULL, NULL, NULL, NULL, NULL, NULL, 2, 2, 5, 2200, '1000000', '0', '0', '0', 2, 50, 0, 0, NULL, NULL, NULL, NULL, NULL, NULL),
(474, NULL, '2016-05-28 07:06:49', 23, NULL, NULL, 9, '2016-05-28 07:05:32', '16/INV-SLSR/V/8', NULL, NULL, NULL, NULL, NULL, NULL, 2, 2, 5, 2200, '1000000', '0', '0', '0', 2, 50, 0, 0, NULL, NULL, NULL, NULL, NULL, NULL),
(475, NULL, '2016-05-28 07:06:50', 19, NULL, NULL, 9, '2016-05-22 21:06:03', '16/INV-SLSR/V/5', NULL, NULL, NULL, NULL, NULL, NULL, 2, 1, 3, 2200, '1000000', '0', '0', '0', 1, 50, 0, 0, NULL, NULL, 1, NULL, NULL, NULL),
(476, NULL, '2016-05-28 07:06:50', 21, NULL, NULL, 9, '2016-05-25 00:08:53', '16/INV-SLSR/V/6', NULL, NULL, NULL, NULL, NULL, NULL, 2, 1, 1, 2200, '1000000', '0', '0', '0', 2, 10, 0, 0, '2147483647', NULL, NULL, NULL, NULL, NULL),
(477, NULL, '2016-05-28 07:06:50', 22, NULL, NULL, 9, '2016-05-28 06:56:42', '16/INV-SLSR/V/7', NULL, NULL, NULL, NULL, NULL, NULL, 2, 2, 3, 2200, '1000000', '0', '0', '0', 2, 50, 0, 0, '22334455667788', NULL, NULL, NULL, NULL, NULL),
(478, NULL, '2016-05-28 07:06:50', 23, NULL, NULL, 9, '2016-05-28 07:05:32', '16/INV-SLSR/V/8', NULL, NULL, NULL, NULL, NULL, NULL, 2, 2, 5, 2200, '1000000', '0', '0', '0', 2, 50, 0, 0, '556677889900', NULL, NULL, NULL, NULL, NULL),
(479, NULL, '2016-05-28 07:06:50', 24, NULL, NULL, 9, '2016-05-28 07:06:49', '16/INV-SLSR/V/9', NULL, NULL, NULL, NULL, NULL, NULL, 2, 2, 3, 0, '0', '0', '0', '0', 2, 50, 0, 0, NULL, NULL, NULL, NULL, NULL, NULL),
(480, NULL, '2016-05-28 07:10:19', 19, NULL, NULL, 9, '2016-05-22 21:06:03', '16/INV-SLSR/V/5', NULL, NULL, NULL, NULL, NULL, NULL, 2, 1, 3, 2200, '1000000', '0', '0', '0', 1, 50, 0, 0, NULL, NULL, 1, NULL, NULL, NULL),
(481, NULL, '2016-05-28 07:10:19', 21, NULL, NULL, 9, '2016-05-25 00:08:53', '16/INV-SLSR/V/6', NULL, NULL, NULL, NULL, NULL, NULL, 2, 1, 1, 2200, '1000000', '0', '0', '0', 2, 10, 0, 0, '2147483647', NULL, NULL, NULL, NULL, NULL),
(482, NULL, '2016-05-28 07:10:19', 22, NULL, NULL, 9, '2016-05-28 06:56:42', '16/INV-SLSR/V/7', NULL, NULL, NULL, NULL, NULL, NULL, 2, 2, 3, 2200, '1000000', '0', '0', '0', 2, 50, 0, 0, '22334455667788', NULL, NULL, NULL, NULL, NULL),
(483, NULL, '2016-05-28 07:10:19', 23, NULL, NULL, 9, '2016-05-28 07:05:32', '16/INV-SLSR/V/8', NULL, NULL, NULL, NULL, NULL, NULL, 2, 2, 5, 2200, '1000000', '0', '0', '0', 2, 50, 0, 0, '556677889900', NULL, NULL, NULL, NULL, NULL),
(484, NULL, '2016-05-28 07:10:19', 24, NULL, NULL, 9, '2016-05-28 07:06:49', '16/INV-SLSR/V/9', NULL, NULL, NULL, NULL, NULL, NULL, 2, 2, 3, 2200, '1000000', '0', '0', '0', 2, 50, 0, 0, NULL, NULL, NULL, NULL, NULL, NULL),
(485, NULL, '2016-05-28 07:10:38', 24, NULL, NULL, 9, '2016-05-28 07:06:49', '16/INV-SLSR/V/9', NULL, NULL, NULL, NULL, NULL, NULL, 2, 2, 3, 2200, '1000000', '0', '0', '0', 2, 50, 0, 0, NULL, NULL, NULL, NULL, NULL, NULL),
(486, NULL, '2016-05-28 07:10:39', 19, NULL, NULL, 9, '2016-05-22 21:06:03', '16/INV-SLSR/V/5', NULL, NULL, NULL, NULL, NULL, NULL, 2, 1, 3, 2200, '1000000', '0', '0', '0', 1, 50, 0, 0, NULL, NULL, 1, NULL, NULL, NULL),
(487, NULL, '2016-05-28 07:10:39', 21, NULL, NULL, 9, '2016-05-25 00:08:53', '16/INV-SLSR/V/6', NULL, NULL, NULL, NULL, NULL, NULL, 2, 1, 1, 2200, '1000000', '0', '0', '0', 2, 10, 0, 0, '2147483647', NULL, NULL, NULL, NULL, NULL),
(488, NULL, '2016-05-28 07:10:39', 22, NULL, NULL, 9, '2016-05-28 06:56:42', '16/INV-SLSR/V/7', NULL, NULL, NULL, NULL, NULL, NULL, 2, 2, 3, 2200, '1000000', '0', '0', '0', 2, 50, 0, 0, '22334455667788', NULL, NULL, NULL, NULL, NULL),
(489, NULL, '2016-05-28 07:10:39', 23, NULL, NULL, 9, '2016-05-28 07:05:32', '16/INV-SLSR/V/8', NULL, NULL, NULL, NULL, NULL, NULL, 2, 2, 5, 2200, '1000000', '0', '0', '0', 2, 50, 0, 0, '556677889900', NULL, NULL, NULL, NULL, NULL),
(490, NULL, '2016-05-28 07:10:39', 24, NULL, NULL, 9, '2016-05-28 07:06:49', '16/INV-SLSR/V/9', NULL, NULL, NULL, NULL, NULL, NULL, 2, 2, 3, 2200, '1000000', '0', '0', '0', 2, 50, 0, 0, '6677880045454754', NULL, NULL, NULL, NULL, NULL),
(491, NULL, '2016-05-28 07:10:39', 25, NULL, NULL, 9, '2016-05-28 07:10:38', '16/INV-SLSR/V/10', NULL, NULL, NULL, NULL, NULL, NULL, 2, 5, 5, 0, '0', '0', '0', '0', 2, 50, 0, 0, NULL, NULL, NULL, NULL, NULL, NULL),
(492, NULL, '2016-05-28 07:10:46', 19, NULL, NULL, 9, '2016-05-22 21:06:03', '16/INV-SLSR/V/5', NULL, NULL, NULL, NULL, NULL, NULL, 2, 1, 3, 2200, '1000000', '0', '0', '0', 1, 50, 0, 0, NULL, NULL, 1, NULL, NULL, NULL),
(493, NULL, '2016-05-28 07:10:46', 21, NULL, NULL, 9, '2016-05-25 00:08:53', '16/INV-SLSR/V/6', NULL, NULL, NULL, NULL, NULL, NULL, 2, 1, 1, 2200, '1000000', '0', '0', '0', 2, 10, 0, 0, '2147483647', NULL, NULL, NULL, NULL, NULL),
(494, NULL, '2016-05-28 07:10:46', 22, NULL, NULL, 9, '2016-05-28 06:56:42', '16/INV-SLSR/V/7', NULL, NULL, NULL, NULL, NULL, NULL, 2, 2, 3, 2200, '1000000', '0', '0', '0', 2, 50, 0, 0, '22334455667788', NULL, NULL, NULL, NULL, NULL),
(495, NULL, '2016-05-28 07:10:46', 23, NULL, NULL, 9, '2016-05-28 07:05:32', '16/INV-SLSR/V/8', NULL, NULL, NULL, NULL, NULL, NULL, 2, 2, 5, 2200, '1000000', '0', '0', '0', 2, 50, 0, 0, '556677889900', NULL, NULL, NULL, NULL, NULL),
(496, NULL, '2016-05-28 07:10:46', 24, NULL, NULL, 9, '2016-05-28 07:06:49', '16/INV-SLSR/V/9', NULL, NULL, NULL, NULL, NULL, NULL, 2, 2, 3, 2200, '1000000', '0', '0', '0', 2, 50, 0, 0, '6677880045454754', NULL, NULL, NULL, NULL, NULL),
(497, NULL, '2016-05-28 07:10:46', 25, NULL, NULL, 9, '2016-05-28 07:10:38', '16/INV-SLSR/V/10', NULL, NULL, NULL, NULL, NULL, NULL, 2, 5, 5, 2200, '1000000', '0', '0', '0', 2, 50, 0, 0, NULL, NULL, NULL, NULL, NULL, NULL),
(498, NULL, '2016-05-28 07:12:58', 19, NULL, NULL, 9, '2016-05-22 21:06:03', '16/INV-SLSR/V/5', NULL, NULL, NULL, NULL, NULL, NULL, 2, 1, 3, 2200, '1000000', '0', '0', '0', 1, 50, 0, 0, NULL, NULL, 1, NULL, NULL, NULL),
(499, NULL, '2016-05-28 07:12:58', 21, NULL, NULL, 9, '2016-05-25 00:08:53', '16/INV-SLSR/V/6', NULL, NULL, NULL, NULL, NULL, NULL, 2, 1, 1, 2200, '1000000', '0', '0', '0', 2, 10, 0, 0, '2147483647', NULL, NULL, NULL, NULL, NULL),
(500, NULL, '2016-05-28 07:12:58', 22, NULL, NULL, 9, '2016-05-28 06:56:42', '16/INV-SLSR/V/7', NULL, NULL, NULL, NULL, NULL, NULL, 2, 2, 3, 2200, '1000000', '0', '0', '0', 2, 50, 0, 0, '22334455667788', NULL, NULL, NULL, NULL, NULL),
(501, NULL, '2016-05-28 07:12:58', 23, NULL, NULL, 9, '2016-05-28 07:05:32', '16/INV-SLSR/V/8', NULL, NULL, NULL, NULL, NULL, NULL, 2, 2, 5, 2200, '1000000', '0', '0', '0', 2, 50, 0, 0, '556677889900', NULL, NULL, NULL, NULL, NULL),
(502, NULL, '2016-05-28 07:12:58', 24, NULL, NULL, 9, '2016-05-28 07:06:49', '16/INV-SLSR/V/9', NULL, NULL, NULL, NULL, NULL, NULL, 2, 2, 3, 2200, '1000000', '0', '0', '0', 2, 50, 0, 0, '6677880045454754', NULL, NULL, NULL, NULL, NULL),
(503, NULL, '2016-05-28 07:12:58', 25, NULL, NULL, 9, '2016-05-28 07:10:38', '16/INV-SLSR/V/10', NULL, NULL, NULL, NULL, NULL, NULL, 2, 5, 5, 2200, '1000000', '0', '0', '0', 2, 50, 0, 0, NULL, NULL, NULL, NULL, NULL, NULL),
(504, NULL, '2016-05-28 07:13:16', 25, NULL, NULL, 9, '2016-05-28 07:10:38', '16/INV-SLSR/V/10', NULL, NULL, NULL, NULL, NULL, NULL, 2, 5, 5, 2200, '1000000', '0', '0', '0', 2, 50, 0, 0, NULL, NULL, NULL, NULL, NULL, NULL),
(505, NULL, '2016-05-28 07:13:16', 19, NULL, NULL, 9, '2016-05-22 21:06:03', '16/INV-SLSR/V/5', NULL, NULL, NULL, NULL, NULL, NULL, 2, 1, 3, 2200, '1000000', '0', '0', '0', 1, 50, 0, 0, NULL, NULL, 1, NULL, NULL, NULL),
(506, NULL, '2016-05-28 07:13:16', 21, NULL, NULL, 9, '2016-05-25 00:08:53', '16/INV-SLSR/V/6', NULL, NULL, NULL, NULL, NULL, NULL, 2, 1, 1, 2200, '1000000', '0', '0', '0', 2, 10, 0, 0, '2147483647', NULL, NULL, NULL, NULL, NULL),
(507, NULL, '2016-05-28 07:13:16', 22, NULL, NULL, 9, '2016-05-28 06:56:42', '16/INV-SLSR/V/7', NULL, NULL, NULL, NULL, NULL, NULL, 2, 2, 3, 2200, '1000000', '0', '0', '0', 2, 50, 0, 0, '22334455667788', NULL, NULL, NULL, NULL, NULL),
(508, NULL, '2016-05-28 07:13:16', 23, NULL, NULL, 9, '2016-05-28 07:05:32', '16/INV-SLSR/V/8', NULL, NULL, NULL, NULL, NULL, NULL, 2, 2, 5, 2200, '1000000', '0', '0', '0', 2, 50, 0, 0, '556677889900', NULL, NULL, NULL, NULL, NULL),
(509, NULL, '2016-05-28 07:13:16', 24, NULL, NULL, 9, '2016-05-28 07:06:49', '16/INV-SLSR/V/9', NULL, NULL, NULL, NULL, NULL, NULL, 2, 2, 3, 2200, '1000000', '0', '0', '0', 2, 50, 0, 0, '6677880045454754', NULL, NULL, NULL, NULL, NULL),
(510, NULL, '2016-05-28 07:13:16', 25, NULL, NULL, 9, '2016-05-28 07:10:38', '16/INV-SLSR/V/10', NULL, NULL, NULL, NULL, NULL, NULL, 2, 5, 5, 2200, '1000000', '0', '0', '0', 2, 50, 0, 0, '435347654', NULL, NULL, NULL, NULL, NULL),
(511, NULL, '2016-05-28 07:13:16', 26, NULL, NULL, 9, '2016-05-28 07:13:16', '16/INV-SLSR/V/11', NULL, NULL, NULL, NULL, NULL, NULL, 2, 3, 2, 0, '0', '0', '0', '0', 2, 50, 0, 0, NULL, NULL, NULL, NULL, NULL, NULL),
(512, NULL, '2016-05-28 07:15:56', 19, NULL, NULL, 9, '2016-05-22 21:06:03', '16/INV-SLSR/V/5', NULL, NULL, NULL, NULL, NULL, NULL, 2, 1, 3, 2200, '1000000', '0', '0', '0', 1, 50, 0, 0, NULL, NULL, 1, NULL, NULL, NULL),
(513, NULL, '2016-05-28 07:15:56', 21, NULL, NULL, 9, '2016-05-25 00:08:53', '16/INV-SLSR/V/6', NULL, NULL, NULL, NULL, NULL, NULL, 2, 1, 1, 2200, '1000000', '0', '0', '0', 2, 10, 0, 0, '2147483647', NULL, NULL, NULL, NULL, NULL),
(514, NULL, '2016-05-28 07:15:56', 22, NULL, NULL, 9, '2016-05-28 06:56:42', '16/INV-SLSR/V/7', NULL, NULL, NULL, NULL, NULL, NULL, 2, 2, 3, 2200, '1000000', '0', '0', '0', 2, 50, 0, 0, '22334455667788', NULL, NULL, NULL, NULL, NULL),
(515, NULL, '2016-05-28 07:15:56', 23, NULL, NULL, 9, '2016-05-28 07:05:32', '16/INV-SLSR/V/8', NULL, NULL, NULL, NULL, NULL, NULL, 2, 2, 5, 2200, '1000000', '0', '0', '0', 2, 50, 0, 0, '556677889900', NULL, NULL, NULL, NULL, NULL),
(516, NULL, '2016-05-28 07:15:56', 24, NULL, NULL, 9, '2016-05-28 07:06:49', '16/INV-SLSR/V/9', NULL, NULL, NULL, NULL, NULL, NULL, 2, 2, 3, 2200, '1000000', '0', '0', '0', 2, 50, 0, 0, '6677880045454754', NULL, NULL, NULL, NULL, NULL),
(517, NULL, '2016-05-28 07:15:56', 25, NULL, NULL, 9, '2016-05-28 07:10:38', '16/INV-SLSR/V/10', NULL, NULL, NULL, NULL, NULL, NULL, 2, 5, 5, 2200, '1000000', '0', '0', '0', 2, 50, 0, 0, '435347654', NULL, NULL, NULL, NULL, NULL),
(518, NULL, '2016-05-28 07:15:56', 26, NULL, NULL, 9, '2016-05-28 07:13:16', '16/INV-SLSR/V/11', NULL, NULL, NULL, NULL, NULL, NULL, 2, 3, 2, 2200, '1000000', '0', '0', '0', 2, 50, 0, 0, NULL, NULL, NULL, NULL, NULL, NULL),
(519, NULL, '2016-05-28 07:16:03', 19, NULL, NULL, 9, '2016-05-22 21:06:03', '16/INV-SLSR/V/5', NULL, NULL, NULL, NULL, NULL, NULL, 2, 1, 3, 2200, '1000000', '0', '0', '0', 1, 50, 0, 0, NULL, NULL, 1, NULL, NULL, NULL),
(520, NULL, '2016-05-28 07:16:03', 21, NULL, NULL, 9, '2016-05-25 00:08:53', '16/INV-SLSR/V/6', NULL, NULL, NULL, NULL, NULL, NULL, 2, 1, 1, 2200, '1000000', '0', '0', '0', 2, 10, 0, 0, '2147483647', NULL, NULL, NULL, NULL, NULL),
(521, NULL, '2016-05-28 07:16:03', 22, NULL, NULL, 9, '2016-05-28 06:56:42', '16/INV-SLSR/V/7', NULL, NULL, NULL, NULL, NULL, NULL, 2, 2, 3, 2200, '1000000', '0', '0', '0', 2, 50, 0, 0, '22334455667788', NULL, NULL, NULL, NULL, NULL),
(522, NULL, '2016-05-28 07:16:03', 23, NULL, NULL, 9, '2016-05-28 07:05:32', '16/INV-SLSR/V/8', NULL, NULL, NULL, NULL, NULL, NULL, 2, 2, 5, 2200, '1000000', '0', '0', '0', 2, 50, 0, 0, '556677889900', NULL, NULL, NULL, NULL, NULL),
(523, NULL, '2016-05-28 07:16:03', 24, NULL, NULL, 9, '2016-05-28 07:06:49', '16/INV-SLSR/V/9', NULL, NULL, NULL, NULL, NULL, NULL, 2, 2, 3, 2200, '1000000', '0', '0', '0', 2, 50, 0, 0, '6677880045454754', NULL, NULL, NULL, NULL, NULL),
(524, NULL, '2016-05-28 07:16:03', 25, NULL, NULL, 9, '2016-05-28 07:10:38', '16/INV-SLSR/V/10', NULL, NULL, NULL, NULL, NULL, NULL, 2, 5, 5, 2200, '1000000', '0', '0', '0', 2, 50, 0, 0, '435347654', NULL, NULL, NULL, NULL, NULL),
(525, NULL, '2016-05-28 07:16:03', 26, NULL, NULL, 9, '2016-05-28 07:13:16', '16/INV-SLSR/V/11', NULL, NULL, NULL, NULL, NULL, NULL, 2, 3, 2, 2200, '1000000', '0', '0', '0', 2, 50, 0, 0, NULL, NULL, NULL, NULL, NULL, NULL),
(526, NULL, '2016-05-28 07:16:10', 19, NULL, NULL, 9, '2016-05-22 21:06:03', '16/INV-SLSR/V/5', NULL, NULL, NULL, NULL, NULL, NULL, 2, 1, 3, 2200, '1000000', '0', '0', '0', 1, 50, 0, 0, NULL, NULL, 1, NULL, NULL, NULL),
(527, NULL, '2016-05-28 07:16:10', 21, NULL, NULL, 9, '2016-05-25 00:08:53', '16/INV-SLSR/V/6', NULL, NULL, NULL, NULL, NULL, NULL, 2, 1, 1, 2200, '1000000', '0', '0', '0', 2, 10, 0, 0, '2147483647', NULL, NULL, NULL, NULL, NULL),
(528, NULL, '2016-05-28 07:16:10', 22, NULL, NULL, 9, '2016-05-28 06:56:42', '16/INV-SLSR/V/7', NULL, NULL, NULL, NULL, NULL, NULL, 2, 2, 3, 2200, '1000000', '0', '0', '0', 2, 50, 0, 0, '22334455667788', NULL, NULL, NULL, NULL, NULL),
(529, NULL, '2016-05-28 07:16:10', 23, NULL, NULL, 9, '2016-05-28 07:05:32', '16/INV-SLSR/V/8', NULL, NULL, NULL, NULL, NULL, NULL, 2, 2, 5, 2200, '1000000', '0', '0', '0', 2, 50, 0, 0, '556677889900', NULL, NULL, NULL, NULL, NULL),
(530, NULL, '2016-05-28 07:16:10', 24, NULL, NULL, 9, '2016-05-28 07:06:49', '16/INV-SLSR/V/9', NULL, NULL, NULL, NULL, NULL, NULL, 2, 2, 3, 2200, '1000000', '0', '0', '0', 2, 50, 0, 0, '6677880045454754', NULL, NULL, NULL, NULL, NULL),
(531, NULL, '2016-05-28 07:16:10', 25, NULL, NULL, 9, '2016-05-28 07:10:38', '16/INV-SLSR/V/10', NULL, NULL, NULL, NULL, NULL, NULL, 2, 5, 5, 2200, '1000000', '0', '0', '0', 2, 50, 0, 0, '435347654', NULL, NULL, NULL, NULL, NULL),
(532, NULL, '2016-05-28 07:16:10', 26, NULL, NULL, 9, '2016-05-28 07:13:16', '16/INV-SLSR/V/11', NULL, NULL, NULL, NULL, NULL, NULL, 2, 3, 2, 2200, '1000000', '0', '0', '0', 2, 50, 0, 0, NULL, NULL, NULL, NULL, NULL, NULL),
(533, NULL, '2016-05-28 10:54:38', 19, NULL, NULL, 9, '2016-05-22 21:06:03', '16/INV-SLSR/V/5', NULL, NULL, NULL, NULL, NULL, NULL, 2, 1, 3, 2200, '1000000', '0', '0', '0', 1, 50, 0, 0, NULL, NULL, 1, NULL, NULL, NULL),
(534, NULL, '2016-05-28 10:54:38', 21, NULL, NULL, 9, '2016-05-25 00:08:53', '16/INV-SLSR/V/6', NULL, NULL, NULL, NULL, NULL, NULL, 2, 1, 1, 2200, '1000000', '0', '0', '0', 2, 10, 0, 0, '2147483647', NULL, NULL, NULL, NULL, NULL),
(535, NULL, '2016-05-28 10:54:38', 22, NULL, NULL, 9, '2016-05-28 06:56:42', '16/INV-SLSR/V/7', NULL, NULL, NULL, NULL, NULL, NULL, 2, 2, 3, 2200, '1000000', '0', '0', '0', 2, 50, 0, 0, '22334455667788', NULL, NULL, NULL, NULL, NULL),
(536, NULL, '2016-05-28 10:54:38', 23, NULL, NULL, 9, '2016-05-28 07:05:32', '16/INV-SLSR/V/8', NULL, NULL, NULL, NULL, NULL, NULL, 2, 2, 5, 2200, '1000000', '0', '0', '0', 2, 50, 0, 0, '556677889900', NULL, NULL, NULL, NULL, NULL),
(537, NULL, '2016-05-28 10:54:38', 24, NULL, NULL, 9, '2016-05-28 07:06:49', '16/INV-SLSR/V/9', NULL, NULL, NULL, NULL, NULL, NULL, 2, 2, 3, 2200, '1000000', '0', '0', '0', 2, 50, 0, 0, '6677880045454754', NULL, NULL, NULL, NULL, NULL),
(538, NULL, '2016-05-28 10:54:38', 25, NULL, NULL, 9, '2016-05-28 07:10:38', '16/INV-SLSR/V/10', NULL, NULL, NULL, NULL, NULL, NULL, 2, 5, 5, 2200, '1000000', '0', '0', '0', 2, 50, 0, 0, '435347654', NULL, NULL, NULL, NULL, NULL),
(539, NULL, '2016-05-28 10:54:38', 26, NULL, NULL, 9, '2016-05-28 07:13:16', '16/INV-SLSR/V/11', NULL, NULL, NULL, NULL, NULL, NULL, 2, 3, 2, 2200, '1000000', '0', '0', '0', 2, 50, 0, 0, NULL, NULL, NULL, NULL, NULL, NULL),
(540, NULL, '2016-05-28 10:54:53', 19, NULL, NULL, 9, '2016-05-22 21:06:03', '16/INV-SLSR/V/5', NULL, NULL, NULL, NULL, NULL, NULL, 2, 1, 3, 2200, '1000000', '0', '0', '0', 1, 50, 0, 0, NULL, NULL, 1, NULL, NULL, NULL),
(541, NULL, '2016-05-28 10:57:27', 19, NULL, NULL, 9, '2016-05-22 21:06:03', '16/INV-SLSR/V/5', NULL, NULL, NULL, NULL, NULL, NULL, 2, 1, 3, 2200, '1000000', '0', '0', '0', 1, 50, 0, 0, NULL, NULL, 1, NULL, NULL, NULL),
(542, NULL, '2016-05-28 10:58:09', 26, NULL, NULL, 9, '2016-05-28 07:13:16', '16/INV-SLSR/V/11', NULL, NULL, NULL, NULL, NULL, NULL, 2, 3, 2, 2200, '1000000', '0', '0', '0', 2, 50, 0, 0, NULL, NULL, NULL, NULL, NULL, NULL),
(543, NULL, '2016-05-28 11:06:48', 17, NULL, NULL, 7, '2016-05-17 18:34:31', '16/INV-SLSR/V/3', NULL, NULL, NULL, NULL, NULL, NULL, 2, 1, 1, 90, '45000', '0', '0', '0', 1, 20, 0, 0, NULL, NULL, NULL, NULL, NULL, NULL),
(544, NULL, '2016-05-28 11:06:48', 18, NULL, NULL, 7, '2016-05-17 19:02:29', '16/INV-SLSR/V/4', NULL, NULL, NULL, NULL, NULL, NULL, 2, 3, 4, 90, '45000', '0', '0', '0', 0, 10, 0, 0, NULL, NULL, NULL, NULL, NULL, NULL),
(545, NULL, '2016-05-28 11:08:05', 18, NULL, NULL, 7, '2016-05-17 19:02:29', '16/INV-SLSR/V/4', NULL, NULL, NULL, NULL, NULL, NULL, 2, 3, 4, 90, '45000', '0', '0', '0', 0, 10, 0, 0, NULL, NULL, NULL, NULL, NULL, NULL),
(546, NULL, '2016-05-28 11:08:05', 17, NULL, NULL, 7, '2016-05-17 18:34:31', '16/INV-SLSR/V/3', NULL, NULL, NULL, NULL, NULL, NULL, 2, 1, 1, 90, '45000', '0', '0', '0', 1, 20, 0, 0, NULL, NULL, NULL, NULL, NULL, NULL),
(547, NULL, '2016-05-28 11:08:05', 18, NULL, NULL, 7, '2016-05-17 19:02:29', '16/INV-SLSR/V/4', NULL, NULL, NULL, NULL, NULL, NULL, 2, 3, 4, 90, '45000', '0', '0', '0', 0, 10, 0, 0, '35434434', NULL, NULL, NULL, NULL, NULL),
(548, NULL, '2016-05-28 11:08:05', 27, NULL, NULL, 7, '2016-05-28 11:08:05', '16/INV-SLSR/V/12', NULL, NULL, NULL, NULL, NULL, NULL, 2, 4, 3, 0, '0', '0', '0', '0', 4, 80, 0, 0, NULL, NULL, NULL, NULL, NULL, NULL),
(549, NULL, '2016-05-28 11:08:19', 17, NULL, NULL, 7, '2016-05-17 18:34:31', '16/INV-SLSR/V/3', NULL, NULL, NULL, NULL, NULL, NULL, 2, 1, 1, 90, '45000', '0', '0', '0', 1, 20, 0, 0, NULL, NULL, NULL, NULL, NULL, NULL),
(550, NULL, '2016-05-28 11:08:19', 18, NULL, NULL, 7, '2016-05-17 19:02:29', '16/INV-SLSR/V/4', NULL, NULL, NULL, NULL, NULL, NULL, 2, 3, 4, 90, '45000', '0', '0', '0', 0, 10, 0, 0, '35434434', NULL, NULL, NULL, NULL, NULL),
(551, NULL, '2016-05-28 11:08:19', 27, NULL, NULL, 7, '2016-05-28 11:08:05', '16/INV-SLSR/V/12', NULL, NULL, NULL, NULL, NULL, NULL, 2, 4, 3, 90, '45000', '0', '0', '0', 4, 80, 0, 0, NULL, NULL, NULL, NULL, NULL, NULL),
(552, NULL, '2016-05-28 11:09:20', 27, NULL, NULL, 7, '2016-05-28 11:08:05', '16/INV-SLSR/V/12', NULL, NULL, NULL, NULL, NULL, NULL, 2, 4, 3, 90, '45000', '0', '0', '0', 4, 80, 0, 0, NULL, NULL, NULL, NULL, NULL, NULL),
(553, NULL, '2016-05-28 11:09:20', 17, NULL, NULL, 7, '2016-05-17 18:34:31', '16/INV-SLSR/V/3', NULL, NULL, NULL, NULL, NULL, NULL, 2, 1, 1, 90, '45000', '0', '0', '0', 1, 20, 0, 0, NULL, NULL, NULL, NULL, NULL, NULL),
(554, NULL, '2016-05-28 11:09:20', 18, NULL, NULL, 7, '2016-05-17 19:02:29', '16/INV-SLSR/V/4', NULL, NULL, NULL, NULL, NULL, NULL, 2, 3, 4, 90, '45000', '0', '0', '0', 0, 10, 0, 0, '35434434', NULL, NULL, NULL, NULL, NULL),
(555, NULL, '2016-05-28 11:09:20', 27, NULL, NULL, 7, '2016-05-28 11:08:05', '16/INV-SLSR/V/12', NULL, NULL, NULL, NULL, NULL, NULL, 2, 4, 3, 90, '45000', '0', '0', '0', 4, 80, 0, 0, '77575', NULL, NULL, NULL, NULL, NULL),
(556, NULL, '2016-05-28 11:09:20', 28, NULL, NULL, 7, '2016-05-28 11:09:20', '16/INV-SLSR/V/13', NULL, NULL, NULL, NULL, NULL, NULL, 2, 2, 2, 0, '0', '0', '0', '0', 4, 80, 0, 0, NULL, NULL, NULL, NULL, NULL, NULL),
(557, NULL, '2016-05-28 11:09:33', 17, NULL, NULL, 7, '2016-05-17 18:34:31', '16/INV-SLSR/V/3', NULL, NULL, NULL, NULL, NULL, NULL, 2, 1, 1, 90, '45000', '0', '0', '0', 1, 20, 0, 0, NULL, NULL, NULL, NULL, NULL, NULL),
(558, NULL, '2016-05-28 11:09:33', 18, NULL, NULL, 7, '2016-05-17 19:02:29', '16/INV-SLSR/V/4', NULL, NULL, NULL, NULL, NULL, NULL, 2, 3, 4, 90, '45000', '0', '0', '0', 0, 10, 0, 0, '35434434', NULL, NULL, NULL, NULL, NULL),
(559, NULL, '2016-05-28 11:09:33', 27, NULL, NULL, 7, '2016-05-28 11:08:05', '16/INV-SLSR/V/12', NULL, NULL, NULL, NULL, NULL, NULL, 2, 4, 3, 90, '45000', '0', '0', '0', 4, 80, 0, 0, '77575', NULL, NULL, NULL, NULL, NULL),
(560, NULL, '2016-05-28 11:09:33', 28, NULL, NULL, 7, '2016-05-28 11:09:20', '16/INV-SLSR/V/13', NULL, NULL, NULL, NULL, NULL, NULL, 2, 2, 2, 90, '45000', '0', '0', '0', 4, 80, 0, 0, NULL, NULL, NULL, NULL, NULL, NULL),
(561, NULL, '2016-05-28 11:09:48', 17, NULL, NULL, 7, '2016-05-17 18:34:31', '16/INV-SLSR/V/3', NULL, NULL, NULL, NULL, NULL, NULL, 2, 1, 1, 90, '45000', '0', '0', '0', 1, 20, 0, 0, NULL, NULL, NULL, NULL, NULL, NULL),
(562, NULL, '2016-05-28 11:09:48', 18, NULL, NULL, 7, '2016-05-17 19:02:29', '16/INV-SLSR/V/4', NULL, NULL, NULL, NULL, NULL, NULL, 2, 3, 4, 90, '45000', '0', '0', '0', 0, 10, 0, 0, '35434434', NULL, NULL, NULL, NULL, NULL),
(563, NULL, '2016-05-28 11:09:48', 27, NULL, NULL, 7, '2016-05-28 11:08:05', '16/INV-SLSR/V/12', NULL, NULL, NULL, NULL, NULL, NULL, 2, 4, 3, 90, '45000', '0', '0', '0', 4, 80, 0, 0, '77575', NULL, NULL, NULL, NULL, NULL),
(564, NULL, '2016-05-28 11:09:48', 28, NULL, NULL, 7, '2016-05-28 11:09:20', '16/INV-SLSR/V/13', NULL, NULL, NULL, NULL, NULL, NULL, 2, 2, 2, 90, '45000', '0', '0', '0', 4, 80, 0, 0, NULL, NULL, NULL, NULL, NULL, NULL),
(565, NULL, '2016-05-28 11:14:43', 19, NULL, NULL, 9, '2016-05-22 21:06:03', '16/INV-SLSR/V/5', NULL, NULL, NULL, NULL, NULL, NULL, 2, 1, 3, 2200, '1000000', '0', '0', '0', 1, 50, 0, 0, NULL, NULL, 1, NULL, NULL, NULL),
(566, NULL, '2016-05-28 11:14:43', 21, NULL, NULL, 9, '2016-05-25 00:08:53', '16/INV-SLSR/V/6', NULL, NULL, NULL, NULL, NULL, NULL, 2, 1, 1, 2200, '1000000', '0', '0', '0', 2, 10, 0, 0, '2147483647', NULL, NULL, NULL, NULL, NULL),
(567, NULL, '2016-05-28 11:14:43', 22, NULL, NULL, 9, '2016-05-28 06:56:42', '16/INV-SLSR/V/7', NULL, NULL, NULL, NULL, NULL, NULL, 2, 2, 3, 2200, '1000000', '0', '0', '0', 2, 50, 0, 0, '22334455667788', NULL, NULL, NULL, NULL, NULL),
(568, NULL, '2016-05-28 11:14:43', 23, NULL, NULL, 9, '2016-05-28 07:05:32', '16/INV-SLSR/V/8', NULL, NULL, NULL, NULL, NULL, NULL, 2, 2, 5, 2200, '1000000', '0', '0', '0', 2, 50, 0, 0, '556677889900', NULL, NULL, NULL, NULL, NULL),
(569, NULL, '2016-05-28 11:14:43', 24, NULL, NULL, 9, '2016-05-28 07:06:49', '16/INV-SLSR/V/9', NULL, NULL, NULL, NULL, NULL, NULL, 2, 2, 3, 2200, '1000000', '0', '0', '0', 2, 50, 0, 0, '6677880045454754', NULL, NULL, NULL, NULL, NULL),
(570, NULL, '2016-05-28 11:14:43', 25, NULL, NULL, 9, '2016-05-28 07:10:38', '16/INV-SLSR/V/10', NULL, NULL, NULL, NULL, NULL, NULL, 2, 5, 5, 2200, '1000000', '0', '0', '0', 2, 50, 0, 0, '435347654', NULL, NULL, NULL, NULL, NULL),
(571, NULL, '2016-05-28 11:14:43', 26, NULL, NULL, 9, '2016-05-28 07:13:16', '16/INV-SLSR/V/11', NULL, NULL, NULL, NULL, NULL, NULL, 2, 3, 2, 2200, '1000000', '0', '0', '0', 2, 50, 0, 0, NULL, NULL, 1, NULL, NULL, NULL),
(572, NULL, '2016-05-28 11:14:45', 19, NULL, NULL, 9, '2016-05-22 21:06:03', '16/INV-SLSR/V/5', NULL, NULL, NULL, NULL, NULL, NULL, 2, 1, 3, 2200, '1000000', '0', '0', '0', 1, 50, 0, 0, NULL, NULL, 1, NULL, NULL, NULL),
(573, NULL, '2016-05-28 11:14:45', 21, NULL, NULL, 9, '2016-05-25 00:08:53', '16/INV-SLSR/V/6', NULL, NULL, NULL, NULL, NULL, NULL, 2, 1, 1, 2200, '1000000', '0', '0', '0', 2, 10, 0, 0, '2147483647', NULL, NULL, NULL, NULL, NULL),
(574, NULL, '2016-05-28 11:14:45', 22, NULL, NULL, 9, '2016-05-28 06:56:42', '16/INV-SLSR/V/7', NULL, NULL, NULL, NULL, NULL, NULL, 2, 2, 3, 2200, '1000000', '0', '0', '0', 2, 50, 0, 0, '22334455667788', NULL, NULL, NULL, NULL, NULL),
(575, NULL, '2016-05-28 11:14:45', 23, NULL, NULL, 9, '2016-05-28 07:05:32', '16/INV-SLSR/V/8', NULL, NULL, NULL, NULL, NULL, NULL, 2, 2, 5, 2200, '1000000', '0', '0', '0', 2, 50, 0, 0, '556677889900', NULL, NULL, NULL, NULL, NULL),
(576, NULL, '2016-05-28 11:14:45', 24, NULL, NULL, 9, '2016-05-28 07:06:49', '16/INV-SLSR/V/9', NULL, NULL, NULL, NULL, NULL, NULL, 2, 2, 3, 2200, '1000000', '0', '0', '0', 2, 50, 0, 0, '6677880045454754', NULL, NULL, NULL, NULL, NULL),
(577, NULL, '2016-05-28 11:14:45', 25, NULL, NULL, 9, '2016-05-28 07:10:38', '16/INV-SLSR/V/10', NULL, NULL, NULL, NULL, NULL, NULL, 2, 5, 5, 2200, '1000000', '0', '0', '0', 2, 50, 0, 0, '435347654', NULL, NULL, NULL, NULL, NULL),
(578, NULL, '2016-05-28 11:14:45', 26, NULL, NULL, 9, '2016-05-28 07:13:16', '16/INV-SLSR/V/11', NULL, NULL, NULL, NULL, NULL, NULL, 2, 3, 2, 2200, '1000000', '0', '0', '0', 2, 50, 0, 0, NULL, NULL, 1, NULL, NULL, NULL),
(579, NULL, '2016-05-28 11:15:25', 19, NULL, NULL, 9, '2016-05-22 21:06:03', '16/INV-SLSR/V/5', NULL, NULL, NULL, NULL, NULL, NULL, 2, 1, 3, 2200, '1000000', '0', '0', '0', 1, 50, 0, 0, NULL, NULL, 1, NULL, NULL, NULL),
(580, NULL, '2016-05-28 11:15:25', 21, NULL, NULL, 9, '2016-05-25 00:08:53', '16/INV-SLSR/V/6', NULL, NULL, NULL, NULL, NULL, NULL, 2, 1, 1, 2200, '1000000', '0', '0', '0', 2, 10, 0, 0, '2147483647', NULL, NULL, NULL, NULL, NULL),
(581, NULL, '2016-05-28 11:15:25', 22, NULL, NULL, 9, '2016-05-28 06:56:42', '16/INV-SLSR/V/7', NULL, NULL, NULL, NULL, NULL, NULL, 2, 2, 3, 2200, '1000000', '0', '0', '0', 2, 50, 0, 0, '22334455667788', NULL, NULL, NULL, NULL, NULL),
(582, NULL, '2016-05-28 11:15:25', 23, NULL, NULL, 9, '2016-05-28 07:05:32', '16/INV-SLSR/V/8', NULL, NULL, NULL, NULL, NULL, NULL, 2, 2, 5, 2200, '1000000', '0', '0', '0', 2, 50, 0, 0, '556677889900', NULL, NULL, NULL, NULL, NULL),
(583, NULL, '2016-05-28 11:15:25', 24, NULL, NULL, 9, '2016-05-28 07:06:49', '16/INV-SLSR/V/9', NULL, NULL, NULL, NULL, NULL, NULL, 2, 2, 3, 2200, '1000000', '0', '0', '0', 2, 50, 0, 0, '6677880045454754', NULL, NULL, NULL, NULL, NULL),
(584, NULL, '2016-05-28 11:15:25', 25, NULL, NULL, 9, '2016-05-28 07:10:38', '16/INV-SLSR/V/10', NULL, NULL, NULL, NULL, NULL, NULL, 2, 5, 5, 2200, '1000000', '0', '0', '0', 2, 50, 0, 0, '435347654', NULL, NULL, NULL, NULL, NULL),
(585, NULL, '2016-05-28 11:15:25', 26, NULL, NULL, 9, '2016-05-28 07:13:16', '16/INV-SLSR/V/11', NULL, NULL, NULL, NULL, NULL, NULL, 2, 3, 2, 2200, '1000000', '0', '0', '0', 2, 50, 0, 0, NULL, NULL, 1, NULL, NULL, NULL),
(586, NULL, '2016-05-28 11:19:27', 19, NULL, NULL, 9, '2016-05-22 21:06:03', '16/INV-SLSR/V/5', NULL, NULL, NULL, NULL, NULL, NULL, 2, 1, 3, 2200, '1000000', '0', '0', '0', 1, 50, 0, 0, NULL, NULL, 1, NULL, NULL, NULL),
(587, NULL, '2016-05-28 11:19:27', 21, NULL, NULL, 9, '2016-05-25 00:08:53', '16/INV-SLSR/V/6', NULL, NULL, NULL, NULL, NULL, NULL, 2, 1, 1, 2200, '1000000', '0', '0', '0', 2, 10, 0, 0, '2147483647', NULL, NULL, NULL, NULL, NULL),
(588, NULL, '2016-05-28 11:19:27', 22, NULL, NULL, 9, '2016-05-28 06:56:42', '16/INV-SLSR/V/7', NULL, NULL, NULL, NULL, NULL, NULL, 2, 2, 3, 2200, '1000000', '0', '0', '0', 2, 50, 0, 0, '22334455667788', NULL, NULL, NULL, NULL, NULL),
(589, NULL, '2016-05-28 11:19:27', 23, NULL, NULL, 9, '2016-05-28 07:05:32', '16/INV-SLSR/V/8', NULL, NULL, NULL, NULL, NULL, NULL, 2, 2, 5, 2200, '1000000', '0', '0', '0', 2, 50, 0, 0, '556677889900', NULL, NULL, NULL, NULL, NULL),
(590, NULL, '2016-05-28 11:19:27', 24, NULL, NULL, 9, '2016-05-28 07:06:49', '16/INV-SLSR/V/9', NULL, NULL, NULL, NULL, NULL, NULL, 2, 2, 3, 2200, '1000000', '0', '0', '0', 2, 50, 0, 0, '6677880045454754', NULL, NULL, NULL, NULL, NULL),
(591, NULL, '2016-05-28 11:19:27', 25, NULL, NULL, 9, '2016-05-28 07:10:38', '16/INV-SLSR/V/10', NULL, NULL, NULL, NULL, NULL, NULL, 2, 5, 5, 2200, '1000000', '0', '0', '0', 2, 50, 0, 0, '435347654', NULL, NULL, NULL, NULL, NULL),
(592, NULL, '2016-05-28 11:19:27', 26, NULL, NULL, 9, '2016-05-28 07:13:16', '16/INV-SLSR/V/11', NULL, NULL, NULL, NULL, NULL, NULL, 2, 3, 2, 2200, '1000000', '0', '0', '0', 2, 50, 0, 0, NULL, NULL, 1, NULL, NULL, NULL),
(593, NULL, '2016-05-28 11:19:31', 19, NULL, NULL, 9, '2016-05-22 21:06:03', '16/INV-SLSR/V/5', NULL, NULL, NULL, NULL, NULL, NULL, 2, 1, 3, 2200, '1000000', '0', '0', '0', 1, 50, 0, 0, NULL, NULL, 1, NULL, NULL, NULL),
(594, NULL, '2016-05-28 11:19:31', 21, NULL, NULL, 9, '2016-05-25 00:08:53', '16/INV-SLSR/V/6', NULL, NULL, NULL, NULL, NULL, NULL, 2, 1, 1, 2200, '1000000', '0', '0', '0', 2, 10, 0, 0, '2147483647', NULL, NULL, NULL, NULL, NULL),
(595, NULL, '2016-05-28 11:19:31', 22, NULL, NULL, 9, '2016-05-28 06:56:42', '16/INV-SLSR/V/7', NULL, NULL, NULL, NULL, NULL, NULL, 2, 2, 3, 2200, '1000000', '0', '0', '0', 2, 50, 0, 0, '22334455667788', NULL, NULL, NULL, NULL, NULL),
(596, NULL, '2016-05-28 11:19:31', 23, NULL, NULL, 9, '2016-05-28 07:05:32', '16/INV-SLSR/V/8', NULL, NULL, NULL, NULL, NULL, NULL, 2, 2, 5, 2200, '1000000', '0', '0', '0', 2, 50, 0, 0, '556677889900', NULL, NULL, NULL, NULL, NULL),
(597, NULL, '2016-05-28 11:19:31', 24, NULL, NULL, 9, '2016-05-28 07:06:49', '16/INV-SLSR/V/9', NULL, NULL, NULL, NULL, NULL, NULL, 2, 2, 3, 2200, '1000000', '0', '0', '0', 2, 50, 0, 0, '6677880045454754', NULL, NULL, NULL, NULL, NULL),
(598, NULL, '2016-05-28 11:19:31', 25, NULL, NULL, 9, '2016-05-28 07:10:38', '16/INV-SLSR/V/10', NULL, NULL, NULL, NULL, NULL, NULL, 2, 5, 5, 2200, '1000000', '0', '0', '0', 2, 50, 0, 0, '435347654', NULL, NULL, NULL, NULL, NULL),
(599, NULL, '2016-05-28 11:19:31', 26, NULL, NULL, 9, '2016-05-28 07:13:16', '16/INV-SLSR/V/11', NULL, NULL, NULL, NULL, NULL, NULL, 2, 3, 2, 2200, '1000000', '0', '0', '0', 2, 50, 0, 0, NULL, NULL, 1, NULL, NULL, NULL),
(600, NULL, '2016-05-28 11:24:45', 15, NULL, NULL, 4, '2016-05-13 15:05:44', '16/INV-SLS/V/1', NULL, NULL, NULL, NULL, NULL, NULL, 3, 2, 4, 5000, '4120000', '0', '0', '0', 1, 100, 0, 0, NULL, NULL, NULL, NULL, NULL, NULL),
(601, NULL, '2016-05-28 11:24:49', 15, NULL, NULL, 4, '2016-05-13 15:05:44', '16/INV-SLS/V/1', NULL, NULL, NULL, NULL, NULL, NULL, 3, 2, 4, 5000, '4120000', '0', '0', '0', 1, 100, 0, 0, NULL, NULL, NULL, NULL, NULL, NULL),
(602, NULL, '2016-05-28 11:46:33', 19, NULL, NULL, 9, '2016-05-22 21:06:03', '16/INV-SLSR/V/5', NULL, NULL, NULL, NULL, NULL, NULL, 2, 1, 3, 2200, '1000000', '0', '0', '0', 1, 50, 0, 0, NULL, NULL, 1, NULL, NULL, NULL),
(603, NULL, '2016-05-28 11:46:33', 21, NULL, NULL, 9, '2016-05-25 00:08:53', '16/INV-SLSR/V/6', NULL, NULL, NULL, NULL, NULL, NULL, 2, 1, 1, 2200, '1000000', '0', '0', '0', 2, 10, 0, 0, '2147483647', NULL, NULL, NULL, NULL, NULL),
(604, NULL, '2016-05-28 11:46:33', 22, NULL, NULL, 9, '2016-05-28 06:56:42', '16/INV-SLSR/V/7', NULL, NULL, NULL, NULL, NULL, NULL, 2, 2, 3, 2200, '1000000', '0', '0', '0', 2, 50, 0, 0, '22334455667788', NULL, NULL, NULL, NULL, NULL),
(605, NULL, '2016-05-28 11:46:33', 23, NULL, NULL, 9, '2016-05-28 07:05:32', '16/INV-SLSR/V/8', NULL, NULL, NULL, NULL, NULL, NULL, 2, 2, 5, 2200, '1000000', '0', '0', '0', 2, 50, 0, 0, '556677889900', NULL, NULL, NULL, NULL, NULL),
(606, NULL, '2016-05-28 11:46:33', 24, NULL, NULL, 9, '2016-05-28 07:06:49', '16/INV-SLSR/V/9', NULL, NULL, NULL, NULL, NULL, NULL, 2, 2, 3, 2200, '1000000', '0', '0', '0', 2, 50, 0, 0, '6677880045454754', NULL, NULL, NULL, NULL, NULL),
(607, NULL, '2016-05-28 11:46:33', 25, NULL, NULL, 9, '2016-05-28 07:10:38', '16/INV-SLSR/V/10', NULL, NULL, NULL, NULL, NULL, NULL, 2, 5, 5, 2200, '1000000', '0', '0', '0', 2, 50, 0, 0, '435347654', NULL, NULL, NULL, NULL, NULL),
(608, NULL, '2016-05-28 11:46:33', 26, NULL, NULL, 9, '2016-05-28 07:13:16', '16/INV-SLSR/V/11', NULL, NULL, NULL, NULL, NULL, NULL, 2, 3, 2, 2200, '1000000', '0', '0', '0', 2, 50, 0, 0, NULL, NULL, 1, NULL, NULL, NULL),
(609, NULL, '2016-05-28 11:46:39', 19, NULL, NULL, 9, '2016-05-22 21:06:03', '16/INV-SLSR/V/5', NULL, NULL, NULL, NULL, NULL, NULL, 2, 1, 3, 2200, '1000000', '0', '0', '0', 1, 50, 0, 0, NULL, NULL, 1, NULL, NULL, NULL),
(610, NULL, '2016-05-29 22:26:35', 19, NULL, NULL, 9, '2016-05-22 21:06:03', '16/INV-SLSR/V/5', NULL, NULL, NULL, NULL, NULL, NULL, 2, 1, 3, 2200, '1000000', '0', '0', '0', 1, 50, 0, 0, NULL, NULL, 1, NULL, NULL, NULL),
(611, NULL, '2016-05-29 22:26:35', 21, NULL, NULL, 9, '2016-05-25 00:08:53', '16/INV-SLSR/V/6', NULL, NULL, NULL, NULL, NULL, NULL, 2, 1, 1, 2200, '1000000', '0', '0', '0', 2, 10, 0, 0, '2147483647', NULL, NULL, NULL, NULL, NULL),
(612, NULL, '2016-05-29 22:26:35', 22, NULL, NULL, 9, '2016-05-28 06:56:42', '16/INV-SLSR/V/7', NULL, NULL, NULL, NULL, NULL, NULL, 2, 2, 3, 2200, '1000000', '0', '0', '0', 2, 50, 0, 0, '22334455667788', NULL, NULL, NULL, NULL, NULL),
(613, NULL, '2016-05-29 22:26:35', 23, NULL, NULL, 9, '2016-05-28 07:05:32', '16/INV-SLSR/V/8', NULL, NULL, NULL, NULL, NULL, NULL, 2, 2, 5, 2200, '1000000', '0', '0', '0', 2, 50, 0, 0, '556677889900', NULL, NULL, NULL, NULL, NULL),
(614, NULL, '2016-05-29 22:26:35', 24, NULL, NULL, 9, '2016-05-28 07:06:49', '16/INV-SLSR/V/9', NULL, NULL, NULL, NULL, NULL, NULL, 2, 2, 3, 2200, '1000000', '0', '0', '0', 2, 50, 0, 0, '6677880045454754', NULL, NULL, NULL, NULL, NULL),
(615, NULL, '2016-05-29 22:26:35', 25, NULL, NULL, 9, '2016-05-28 07:10:38', '16/INV-SLSR/V/10', NULL, NULL, NULL, NULL, NULL, NULL, 2, 5, 5, 2200, '1000000', '0', '0', '0', 2, 50, 0, 0, '435347654', NULL, NULL, NULL, NULL, NULL),
(616, NULL, '2016-05-29 22:26:35', 26, NULL, NULL, 9, '2016-05-28 07:13:16', '16/INV-SLSR/V/11', NULL, NULL, NULL, NULL, NULL, NULL, 2, 3, 2, 2200, '1000000', '0', '0', '0', 2, 50, 0, 0, NULL, NULL, 1, NULL, NULL, NULL),
(617, NULL, '2016-05-29 22:27:26', 19, NULL, NULL, 9, '2016-05-22 21:06:03', '16/INV-SLSR/V/5', NULL, NULL, NULL, NULL, NULL, NULL, 2, 1, 3, 2200, '1000000', '0', '0', '0', 1, 50, 0, 0, NULL, NULL, 1, NULL, NULL, NULL),
(618, NULL, '2016-05-29 22:27:26', 21, NULL, NULL, 9, '2016-05-25 00:08:53', '16/INV-SLSR/V/6', NULL, NULL, NULL, NULL, NULL, NULL, 2, 1, 1, 2200, '1000000', '0', '0', '0', 2, 10, 0, 0, '2147483647', NULL, NULL, NULL, NULL, NULL),
(619, NULL, '2016-05-29 22:27:26', 22, NULL, NULL, 9, '2016-05-28 06:56:42', '16/INV-SLSR/V/7', NULL, NULL, NULL, NULL, NULL, NULL, 2, 2, 3, 2200, '1000000', '0', '0', '0', 2, 50, 0, 0, '22334455667788', NULL, NULL, NULL, NULL, NULL),
(620, NULL, '2016-05-29 22:27:26', 23, NULL, NULL, 9, '2016-05-28 07:05:32', '16/INV-SLSR/V/8', NULL, NULL, NULL, NULL, NULL, NULL, 2, 2, 5, 2200, '1000000', '0', '0', '0', 2, 50, 0, 0, '556677889900', NULL, NULL, NULL, NULL, NULL),
(621, NULL, '2016-05-29 22:27:26', 24, NULL, NULL, 9, '2016-05-28 07:06:49', '16/INV-SLSR/V/9', NULL, NULL, NULL, NULL, NULL, NULL, 2, 2, 3, 2200, '1000000', '0', '0', '0', 2, 50, 0, 0, '6677880045454754', NULL, NULL, NULL, NULL, NULL),
(622, NULL, '2016-05-29 22:27:26', 25, NULL, NULL, 9, '2016-05-28 07:10:38', '16/INV-SLSR/V/10', NULL, NULL, NULL, NULL, NULL, NULL, 2, 5, 5, 2200, '1000000', '0', '0', '0', 2, 50, 0, 0, '435347654', NULL, NULL, NULL, NULL, NULL),
(623, NULL, '2016-05-29 22:27:26', 26, NULL, NULL, 9, '2016-05-28 07:13:16', '16/INV-SLSR/V/11', NULL, NULL, NULL, NULL, NULL, NULL, 2, 3, 2, 2200, '1000000', '0', '0', '0', 2, 50, 0, 0, NULL, NULL, 1, NULL, NULL, NULL),
(624, NULL, '2016-05-30 06:09:49', 16, NULL, NULL, 5, '2016-05-13 16:21:04', '16/INV-SLSR/V/2', NULL, NULL, NULL, NULL, NULL, NULL, 1, 3, 4, 35, '30800', '0', '0', '0', 1, 100, 0, 0, NULL, NULL, NULL, NULL, NULL, NULL),
(625, NULL, '2016-05-30 07:07:03', 16, NULL, NULL, 5, '2016-05-13 16:21:04', '16/INV-SLSR/V/2', NULL, NULL, NULL, NULL, NULL, NULL, 1, 3, 4, 35, '30800', '0', '0', '0', 1, 100, 0, 0, NULL, NULL, NULL, NULL, NULL, NULL),
(626, NULL, '2016-05-30 07:07:25', 16, NULL, NULL, 5, '2016-05-13 16:21:04', '16/INV-SLSR/V/2', NULL, NULL, NULL, NULL, NULL, NULL, 1, 3, 4, 35, '30800', '0', '0', '0', 1, 100, 0, 0, NULL, NULL, NULL, NULL, NULL, NULL),
(627, NULL, '2016-05-30 07:08:16', 16, NULL, NULL, 5, '2016-05-13 16:21:04', '16/INV-SLSR/V/2', NULL, NULL, NULL, NULL, NULL, NULL, 1, 3, 4, 35, '30800', '0', '0', '0', 1, 100, 0, 0, NULL, NULL, NULL, NULL, NULL, NULL),
(628, NULL, '2016-05-30 07:09:20', 16, NULL, NULL, 5, '2016-05-13 16:21:04', '16/INV-SLSR/V/2', NULL, NULL, NULL, NULL, NULL, NULL, 1, 3, 4, 35, '30800', '0', '0', '0', 1, 100, 0, 0, NULL, NULL, NULL, NULL, NULL, NULL),
(629, NULL, '2016-05-30 07:09:36', 16, NULL, NULL, 5, '2016-05-13 16:21:04', '16/INV-SLSR/V/2', NULL, NULL, NULL, NULL, NULL, NULL, 1, 3, 4, 35, '30800', '0', '0', '0', 1, 100, 0, 0, NULL, NULL, NULL, NULL, NULL, NULL),
(630, NULL, '2016-05-30 07:10:05', 16, NULL, NULL, 5, '2016-05-13 16:21:04', '16/INV-SLSR/V/2', NULL, NULL, NULL, NULL, NULL, NULL, 1, 3, 4, 35, '30800', '0', '0', '0', 1, 100, 0, 0, NULL, NULL, NULL, NULL, NULL, NULL),
(631, NULL, '2016-05-30 07:14:05', 16, NULL, NULL, 5, '2016-05-13 16:21:04', '16/INV-SLSR/V/2', NULL, NULL, NULL, NULL, NULL, NULL, 1, 3, 4, 35, '30800', '0', '0', '0', 1, 100, 0, 0, NULL, NULL, NULL, NULL, NULL, NULL),
(632, NULL, '2016-05-30 07:27:26', 16, NULL, NULL, 5, '2016-05-13 16:21:04', '16/INV-SLSR/V/2', NULL, NULL, NULL, NULL, NULL, NULL, 1, 3, 4, 35, '30800', '0', '0', '0', 1, 100, 0, 0, NULL, NULL, NULL, NULL, NULL, NULL),
(633, NULL, '2016-05-30 07:27:53', 16, NULL, NULL, 5, '2016-05-13 16:21:04', '16/INV-SLSR/V/2', NULL, NULL, NULL, NULL, NULL, NULL, 1, 3, 4, 35, '30800', '0', '0', '0', 1, 100, 0, 0, NULL, NULL, NULL, NULL, NULL, NULL),
(634, NULL, '2016-05-30 07:28:11', 19, NULL, NULL, 9, '2016-05-22 21:06:03', '16/INV-SLSR/V/5', NULL, NULL, NULL, NULL, NULL, NULL, 2, 1, 3, 2200, '1000000', '0', '0', '0', 1, 50, 0, 0, NULL, NULL, 1, NULL, NULL, NULL),
(635, NULL, '2016-05-30 07:28:11', 21, NULL, NULL, 9, '2016-05-25 00:08:53', '16/INV-SLSR/V/6', NULL, NULL, NULL, NULL, NULL, NULL, 2, 1, 1, 2200, '1000000', '0', '0', '0', 2, 10, 0, 0, '2147483647', NULL, NULL, NULL, NULL, NULL),
(636, NULL, '2016-05-30 07:28:11', 22, NULL, NULL, 9, '2016-05-28 06:56:42', '16/INV-SLSR/V/7', NULL, NULL, NULL, NULL, NULL, NULL, 2, 2, 3, 2200, '1000000', '0', '0', '0', 2, 50, 0, 0, '22334455667788', NULL, NULL, NULL, NULL, NULL),
(637, NULL, '2016-05-30 07:28:11', 23, NULL, NULL, 9, '2016-05-28 07:05:32', '16/INV-SLSR/V/8', NULL, NULL, NULL, NULL, NULL, NULL, 2, 2, 5, 2200, '1000000', '0', '0', '0', 2, 50, 0, 0, '556677889900', NULL, NULL, NULL, NULL, NULL),
(638, NULL, '2016-05-30 07:28:11', 24, NULL, NULL, 9, '2016-05-28 07:06:49', '16/INV-SLSR/V/9', NULL, NULL, NULL, NULL, NULL, NULL, 2, 2, 3, 2200, '1000000', '0', '0', '0', 2, 50, 0, 0, '6677880045454754', NULL, NULL, NULL, NULL, NULL),
(639, NULL, '2016-05-30 07:28:11', 25, NULL, NULL, 9, '2016-05-28 07:10:38', '16/INV-SLSR/V/10', NULL, NULL, NULL, NULL, NULL, NULL, 2, 5, 5, 2200, '1000000', '0', '0', '0', 2, 50, 0, 0, '435347654', NULL, NULL, NULL, NULL, NULL),
(640, NULL, '2016-05-30 07:28:11', 26, NULL, NULL, 9, '2016-05-28 07:13:16', '16/INV-SLSR/V/11', NULL, NULL, NULL, NULL, NULL, NULL, 2, 3, 2, 2200, '1000000', '0', '0', '0', 2, 50, 0, 0, NULL, NULL, 1, NULL, NULL, NULL),
(641, NULL, '2016-05-30 07:39:26', 19, NULL, NULL, 9, '2016-05-22 21:06:03', '16/INV-SLSR/V/5', NULL, NULL, NULL, NULL, NULL, NULL, 2, 1, 3, 2200, '1000000', '0', '0', '0', 1, 50, 0, 0, NULL, NULL, 1, NULL, NULL, NULL),
(642, NULL, '2016-05-30 07:39:26', 21, NULL, NULL, 9, '2016-05-25 00:08:53', '16/INV-SLSR/V/6', NULL, NULL, NULL, NULL, NULL, NULL, 2, 1, 1, 2200, '1000000', '0', '0', '0', 2, 10, 0, 0, '2147483647', NULL, NULL, NULL, NULL, NULL),
(643, NULL, '2016-05-30 07:39:26', 22, NULL, NULL, 9, '2016-05-28 06:56:42', '16/INV-SLSR/V/7', NULL, NULL, NULL, NULL, NULL, NULL, 2, 2, 3, 2200, '1000000', '0', '0', '0', 2, 50, 0, 0, '22334455667788', NULL, NULL, NULL, NULL, NULL),
(644, NULL, '2016-05-30 07:39:26', 23, NULL, NULL, 9, '2016-05-28 07:05:32', '16/INV-SLSR/V/8', NULL, NULL, NULL, NULL, NULL, NULL, 2, 2, 5, 2200, '1000000', '0', '0', '0', 2, 50, 0, 0, '556677889900', NULL, NULL, NULL, NULL, NULL),
(645, NULL, '2016-05-30 07:39:26', 24, NULL, NULL, 9, '2016-05-28 07:06:49', '16/INV-SLSR/V/9', NULL, NULL, NULL, NULL, NULL, NULL, 2, 2, 3, 2200, '1000000', '0', '0', '0', 2, 50, 0, 0, '6677880045454754', NULL, NULL, NULL, NULL, NULL),
(646, NULL, '2016-05-30 07:39:26', 25, NULL, NULL, 9, '2016-05-28 07:10:38', '16/INV-SLSR/V/10', NULL, NULL, NULL, NULL, NULL, NULL, 2, 5, 5, 2200, '1000000', '0', '0', '0', 2, 50, 0, 0, '435347654', NULL, NULL, NULL, NULL, NULL),
(647, NULL, '2016-05-30 07:39:26', 26, NULL, NULL, 9, '2016-05-28 07:13:16', '16/INV-SLSR/V/11', NULL, NULL, NULL, NULL, NULL, NULL, 2, 3, 2, 2200, '1000000', '0', '0', '0', 2, 50, 0, 0, NULL, NULL, 1, NULL, NULL, NULL),
(648, NULL, '2016-05-30 07:41:03', 19, NULL, NULL, 9, '2016-05-22 21:06:03', '16/INV-SLSR/V/5', NULL, NULL, NULL, NULL, NULL, NULL, 2, 1, 3, 2200, '1000000', '0', '0', '0', 1, 50, 0, 0, NULL, NULL, 1, NULL, NULL, NULL),
(649, NULL, '2016-05-30 07:41:03', 21, NULL, NULL, 9, '2016-05-25 00:08:53', '16/INV-SLSR/V/6', NULL, NULL, NULL, NULL, NULL, NULL, 2, 1, 1, 2200, '1000000', '0', '0', '0', 2, 10, 0, 0, '2147483647', NULL, NULL, NULL, NULL, NULL),
(650, NULL, '2016-05-30 07:41:03', 22, NULL, NULL, 9, '2016-05-28 06:56:42', '16/INV-SLSR/V/7', NULL, NULL, NULL, NULL, NULL, NULL, 2, 2, 3, 2200, '1000000', '0', '0', '0', 2, 50, 0, 0, '22334455667788', NULL, NULL, NULL, NULL, NULL),
(651, NULL, '2016-05-30 07:41:03', 23, NULL, NULL, 9, '2016-05-28 07:05:32', '16/INV-SLSR/V/8', NULL, NULL, NULL, NULL, NULL, NULL, 2, 2, 5, 2200, '1000000', '0', '0', '0', 2, 50, 0, 0, '556677889900', NULL, NULL, NULL, NULL, NULL),
(652, NULL, '2016-05-30 07:41:03', 24, NULL, NULL, 9, '2016-05-28 07:06:49', '16/INV-SLSR/V/9', NULL, NULL, NULL, NULL, NULL, NULL, 2, 2, 3, 2200, '1000000', '0', '0', '0', 2, 50, 0, 0, '6677880045454754', NULL, NULL, NULL, NULL, NULL),
(653, NULL, '2016-05-30 07:41:03', 25, NULL, NULL, 9, '2016-05-28 07:10:38', '16/INV-SLSR/V/10', NULL, NULL, NULL, NULL, NULL, NULL, 2, 5, 5, 2200, '1000000', '0', '0', '0', 2, 50, 0, 0, '435347654', NULL, NULL, NULL, NULL, NULL),
(654, NULL, '2016-05-30 07:41:03', 26, NULL, NULL, 9, '2016-05-28 07:13:16', '16/INV-SLSR/V/11', NULL, NULL, NULL, NULL, NULL, NULL, 2, 3, 2, 2200, '1000000', '0', '0', '0', 2, 50, 0, 0, NULL, NULL, 1, NULL, NULL, NULL),
(655, NULL, '2016-05-30 07:44:15', 19, NULL, NULL, 9, '2016-05-22 21:06:03', '16/INV-SLSR/V/5', NULL, NULL, NULL, NULL, NULL, NULL, 2, 1, 3, 2200, '1000000', '0', '0', '0', 1, 50, 0, 0, NULL, NULL, 1, NULL, NULL, NULL),
(656, NULL, '2016-05-30 07:44:15', 21, NULL, NULL, 9, '2016-05-25 00:08:53', '16/INV-SLSR/V/6', NULL, NULL, NULL, NULL, NULL, NULL, 2, 1, 1, 2200, '1000000', '0', '0', '0', 2, 10, 0, 0, '2147483647', NULL, NULL, NULL, NULL, NULL),
(657, NULL, '2016-05-30 07:44:15', 22, NULL, NULL, 9, '2016-05-28 06:56:42', '16/INV-SLSR/V/7', NULL, NULL, NULL, NULL, NULL, NULL, 2, 2, 3, 2200, '1000000', '0', '0', '0', 2, 50, 0, 0, '22334455667788', NULL, NULL, NULL, NULL, NULL),
(658, NULL, '2016-05-30 07:44:15', 23, NULL, NULL, 9, '2016-05-28 07:05:32', '16/INV-SLSR/V/8', NULL, NULL, NULL, NULL, NULL, NULL, 2, 2, 5, 2200, '1000000', '0', '0', '0', 2, 50, 0, 0, '556677889900', NULL, NULL, NULL, NULL, NULL),
(659, NULL, '2016-05-30 07:44:15', 24, NULL, NULL, 9, '2016-05-28 07:06:49', '16/INV-SLSR/V/9', NULL, NULL, NULL, NULL, NULL, NULL, 2, 2, 3, 2200, '1000000', '0', '0', '0', 2, 50, 0, 0, '6677880045454754', NULL, NULL, NULL, NULL, NULL),
(660, NULL, '2016-05-30 07:44:15', 25, NULL, NULL, 9, '2016-05-28 07:10:38', '16/INV-SLSR/V/10', NULL, NULL, NULL, NULL, NULL, NULL, 2, 5, 5, 2200, '1000000', '0', '0', '0', 2, 50, 0, 0, '435347654', NULL, NULL, NULL, NULL, NULL),
(661, NULL, '2016-05-30 07:44:15', 26, NULL, NULL, 9, '2016-05-28 07:13:16', '16/INV-SLSR/V/11', NULL, NULL, NULL, NULL, NULL, NULL, 2, 3, 2, 2200, '1000000', '0', '0', '0', 2, 50, 0, 0, NULL, NULL, 1, NULL, NULL, NULL),
(662, NULL, '2016-05-30 07:44:41', 19, NULL, NULL, 9, '2016-05-22 21:06:03', '16/INV-SLSR/V/5', NULL, NULL, NULL, NULL, NULL, NULL, 2, 1, 3, 2200, '1000000', '0', '0', '0', 1, 50, 0, 0, NULL, NULL, 1, NULL, NULL, NULL),
(663, NULL, '2016-05-30 07:44:41', 21, NULL, NULL, 9, '2016-05-25 00:08:53', '16/INV-SLSR/V/6', NULL, NULL, NULL, NULL, NULL, NULL, 2, 1, 1, 2200, '1000000', '0', '0', '0', 2, 10, 0, 0, '2147483647', NULL, NULL, NULL, NULL, NULL),
(664, NULL, '2016-05-30 07:44:41', 22, NULL, NULL, 9, '2016-05-28 06:56:42', '16/INV-SLSR/V/7', NULL, NULL, NULL, NULL, NULL, NULL, 2, 2, 3, 2200, '1000000', '0', '0', '0', 2, 50, 0, 0, '22334455667788', NULL, NULL, NULL, NULL, NULL),
(665, NULL, '2016-05-30 07:44:41', 23, NULL, NULL, 9, '2016-05-28 07:05:32', '16/INV-SLSR/V/8', NULL, NULL, NULL, NULL, NULL, NULL, 2, 2, 5, 2200, '1000000', '0', '0', '0', 2, 50, 0, 0, '556677889900', NULL, NULL, NULL, NULL, NULL),
(666, NULL, '2016-05-30 07:44:41', 24, NULL, NULL, 9, '2016-05-28 07:06:49', '16/INV-SLSR/V/9', NULL, NULL, NULL, NULL, NULL, NULL, 2, 2, 3, 2200, '1000000', '0', '0', '0', 2, 50, 0, 0, '6677880045454754', NULL, NULL, NULL, NULL, NULL),
(667, NULL, '2016-05-30 07:44:41', 25, NULL, NULL, 9, '2016-05-28 07:10:38', '16/INV-SLSR/V/10', NULL, NULL, NULL, NULL, NULL, NULL, 2, 5, 5, 2200, '1000000', '0', '0', '0', 2, 50, 0, 0, '435347654', NULL, NULL, NULL, NULL, NULL);
INSERT INTO `kps_invoice_` (`KPS_INVOICE_ID_`, `KPS_INVOICE_STATUS_VIEW_BY_DIREKTUR`, `UPDATE_TIME`, `KPS_INVOICE_ID`, `invoice_type_id`, `customer_id`, `INVOICE_INDUK_ID_inv`, `DATE_INVO`, `NO_INVO`, `KPS_NO_INVOICE_FAKTUR_PAJAK`, `REV_NO_INVO`, `TOTAL_1_INVO`, `TOTAL_2_INVO`, `TOTAL_3_INVO`, `TOTAL_4_INVO`, `PREPARED_INVO`, `CHECKED_INVO`, `APPROVED_INVO`, `total_qty`, `total_amount`, `total_dp_or_vat`, `total_ppn_or_tax`, `total_all`, `term`, `KPS_INVOICE_DP`, `MADE_BY`, `UPDATE_BY`, `KPS_INVOICE_NOMOR_PENGGANTI`, `KPS_INVOICE_STATUS_APP_DELETE_DIREKTUR`, `KPS_INVOICE_STATUS_PRINT`, `KPS_INVOICE_APP_DELETE_CHANGE_NUMBER`, `KPS_INVOICE_APP_DELETE_NORMALY`, `KPS_INVOICE_FLAG_DELETE`) VALUES
(668, NULL, '2016-05-30 07:44:41', 26, NULL, NULL, 9, '2016-05-28 07:13:16', '16/INV-SLSR/V/11', NULL, NULL, NULL, NULL, NULL, NULL, 2, 3, 2, 2200, '1000000', '0', '0', '0', 2, 50, 0, 0, NULL, NULL, 1, NULL, NULL, NULL),
(669, NULL, '2016-05-30 07:46:37', 19, NULL, NULL, 9, '2016-05-22 21:06:03', '16/INV-SLSR/V/5', NULL, NULL, NULL, NULL, NULL, NULL, 2, 1, 3, 2200, '1000000', '0', '0', '0', 1, 50, 0, 0, NULL, NULL, 1, NULL, NULL, NULL),
(670, NULL, '2016-05-30 07:46:37', 21, NULL, NULL, 9, '2016-05-25 00:08:53', '16/INV-SLSR/V/6', NULL, NULL, NULL, NULL, NULL, NULL, 2, 1, 1, 2200, '1000000', '0', '0', '0', 2, 10, 0, 0, '2147483647', NULL, NULL, NULL, NULL, NULL),
(671, NULL, '2016-05-30 07:46:37', 22, NULL, NULL, 9, '2016-05-28 06:56:42', '16/INV-SLSR/V/7', NULL, NULL, NULL, NULL, NULL, NULL, 2, 2, 3, 2200, '1000000', '0', '0', '0', 2, 50, 0, 0, '22334455667788', NULL, NULL, NULL, NULL, NULL),
(672, NULL, '2016-05-30 07:46:37', 23, NULL, NULL, 9, '2016-05-28 07:05:32', '16/INV-SLSR/V/8', NULL, NULL, NULL, NULL, NULL, NULL, 2, 2, 5, 2200, '1000000', '0', '0', '0', 2, 50, 0, 0, '556677889900', NULL, NULL, NULL, NULL, NULL),
(673, NULL, '2016-05-30 07:46:37', 24, NULL, NULL, 9, '2016-05-28 07:06:49', '16/INV-SLSR/V/9', NULL, NULL, NULL, NULL, NULL, NULL, 2, 2, 3, 2200, '1000000', '0', '0', '0', 2, 50, 0, 0, '6677880045454754', NULL, NULL, NULL, NULL, NULL),
(674, NULL, '2016-05-30 07:46:37', 25, NULL, NULL, 9, '2016-05-28 07:10:38', '16/INV-SLSR/V/10', NULL, NULL, NULL, NULL, NULL, NULL, 2, 5, 5, 2200, '1000000', '0', '0', '0', 2, 50, 0, 0, '435347654', NULL, NULL, NULL, NULL, NULL),
(675, NULL, '2016-05-30 07:46:37', 26, NULL, NULL, 9, '2016-05-28 07:13:16', '16/INV-SLSR/V/11', NULL, NULL, NULL, NULL, NULL, NULL, 2, 3, 2, 2200, '1000000', '0', '0', '0', 2, 50, 0, 0, NULL, NULL, 1, NULL, NULL, NULL),
(676, NULL, '2016-05-30 07:55:37', 19, NULL, NULL, 9, '2016-05-22 21:06:03', '16/INV-SLSR/V/5', NULL, NULL, NULL, NULL, NULL, NULL, 2, 1, 3, 2200, '1000000', '0', '0', '0', 1, 50, 0, 2, NULL, NULL, 1, NULL, NULL, NULL),
(677, NULL, '2016-05-30 07:55:37', 21, NULL, NULL, 9, '2016-05-25 00:08:53', '16/INV-SLSR/V/6', NULL, NULL, NULL, NULL, NULL, NULL, 2, 1, 1, 2200, '1000000', '0', '0', '0', 2, 10, 0, 2, '2147483647', NULL, NULL, NULL, NULL, NULL),
(678, NULL, '2016-05-30 07:55:37', 22, NULL, NULL, 9, '2016-05-28 06:56:42', '16/INV-SLSR/V/7', NULL, NULL, NULL, NULL, NULL, NULL, 2, 2, 3, 2200, '1000000', '0', '0', '0', 2, 50, 0, 2, '22334455667788', NULL, NULL, NULL, NULL, NULL),
(679, NULL, '2016-05-30 07:55:37', 23, NULL, NULL, 9, '2016-05-28 07:05:32', '16/INV-SLSR/V/8', NULL, NULL, NULL, NULL, NULL, NULL, 2, 2, 5, 2200, '1000000', '0', '0', '0', 2, 50, 0, 2, '556677889900', NULL, NULL, NULL, NULL, NULL),
(680, NULL, '2016-05-30 07:55:37', 24, NULL, NULL, 9, '2016-05-28 07:06:49', '16/INV-SLSR/V/9', NULL, NULL, NULL, NULL, NULL, NULL, 2, 2, 3, 2200, '1000000', '0', '0', '0', 2, 50, 0, 2, '6677880045454754', NULL, NULL, NULL, NULL, NULL),
(681, NULL, '2016-05-30 07:55:37', 25, NULL, NULL, 9, '2016-05-28 07:10:38', '16/INV-SLSR/V/10', NULL, NULL, NULL, NULL, NULL, NULL, 2, 5, 5, 2200, '1000000', '0', '0', '0', 2, 50, 0, 2, '435347654', NULL, NULL, NULL, NULL, NULL),
(682, NULL, '2016-05-30 07:55:37', 26, NULL, NULL, 9, '2016-05-28 07:13:16', '16/INV-SLSR/V/11', NULL, NULL, NULL, NULL, NULL, NULL, 2, 3, 2, 2200, '1000000', '0', '0', '0', 2, 50, 0, 2, NULL, NULL, 1, NULL, NULL, NULL),
(683, NULL, '2016-05-30 08:05:29', 16, NULL, NULL, 5, '2016-05-13 16:21:04', '16/INV-SLSR/V/2', NULL, NULL, NULL, NULL, NULL, NULL, 1, 3, 4, 35, '30800', '0', '0', '0', 1, 100, 0, 1, NULL, NULL, NULL, NULL, NULL, NULL),
(684, NULL, '2016-05-30 08:11:36', 19, NULL, NULL, 9, '2016-05-22 21:06:03', '16/INV-SLSR/V/5', NULL, NULL, NULL, NULL, NULL, NULL, 2, 1, 3, 2200, '1000000', '0', '0', '0', 1, 50, 0, 2, NULL, NULL, 1, NULL, NULL, NULL),
(685, NULL, '2016-05-30 08:11:36', 21, NULL, NULL, 9, '2016-05-25 00:08:53', '16/INV-SLSR/V/6', NULL, NULL, NULL, NULL, NULL, NULL, 2, 1, 1, 2200, '1000000', '0', '0', '0', 2, 10, 0, 2, '2147483647', NULL, NULL, NULL, NULL, NULL),
(686, NULL, '2016-05-30 08:11:36', 22, NULL, NULL, 9, '2016-05-28 06:56:42', '16/INV-SLSR/V/7', NULL, NULL, NULL, NULL, NULL, NULL, 2, 2, 3, 2200, '1000000', '0', '0', '0', 2, 50, 0, 2, '22334455667788', NULL, NULL, NULL, NULL, NULL),
(687, NULL, '2016-05-30 08:11:36', 23, NULL, NULL, 9, '2016-05-28 07:05:32', '16/INV-SLSR/V/8', NULL, NULL, NULL, NULL, NULL, NULL, 2, 2, 5, 2200, '1000000', '0', '0', '0', 2, 50, 0, 2, '556677889900', NULL, NULL, NULL, NULL, NULL),
(688, NULL, '2016-05-30 08:11:36', 24, NULL, NULL, 9, '2016-05-28 07:06:49', '16/INV-SLSR/V/9', NULL, NULL, NULL, NULL, NULL, NULL, 2, 2, 3, 2200, '1000000', '0', '0', '0', 2, 50, 0, 2, '6677880045454754', NULL, NULL, NULL, NULL, NULL),
(689, NULL, '2016-05-30 08:11:36', 25, NULL, NULL, 9, '2016-05-28 07:10:38', '16/INV-SLSR/V/10', NULL, NULL, NULL, NULL, NULL, NULL, 2, 5, 5, 2200, '1000000', '0', '0', '0', 2, 50, 0, 2, '435347654', NULL, NULL, NULL, NULL, NULL),
(690, NULL, '2016-05-30 08:11:36', 26, NULL, NULL, 9, '2016-05-28 07:13:16', '16/INV-SLSR/V/11', NULL, NULL, NULL, NULL, NULL, NULL, 2, 3, 2, 2200, '1000000', '0', '0', '0', 2, 50, 0, 2, NULL, NULL, 1, NULL, NULL, NULL),
(691, NULL, '2016-05-30 08:21:23', 19, NULL, NULL, 9, '2016-05-22 21:06:03', '16/INV-SLSR/V/5', NULL, NULL, NULL, NULL, NULL, NULL, 2, 1, 3, 2200, '1000000', '0', '0', '0', 1, 50, 0, 2, NULL, NULL, 1, NULL, NULL, NULL),
(692, NULL, '2016-05-30 08:21:23', 21, NULL, NULL, 9, '2016-05-25 00:08:53', '16/INV-SLSR/V/6', NULL, NULL, NULL, NULL, NULL, NULL, 2, 1, 1, 2200, '1000000', '0', '0', '0', 2, 10, 0, 2, '2147483647', NULL, NULL, NULL, NULL, NULL),
(693, NULL, '2016-05-30 08:21:23', 22, NULL, NULL, 9, '2016-05-28 06:56:42', '16/INV-SLSR/V/7', NULL, NULL, NULL, NULL, NULL, NULL, 2, 2, 3, 2200, '1000000', '0', '0', '0', 2, 50, 0, 2, '22334455667788', NULL, NULL, NULL, NULL, NULL),
(694, NULL, '2016-05-30 08:21:23', 23, NULL, NULL, 9, '2016-05-28 07:05:32', '16/INV-SLSR/V/8', NULL, NULL, NULL, NULL, NULL, NULL, 2, 2, 5, 2200, '1000000', '0', '0', '0', 2, 50, 0, 2, '556677889900', NULL, NULL, NULL, NULL, NULL),
(695, NULL, '2016-05-30 08:21:23', 24, NULL, NULL, 9, '2016-05-28 07:06:49', '16/INV-SLSR/V/9', NULL, NULL, NULL, NULL, NULL, NULL, 2, 2, 3, 2200, '1000000', '0', '0', '0', 2, 50, 0, 2, '6677880045454754', NULL, NULL, NULL, NULL, NULL),
(696, NULL, '2016-05-30 08:21:23', 25, NULL, NULL, 9, '2016-05-28 07:10:38', '16/INV-SLSR/V/10', NULL, NULL, NULL, NULL, NULL, NULL, 2, 5, 5, 2200, '1000000', '0', '0', '0', 2, 50, 0, 2, '435347654', NULL, NULL, NULL, NULL, NULL),
(697, NULL, '2016-05-30 08:21:23', 26, NULL, NULL, 9, '2016-05-28 07:13:16', '16/INV-SLSR/V/11', NULL, NULL, NULL, NULL, NULL, NULL, 2, 3, 2, 2200, '1000000', '0', '0', '0', 2, 50, 0, 2, NULL, NULL, 1, NULL, NULL, NULL),
(698, NULL, '2016-05-30 08:22:03', 19, NULL, NULL, 9, '2016-05-22 21:06:03', '16/INV-SLSR/V/5', NULL, NULL, NULL, NULL, NULL, NULL, 2, 1, 3, 2200, '1000000', '0', '0', '0', 1, 50, 0, 2, NULL, NULL, 1, NULL, NULL, NULL),
(699, NULL, '2016-05-30 08:22:03', 21, NULL, NULL, 9, '2016-05-25 00:08:53', '16/INV-SLSR/V/6', NULL, NULL, NULL, NULL, NULL, NULL, 2, 1, 1, 2200, '1000000', '0', '0', '0', 2, 10, 0, 2, '2147483647', NULL, NULL, NULL, NULL, NULL),
(700, NULL, '2016-05-30 08:22:03', 22, NULL, NULL, 9, '2016-05-28 06:56:42', '16/INV-SLSR/V/7', NULL, NULL, NULL, NULL, NULL, NULL, 2, 2, 3, 2200, '1000000', '0', '0', '0', 2, 50, 0, 2, '22334455667788', NULL, NULL, NULL, NULL, NULL),
(701, NULL, '2016-05-30 08:22:03', 23, NULL, NULL, 9, '2016-05-28 07:05:32', '16/INV-SLSR/V/8', NULL, NULL, NULL, NULL, NULL, NULL, 2, 2, 5, 2200, '1000000', '0', '0', '0', 2, 50, 0, 2, '556677889900', NULL, NULL, NULL, NULL, NULL),
(702, NULL, '2016-05-30 08:22:03', 24, NULL, NULL, 9, '2016-05-28 07:06:49', '16/INV-SLSR/V/9', NULL, NULL, NULL, NULL, NULL, NULL, 2, 2, 3, 2200, '1000000', '0', '0', '0', 2, 50, 0, 2, '6677880045454754', NULL, NULL, NULL, NULL, NULL),
(703, NULL, '2016-05-30 08:22:03', 25, NULL, NULL, 9, '2016-05-28 07:10:38', '16/INV-SLSR/V/10', NULL, NULL, NULL, NULL, NULL, NULL, 2, 5, 5, 2200, '1000000', '0', '0', '0', 2, 50, 0, 2, '435347654', NULL, NULL, NULL, NULL, NULL),
(704, NULL, '2016-05-30 08:22:03', 26, NULL, NULL, 9, '2016-05-28 07:13:16', '16/INV-SLSR/V/11', NULL, NULL, NULL, NULL, NULL, NULL, 2, 3, 2, 2200, '1000000', '0', '0', '0', 2, 50, 0, 2, NULL, NULL, 1, NULL, NULL, NULL),
(705, NULL, '2016-05-30 08:25:37', 19, NULL, NULL, 9, '2016-05-22 21:06:03', '16/INV-SLSR/V/5', NULL, NULL, NULL, NULL, NULL, NULL, 2, 1, 3, 2200, '1000000', '0', '0', '0', 1, 50, 0, 2, NULL, NULL, 1, NULL, NULL, NULL),
(706, NULL, '2016-05-30 08:25:37', 21, NULL, NULL, 9, '2016-05-25 00:08:53', '16/INV-SLSR/V/6', NULL, NULL, NULL, NULL, NULL, NULL, 2, 1, 1, 2200, '1000000', '0', '0', '0', 2, 10, 0, 2, '2147483647', NULL, NULL, NULL, NULL, NULL),
(707, NULL, '2016-05-30 08:25:37', 22, NULL, NULL, 9, '2016-05-28 06:56:42', '16/INV-SLSR/V/7', NULL, NULL, NULL, NULL, NULL, NULL, 2, 2, 3, 2200, '1000000', '0', '0', '0', 2, 50, 0, 2, '22334455667788', NULL, NULL, NULL, NULL, NULL),
(708, NULL, '2016-05-30 08:25:37', 23, NULL, NULL, 9, '2016-05-28 07:05:32', '16/INV-SLSR/V/8', NULL, NULL, NULL, NULL, NULL, NULL, 2, 2, 5, 2200, '1000000', '0', '0', '0', 2, 50, 0, 2, '556677889900', NULL, NULL, NULL, NULL, NULL),
(709, NULL, '2016-05-30 08:25:37', 24, NULL, NULL, 9, '2016-05-28 07:06:49', '16/INV-SLSR/V/9', NULL, NULL, NULL, NULL, NULL, NULL, 2, 2, 3, 2200, '1000000', '0', '0', '0', 2, 50, 0, 2, '6677880045454754', NULL, NULL, NULL, NULL, NULL),
(710, NULL, '2016-05-30 08:25:37', 25, NULL, NULL, 9, '2016-05-28 07:10:38', '16/INV-SLSR/V/10', NULL, NULL, NULL, NULL, NULL, NULL, 2, 5, 5, 2200, '1000000', '0', '0', '0', 2, 50, 0, 2, '435347654', NULL, NULL, NULL, NULL, NULL),
(711, NULL, '2016-05-30 08:25:37', 26, NULL, NULL, 9, '2016-05-28 07:13:16', '16/INV-SLSR/V/11', NULL, NULL, NULL, NULL, NULL, NULL, 2, 3, 2, 2200, '1000000', '0', '0', '0', 2, 50, 0, 2, NULL, NULL, 1, NULL, NULL, NULL),
(712, NULL, '2016-05-30 08:25:50', 19, NULL, NULL, 9, '2016-05-22 21:06:03', '16/INV-SLSR/V/5', NULL, NULL, NULL, NULL, NULL, NULL, 2, 1, 3, 2200, '1000000', '0', '0', '0', 1, 50, 0, 2, NULL, NULL, 1, NULL, NULL, NULL),
(713, NULL, '2016-05-30 08:25:50', 21, NULL, NULL, 9, '2016-05-25 00:08:53', '16/INV-SLSR/V/6', NULL, NULL, NULL, NULL, NULL, NULL, 2, 1, 1, 2200, '1000000', '0', '0', '0', 2, 10, 0, 2, '2147483647', NULL, NULL, NULL, NULL, NULL),
(714, NULL, '2016-05-30 08:25:50', 22, NULL, NULL, 9, '2016-05-28 06:56:42', '16/INV-SLSR/V/7', NULL, NULL, NULL, NULL, NULL, NULL, 2, 2, 3, 2200, '1000000', '0', '0', '0', 2, 50, 0, 2, '22334455667788', NULL, NULL, NULL, NULL, NULL),
(715, NULL, '2016-05-30 08:25:50', 23, NULL, NULL, 9, '2016-05-28 07:05:32', '16/INV-SLSR/V/8', NULL, NULL, NULL, NULL, NULL, NULL, 2, 2, 5, 2200, '1000000', '0', '0', '0', 2, 50, 0, 2, '556677889900', NULL, NULL, NULL, NULL, NULL),
(716, NULL, '2016-05-30 08:25:50', 24, NULL, NULL, 9, '2016-05-28 07:06:49', '16/INV-SLSR/V/9', NULL, NULL, NULL, NULL, NULL, NULL, 2, 2, 3, 2200, '1000000', '0', '0', '0', 2, 50, 0, 2, '6677880045454754', NULL, NULL, NULL, NULL, NULL),
(717, NULL, '2016-05-30 08:25:50', 25, NULL, NULL, 9, '2016-05-28 07:10:38', '16/INV-SLSR/V/10', NULL, NULL, NULL, NULL, NULL, NULL, 2, 5, 5, 2200, '1000000', '0', '0', '0', 2, 50, 0, 2, '435347654', NULL, NULL, NULL, NULL, NULL),
(718, NULL, '2016-05-30 08:25:50', 26, NULL, NULL, 9, '2016-05-28 07:13:16', '16/INV-SLSR/V/11', NULL, NULL, NULL, NULL, NULL, NULL, 2, 3, 2, 2200, '1000000', '0', '0', '0', 2, 50, 0, 2, NULL, NULL, 1, NULL, NULL, NULL),
(719, NULL, '2016-05-30 08:26:17', 19, NULL, NULL, 9, '2016-05-22 21:06:03', '16/INV-SLSR/V/5', NULL, NULL, NULL, NULL, NULL, NULL, 2, 1, 3, 2200, '1000000', '0', '0', '0', 1, 50, 0, 2, NULL, NULL, 1, NULL, NULL, NULL),
(720, NULL, '2016-05-30 08:26:17', 21, NULL, NULL, 9, '2016-05-25 00:08:53', '16/INV-SLSR/V/6', NULL, NULL, NULL, NULL, NULL, NULL, 2, 1, 1, 2200, '1000000', '0', '0', '0', 2, 10, 0, 2, '2147483647', NULL, NULL, NULL, NULL, NULL),
(721, NULL, '2016-05-30 08:26:17', 22, NULL, NULL, 9, '2016-05-28 06:56:42', '16/INV-SLSR/V/7', NULL, NULL, NULL, NULL, NULL, NULL, 2, 2, 3, 2200, '1000000', '0', '0', '0', 2, 50, 0, 2, '22334455667788', NULL, NULL, NULL, NULL, NULL),
(722, NULL, '2016-05-30 08:26:17', 23, NULL, NULL, 9, '2016-05-28 07:05:32', '16/INV-SLSR/V/8', NULL, NULL, NULL, NULL, NULL, NULL, 2, 2, 5, 2200, '1000000', '0', '0', '0', 2, 50, 0, 2, '556677889900', NULL, NULL, NULL, NULL, NULL),
(723, NULL, '2016-05-30 08:26:17', 24, NULL, NULL, 9, '2016-05-28 07:06:49', '16/INV-SLSR/V/9', NULL, NULL, NULL, NULL, NULL, NULL, 2, 2, 3, 2200, '1000000', '0', '0', '0', 2, 50, 0, 2, '6677880045454754', NULL, NULL, NULL, NULL, NULL),
(724, NULL, '2016-05-30 08:26:17', 25, NULL, NULL, 9, '2016-05-28 07:10:38', '16/INV-SLSR/V/10', NULL, NULL, NULL, NULL, NULL, NULL, 2, 5, 5, 2200, '1000000', '0', '0', '0', 2, 50, 0, 2, '435347654', NULL, NULL, NULL, NULL, NULL),
(725, NULL, '2016-05-30 08:26:17', 26, NULL, NULL, 9, '2016-05-28 07:13:16', '16/INV-SLSR/V/11', NULL, NULL, NULL, NULL, NULL, NULL, 2, 3, 2, 2200, '1000000', '0', '0', '0', 2, 50, 0, 2, NULL, NULL, 1, NULL, NULL, NULL),
(726, NULL, '2016-05-30 08:26:39', 19, NULL, NULL, 9, '2016-05-22 21:06:03', '16/INV-SLSR/V/5', NULL, NULL, NULL, NULL, NULL, NULL, 2, 1, 3, 2200, '1000000', '0', '0', '0', 1, 50, 0, 2, NULL, NULL, 1, NULL, NULL, NULL),
(727, NULL, '2016-05-30 08:26:39', 21, NULL, NULL, 9, '2016-05-25 00:08:53', '16/INV-SLSR/V/6', NULL, NULL, NULL, NULL, NULL, NULL, 2, 1, 1, 2200, '1000000', '0', '0', '0', 2, 10, 0, 2, '2147483647', NULL, NULL, NULL, NULL, NULL),
(728, NULL, '2016-05-30 08:26:39', 22, NULL, NULL, 9, '2016-05-28 06:56:42', '16/INV-SLSR/V/7', NULL, NULL, NULL, NULL, NULL, NULL, 2, 2, 3, 2200, '1000000', '0', '0', '0', 2, 50, 0, 2, '22334455667788', NULL, NULL, NULL, NULL, NULL),
(729, NULL, '2016-05-30 08:26:39', 23, NULL, NULL, 9, '2016-05-28 07:05:32', '16/INV-SLSR/V/8', NULL, NULL, NULL, NULL, NULL, NULL, 2, 2, 5, 2200, '1000000', '0', '0', '0', 2, 50, 0, 2, '556677889900', NULL, NULL, NULL, NULL, NULL),
(730, NULL, '2016-05-30 08:26:39', 24, NULL, NULL, 9, '2016-05-28 07:06:49', '16/INV-SLSR/V/9', NULL, NULL, NULL, NULL, NULL, NULL, 2, 2, 3, 2200, '1000000', '0', '0', '0', 2, 50, 0, 2, '6677880045454754', NULL, NULL, NULL, NULL, NULL),
(731, NULL, '2016-05-30 08:26:39', 25, NULL, NULL, 9, '2016-05-28 07:10:38', '16/INV-SLSR/V/10', NULL, NULL, NULL, NULL, NULL, NULL, 2, 5, 5, 2200, '1000000', '0', '0', '0', 2, 50, 0, 2, '435347654', NULL, NULL, NULL, NULL, NULL),
(732, NULL, '2016-05-30 08:26:39', 26, NULL, NULL, 9, '2016-05-28 07:13:16', '16/INV-SLSR/V/11', NULL, NULL, NULL, NULL, NULL, NULL, 2, 3, 2, 2200, '1000000', '0', '0', '0', 2, 50, 0, 2, NULL, NULL, 1, NULL, NULL, NULL),
(733, NULL, '2016-05-30 08:26:54', 19, NULL, NULL, 9, '2016-05-22 21:06:03', '16/INV-SLSR/V/5', NULL, NULL, NULL, NULL, NULL, NULL, 2, 1, 3, 2200, '1000000', '0', '0', '0', 1, 50, 0, 2, NULL, NULL, 1, NULL, NULL, NULL),
(734, NULL, '2016-05-30 08:26:54', 21, NULL, NULL, 9, '2016-05-25 00:08:53', '16/INV-SLSR/V/6', NULL, NULL, NULL, NULL, NULL, NULL, 2, 1, 1, 2200, '1000000', '0', '0', '0', 2, 10, 0, 2, '2147483647', NULL, NULL, NULL, NULL, NULL),
(735, NULL, '2016-05-30 08:26:54', 22, NULL, NULL, 9, '2016-05-28 06:56:42', '16/INV-SLSR/V/7', NULL, NULL, NULL, NULL, NULL, NULL, 2, 2, 3, 2200, '1000000', '0', '0', '0', 2, 50, 0, 2, '22334455667788', NULL, NULL, NULL, NULL, NULL),
(736, NULL, '2016-05-30 08:26:54', 23, NULL, NULL, 9, '2016-05-28 07:05:32', '16/INV-SLSR/V/8', NULL, NULL, NULL, NULL, NULL, NULL, 2, 2, 5, 2200, '1000000', '0', '0', '0', 2, 50, 0, 2, '556677889900', NULL, NULL, NULL, NULL, NULL),
(737, NULL, '2016-05-30 08:26:54', 24, NULL, NULL, 9, '2016-05-28 07:06:49', '16/INV-SLSR/V/9', NULL, NULL, NULL, NULL, NULL, NULL, 2, 2, 3, 2200, '1000000', '0', '0', '0', 2, 50, 0, 2, '6677880045454754', NULL, NULL, NULL, NULL, NULL),
(738, NULL, '2016-05-30 08:26:54', 25, NULL, NULL, 9, '2016-05-28 07:10:38', '16/INV-SLSR/V/10', NULL, NULL, NULL, NULL, NULL, NULL, 2, 5, 5, 2200, '1000000', '0', '0', '0', 2, 50, 0, 2, '435347654', NULL, NULL, NULL, NULL, NULL),
(739, NULL, '2016-05-30 08:26:54', 26, NULL, NULL, 9, '2016-05-28 07:13:16', '16/INV-SLSR/V/11', NULL, NULL, NULL, NULL, NULL, NULL, 2, 3, 2, 2200, '1000000', '0', '0', '0', 2, 50, 0, 2, NULL, NULL, 1, NULL, NULL, NULL),
(740, NULL, '2016-05-30 08:28:32', 19, NULL, NULL, 9, '2016-05-22 21:06:03', '16/INV-SLSR/V/5', NULL, NULL, NULL, NULL, NULL, NULL, 2, 1, 3, 2200, '1000000', '0', '0', '0', 1, 50, 0, 2, NULL, NULL, 1, NULL, NULL, NULL),
(741, NULL, '2016-05-30 08:28:32', 21, NULL, NULL, 9, '2016-05-25 00:08:53', '16/INV-SLSR/V/6', NULL, NULL, NULL, NULL, NULL, NULL, 2, 1, 1, 2200, '1000000', '0', '0', '0', 2, 10, 0, 2, '2147483647', NULL, NULL, NULL, NULL, NULL),
(742, NULL, '2016-05-30 08:28:32', 22, NULL, NULL, 9, '2016-05-28 06:56:42', '16/INV-SLSR/V/7', NULL, NULL, NULL, NULL, NULL, NULL, 2, 2, 3, 2200, '1000000', '0', '0', '0', 2, 50, 0, 2, '22334455667788', NULL, NULL, NULL, NULL, NULL),
(743, NULL, '2016-05-30 08:28:32', 23, NULL, NULL, 9, '2016-05-28 07:05:32', '16/INV-SLSR/V/8', NULL, NULL, NULL, NULL, NULL, NULL, 2, 2, 5, 2200, '1000000', '0', '0', '0', 2, 50, 0, 2, '556677889900', NULL, NULL, NULL, NULL, NULL),
(744, NULL, '2016-05-30 08:28:32', 24, NULL, NULL, 9, '2016-05-28 07:06:49', '16/INV-SLSR/V/9', NULL, NULL, NULL, NULL, NULL, NULL, 2, 2, 3, 2200, '1000000', '0', '0', '0', 2, 50, 0, 2, '6677880045454754', NULL, NULL, NULL, NULL, NULL),
(745, NULL, '2016-05-30 08:28:32', 25, NULL, NULL, 9, '2016-05-28 07:10:38', '16/INV-SLSR/V/10', NULL, NULL, NULL, NULL, NULL, NULL, 2, 5, 5, 2200, '1000000', '0', '0', '0', 2, 50, 0, 2, '435347654', NULL, NULL, NULL, NULL, NULL),
(746, NULL, '2016-05-30 08:28:32', 26, NULL, NULL, 9, '2016-05-28 07:13:16', '16/INV-SLSR/V/11', NULL, NULL, NULL, NULL, NULL, NULL, 2, 3, 2, 2200, '1000000', '0', '0', '0', 2, 50, 0, 2, NULL, NULL, 1, NULL, NULL, NULL),
(747, NULL, '2016-05-30 08:28:51', 19, NULL, NULL, 9, '2016-05-22 21:06:03', '16/INV-SLSR/V/5', NULL, NULL, NULL, NULL, NULL, NULL, 2, 1, 3, 2200, '1000000', '0', '0', '0', 1, 50, 0, 2, NULL, NULL, 1, NULL, NULL, NULL),
(748, NULL, '2016-05-30 08:28:51', 21, NULL, NULL, 9, '2016-05-25 00:08:53', '16/INV-SLSR/V/6', NULL, NULL, NULL, NULL, NULL, NULL, 2, 1, 1, 2200, '1000000', '0', '0', '0', 2, 10, 0, 2, '2147483647', NULL, NULL, NULL, NULL, NULL),
(749, NULL, '2016-05-30 08:28:51', 22, NULL, NULL, 9, '2016-05-28 06:56:42', '16/INV-SLSR/V/7', NULL, NULL, NULL, NULL, NULL, NULL, 2, 2, 3, 2200, '1000000', '0', '0', '0', 2, 50, 0, 2, '22334455667788', NULL, NULL, NULL, NULL, NULL),
(750, NULL, '2016-05-30 08:28:51', 23, NULL, NULL, 9, '2016-05-28 07:05:32', '16/INV-SLSR/V/8', NULL, NULL, NULL, NULL, NULL, NULL, 2, 2, 5, 2200, '1000000', '0', '0', '0', 2, 50, 0, 2, '556677889900', NULL, NULL, NULL, NULL, NULL),
(751, NULL, '2016-05-30 08:28:51', 24, NULL, NULL, 9, '2016-05-28 07:06:49', '16/INV-SLSR/V/9', NULL, NULL, NULL, NULL, NULL, NULL, 2, 2, 3, 2200, '1000000', '0', '0', '0', 2, 50, 0, 2, '6677880045454754', NULL, NULL, NULL, NULL, NULL),
(752, NULL, '2016-05-30 08:28:51', 25, NULL, NULL, 9, '2016-05-28 07:10:38', '16/INV-SLSR/V/10', NULL, NULL, NULL, NULL, NULL, NULL, 2, 5, 5, 2200, '1000000', '0', '0', '0', 2, 50, 0, 2, '435347654', NULL, NULL, NULL, NULL, NULL),
(753, NULL, '2016-05-30 08:28:51', 26, NULL, NULL, 9, '2016-05-28 07:13:16', '16/INV-SLSR/V/11', NULL, NULL, NULL, NULL, NULL, NULL, 2, 3, 2, 2200, '1000000', '0', '0', '0', 2, 50, 0, 2, NULL, NULL, 1, NULL, NULL, NULL),
(754, NULL, '2016-05-30 08:38:05', 19, NULL, NULL, 9, '2016-05-22 21:06:03', '16/INV-SLSR/V/5', NULL, NULL, NULL, NULL, NULL, NULL, 2, 1, 3, 2200, '1000000', '0', '0', '0', 1, 50, 0, 2, NULL, NULL, 1, NULL, NULL, NULL),
(755, NULL, '2016-05-30 08:38:05', 21, NULL, NULL, 9, '2016-05-25 00:08:53', '16/INV-SLSR/V/6', NULL, NULL, NULL, NULL, NULL, NULL, 2, 1, 1, 2200, '1000000', '0', '0', '0', 2, 10, 0, 2, '2147483647', NULL, NULL, NULL, NULL, NULL),
(756, NULL, '2016-05-30 08:38:05', 22, NULL, NULL, 9, '2016-05-28 06:56:42', '16/INV-SLSR/V/7', NULL, NULL, NULL, NULL, NULL, NULL, 2, 2, 3, 2200, '1000000', '0', '0', '0', 2, 50, 0, 2, '22334455667788', NULL, NULL, NULL, NULL, NULL),
(757, NULL, '2016-05-30 08:38:05', 23, NULL, NULL, 9, '2016-05-28 07:05:32', '16/INV-SLSR/V/8', NULL, NULL, NULL, NULL, NULL, NULL, 2, 2, 5, 2200, '1000000', '0', '0', '0', 2, 50, 0, 2, '556677889900', NULL, NULL, NULL, NULL, NULL),
(758, NULL, '2016-05-30 08:38:05', 24, NULL, NULL, 9, '2016-05-28 07:06:49', '16/INV-SLSR/V/9', NULL, NULL, NULL, NULL, NULL, NULL, 2, 2, 3, 2200, '1000000', '0', '0', '0', 2, 50, 0, 2, '6677880045454754', NULL, NULL, NULL, NULL, NULL),
(759, NULL, '2016-05-30 08:38:05', 25, NULL, NULL, 9, '2016-05-28 07:10:38', '16/INV-SLSR/V/10', NULL, NULL, NULL, NULL, NULL, NULL, 2, 5, 5, 2200, '1000000', '0', '0', '0', 2, 50, 0, 2, '435347654', NULL, NULL, NULL, NULL, NULL),
(760, NULL, '2016-05-30 08:38:05', 26, NULL, NULL, 9, '2016-05-28 07:13:16', '16/INV-SLSR/V/11', NULL, NULL, NULL, NULL, NULL, NULL, 2, 3, 2, 2200, '1000000', '0', '0', '0', 2, 50, 0, 2, NULL, NULL, 1, NULL, NULL, NULL),
(761, NULL, '2016-05-30 08:42:05', 19, NULL, NULL, 9, '2016-05-22 21:06:03', '16/INV-SLSR/V/5', NULL, NULL, NULL, NULL, NULL, NULL, 2, 1, 3, 2200, '1000000', '0', '0', '0', 1, 50, 0, 2, NULL, NULL, 1, NULL, NULL, NULL),
(762, NULL, '2016-05-30 08:42:05', 21, NULL, NULL, 9, '2016-05-25 00:08:53', '16/INV-SLSR/V/6', NULL, NULL, NULL, NULL, NULL, NULL, 2, 1, 1, 2200, '1000000', '0', '0', '0', 2, 10, 0, 2, '2147483647', NULL, NULL, NULL, NULL, NULL),
(763, NULL, '2016-05-30 08:42:05', 22, NULL, NULL, 9, '2016-05-28 06:56:42', '16/INV-SLSR/V/7', NULL, NULL, NULL, NULL, NULL, NULL, 2, 2, 3, 2200, '1000000', '0', '0', '0', 2, 50, 0, 2, '22334455667788', NULL, NULL, NULL, NULL, NULL),
(764, NULL, '2016-05-30 08:42:05', 23, NULL, NULL, 9, '2016-05-28 07:05:32', '16/INV-SLSR/V/8', NULL, NULL, NULL, NULL, NULL, NULL, 2, 2, 5, 2200, '1000000', '0', '0', '0', 2, 50, 0, 2, '556677889900', NULL, NULL, NULL, NULL, NULL),
(765, NULL, '2016-05-30 08:42:05', 24, NULL, NULL, 9, '2016-05-28 07:06:49', '16/INV-SLSR/V/9', NULL, NULL, NULL, NULL, NULL, NULL, 2, 2, 3, 2200, '1000000', '0', '0', '0', 2, 50, 0, 2, '6677880045454754', NULL, NULL, NULL, NULL, NULL),
(766, NULL, '2016-05-30 08:42:05', 25, NULL, NULL, 9, '2016-05-28 07:10:38', '16/INV-SLSR/V/10', NULL, NULL, NULL, NULL, NULL, NULL, 2, 5, 5, 2200, '1000000', '0', '0', '0', 2, 50, 0, 2, '435347654', NULL, NULL, NULL, NULL, NULL),
(767, NULL, '2016-05-30 08:42:05', 26, NULL, NULL, 9, '2016-05-28 07:13:16', '16/INV-SLSR/V/11', NULL, NULL, NULL, NULL, NULL, NULL, 2, 3, 2, 2200, '1000000', '0', '0', '0', 2, 50, 0, 2, NULL, NULL, 1, NULL, NULL, NULL),
(768, NULL, '2016-05-30 08:45:49', 19, NULL, NULL, 9, '2016-05-22 21:06:03', '16/INV-SLSR/V/5', NULL, NULL, NULL, NULL, NULL, NULL, 2, 1, 3, 2200, '1000000', '0', '0', '0', 1, 50, 0, 2, NULL, NULL, 1, NULL, NULL, NULL),
(769, NULL, '2016-05-30 08:45:49', 21, NULL, NULL, 9, '2016-05-25 00:08:53', '16/INV-SLSR/V/6', NULL, NULL, NULL, NULL, NULL, NULL, 2, 1, 1, 2200, '1000000', '0', '0', '0', 2, 10, 0, 2, '2147483647', NULL, NULL, NULL, NULL, NULL),
(770, NULL, '2016-05-30 08:45:49', 22, NULL, NULL, 9, '2016-05-28 06:56:42', '16/INV-SLSR/V/7', NULL, NULL, NULL, NULL, NULL, NULL, 2, 2, 3, 2200, '1000000', '0', '0', '0', 2, 50, 0, 2, '22334455667788', NULL, NULL, NULL, NULL, NULL),
(771, NULL, '2016-05-30 08:45:49', 23, NULL, NULL, 9, '2016-05-28 07:05:32', '16/INV-SLSR/V/8', NULL, NULL, NULL, NULL, NULL, NULL, 2, 2, 5, 2200, '1000000', '0', '0', '0', 2, 50, 0, 2, '556677889900', NULL, NULL, NULL, NULL, NULL),
(772, NULL, '2016-05-30 08:45:49', 24, NULL, NULL, 9, '2016-05-28 07:06:49', '16/INV-SLSR/V/9', NULL, NULL, NULL, NULL, NULL, NULL, 2, 2, 3, 2200, '1000000', '0', '0', '0', 2, 50, 0, 2, '6677880045454754', NULL, NULL, NULL, NULL, NULL),
(773, NULL, '2016-05-30 08:45:49', 25, NULL, NULL, 9, '2016-05-28 07:10:38', '16/INV-SLSR/V/10', NULL, NULL, NULL, NULL, NULL, NULL, 2, 5, 5, 2200, '1000000', '0', '0', '0', 2, 50, 0, 2, '435347654', NULL, NULL, NULL, NULL, NULL),
(774, NULL, '2016-05-30 08:45:49', 26, NULL, NULL, 9, '2016-05-28 07:13:16', '16/INV-SLSR/V/11', NULL, NULL, NULL, NULL, NULL, NULL, 2, 3, 2, 2200, '1000000', '0', '0', '0', 2, 50, 0, 2, NULL, NULL, 1, NULL, NULL, NULL),
(775, NULL, '2016-05-30 08:46:06', 19, NULL, NULL, 9, '2016-05-22 21:06:03', '16/INV-SLSR/V/5', NULL, NULL, NULL, NULL, NULL, NULL, 2, 1, 3, 2200, '1000000', '0', '0', '0', 1, 50, 0, 2, NULL, NULL, 1, NULL, NULL, NULL),
(776, NULL, '2016-05-30 08:46:06', 21, NULL, NULL, 9, '2016-05-25 00:08:53', '16/INV-SLSR/V/6', NULL, NULL, NULL, NULL, NULL, NULL, 2, 1, 1, 2200, '1000000', '0', '0', '0', 2, 10, 0, 2, '2147483647', NULL, NULL, NULL, NULL, NULL),
(777, NULL, '2016-05-30 08:46:06', 22, NULL, NULL, 9, '2016-05-28 06:56:42', '16/INV-SLSR/V/7', NULL, NULL, NULL, NULL, NULL, NULL, 2, 2, 3, 2200, '1000000', '0', '0', '0', 2, 50, 0, 2, '22334455667788', NULL, NULL, NULL, NULL, NULL),
(778, NULL, '2016-05-30 08:46:06', 23, NULL, NULL, 9, '2016-05-28 07:05:32', '16/INV-SLSR/V/8', NULL, NULL, NULL, NULL, NULL, NULL, 2, 2, 5, 2200, '1000000', '0', '0', '0', 2, 50, 0, 2, '556677889900', NULL, NULL, NULL, NULL, NULL),
(779, NULL, '2016-05-30 08:46:06', 24, NULL, NULL, 9, '2016-05-28 07:06:49', '16/INV-SLSR/V/9', NULL, NULL, NULL, NULL, NULL, NULL, 2, 2, 3, 2200, '1000000', '0', '0', '0', 2, 50, 0, 2, '6677880045454754', NULL, NULL, NULL, NULL, NULL),
(780, NULL, '2016-05-30 08:46:06', 25, NULL, NULL, 9, '2016-05-28 07:10:38', '16/INV-SLSR/V/10', NULL, NULL, NULL, NULL, NULL, NULL, 2, 5, 5, 2200, '1000000', '0', '0', '0', 2, 50, 0, 2, '435347654', NULL, NULL, NULL, NULL, NULL),
(781, NULL, '2016-05-30 08:46:06', 26, NULL, NULL, 9, '2016-05-28 07:13:16', '16/INV-SLSR/V/11', NULL, NULL, NULL, NULL, NULL, NULL, 2, 3, 2, 2200, '1000000', '0', '0', '0', 2, 50, 0, 2, NULL, NULL, 1, NULL, NULL, NULL),
(782, NULL, '2016-05-30 08:48:31', 19, NULL, NULL, 9, '2016-05-22 21:06:03', '16/INV-SLSR/V/5', NULL, NULL, NULL, NULL, NULL, NULL, 2, 1, 3, 2200, '1000000', '0', '0', '0', 1, 50, 0, 2, NULL, NULL, 1, NULL, NULL, NULL),
(783, NULL, '2016-05-30 08:48:31', 21, NULL, NULL, 9, '2016-05-25 00:08:53', '16/INV-SLSR/V/6', NULL, NULL, NULL, NULL, NULL, NULL, 2, 1, 1, 2200, '1000000', '0', '0', '0', 2, 10, 0, 2, '2147483647', NULL, NULL, NULL, NULL, NULL),
(784, NULL, '2016-05-30 08:48:31', 22, NULL, NULL, 9, '2016-05-28 06:56:42', '16/INV-SLSR/V/7', NULL, NULL, NULL, NULL, NULL, NULL, 2, 2, 3, 2200, '1000000', '0', '0', '0', 2, 50, 0, 2, '22334455667788', NULL, NULL, NULL, NULL, NULL),
(785, NULL, '2016-05-30 08:48:31', 23, NULL, NULL, 9, '2016-05-28 07:05:32', '16/INV-SLSR/V/8', NULL, NULL, NULL, NULL, NULL, NULL, 2, 2, 5, 2200, '1000000', '0', '0', '0', 2, 50, 0, 2, '556677889900', NULL, NULL, NULL, NULL, NULL),
(786, NULL, '2016-05-30 08:48:31', 24, NULL, NULL, 9, '2016-05-28 07:06:49', '16/INV-SLSR/V/9', NULL, NULL, NULL, NULL, NULL, NULL, 2, 2, 3, 2200, '1000000', '0', '0', '0', 2, 50, 0, 2, '6677880045454754', NULL, NULL, NULL, NULL, NULL),
(787, NULL, '2016-05-30 08:48:31', 25, NULL, NULL, 9, '2016-05-28 07:10:38', '16/INV-SLSR/V/10', NULL, NULL, NULL, NULL, NULL, NULL, 2, 5, 5, 2200, '1000000', '0', '0', '0', 2, 50, 0, 2, '435347654', NULL, NULL, NULL, NULL, NULL),
(788, NULL, '2016-05-30 08:48:31', 26, NULL, NULL, 9, '2016-05-28 07:13:16', '16/INV-SLSR/V/11', NULL, NULL, NULL, NULL, NULL, NULL, 2, 3, 2, 2200, '1000000', '0', '0', '0', 2, 50, 0, 2, NULL, NULL, 1, NULL, NULL, NULL),
(789, NULL, '2016-05-30 08:48:34', 19, NULL, NULL, 9, '2016-05-22 21:06:03', '16/INV-SLSR/V/5', NULL, NULL, NULL, NULL, NULL, NULL, 2, 1, 3, 2200, '1000000', '0', '0', '0', 1, 50, 0, 2, NULL, NULL, 1, NULL, NULL, NULL),
(790, NULL, '2016-05-30 08:48:34', 21, NULL, NULL, 9, '2016-05-25 00:08:53', '16/INV-SLSR/V/6', NULL, NULL, NULL, NULL, NULL, NULL, 2, 1, 1, 2200, '1000000', '0', '0', '0', 2, 10, 0, 2, '2147483647', NULL, NULL, NULL, NULL, NULL),
(791, NULL, '2016-05-30 08:48:34', 22, NULL, NULL, 9, '2016-05-28 06:56:42', '16/INV-SLSR/V/7', NULL, NULL, NULL, NULL, NULL, NULL, 2, 2, 3, 2200, '1000000', '0', '0', '0', 2, 50, 0, 2, '22334455667788', NULL, NULL, NULL, NULL, NULL),
(792, NULL, '2016-05-30 08:48:34', 23, NULL, NULL, 9, '2016-05-28 07:05:32', '16/INV-SLSR/V/8', NULL, NULL, NULL, NULL, NULL, NULL, 2, 2, 5, 2200, '1000000', '0', '0', '0', 2, 50, 0, 2, '556677889900', NULL, NULL, NULL, NULL, NULL),
(793, NULL, '2016-05-30 08:48:34', 24, NULL, NULL, 9, '2016-05-28 07:06:49', '16/INV-SLSR/V/9', NULL, NULL, NULL, NULL, NULL, NULL, 2, 2, 3, 2200, '1000000', '0', '0', '0', 2, 50, 0, 2, '6677880045454754', NULL, NULL, NULL, NULL, NULL),
(794, NULL, '2016-05-30 08:48:34', 25, NULL, NULL, 9, '2016-05-28 07:10:38', '16/INV-SLSR/V/10', NULL, NULL, NULL, NULL, NULL, NULL, 2, 5, 5, 2200, '1000000', '0', '0', '0', 2, 50, 0, 2, '435347654', NULL, NULL, NULL, NULL, NULL),
(795, NULL, '2016-05-30 08:48:34', 26, NULL, NULL, 9, '2016-05-28 07:13:16', '16/INV-SLSR/V/11', NULL, NULL, NULL, NULL, NULL, NULL, 2, 3, 2, 2200, '1000000', '0', '0', '0', 2, 50, 0, 2, NULL, NULL, 1, NULL, NULL, NULL),
(796, NULL, '2016-05-30 09:01:10', 19, NULL, NULL, 9, '2016-05-22 21:06:03', '16/INV-SLSR/V/5', NULL, NULL, NULL, NULL, NULL, NULL, 2, 1, 3, 2200, '1000000', '0', '0', '0', 1, 50, 0, 2, NULL, NULL, 1, NULL, NULL, NULL),
(797, NULL, '2016-05-30 09:01:10', 21, NULL, NULL, 9, '2016-05-25 00:08:53', '16/INV-SLSR/V/6', NULL, NULL, NULL, NULL, NULL, NULL, 2, 1, 1, 2200, '1000000', '0', '0', '0', 2, 10, 0, 2, '2147483647', NULL, NULL, NULL, NULL, NULL),
(798, NULL, '2016-05-30 09:01:10', 22, NULL, NULL, 9, '2016-05-28 06:56:42', '16/INV-SLSR/V/7', NULL, NULL, NULL, NULL, NULL, NULL, 2, 2, 3, 2200, '1000000', '0', '0', '0', 2, 50, 0, 2, '22334455667788', NULL, NULL, NULL, NULL, NULL),
(799, NULL, '2016-05-30 09:01:10', 23, NULL, NULL, 9, '2016-05-28 07:05:32', '16/INV-SLSR/V/8', NULL, NULL, NULL, NULL, NULL, NULL, 2, 2, 5, 2200, '1000000', '0', '0', '0', 2, 50, 0, 2, '556677889900', NULL, NULL, NULL, NULL, NULL),
(800, NULL, '2016-05-30 09:01:10', 24, NULL, NULL, 9, '2016-05-28 07:06:49', '16/INV-SLSR/V/9', NULL, NULL, NULL, NULL, NULL, NULL, 2, 2, 3, 2200, '1000000', '0', '0', '0', 2, 50, 0, 2, '6677880045454754', NULL, NULL, NULL, NULL, NULL),
(801, NULL, '2016-05-30 09:01:10', 25, NULL, NULL, 9, '2016-05-28 07:10:38', '16/INV-SLSR/V/10', NULL, NULL, NULL, NULL, NULL, NULL, 2, 5, 5, 2200, '1000000', '0', '0', '0', 2, 50, 0, 2, '435347654', NULL, NULL, NULL, NULL, NULL),
(802, NULL, '2016-05-30 09:01:10', 26, NULL, NULL, 9, '2016-05-28 07:13:16', '16/INV-SLSR/V/11', NULL, NULL, NULL, NULL, NULL, NULL, 2, 3, 2, 2200, '1000000', '0', '0', '0', 2, 50, 0, 2, NULL, NULL, 1, NULL, NULL, NULL),
(803, NULL, '2016-05-30 09:06:08', 19, NULL, NULL, 9, '2016-05-22 21:06:03', '16/INV-SLSR/V/5', NULL, NULL, NULL, NULL, NULL, NULL, 2, 1, 3, 2200, '1000000', '0', '0', '0', 1, 50, 0, 2, NULL, NULL, 1, NULL, NULL, NULL),
(804, NULL, '2016-05-30 09:06:08', 21, NULL, NULL, 9, '2016-05-25 00:08:53', '16/INV-SLSR/V/6', NULL, NULL, NULL, NULL, NULL, NULL, 2, 1, 1, 2200, '1000000', '0', '0', '0', 2, 10, 0, 2, '2147483647', NULL, NULL, NULL, NULL, NULL),
(805, NULL, '2016-05-30 09:06:08', 22, NULL, NULL, 9, '2016-05-28 06:56:42', '16/INV-SLSR/V/7', NULL, NULL, NULL, NULL, NULL, NULL, 2, 2, 3, 2200, '1000000', '0', '0', '0', 2, 50, 0, 2, '22334455667788', NULL, NULL, NULL, NULL, NULL),
(806, NULL, '2016-05-30 09:06:08', 23, NULL, NULL, 9, '2016-05-28 07:05:32', '16/INV-SLSR/V/8', NULL, NULL, NULL, NULL, NULL, NULL, 2, 2, 5, 2200, '1000000', '0', '0', '0', 2, 50, 0, 2, '556677889900', NULL, NULL, NULL, NULL, NULL),
(807, NULL, '2016-05-30 09:06:08', 24, NULL, NULL, 9, '2016-05-28 07:06:49', '16/INV-SLSR/V/9', NULL, NULL, NULL, NULL, NULL, NULL, 2, 2, 3, 2200, '1000000', '0', '0', '0', 2, 50, 0, 2, '6677880045454754', NULL, NULL, NULL, NULL, NULL),
(808, NULL, '2016-05-30 09:06:08', 25, NULL, NULL, 9, '2016-05-28 07:10:38', '16/INV-SLSR/V/10', NULL, NULL, NULL, NULL, NULL, NULL, 2, 5, 5, 2200, '1000000', '0', '0', '0', 2, 50, 0, 2, '435347654', NULL, NULL, NULL, NULL, NULL),
(809, NULL, '2016-05-30 09:06:08', 26, NULL, NULL, 9, '2016-05-28 07:13:16', '16/INV-SLSR/V/11', NULL, NULL, NULL, NULL, NULL, NULL, 2, 3, 2, 2200, '1000000', '0', '0', '0', 2, 50, 0, 2, NULL, NULL, 1, NULL, NULL, NULL),
(810, NULL, '2016-05-30 09:08:13', 19, NULL, NULL, 9, '2016-05-22 21:06:03', '16/INV-SLSR/V/5', NULL, NULL, NULL, NULL, NULL, NULL, 2, 1, 3, 2200, '1000000', '0', '0', '0', 1, 50, 0, 2, NULL, NULL, 1, NULL, NULL, NULL),
(811, NULL, '2016-05-30 09:08:13', 21, NULL, NULL, 9, '2016-05-25 00:08:53', '16/INV-SLSR/V/6', NULL, NULL, NULL, NULL, NULL, NULL, 2, 1, 1, 2200, '1000000', '0', '0', '0', 2, 10, 0, 2, '2147483647', NULL, NULL, NULL, NULL, NULL),
(812, NULL, '2016-05-30 09:08:13', 22, NULL, NULL, 9, '2016-05-28 06:56:42', '16/INV-SLSR/V/7', NULL, NULL, NULL, NULL, NULL, NULL, 2, 2, 3, 2200, '1000000', '0', '0', '0', 2, 50, 0, 2, '22334455667788', NULL, NULL, NULL, NULL, NULL),
(813, NULL, '2016-05-30 09:08:13', 23, NULL, NULL, 9, '2016-05-28 07:05:32', '16/INV-SLSR/V/8', NULL, NULL, NULL, NULL, NULL, NULL, 2, 2, 5, 2200, '1000000', '0', '0', '0', 2, 50, 0, 2, '556677889900', NULL, NULL, NULL, NULL, NULL),
(814, NULL, '2016-05-30 09:08:13', 24, NULL, NULL, 9, '2016-05-28 07:06:49', '16/INV-SLSR/V/9', NULL, NULL, NULL, NULL, NULL, NULL, 2, 2, 3, 2200, '1000000', '0', '0', '0', 2, 50, 0, 2, '6677880045454754', NULL, NULL, NULL, NULL, NULL),
(815, NULL, '2016-05-30 09:08:13', 25, NULL, NULL, 9, '2016-05-28 07:10:38', '16/INV-SLSR/V/10', NULL, NULL, NULL, NULL, NULL, NULL, 2, 5, 5, 2200, '1000000', '0', '0', '0', 2, 50, 0, 2, '435347654', NULL, NULL, NULL, NULL, NULL),
(816, NULL, '2016-05-30 09:08:13', 26, NULL, NULL, 9, '2016-05-28 07:13:16', '16/INV-SLSR/V/11', NULL, NULL, NULL, NULL, NULL, NULL, 2, 3, 2, 2200, '1000000', '0', '0', '0', 2, 50, 0, 2, NULL, NULL, 1, NULL, NULL, NULL),
(817, NULL, '2016-05-30 09:09:09', 19, NULL, NULL, 9, '2016-05-22 21:06:03', '16/INV-SLSR/V/5', NULL, NULL, NULL, NULL, NULL, NULL, 2, 1, 3, 2200, '1000000', '0', '0', '0', 1, 50, 0, 2, NULL, NULL, 1, NULL, NULL, NULL),
(818, NULL, '2016-05-30 09:09:09', 21, NULL, NULL, 9, '2016-05-25 00:08:53', '16/INV-SLSR/V/6', NULL, NULL, NULL, NULL, NULL, NULL, 2, 1, 1, 2200, '1000000', '0', '0', '0', 2, 10, 0, 2, '2147483647', NULL, NULL, NULL, NULL, NULL),
(819, NULL, '2016-05-30 09:09:09', 22, NULL, NULL, 9, '2016-05-28 06:56:42', '16/INV-SLSR/V/7', NULL, NULL, NULL, NULL, NULL, NULL, 2, 2, 3, 2200, '1000000', '0', '0', '0', 2, 50, 0, 2, '22334455667788', NULL, NULL, NULL, NULL, NULL),
(820, NULL, '2016-05-30 09:09:09', 23, NULL, NULL, 9, '2016-05-28 07:05:32', '16/INV-SLSR/V/8', NULL, NULL, NULL, NULL, NULL, NULL, 2, 2, 5, 2200, '1000000', '0', '0', '0', 2, 50, 0, 2, '556677889900', NULL, NULL, NULL, NULL, NULL),
(821, NULL, '2016-05-30 09:09:09', 24, NULL, NULL, 9, '2016-05-28 07:06:49', '16/INV-SLSR/V/9', NULL, NULL, NULL, NULL, NULL, NULL, 2, 2, 3, 2200, '1000000', '0', '0', '0', 2, 50, 0, 2, '6677880045454754', NULL, NULL, NULL, NULL, NULL),
(822, NULL, '2016-05-30 09:09:09', 25, NULL, NULL, 9, '2016-05-28 07:10:38', '16/INV-SLSR/V/10', NULL, NULL, NULL, NULL, NULL, NULL, 2, 5, 5, 2200, '1000000', '0', '0', '0', 2, 50, 0, 2, '435347654', NULL, NULL, NULL, NULL, NULL),
(823, NULL, '2016-05-30 09:09:09', 26, NULL, NULL, 9, '2016-05-28 07:13:16', '16/INV-SLSR/V/11', NULL, NULL, NULL, NULL, NULL, NULL, 2, 3, 2, 2200, '1000000', '0', '0', '0', 2, 50, 0, 2, NULL, NULL, 1, NULL, NULL, NULL),
(824, NULL, '2016-05-30 09:09:26', 19, NULL, NULL, 9, '2016-05-22 21:06:03', '16/INV-SLSR/V/5', NULL, NULL, NULL, NULL, NULL, NULL, 2, 1, 3, 2200, '1000000', '0', '0', '0', 1, 50, 0, 2, NULL, NULL, 1, NULL, NULL, NULL),
(825, NULL, '2016-05-30 09:09:26', 21, NULL, NULL, 9, '2016-05-25 00:08:53', '16/INV-SLSR/V/6', NULL, NULL, NULL, NULL, NULL, NULL, 2, 1, 1, 2200, '1000000', '0', '0', '0', 2, 10, 0, 2, '2147483647', NULL, NULL, NULL, NULL, NULL),
(826, NULL, '2016-05-30 09:09:26', 22, NULL, NULL, 9, '2016-05-28 06:56:42', '16/INV-SLSR/V/7', NULL, NULL, NULL, NULL, NULL, NULL, 2, 2, 3, 2200, '1000000', '0', '0', '0', 2, 50, 0, 2, '22334455667788', NULL, NULL, NULL, NULL, NULL),
(827, NULL, '2016-05-30 09:09:26', 23, NULL, NULL, 9, '2016-05-28 07:05:32', '16/INV-SLSR/V/8', NULL, NULL, NULL, NULL, NULL, NULL, 2, 2, 5, 2200, '1000000', '0', '0', '0', 2, 50, 0, 2, '556677889900', NULL, NULL, NULL, NULL, NULL),
(828, NULL, '2016-05-30 09:09:26', 24, NULL, NULL, 9, '2016-05-28 07:06:49', '16/INV-SLSR/V/9', NULL, NULL, NULL, NULL, NULL, NULL, 2, 2, 3, 2200, '1000000', '0', '0', '0', 2, 50, 0, 2, '6677880045454754', NULL, NULL, NULL, NULL, NULL),
(829, NULL, '2016-05-30 09:09:26', 25, NULL, NULL, 9, '2016-05-28 07:10:38', '16/INV-SLSR/V/10', NULL, NULL, NULL, NULL, NULL, NULL, 2, 5, 5, 2200, '1000000', '0', '0', '0', 2, 50, 0, 2, '435347654', NULL, NULL, NULL, NULL, NULL),
(830, NULL, '2016-05-30 09:09:26', 26, NULL, NULL, 9, '2016-05-28 07:13:16', '16/INV-SLSR/V/11', NULL, NULL, NULL, NULL, NULL, NULL, 2, 3, 2, 2200, '1000000', '0', '0', '0', 2, 50, 0, 2, NULL, NULL, 1, NULL, NULL, NULL),
(831, NULL, '2016-05-30 09:10:07', 19, NULL, NULL, 9, '2016-05-22 21:06:03', '16/INV-SLSR/V/5', NULL, NULL, NULL, NULL, NULL, NULL, 2, 1, 3, 2200, '1000000', '0', '0', '0', 1, 50, 0, 2, NULL, NULL, 1, NULL, NULL, NULL),
(832, NULL, '2016-05-30 09:10:07', 21, NULL, NULL, 9, '2016-05-25 00:08:53', '16/INV-SLSR/V/6', NULL, NULL, NULL, NULL, NULL, NULL, 2, 1, 1, 2200, '1000000', '0', '0', '0', 2, 10, 0, 2, '2147483647', NULL, NULL, NULL, NULL, NULL),
(833, NULL, '2016-05-30 09:10:07', 22, NULL, NULL, 9, '2016-05-28 06:56:42', '16/INV-SLSR/V/7', NULL, NULL, NULL, NULL, NULL, NULL, 2, 2, 3, 2200, '1000000', '0', '0', '0', 2, 50, 0, 2, '22334455667788', NULL, NULL, NULL, NULL, NULL),
(834, NULL, '2016-05-30 09:10:07', 23, NULL, NULL, 9, '2016-05-28 07:05:32', '16/INV-SLSR/V/8', NULL, NULL, NULL, NULL, NULL, NULL, 2, 2, 5, 2200, '1000000', '0', '0', '0', 2, 50, 0, 2, '556677889900', NULL, NULL, NULL, NULL, NULL),
(835, NULL, '2016-05-30 09:10:07', 24, NULL, NULL, 9, '2016-05-28 07:06:49', '16/INV-SLSR/V/9', NULL, NULL, NULL, NULL, NULL, NULL, 2, 2, 3, 2200, '1000000', '0', '0', '0', 2, 50, 0, 2, '6677880045454754', NULL, NULL, NULL, NULL, NULL),
(836, NULL, '2016-05-30 09:10:07', 25, NULL, NULL, 9, '2016-05-28 07:10:38', '16/INV-SLSR/V/10', NULL, NULL, NULL, NULL, NULL, NULL, 2, 5, 5, 2200, '1000000', '0', '0', '0', 2, 50, 0, 2, '435347654', NULL, NULL, NULL, NULL, NULL),
(837, NULL, '2016-05-30 09:10:07', 26, NULL, NULL, 9, '2016-05-28 07:13:16', '16/INV-SLSR/V/11', NULL, NULL, NULL, NULL, NULL, NULL, 2, 3, 2, 2200, '1000000', '0', '0', '0', 2, 50, 0, 2, NULL, NULL, 1, NULL, NULL, NULL),
(838, NULL, '2016-05-30 09:10:12', 19, NULL, NULL, 9, '2016-05-22 21:06:03', '16/INV-SLSR/V/5', NULL, NULL, NULL, NULL, NULL, NULL, 2, 1, 3, 2200, '1000000', '0', '0', '0', 1, 50, 0, 2, NULL, NULL, 1, 2, NULL, NULL),
(839, NULL, '2016-05-30 09:10:12', 19, NULL, NULL, 9, '2016-05-22 21:06:03', '16/INV-SLSR/V/5', NULL, NULL, NULL, NULL, NULL, NULL, 2, 1, 3, 2200, '1000000', '0', '0', '0', 1, 50, 0, 2, NULL, NULL, 1, 2, NULL, NULL),
(840, NULL, '2016-05-30 09:10:12', 21, NULL, NULL, 9, '2016-05-25 00:08:53', '16/INV-SLSR/V/6', NULL, NULL, NULL, NULL, NULL, NULL, 2, 1, 1, 2200, '1000000', '0', '0', '0', 2, 10, 0, 2, '2147483647', NULL, NULL, NULL, NULL, NULL),
(841, NULL, '2016-05-30 09:10:12', 22, NULL, NULL, 9, '2016-05-28 06:56:42', '16/INV-SLSR/V/7', NULL, NULL, NULL, NULL, NULL, NULL, 2, 2, 3, 2200, '1000000', '0', '0', '0', 2, 50, 0, 2, '22334455667788', NULL, NULL, NULL, NULL, NULL),
(842, NULL, '2016-05-30 09:10:12', 23, NULL, NULL, 9, '2016-05-28 07:05:32', '16/INV-SLSR/V/8', NULL, NULL, NULL, NULL, NULL, NULL, 2, 2, 5, 2200, '1000000', '0', '0', '0', 2, 50, 0, 2, '556677889900', NULL, NULL, NULL, NULL, NULL),
(843, NULL, '2016-05-30 09:10:12', 24, NULL, NULL, 9, '2016-05-28 07:06:49', '16/INV-SLSR/V/9', NULL, NULL, NULL, NULL, NULL, NULL, 2, 2, 3, 2200, '1000000', '0', '0', '0', 2, 50, 0, 2, '6677880045454754', NULL, NULL, NULL, NULL, NULL),
(844, NULL, '2016-05-30 09:10:12', 25, NULL, NULL, 9, '2016-05-28 07:10:38', '16/INV-SLSR/V/10', NULL, NULL, NULL, NULL, NULL, NULL, 2, 5, 5, 2200, '1000000', '0', '0', '0', 2, 50, 0, 2, '435347654', NULL, NULL, NULL, NULL, NULL),
(845, NULL, '2016-05-30 09:10:12', 26, NULL, NULL, 9, '2016-05-28 07:13:16', '16/INV-SLSR/V/11', NULL, NULL, NULL, NULL, NULL, NULL, 2, 3, 2, 2200, '1000000', '0', '0', '0', 2, 50, 0, 2, NULL, NULL, 1, NULL, NULL, NULL),
(846, NULL, '2016-05-30 09:10:28', 19, NULL, NULL, 9, '2016-05-22 21:06:03', '16/INV-SLSR/V/5', NULL, NULL, NULL, NULL, NULL, NULL, 2, 1, 3, 2200, '1000000', '0', '0', '0', 1, 50, 0, 2, NULL, NULL, 1, 2, NULL, NULL),
(847, NULL, '2016-05-30 09:10:28', 21, NULL, NULL, 9, '2016-05-25 00:08:53', '16/INV-SLSR/V/6', NULL, NULL, NULL, NULL, NULL, NULL, 2, 1, 1, 2200, '1000000', '0', '0', '0', 2, 10, 0, 2, '2147483647', NULL, NULL, NULL, NULL, NULL),
(848, NULL, '2016-05-30 09:10:28', 22, NULL, NULL, 9, '2016-05-28 06:56:42', '16/INV-SLSR/V/7', NULL, NULL, NULL, NULL, NULL, NULL, 2, 2, 3, 2200, '1000000', '0', '0', '0', 2, 50, 0, 2, '22334455667788', NULL, NULL, NULL, NULL, NULL),
(849, NULL, '2016-05-30 09:10:28', 23, NULL, NULL, 9, '2016-05-28 07:05:32', '16/INV-SLSR/V/8', NULL, NULL, NULL, NULL, NULL, NULL, 2, 2, 5, 2200, '1000000', '0', '0', '0', 2, 50, 0, 2, '556677889900', NULL, NULL, NULL, NULL, NULL),
(850, NULL, '2016-05-30 09:10:28', 24, NULL, NULL, 9, '2016-05-28 07:06:49', '16/INV-SLSR/V/9', NULL, NULL, NULL, NULL, NULL, NULL, 2, 2, 3, 2200, '1000000', '0', '0', '0', 2, 50, 0, 2, '6677880045454754', NULL, NULL, NULL, NULL, NULL),
(851, NULL, '2016-05-30 09:10:28', 25, NULL, NULL, 9, '2016-05-28 07:10:38', '16/INV-SLSR/V/10', NULL, NULL, NULL, NULL, NULL, NULL, 2, 5, 5, 2200, '1000000', '0', '0', '0', 2, 50, 0, 2, '435347654', NULL, NULL, NULL, NULL, NULL),
(852, NULL, '2016-05-30 09:10:28', 26, NULL, NULL, 9, '2016-05-28 07:13:16', '16/INV-SLSR/V/11', NULL, NULL, NULL, NULL, NULL, NULL, 2, 3, 2, 2200, '1000000', '0', '0', '0', 2, 50, 0, 2, NULL, NULL, 1, NULL, NULL, NULL),
(853, NULL, '2016-05-30 09:14:31', 19, NULL, NULL, 9, '2016-05-22 21:06:03', '16/INV-SLSR/V/5', NULL, NULL, NULL, NULL, NULL, NULL, 2, 1, 3, 2200, '1000000', '0', '0', '0', 1, 50, 0, 2, NULL, NULL, 1, 2, NULL, NULL),
(854, NULL, '2016-05-30 09:14:31', 21, NULL, NULL, 9, '2016-05-25 00:08:53', '16/INV-SLSR/V/6', NULL, NULL, NULL, NULL, NULL, NULL, 2, 1, 1, 2200, '1000000', '0', '0', '0', 2, 10, 0, 2, '2147483647', NULL, NULL, NULL, NULL, NULL),
(855, NULL, '2016-05-30 09:14:31', 22, NULL, NULL, 9, '2016-05-28 06:56:42', '16/INV-SLSR/V/7', NULL, NULL, NULL, NULL, NULL, NULL, 2, 2, 3, 2200, '1000000', '0', '0', '0', 2, 50, 0, 2, '22334455667788', NULL, NULL, NULL, NULL, NULL),
(856, NULL, '2016-05-30 09:14:31', 23, NULL, NULL, 9, '2016-05-28 07:05:32', '16/INV-SLSR/V/8', NULL, NULL, NULL, NULL, NULL, NULL, 2, 2, 5, 2200, '1000000', '0', '0', '0', 2, 50, 0, 2, '556677889900', NULL, NULL, NULL, NULL, NULL),
(857, NULL, '2016-05-30 09:14:31', 24, NULL, NULL, 9, '2016-05-28 07:06:49', '16/INV-SLSR/V/9', NULL, NULL, NULL, NULL, NULL, NULL, 2, 2, 3, 2200, '1000000', '0', '0', '0', 2, 50, 0, 2, '6677880045454754', NULL, NULL, NULL, NULL, NULL),
(858, NULL, '2016-05-30 09:14:31', 25, NULL, NULL, 9, '2016-05-28 07:10:38', '16/INV-SLSR/V/10', NULL, NULL, NULL, NULL, NULL, NULL, 2, 5, 5, 2200, '1000000', '0', '0', '0', 2, 50, 0, 2, '435347654', NULL, NULL, NULL, NULL, NULL),
(859, NULL, '2016-05-30 09:14:31', 26, NULL, NULL, 9, '2016-05-28 07:13:16', '16/INV-SLSR/V/11', NULL, NULL, NULL, NULL, NULL, NULL, 2, 3, 2, 2200, '1000000', '0', '0', '0', 2, 50, 0, 2, NULL, NULL, 1, NULL, NULL, NULL),
(860, NULL, '2016-05-30 09:15:04', 19, NULL, NULL, 9, '2016-05-22 21:06:03', '16/INV-SLSR/V/5', NULL, NULL, NULL, NULL, NULL, NULL, 2, 1, 3, 2200, '1000000', '0', '0', '0', 1, 50, 0, 2, NULL, NULL, 1, 2, NULL, NULL),
(861, NULL, '2016-05-30 09:15:04', 21, NULL, NULL, 9, '2016-05-25 00:08:53', '16/INV-SLSR/V/6', NULL, NULL, NULL, NULL, NULL, NULL, 2, 1, 1, 2200, '1000000', '0', '0', '0', 2, 10, 0, 2, '2147483647', NULL, NULL, NULL, NULL, NULL),
(862, NULL, '2016-05-30 09:15:04', 22, NULL, NULL, 9, '2016-05-28 06:56:42', '16/INV-SLSR/V/7', NULL, NULL, NULL, NULL, NULL, NULL, 2, 2, 3, 2200, '1000000', '0', '0', '0', 2, 50, 0, 2, '22334455667788', NULL, NULL, NULL, NULL, NULL),
(863, NULL, '2016-05-30 09:15:04', 23, NULL, NULL, 9, '2016-05-28 07:05:32', '16/INV-SLSR/V/8', NULL, NULL, NULL, NULL, NULL, NULL, 2, 2, 5, 2200, '1000000', '0', '0', '0', 2, 50, 0, 2, '556677889900', NULL, NULL, NULL, NULL, NULL),
(864, NULL, '2016-05-30 09:15:04', 24, NULL, NULL, 9, '2016-05-28 07:06:49', '16/INV-SLSR/V/9', NULL, NULL, NULL, NULL, NULL, NULL, 2, 2, 3, 2200, '1000000', '0', '0', '0', 2, 50, 0, 2, '6677880045454754', NULL, NULL, NULL, NULL, NULL),
(865, NULL, '2016-05-30 09:15:04', 25, NULL, NULL, 9, '2016-05-28 07:10:38', '16/INV-SLSR/V/10', NULL, NULL, NULL, NULL, NULL, NULL, 2, 5, 5, 2200, '1000000', '0', '0', '0', 2, 50, 0, 2, '435347654', NULL, NULL, NULL, NULL, NULL),
(866, NULL, '2016-05-30 09:15:04', 26, NULL, NULL, 9, '2016-05-28 07:13:16', '16/INV-SLSR/V/11', NULL, NULL, NULL, NULL, NULL, NULL, 2, 3, 2, 2200, '1000000', '0', '0', '0', 2, 50, 0, 2, NULL, NULL, 1, NULL, NULL, NULL),
(867, NULL, '2016-05-30 09:15:42', 19, NULL, NULL, 9, '2016-05-22 21:06:03', '16/INV-SLSR/V/5', NULL, NULL, NULL, NULL, NULL, NULL, 2, 1, 3, 2200, '1000000', '0', '0', '0', 1, 50, 0, 2, NULL, NULL, 1, 2, NULL, NULL),
(868, NULL, '2016-05-30 09:15:42', 21, NULL, NULL, 9, '2016-05-25 00:08:53', '16/INV-SLSR/V/6', NULL, NULL, NULL, NULL, NULL, NULL, 2, 1, 1, 2200, '1000000', '0', '0', '0', 2, 10, 0, 2, '2147483647', NULL, NULL, NULL, NULL, NULL),
(869, NULL, '2016-05-30 09:15:42', 22, NULL, NULL, 9, '2016-05-28 06:56:42', '16/INV-SLSR/V/7', NULL, NULL, NULL, NULL, NULL, NULL, 2, 2, 3, 2200, '1000000', '0', '0', '0', 2, 50, 0, 2, '22334455667788', NULL, NULL, NULL, NULL, NULL),
(870, NULL, '2016-05-30 09:15:42', 23, NULL, NULL, 9, '2016-05-28 07:05:32', '16/INV-SLSR/V/8', NULL, NULL, NULL, NULL, NULL, NULL, 2, 2, 5, 2200, '1000000', '0', '0', '0', 2, 50, 0, 2, '556677889900', NULL, NULL, NULL, NULL, NULL),
(871, NULL, '2016-05-30 09:15:42', 24, NULL, NULL, 9, '2016-05-28 07:06:49', '16/INV-SLSR/V/9', NULL, NULL, NULL, NULL, NULL, NULL, 2, 2, 3, 2200, '1000000', '0', '0', '0', 2, 50, 0, 2, '6677880045454754', NULL, NULL, NULL, NULL, NULL),
(872, NULL, '2016-05-30 09:15:42', 25, NULL, NULL, 9, '2016-05-28 07:10:38', '16/INV-SLSR/V/10', NULL, NULL, NULL, NULL, NULL, NULL, 2, 5, 5, 2200, '1000000', '0', '0', '0', 2, 50, 0, 2, '435347654', NULL, NULL, NULL, NULL, NULL),
(873, NULL, '2016-05-30 09:15:42', 26, NULL, NULL, 9, '2016-05-28 07:13:16', '16/INV-SLSR/V/11', NULL, NULL, NULL, NULL, NULL, NULL, 2, 3, 2, 2200, '1000000', '0', '0', '0', 2, 50, 0, 2, NULL, NULL, 1, NULL, NULL, NULL),
(874, NULL, '2016-05-30 09:24:57', 19, NULL, NULL, 9, '2016-05-22 21:06:03', '16/INV-SLSR/V/5', NULL, NULL, NULL, NULL, NULL, NULL, 2, 1, 3, 2200, '1000000', '0', '0', '0', 1, 50, 0, 2, NULL, NULL, 1, NULL, NULL, NULL),
(875, NULL, '2016-05-30 09:25:00', 19, NULL, NULL, 9, '2016-05-22 21:06:03', '16/INV-SLSR/V/5', NULL, NULL, NULL, NULL, NULL, NULL, 2, 1, 3, 2200, '1000000', '0', '0', '0', 1, 50, 0, 2, NULL, NULL, 1, NULL, NULL, NULL),
(876, NULL, '2016-05-30 09:25:00', 21, NULL, NULL, 9, '2016-05-25 00:08:53', '16/INV-SLSR/V/6', NULL, NULL, NULL, NULL, NULL, NULL, 2, 1, 1, 2200, '1000000', '0', '0', '0', 2, 10, 0, 2, '2147483647', NULL, NULL, NULL, NULL, NULL),
(877, NULL, '2016-05-30 09:25:00', 22, NULL, NULL, 9, '2016-05-28 06:56:42', '16/INV-SLSR/V/7', NULL, NULL, NULL, NULL, NULL, NULL, 2, 2, 3, 2200, '1000000', '0', '0', '0', 2, 50, 0, 2, '22334455667788', NULL, NULL, NULL, NULL, NULL),
(878, NULL, '2016-05-30 09:25:00', 23, NULL, NULL, 9, '2016-05-28 07:05:32', '16/INV-SLSR/V/8', NULL, NULL, NULL, NULL, NULL, NULL, 2, 2, 5, 2200, '1000000', '0', '0', '0', 2, 50, 0, 2, '556677889900', NULL, NULL, NULL, NULL, NULL),
(879, NULL, '2016-05-30 09:25:00', 24, NULL, NULL, 9, '2016-05-28 07:06:49', '16/INV-SLSR/V/9', NULL, NULL, NULL, NULL, NULL, NULL, 2, 2, 3, 2200, '1000000', '0', '0', '0', 2, 50, 0, 2, '6677880045454754', NULL, NULL, NULL, NULL, NULL),
(880, NULL, '2016-05-30 09:25:00', 25, NULL, NULL, 9, '2016-05-28 07:10:38', '16/INV-SLSR/V/10', NULL, NULL, NULL, NULL, NULL, NULL, 2, 5, 5, 2200, '1000000', '0', '0', '0', 2, 50, 0, 2, '435347654', NULL, NULL, NULL, NULL, NULL),
(881, NULL, '2016-05-30 09:25:00', 26, NULL, NULL, 9, '2016-05-28 07:13:16', '16/INV-SLSR/V/11', NULL, NULL, NULL, NULL, NULL, NULL, 2, 3, 2, 2200, '1000000', '0', '0', '0', 2, 50, 0, 2, NULL, NULL, 1, NULL, NULL, NULL),
(882, NULL, '2016-05-30 09:25:10', 26, NULL, NULL, 9, '2016-05-28 07:13:16', '16/INV-SLSR/V/11', NULL, NULL, NULL, NULL, NULL, NULL, 2, 3, 2, 2200, '1000000', '0', '0', '0', 2, 50, 0, 2, NULL, NULL, 1, 2, NULL, NULL),
(883, NULL, '2016-05-30 09:25:10', 19, NULL, NULL, 9, '2016-05-22 21:06:03', '16/INV-SLSR/V/5', NULL, NULL, NULL, NULL, NULL, NULL, 2, 1, 3, 2200, '1000000', '0', '0', '0', 1, 50, 0, 2, NULL, NULL, 1, NULL, NULL, NULL);
INSERT INTO `kps_invoice_` (`KPS_INVOICE_ID_`, `KPS_INVOICE_STATUS_VIEW_BY_DIREKTUR`, `UPDATE_TIME`, `KPS_INVOICE_ID`, `invoice_type_id`, `customer_id`, `INVOICE_INDUK_ID_inv`, `DATE_INVO`, `NO_INVO`, `KPS_NO_INVOICE_FAKTUR_PAJAK`, `REV_NO_INVO`, `TOTAL_1_INVO`, `TOTAL_2_INVO`, `TOTAL_3_INVO`, `TOTAL_4_INVO`, `PREPARED_INVO`, `CHECKED_INVO`, `APPROVED_INVO`, `total_qty`, `total_amount`, `total_dp_or_vat`, `total_ppn_or_tax`, `total_all`, `term`, `KPS_INVOICE_DP`, `MADE_BY`, `UPDATE_BY`, `KPS_INVOICE_NOMOR_PENGGANTI`, `KPS_INVOICE_STATUS_APP_DELETE_DIREKTUR`, `KPS_INVOICE_STATUS_PRINT`, `KPS_INVOICE_APP_DELETE_CHANGE_NUMBER`, `KPS_INVOICE_APP_DELETE_NORMALY`, `KPS_INVOICE_FLAG_DELETE`) VALUES
(884, NULL, '2016-05-30 09:25:10', 21, NULL, NULL, 9, '2016-05-25 00:08:53', '16/INV-SLSR/V/6', NULL, NULL, NULL, NULL, NULL, NULL, 2, 1, 1, 2200, '1000000', '0', '0', '0', 2, 10, 0, 2, '2147483647', NULL, NULL, NULL, NULL, NULL),
(885, NULL, '2016-05-30 09:25:10', 22, NULL, NULL, 9, '2016-05-28 06:56:42', '16/INV-SLSR/V/7', NULL, NULL, NULL, NULL, NULL, NULL, 2, 2, 3, 2200, '1000000', '0', '0', '0', 2, 50, 0, 2, '22334455667788', NULL, NULL, NULL, NULL, NULL),
(886, NULL, '2016-05-30 09:25:10', 23, NULL, NULL, 9, '2016-05-28 07:05:32', '16/INV-SLSR/V/8', NULL, NULL, NULL, NULL, NULL, NULL, 2, 2, 5, 2200, '1000000', '0', '0', '0', 2, 50, 0, 2, '556677889900', NULL, NULL, NULL, NULL, NULL),
(887, NULL, '2016-05-30 09:25:10', 24, NULL, NULL, 9, '2016-05-28 07:06:49', '16/INV-SLSR/V/9', NULL, NULL, NULL, NULL, NULL, NULL, 2, 2, 3, 2200, '1000000', '0', '0', '0', 2, 50, 0, 2, '6677880045454754', NULL, NULL, NULL, NULL, NULL),
(888, NULL, '2016-05-30 09:25:10', 25, NULL, NULL, 9, '2016-05-28 07:10:38', '16/INV-SLSR/V/10', NULL, NULL, NULL, NULL, NULL, NULL, 2, 5, 5, 2200, '1000000', '0', '0', '0', 2, 50, 0, 2, '435347654', NULL, NULL, NULL, NULL, NULL),
(889, NULL, '2016-05-30 09:25:10', 26, NULL, NULL, 9, '2016-05-28 07:13:16', '16/INV-SLSR/V/11', NULL, NULL, NULL, NULL, NULL, NULL, 2, 3, 2, 2200, '1000000', '0', '0', '0', 2, 50, 0, 2, NULL, NULL, 1, 2, NULL, NULL),
(890, NULL, '2016-05-30 09:40:49', 19, NULL, NULL, 9, '2016-05-22 21:06:03', '16/INV-SLSR/V/5', NULL, NULL, NULL, NULL, NULL, NULL, 2, 1, 3, 2200, '1000000', '0', '0', '0', 1, 50, 0, 2, NULL, NULL, 1, NULL, NULL, NULL),
(891, NULL, '2016-05-30 09:40:49', 21, NULL, NULL, 9, '2016-05-25 00:08:53', '16/INV-SLSR/V/6', NULL, NULL, NULL, NULL, NULL, NULL, 2, 1, 1, 2200, '1000000', '0', '0', '0', 2, 10, 0, 2, '2147483647', NULL, NULL, NULL, NULL, NULL),
(892, NULL, '2016-05-30 09:40:49', 22, NULL, NULL, 9, '2016-05-28 06:56:42', '16/INV-SLSR/V/7', NULL, NULL, NULL, NULL, NULL, NULL, 2, 2, 3, 2200, '1000000', '0', '0', '0', 2, 50, 0, 2, '22334455667788', NULL, NULL, NULL, NULL, NULL),
(893, NULL, '2016-05-30 09:40:49', 23, NULL, NULL, 9, '2016-05-28 07:05:32', '16/INV-SLSR/V/8', NULL, NULL, NULL, NULL, NULL, NULL, 2, 2, 5, 2200, '1000000', '0', '0', '0', 2, 50, 0, 2, '556677889900', NULL, NULL, NULL, NULL, NULL),
(894, NULL, '2016-05-30 09:40:49', 24, NULL, NULL, 9, '2016-05-28 07:06:49', '16/INV-SLSR/V/9', NULL, NULL, NULL, NULL, NULL, NULL, 2, 2, 3, 2200, '1000000', '0', '0', '0', 2, 50, 0, 2, '6677880045454754', NULL, NULL, NULL, NULL, NULL),
(895, NULL, '2016-05-30 09:40:49', 25, NULL, NULL, 9, '2016-05-28 07:10:38', '16/INV-SLSR/V/10', NULL, NULL, NULL, NULL, NULL, NULL, 2, 5, 5, 2200, '1000000', '0', '0', '0', 2, 50, 0, 2, '435347654', NULL, NULL, NULL, NULL, NULL),
(896, NULL, '2016-05-30 09:40:49', 26, NULL, NULL, 9, '2016-05-28 07:13:16', '16/INV-SLSR/V/11', NULL, NULL, NULL, NULL, NULL, NULL, 2, 3, 2, 2200, '1000000', '0', '0', '0', 2, 50, 0, 2, NULL, NULL, 1, 2, NULL, NULL),
(897, NULL, '2016-05-30 09:41:16', 19, NULL, NULL, 9, '2016-05-22 21:06:03', '16/INV-SLSR/V/5', NULL, NULL, NULL, NULL, NULL, NULL, 2, 1, 3, 2200, '1000000', '0', '0', '0', 1, 50, 0, 2, NULL, NULL, 1, NULL, NULL, NULL),
(898, NULL, '2016-05-30 09:41:16', 21, NULL, NULL, 9, '2016-05-25 00:08:53', '16/INV-SLSR/V/6', NULL, NULL, NULL, NULL, NULL, NULL, 2, 1, 1, 2200, '1000000', '0', '0', '0', 2, 10, 0, 2, '2147483647', NULL, NULL, NULL, NULL, NULL),
(899, NULL, '2016-05-30 09:41:16', 22, NULL, NULL, 9, '2016-05-28 06:56:42', '16/INV-SLSR/V/7', NULL, NULL, NULL, NULL, NULL, NULL, 2, 2, 3, 2200, '1000000', '0', '0', '0', 2, 50, 0, 2, '22334455667788', NULL, NULL, NULL, NULL, NULL),
(900, NULL, '2016-05-30 09:41:16', 23, NULL, NULL, 9, '2016-05-28 07:05:32', '16/INV-SLSR/V/8', NULL, NULL, NULL, NULL, NULL, NULL, 2, 2, 5, 2200, '1000000', '0', '0', '0', 2, 50, 0, 2, '556677889900', NULL, NULL, NULL, NULL, NULL),
(901, NULL, '2016-05-30 09:41:16', 24, NULL, NULL, 9, '2016-05-28 07:06:49', '16/INV-SLSR/V/9', NULL, NULL, NULL, NULL, NULL, NULL, 2, 2, 3, 2200, '1000000', '0', '0', '0', 2, 50, 0, 2, '6677880045454754', NULL, NULL, NULL, NULL, NULL),
(902, NULL, '2016-05-30 09:41:16', 25, NULL, NULL, 9, '2016-05-28 07:10:38', '16/INV-SLSR/V/10', NULL, NULL, NULL, NULL, NULL, NULL, 2, 5, 5, 2200, '1000000', '0', '0', '0', 2, 50, 0, 2, '435347654', NULL, NULL, NULL, NULL, NULL),
(903, NULL, '2016-05-30 09:41:16', 26, NULL, NULL, 9, '2016-05-28 07:13:16', '16/INV-SLSR/V/11', NULL, NULL, NULL, NULL, NULL, NULL, 2, 3, 2, 2200, '1000000', '0', '0', '0', 2, 50, 0, 2, NULL, NULL, 1, 2, NULL, NULL),
(904, NULL, '2016-05-30 10:50:36', 16, NULL, NULL, 5, '2016-05-13 16:21:04', '16/INV-SLSR/V/2', NULL, NULL, NULL, NULL, NULL, NULL, 1, 3, 4, 35, '30800', '0', '0', '0', 1, 100, 0, 1, NULL, NULL, NULL, NULL, NULL, NULL),
(905, NULL, '2016-05-30 10:57:59', 19, NULL, NULL, 9, '2016-05-22 21:06:03', '16/INV-SLSR/V/5', NULL, NULL, NULL, NULL, NULL, NULL, 2, 1, 3, 2200, '1000000', '0', '0', '0', 1, 50, 0, 2, NULL, NULL, 1, NULL, NULL, NULL),
(906, NULL, '2016-05-30 10:57:59', 21, NULL, NULL, 9, '2016-05-25 00:08:53', '16/INV-SLSR/V/6', NULL, NULL, NULL, NULL, NULL, NULL, 2, 1, 1, 2200, '1000000', '0', '0', '0', 2, 10, 0, 2, '2147483647', NULL, NULL, NULL, NULL, NULL),
(907, NULL, '2016-05-30 10:57:59', 22, NULL, NULL, 9, '2016-05-28 06:56:42', '16/INV-SLSR/V/7', NULL, NULL, NULL, NULL, NULL, NULL, 2, 2, 3, 2200, '1000000', '0', '0', '0', 2, 50, 0, 2, '22334455667788', NULL, NULL, NULL, NULL, NULL),
(908, NULL, '2016-05-30 10:57:59', 23, NULL, NULL, 9, '2016-05-28 07:05:32', '16/INV-SLSR/V/8', NULL, NULL, NULL, NULL, NULL, NULL, 2, 2, 5, 2200, '1000000', '0', '0', '0', 2, 50, 0, 2, '556677889900', NULL, NULL, NULL, NULL, NULL),
(909, NULL, '2016-05-30 10:57:59', 24, NULL, NULL, 9, '2016-05-28 07:06:49', '16/INV-SLSR/V/9', NULL, NULL, NULL, NULL, NULL, NULL, 2, 2, 3, 2200, '1000000', '0', '0', '0', 2, 50, 0, 2, '6677880045454754', NULL, NULL, NULL, NULL, NULL),
(910, NULL, '2016-05-30 10:57:59', 25, NULL, NULL, 9, '2016-05-28 07:10:38', '16/INV-SLSR/V/10', NULL, NULL, NULL, NULL, NULL, NULL, 2, 5, 5, 2200, '1000000', '0', '0', '0', 2, 50, 0, 2, '435347654', NULL, NULL, NULL, NULL, NULL),
(911, NULL, '2016-05-30 10:57:59', 26, NULL, NULL, 9, '2016-05-28 07:13:16', '16/INV-SLSR/V/11', NULL, NULL, NULL, NULL, NULL, NULL, 2, 3, 2, 2200, '1000000', '0', '0', '0', 2, 50, 0, 2, NULL, NULL, 1, 2, NULL, NULL),
(912, NULL, '2016-05-30 10:58:28', 26, NULL, NULL, 9, '2016-05-28 07:13:16', '16/INV-SLSR/V/11', NULL, NULL, NULL, NULL, NULL, NULL, 2, 3, 2, 2200, '1000000', '0', '0', '0', 2, 50, 0, 2, NULL, NULL, 1, 2, NULL, NULL),
(913, NULL, '2016-05-30 10:59:30', 19, NULL, NULL, 9, '2016-05-22 21:06:03', '16/INV-SLSR/V/5', NULL, NULL, NULL, NULL, NULL, NULL, 2, 1, 3, 2200, '1000000', '0', '0', '0', 1, 50, 0, 2, NULL, NULL, 1, NULL, NULL, NULL),
(914, NULL, '2016-05-30 10:59:30', 21, NULL, NULL, 9, '2016-05-25 00:08:53', '16/INV-SLSR/V/6', NULL, NULL, NULL, NULL, NULL, NULL, 2, 1, 1, 2200, '1000000', '0', '0', '0', 2, 10, 0, 2, '2147483647', NULL, NULL, NULL, NULL, NULL),
(915, NULL, '2016-05-30 10:59:30', 22, NULL, NULL, 9, '2016-05-28 06:56:42', '16/INV-SLSR/V/7', NULL, NULL, NULL, NULL, NULL, NULL, 2, 2, 3, 2200, '1000000', '0', '0', '0', 2, 50, 0, 2, '22334455667788', NULL, NULL, NULL, NULL, NULL),
(916, NULL, '2016-05-30 10:59:30', 23, NULL, NULL, 9, '2016-05-28 07:05:32', '16/INV-SLSR/V/8', NULL, NULL, NULL, NULL, NULL, NULL, 2, 2, 5, 2200, '1000000', '0', '0', '0', 2, 50, 0, 2, '556677889900', NULL, NULL, NULL, NULL, NULL),
(917, NULL, '2016-05-30 10:59:30', 24, NULL, NULL, 9, '2016-05-28 07:06:49', '16/INV-SLSR/V/9', NULL, NULL, NULL, NULL, NULL, NULL, 2, 2, 3, 2200, '1000000', '0', '0', '0', 2, 50, 0, 2, '6677880045454754', NULL, NULL, NULL, NULL, NULL),
(918, NULL, '2016-05-30 10:59:30', 25, NULL, NULL, 9, '2016-05-28 07:10:38', '16/INV-SLSR/V/10', NULL, NULL, NULL, NULL, NULL, NULL, 2, 5, 5, 2200, '1000000', '0', '0', '0', 2, 50, 0, 2, '435347654', NULL, NULL, NULL, NULL, NULL),
(919, NULL, '2016-05-30 10:59:30', 26, NULL, NULL, 9, '2016-05-28 07:13:16', '16/INV-SLSR/V/11', NULL, NULL, NULL, NULL, NULL, NULL, 2, 3, 2, 2200, '1000000', '0', '0', '0', 2, 50, 0, 2, NULL, NULL, 1, 2, NULL, NULL),
(920, NULL, '2016-05-30 11:01:30', 26, NULL, NULL, 9, '2016-05-28 07:13:16', '16/INV-SLSR/V/11', NULL, NULL, NULL, NULL, NULL, NULL, 2, 3, 2, 2200, '1000000', '0', '0', '0', 2, 50, 0, 12, '7654657899765', 1, 1, 2, NULL, NULL),
(921, NULL, '2016-05-30 11:01:30', 19, NULL, NULL, 9, '2016-05-22 21:06:03', '16/INV-SLSR/V/5', NULL, NULL, NULL, NULL, NULL, NULL, 2, 1, 3, 2200, '1000000', '0', '0', '0', 1, 50, 0, 2, NULL, NULL, 1, NULL, NULL, NULL),
(922, NULL, '2016-05-30 11:01:30', 21, NULL, NULL, 9, '2016-05-25 00:08:53', '16/INV-SLSR/V/6', NULL, NULL, NULL, NULL, NULL, NULL, 2, 1, 1, 2200, '1000000', '0', '0', '0', 2, 10, 0, 2, '2147483647', NULL, NULL, NULL, NULL, NULL),
(923, NULL, '2016-05-30 11:01:30', 22, NULL, NULL, 9, '2016-05-28 06:56:42', '16/INV-SLSR/V/7', NULL, NULL, NULL, NULL, NULL, NULL, 2, 2, 3, 2200, '1000000', '0', '0', '0', 2, 50, 0, 2, '22334455667788', NULL, NULL, NULL, NULL, NULL),
(924, NULL, '2016-05-30 11:01:30', 23, NULL, NULL, 9, '2016-05-28 07:05:32', '16/INV-SLSR/V/8', NULL, NULL, NULL, NULL, NULL, NULL, 2, 2, 5, 2200, '1000000', '0', '0', '0', 2, 50, 0, 2, '556677889900', NULL, NULL, NULL, NULL, NULL),
(925, NULL, '2016-05-30 11:01:30', 24, NULL, NULL, 9, '2016-05-28 07:06:49', '16/INV-SLSR/V/9', NULL, NULL, NULL, NULL, NULL, NULL, 2, 2, 3, 2200, '1000000', '0', '0', '0', 2, 50, 0, 2, '6677880045454754', NULL, NULL, NULL, NULL, NULL),
(926, NULL, '2016-05-30 11:01:30', 25, NULL, NULL, 9, '2016-05-28 07:10:38', '16/INV-SLSR/V/10', NULL, NULL, NULL, NULL, NULL, NULL, 2, 5, 5, 2200, '1000000', '0', '0', '0', 2, 50, 0, 2, '435347654', NULL, NULL, NULL, NULL, NULL),
(927, NULL, '2016-05-30 11:01:30', 26, NULL, NULL, 9, '2016-05-28 07:13:16', '16/INV-SLSR/V/11', NULL, NULL, NULL, NULL, NULL, NULL, 12, 3, 2, 2200, '1000000', '0', '0', '0', 2, 50, 0, 12, '7654657899765', 1, 1, 2, NULL, NULL),
(928, NULL, '2016-05-30 11:01:30', 29, NULL, NULL, 9, '2016-05-30 11:01:30', '16/INV-SLSR/V/14', NULL, NULL, NULL, NULL, NULL, NULL, 12, 1, 3, 0, '0', '0', '0', '0', 2, 50, 0, 12, NULL, NULL, NULL, NULL, NULL, NULL),
(929, NULL, '2016-05-30 11:01:53', 29, NULL, NULL, 9, '2016-05-30 11:01:30', '16/INV-SLSR/V/14', NULL, NULL, NULL, NULL, NULL, NULL, 12, 1, 3, 2200, '1000000', '0', '0', '0', 2, 50, 0, 12, NULL, NULL, NULL, NULL, NULL, NULL),
(930, NULL, '2016-05-31 03:41:46', 19, NULL, NULL, 9, '2016-05-22 21:06:03', '16/INV-SLSR/V/5', 0, NULL, NULL, NULL, NULL, NULL, 2, 1, 3, 2200, '1000000', '0', '0', '0', 1, 50, 0, 2, NULL, NULL, 1, NULL, NULL, NULL),
(931, NULL, '2016-05-31 03:41:46', 21, NULL, NULL, 9, '2016-05-25 00:08:53', '16/INV-SLSR/V/6', 2147483647, NULL, NULL, NULL, NULL, NULL, 2, 1, 1, 2200, '1000000', '0', '0', '0', 2, 10, 0, 2, '2147483647', NULL, NULL, NULL, NULL, NULL),
(932, NULL, '2016-05-31 03:41:46', 22, NULL, NULL, 9, '2016-05-28 06:56:42', '16/INV-SLSR/V/7', 2147483647, NULL, NULL, NULL, NULL, NULL, 2, 2, 3, 2200, '1000000', '0', '0', '0', 2, 50, 0, 2, '22334455667788', NULL, NULL, NULL, NULL, NULL),
(933, NULL, '2016-05-31 03:41:46', 23, NULL, NULL, 9, '2016-05-28 07:05:32', '16/INV-SLSR/V/8', 2147483647, NULL, NULL, NULL, NULL, NULL, 2, 2, 5, 2200, '1000000', '0', '0', '0', 2, 50, 0, 2, '556677889900', NULL, NULL, NULL, NULL, NULL),
(934, NULL, '2016-05-31 03:41:46', 24, NULL, NULL, 9, '2016-05-28 07:06:49', '16/INV-SLSR/V/9', 2147483647, NULL, NULL, NULL, NULL, NULL, 2, 2, 3, 2200, '1000000', '0', '0', '0', 2, 50, 0, 2, '6677880045454754', NULL, NULL, NULL, NULL, NULL),
(935, NULL, '2016-05-31 03:41:46', 25, NULL, NULL, 9, '2016-05-28 07:10:38', '16/INV-SLSR/V/10', 2147483647, NULL, NULL, NULL, NULL, NULL, 2, 5, 5, 2200, '1000000', '0', '0', '0', 2, 50, 0, 2, '435347654', NULL, NULL, NULL, NULL, NULL),
(936, NULL, '2016-05-31 03:41:46', 26, NULL, NULL, 9, '2016-05-28 07:13:16', '16/INV-SLSR/V/11', 435347654, NULL, NULL, NULL, NULL, NULL, 12, 3, 2, 2200, '1000000', '0', '0', '0', 2, 50, 0, 12, '7654657899765', NULL, 1, 2, NULL, NULL),
(937, NULL, '2016-05-31 03:41:46', 29, NULL, NULL, 9, '2016-05-30 11:01:30', '16/INV-SLSR/V/14', 2147483647, NULL, NULL, NULL, NULL, NULL, 12, 1, 3, 2200, '1000000', '0', '0', '0', 2, 50, 0, 12, NULL, NULL, 1, NULL, NULL, NULL),
(938, NULL, '2016-05-31 03:45:05', 19, NULL, NULL, 9, '2016-05-22 21:06:03', '16/INV-SLSR/V/5', 0, NULL, NULL, NULL, NULL, NULL, 2, 1, 3, 2200, '1000000', '0', '0', '0', 1, 50, 0, 2, NULL, NULL, 1, NULL, NULL, NULL),
(939, NULL, '2016-05-31 03:45:05', 21, NULL, NULL, 9, '2016-05-25 00:08:53', '16/INV-SLSR/V/6', 2147483647, NULL, NULL, NULL, NULL, NULL, 2, 1, 1, 2200, '1000000', '0', '0', '0', 2, 10, 0, 2, '2147483647', NULL, NULL, NULL, NULL, NULL),
(940, NULL, '2016-05-31 03:45:05', 22, NULL, NULL, 9, '2016-05-28 06:56:42', '16/INV-SLSR/V/7', 2147483647, NULL, NULL, NULL, NULL, NULL, 2, 2, 3, 2200, '1000000', '0', '0', '0', 2, 50, 0, 2, '22334455667788', NULL, NULL, NULL, NULL, NULL),
(941, NULL, '2016-05-31 03:45:05', 23, NULL, NULL, 9, '2016-05-28 07:05:32', '16/INV-SLSR/V/8', 2147483647, NULL, NULL, NULL, NULL, NULL, 2, 2, 5, 2200, '1000000', '0', '0', '0', 2, 50, 0, 2, '556677889900', NULL, NULL, NULL, NULL, NULL),
(942, NULL, '2016-05-31 03:45:05', 24, NULL, NULL, 9, '2016-05-28 07:06:49', '16/INV-SLSR/V/9', 2147483647, NULL, NULL, NULL, NULL, NULL, 2, 2, 3, 2200, '1000000', '0', '0', '0', 2, 50, 0, 2, '6677880045454754', NULL, NULL, NULL, NULL, NULL),
(943, NULL, '2016-05-31 03:45:05', 25, NULL, NULL, 9, '2016-05-28 07:10:38', '16/INV-SLSR/V/10', 2147483647, NULL, NULL, NULL, NULL, NULL, 2, 5, 5, 2200, '1000000', '0', '0', '0', 2, 50, 0, 2, '435347654', NULL, NULL, NULL, NULL, NULL),
(944, NULL, '2016-05-31 03:45:05', 26, NULL, NULL, 9, '2016-05-28 07:13:16', '16/INV-SLSR/V/11', 435347654, NULL, NULL, NULL, NULL, NULL, 12, 3, 2, 2200, '1000000', '0', '0', '0', 2, 50, 0, 12, '7654657899765', NULL, 1, 2, NULL, NULL),
(945, NULL, '2016-05-31 03:45:05', 29, NULL, NULL, 9, '2016-05-30 11:01:30', '16/INV-SLSR/V/14', 2147483647, NULL, NULL, NULL, NULL, NULL, 12, 1, 3, 2200, '1000000', '0', '0', '0', 2, 50, 0, 12, NULL, NULL, 1, NULL, NULL, NULL),
(946, NULL, '2016-05-31 03:47:33', 19, NULL, NULL, 9, '2016-05-22 21:06:03', '16/INV-SLSR/V/5', 0, NULL, NULL, NULL, NULL, NULL, 2, 1, 3, 2200, '1000000', '0', '0', '0', 1, 50, 0, 2, NULL, NULL, 1, NULL, NULL, NULL),
(947, NULL, '2016-05-31 03:47:33', 21, NULL, NULL, 9, '2016-05-25 00:08:53', '16/INV-SLSR/V/6', 2147483647, NULL, NULL, NULL, NULL, NULL, 2, 1, 1, 2200, '1000000', '0', '0', '0', 2, 10, 0, 2, '2147483647', NULL, NULL, NULL, NULL, NULL),
(948, NULL, '2016-05-31 03:47:33', 22, NULL, NULL, 9, '2016-05-28 06:56:42', '16/INV-SLSR/V/7', 2147483647, NULL, NULL, NULL, NULL, NULL, 2, 2, 3, 2200, '1000000', '0', '0', '0', 2, 50, 0, 2, '22334455667788', NULL, NULL, NULL, NULL, NULL),
(949, NULL, '2016-05-31 03:47:33', 23, NULL, NULL, 9, '2016-05-28 07:05:32', '16/INV-SLSR/V/8', 2147483647, NULL, NULL, NULL, NULL, NULL, 2, 2, 5, 2200, '1000000', '0', '0', '0', 2, 50, 0, 2, '556677889900', NULL, NULL, NULL, NULL, NULL),
(950, NULL, '2016-05-31 03:47:33', 24, NULL, NULL, 9, '2016-05-28 07:06:49', '16/INV-SLSR/V/9', 2147483647, NULL, NULL, NULL, NULL, NULL, 2, 2, 3, 2200, '1000000', '0', '0', '0', 2, 50, 0, 2, '6677880045454754', NULL, NULL, NULL, NULL, NULL),
(951, NULL, '2016-05-31 03:47:33', 25, NULL, NULL, 9, '2016-05-28 07:10:38', '16/INV-SLSR/V/10', 2147483647, NULL, NULL, NULL, NULL, NULL, 2, 5, 5, 2200, '1000000', '0', '0', '0', 2, 50, 0, 2, '435347654', NULL, NULL, NULL, NULL, NULL),
(952, NULL, '2016-05-31 03:47:33', 26, NULL, NULL, 9, '2016-05-28 07:13:16', '16/INV-SLSR/V/11', 435347654, NULL, NULL, NULL, NULL, NULL, 12, 3, 2, 2200, '1000000', '0', '0', '0', 2, 50, 0, 12, '7654657899765', NULL, 1, 2, NULL, NULL),
(953, NULL, '2016-05-31 03:47:33', 29, NULL, NULL, 9, '2016-05-30 11:01:30', '16/INV-SLSR/V/14', 2147483647, NULL, NULL, NULL, NULL, NULL, 12, 1, 3, 2200, '1000000', '0', '0', '0', 2, 50, 0, 12, NULL, NULL, 1, NULL, NULL, NULL),
(954, NULL, '2016-05-31 03:47:36', 22, NULL, NULL, 9, '2016-05-28 06:56:42', '16/INV-SLSR/V/7', 2147483647, NULL, NULL, NULL, NULL, NULL, 2, 2, 3, 2200, '1000000', '0', '0', '0', 2, 50, 0, 2, '22334455667788', NULL, NULL, NULL, NULL, NULL),
(955, NULL, '2016-05-31 03:47:40', 29, NULL, NULL, 9, '2016-05-30 11:01:30', '16/INV-SLSR/V/14', 2147483647, NULL, NULL, NULL, NULL, NULL, 12, 1, 3, 2200, '1000000', '0', '0', '0', 2, 50, 0, 12, NULL, NULL, 1, NULL, NULL, NULL),
(956, NULL, '2016-05-31 03:49:22', 19, NULL, NULL, 9, '2016-05-22 21:06:03', '16/INV-SLSR/V/5', 0, NULL, NULL, NULL, NULL, NULL, 2, 1, 3, 2200, '1000000', '0', '0', '0', 1, 50, 0, 2, NULL, NULL, 1, NULL, NULL, NULL),
(957, NULL, '2016-05-31 03:49:22', 21, NULL, NULL, 9, '2016-05-25 00:08:53', '16/INV-SLSR/V/6', 2147483647, NULL, NULL, NULL, NULL, NULL, 2, 1, 1, 2200, '1000000', '0', '0', '0', 2, 10, 0, 2, '2147483647', NULL, NULL, NULL, NULL, NULL),
(958, NULL, '2016-05-31 03:49:22', 22, NULL, NULL, 9, '2016-05-28 06:56:42', '16/INV-SLSR/V/7', 2147483647, NULL, NULL, NULL, NULL, NULL, 2, 2, 3, 2200, '1000000', '0', '0', '0', 2, 50, 0, 2, '22334455667788', NULL, 1, NULL, NULL, NULL),
(959, NULL, '2016-05-31 03:49:22', 23, NULL, NULL, 9, '2016-05-28 07:05:32', '16/INV-SLSR/V/8', 2147483647, NULL, NULL, NULL, NULL, NULL, 2, 2, 5, 2200, '1000000', '0', '0', '0', 2, 50, 0, 2, '556677889900', NULL, NULL, NULL, NULL, NULL),
(960, NULL, '2016-05-31 03:49:22', 24, NULL, NULL, 9, '2016-05-28 07:06:49', '16/INV-SLSR/V/9', 2147483647, NULL, NULL, NULL, NULL, NULL, 2, 2, 3, 2200, '1000000', '0', '0', '0', 2, 50, 0, 2, '6677880045454754', NULL, NULL, NULL, NULL, NULL),
(961, NULL, '2016-05-31 03:49:22', 25, NULL, NULL, 9, '2016-05-28 07:10:38', '16/INV-SLSR/V/10', 2147483647, NULL, NULL, NULL, NULL, NULL, 2, 5, 5, 2200, '1000000', '0', '0', '0', 2, 50, 0, 2, '435347654', NULL, NULL, NULL, NULL, NULL),
(962, NULL, '2016-05-31 03:49:22', 26, NULL, NULL, 9, '2016-05-28 07:13:16', '16/INV-SLSR/V/11', 435347654, NULL, NULL, NULL, NULL, NULL, 12, 3, 2, 2200, '1000000', '0', '0', '0', 2, 50, 0, 12, '7654657899765', NULL, 1, 2, NULL, NULL),
(963, NULL, '2016-05-31 03:49:22', 29, NULL, NULL, 9, '2016-05-30 11:01:30', '16/INV-SLSR/V/14', 2147483647, NULL, NULL, NULL, NULL, NULL, 12, 1, 3, 2200, '1000000', '0', '0', '0', 2, 50, 0, 12, NULL, NULL, 1, NULL, NULL, NULL),
(964, NULL, '2016-05-31 03:49:25', 19, NULL, NULL, 9, '2016-05-22 21:06:03', '16/INV-SLSR/V/5', 0, NULL, NULL, NULL, NULL, NULL, 2, 1, 3, 2200, '1000000', '0', '0', '0', 1, 50, 0, 2, NULL, NULL, 1, NULL, NULL, NULL),
(965, NULL, '2016-05-31 03:49:25', 21, NULL, NULL, 9, '2016-05-25 00:08:53', '16/INV-SLSR/V/6', 2147483647, NULL, NULL, NULL, NULL, NULL, 2, 1, 1, 2200, '1000000', '0', '0', '0', 2, 10, 0, 2, '2147483647', NULL, NULL, NULL, NULL, NULL),
(966, NULL, '2016-05-31 03:49:25', 22, NULL, NULL, 9, '2016-05-28 06:56:42', '16/INV-SLSR/V/7', 2147483647, NULL, NULL, NULL, NULL, NULL, 2, 2, 3, 2200, '1000000', '0', '0', '0', 2, 50, 0, 2, '22334455667788', NULL, 1, NULL, NULL, NULL),
(967, NULL, '2016-05-31 03:49:25', 23, NULL, NULL, 9, '2016-05-28 07:05:32', '16/INV-SLSR/V/8', 2147483647, NULL, NULL, NULL, NULL, NULL, 2, 2, 5, 2200, '1000000', '0', '0', '0', 2, 50, 0, 2, '556677889900', NULL, NULL, NULL, NULL, NULL),
(968, NULL, '2016-05-31 03:49:25', 24, NULL, NULL, 9, '2016-05-28 07:06:49', '16/INV-SLSR/V/9', 2147483647, NULL, NULL, NULL, NULL, NULL, 2, 2, 3, 2200, '1000000', '0', '0', '0', 2, 50, 0, 2, '6677880045454754', NULL, NULL, NULL, NULL, NULL),
(969, NULL, '2016-05-31 03:49:25', 25, NULL, NULL, 9, '2016-05-28 07:10:38', '16/INV-SLSR/V/10', 2147483647, NULL, NULL, NULL, NULL, NULL, 2, 5, 5, 2200, '1000000', '0', '0', '0', 2, 50, 0, 2, '435347654', NULL, NULL, NULL, NULL, NULL),
(970, NULL, '2016-05-31 03:49:25', 26, NULL, NULL, 9, '2016-05-28 07:13:16', '16/INV-SLSR/V/11', 435347654, NULL, NULL, NULL, NULL, NULL, 12, 3, 2, 2200, '1000000', '0', '0', '0', 2, 50, 0, 12, '7654657899765', NULL, 1, 2, NULL, NULL),
(971, NULL, '2016-05-31 03:49:25', 29, NULL, NULL, 9, '2016-05-30 11:01:30', '16/INV-SLSR/V/14', 2147483647, NULL, NULL, NULL, NULL, NULL, 12, 1, 3, 2200, '1000000', '0', '0', '0', 2, 50, 0, 12, NULL, NULL, 1, NULL, NULL, NULL),
(972, NULL, '2016-05-31 03:52:00', 19, NULL, NULL, 9, '2016-05-22 21:06:03', '16/INV-SLSR/V/5', 0, NULL, NULL, NULL, NULL, NULL, 2, 1, 3, 2200, '1000000', '0', '0', '0', 1, 50, 0, 2, NULL, NULL, 1, NULL, NULL, NULL),
(973, NULL, '2016-05-31 03:52:00', 21, NULL, NULL, 9, '2016-05-25 00:08:53', '16/INV-SLSR/V/6', 2147483647, NULL, NULL, NULL, NULL, NULL, 2, 1, 1, 2200, '1000000', '0', '0', '0', 2, 10, 0, 2, '2147483647', NULL, NULL, NULL, NULL, NULL),
(974, NULL, '2016-05-31 03:52:00', 22, NULL, NULL, 9, '2016-05-28 06:56:42', '16/INV-SLSR/V/7', 2147483647, NULL, NULL, NULL, NULL, NULL, 2, 2, 3, 2200, '1000000', '0', '0', '0', 2, 50, 0, 2, '22334455667788', NULL, 1, NULL, NULL, NULL),
(975, NULL, '2016-05-31 03:52:00', 23, NULL, NULL, 9, '2016-05-28 07:05:32', '16/INV-SLSR/V/8', 2147483647, NULL, NULL, NULL, NULL, NULL, 2, 2, 5, 2200, '1000000', '0', '0', '0', 2, 50, 0, 2, '556677889900', NULL, NULL, NULL, NULL, NULL),
(976, NULL, '2016-05-31 03:52:00', 24, NULL, NULL, 9, '2016-05-28 07:06:49', '16/INV-SLSR/V/9', 2147483647, NULL, NULL, NULL, NULL, NULL, 2, 2, 3, 2200, '1000000', '0', '0', '0', 2, 50, 0, 2, '6677880045454754', NULL, NULL, NULL, NULL, NULL),
(977, NULL, '2016-05-31 03:52:00', 25, NULL, NULL, 9, '2016-05-28 07:10:38', '16/INV-SLSR/V/10', 2147483647, NULL, NULL, NULL, NULL, NULL, 2, 5, 5, 2200, '1000000', '0', '0', '0', 2, 50, 0, 2, '435347654', NULL, NULL, NULL, NULL, NULL),
(978, NULL, '2016-05-31 03:52:00', 26, NULL, NULL, 9, '2016-05-28 07:13:16', '16/INV-SLSR/V/11', 435347654, NULL, NULL, NULL, NULL, NULL, 12, 3, 2, 2200, '1000000', '0', '0', '0', 2, 50, 0, 12, '7654657899765', NULL, 1, 2, NULL, NULL),
(979, NULL, '2016-05-31 03:52:00', 29, NULL, NULL, 9, '2016-05-30 11:01:30', '16/INV-SLSR/V/14', 2147483647, NULL, NULL, NULL, NULL, NULL, 12, 1, 3, 2200, '1000000', '0', '0', '0', 2, 50, 0, 12, NULL, NULL, 1, NULL, NULL, NULL),
(980, NULL, '2016-05-31 03:52:19', 19, NULL, NULL, 9, '2016-05-22 21:06:03', '16/INV-SLSR/V/5', 0, NULL, NULL, NULL, NULL, NULL, 2, 1, 3, 2200, '1000000', '0', '0', '0', 1, 50, 0, 2, NULL, NULL, 1, NULL, NULL, NULL),
(981, NULL, '2016-05-31 03:52:19', 21, NULL, NULL, 9, '2016-05-25 00:08:53', '16/INV-SLSR/V/6', 2147483647, NULL, NULL, NULL, NULL, NULL, 2, 1, 1, 2200, '1000000', '0', '0', '0', 2, 10, 0, 2, '2147483647', NULL, NULL, NULL, NULL, NULL),
(982, NULL, '2016-05-31 03:52:19', 22, NULL, NULL, 9, '2016-05-28 06:56:42', '16/INV-SLSR/V/7', 2147483647, NULL, NULL, NULL, NULL, NULL, 2, 2, 3, 2200, '1000000', '0', '0', '0', 2, 50, 0, 2, '22334455667788', NULL, 1, NULL, NULL, NULL),
(983, NULL, '2016-05-31 03:52:19', 23, NULL, NULL, 9, '2016-05-28 07:05:32', '16/INV-SLSR/V/8', 2147483647, NULL, NULL, NULL, NULL, NULL, 2, 2, 5, 2200, '1000000', '0', '0', '0', 2, 50, 0, 2, '556677889900', NULL, NULL, NULL, NULL, NULL),
(984, NULL, '2016-05-31 03:52:19', 24, NULL, NULL, 9, '2016-05-28 07:06:49', '16/INV-SLSR/V/9', 2147483647, NULL, NULL, NULL, NULL, NULL, 2, 2, 3, 2200, '1000000', '0', '0', '0', 2, 50, 0, 2, '6677880045454754', NULL, NULL, NULL, NULL, NULL),
(985, NULL, '2016-05-31 03:52:19', 25, NULL, NULL, 9, '2016-05-28 07:10:38', '16/INV-SLSR/V/10', 2147483647, NULL, NULL, NULL, NULL, NULL, 2, 5, 5, 2200, '1000000', '0', '0', '0', 2, 50, 0, 2, '435347654', NULL, NULL, NULL, NULL, NULL),
(986, NULL, '2016-05-31 03:52:19', 26, NULL, NULL, 9, '2016-05-28 07:13:16', '16/INV-SLSR/V/11', 435347654, NULL, NULL, NULL, NULL, NULL, 12, 3, 2, 2200, '1000000', '0', '0', '0', 2, 50, 0, 12, '7654657899765', NULL, 1, 2, NULL, NULL),
(987, NULL, '2016-05-31 03:52:19', 29, NULL, NULL, 9, '2016-05-30 11:01:30', '16/INV-SLSR/V/14', 2147483647, NULL, NULL, NULL, NULL, NULL, 12, 1, 3, 2200, '1000000', '0', '0', '0', 2, 50, 0, 12, NULL, NULL, 1, NULL, NULL, NULL),
(988, NULL, '2016-05-31 03:55:11', 19, NULL, NULL, 9, '2016-05-22 21:06:03', '16/INV-SLSR/V/5', 0, NULL, NULL, NULL, NULL, NULL, 2, 1, 3, 2200, '1000000', '0', '0', '0', 1, 50, 0, 2, NULL, NULL, 1, NULL, NULL, NULL),
(989, NULL, '2016-05-31 03:55:11', 21, NULL, NULL, 9, '2016-05-25 00:08:53', '16/INV-SLSR/V/6', 2147483647, NULL, NULL, NULL, NULL, NULL, 2, 1, 1, 2200, '1000000', '0', '0', '0', 2, 10, 0, 2, '2147483647', NULL, NULL, NULL, NULL, NULL),
(990, NULL, '2016-05-31 03:55:11', 22, NULL, NULL, 9, '2016-05-28 06:56:42', '16/INV-SLSR/V/7', 2147483647, NULL, NULL, NULL, NULL, NULL, 2, 2, 3, 2200, '1000000', '0', '0', '0', 2, 50, 0, 2, '22334455667788', NULL, 1, NULL, NULL, NULL),
(991, NULL, '2016-05-31 03:55:11', 23, NULL, NULL, 9, '2016-05-28 07:05:32', '16/INV-SLSR/V/8', 2147483647, NULL, NULL, NULL, NULL, NULL, 2, 2, 5, 2200, '1000000', '0', '0', '0', 2, 50, 0, 2, '556677889900', NULL, NULL, NULL, NULL, NULL),
(992, NULL, '2016-05-31 03:55:11', 24, NULL, NULL, 9, '2016-05-28 07:06:49', '16/INV-SLSR/V/9', 2147483647, NULL, NULL, NULL, NULL, NULL, 2, 2, 3, 2200, '1000000', '0', '0', '0', 2, 50, 0, 2, '6677880045454754', NULL, NULL, NULL, NULL, NULL),
(993, NULL, '2016-05-31 03:55:11', 25, NULL, NULL, 9, '2016-05-28 07:10:38', '16/INV-SLSR/V/10', 2147483647, NULL, NULL, NULL, NULL, NULL, 2, 5, 5, 2200, '1000000', '0', '0', '0', 2, 50, 0, 2, '435347654', NULL, NULL, NULL, NULL, NULL),
(994, NULL, '2016-05-31 03:55:11', 26, NULL, NULL, 9, '2016-05-28 07:13:16', '16/INV-SLSR/V/11', 435347654, NULL, NULL, NULL, NULL, NULL, 12, 3, 2, 2200, '1000000', '0', '0', '0', 2, 50, 0, 12, '7654657899765', NULL, 1, 2, NULL, NULL),
(995, NULL, '2016-05-31 03:55:11', 29, NULL, NULL, 9, '2016-05-30 11:01:30', '16/INV-SLSR/V/14', 2147483647, NULL, NULL, NULL, NULL, NULL, 12, 1, 3, 2200, '1000000', '0', '0', '0', 2, 50, 0, 12, NULL, NULL, 1, NULL, NULL, NULL),
(996, NULL, '2016-05-31 03:57:34', 19, NULL, NULL, 9, '2016-05-22 21:06:03', '16/INV-SLSR/V/5', 0, NULL, NULL, NULL, NULL, NULL, 2, 1, 3, 2200, '1000000', '0', '0', '0', 1, 50, 0, 2, NULL, NULL, 1, NULL, NULL, NULL),
(997, NULL, '2016-05-31 03:57:34', 21, NULL, NULL, 9, '2016-05-25 00:08:53', '16/INV-SLSR/V/6', 2147483647, NULL, NULL, NULL, NULL, NULL, 2, 1, 1, 2200, '1000000', '0', '0', '0', 2, 10, 0, 2, '2147483647', NULL, NULL, NULL, NULL, NULL),
(998, NULL, '2016-05-31 03:57:34', 22, NULL, NULL, 9, '2016-05-28 06:56:42', '16/INV-SLSR/V/7', 2147483647, NULL, NULL, NULL, NULL, NULL, 2, 2, 3, 2200, '1000000', '0', '0', '0', 2, 50, 0, 2, '22334455667788', NULL, 1, NULL, NULL, NULL),
(999, NULL, '2016-05-31 03:57:34', 23, NULL, NULL, 9, '2016-05-28 07:05:32', '16/INV-SLSR/V/8', 2147483647, NULL, NULL, NULL, NULL, NULL, 2, 2, 5, 2200, '1000000', '0', '0', '0', 2, 50, 0, 2, '556677889900', NULL, NULL, NULL, NULL, NULL),
(1000, NULL, '2016-05-31 03:57:34', 24, NULL, NULL, 9, '2016-05-28 07:06:49', '16/INV-SLSR/V/9', 2147483647, NULL, NULL, NULL, NULL, NULL, 2, 2, 3, 2200, '1000000', '0', '0', '0', 2, 50, 0, 2, '6677880045454754', NULL, NULL, NULL, NULL, NULL),
(1001, NULL, '2016-05-31 03:57:34', 25, NULL, NULL, 9, '2016-05-28 07:10:38', '16/INV-SLSR/V/10', 2147483647, NULL, NULL, NULL, NULL, NULL, 2, 5, 5, 2200, '1000000', '0', '0', '0', 2, 50, 0, 2, '435347654', NULL, NULL, NULL, NULL, NULL),
(1002, NULL, '2016-05-31 03:57:34', 26, NULL, NULL, 9, '2016-05-28 07:13:16', '16/INV-SLSR/V/11', 435347654, NULL, NULL, NULL, NULL, NULL, 12, 3, 2, 2200, '1000000', '0', '0', '0', 2, 50, 0, 12, '7654657899765', NULL, 1, 2, NULL, NULL),
(1003, NULL, '2016-05-31 03:57:34', 29, NULL, NULL, 9, '2016-05-30 11:01:30', '16/INV-SLSR/V/14', 2147483647, NULL, NULL, NULL, NULL, NULL, 12, 1, 3, 2200, '1000000', '0', '0', '0', 2, 50, 0, 12, NULL, NULL, 1, NULL, NULL, NULL),
(1004, NULL, '2016-05-31 05:00:56', 19, NULL, NULL, 9, '2016-05-22 21:06:03', '16/INV-SLSR/V/5', 0, NULL, NULL, NULL, NULL, NULL, 2, 1, 3, 2200, '1000000', '0', '0', '0', 1, 50, 0, 2, NULL, NULL, 1, NULL, NULL, NULL),
(1005, NULL, '2016-05-31 05:00:56', 21, NULL, NULL, 9, '2016-05-25 00:08:53', '16/INV-SLSR/V/6', 2147483647, NULL, NULL, NULL, NULL, NULL, 2, 1, 1, 2200, '1000000', '0', '0', '0', 2, 10, 0, 2, '2147483647', NULL, NULL, NULL, NULL, NULL),
(1006, NULL, '2016-05-31 05:00:56', 22, NULL, NULL, 9, '2016-05-28 06:56:42', '16/INV-SLSR/V/7', 2147483647, NULL, NULL, NULL, NULL, NULL, 2, 2, 3, 2200, '1000000', '0', '0', '0', 2, 50, 0, 2, '22334455667788', NULL, 1, NULL, NULL, NULL),
(1007, NULL, '2016-05-31 05:00:56', 23, NULL, NULL, 9, '2016-05-28 07:05:32', '16/INV-SLSR/V/8', 2147483647, NULL, NULL, NULL, NULL, NULL, 2, 2, 5, 2200, '1000000', '0', '0', '0', 2, 50, 0, 2, '556677889900', NULL, NULL, NULL, NULL, NULL),
(1008, NULL, '2016-05-31 05:00:56', 24, NULL, NULL, 9, '2016-05-28 07:06:49', '16/INV-SLSR/V/9', 2147483647, NULL, NULL, NULL, NULL, NULL, 2, 2, 3, 2200, '1000000', '0', '0', '0', 2, 50, 0, 2, '6677880045454754', NULL, NULL, NULL, NULL, NULL),
(1009, NULL, '2016-05-31 05:00:56', 25, NULL, NULL, 9, '2016-05-28 07:10:38', '16/INV-SLSR/V/10', 2147483647, NULL, NULL, NULL, NULL, NULL, 2, 5, 5, 2200, '1000000', '0', '0', '0', 2, 50, 0, 2, '435347654', NULL, NULL, NULL, NULL, NULL),
(1010, NULL, '2016-05-31 05:00:56', 26, NULL, NULL, 9, '2016-05-28 07:13:16', '16/INV-SLSR/V/11', 435347654, NULL, NULL, NULL, NULL, NULL, 12, 3, 2, 2200, '1000000', '0', '0', '0', 2, 50, 0, 12, '7654657899765', NULL, 1, 2, NULL, NULL),
(1011, NULL, '2016-05-31 05:00:56', 29, NULL, NULL, 9, '2016-05-30 11:01:30', '16/INV-SLSR/V/14', 2147483647, NULL, NULL, NULL, NULL, NULL, 12, 1, 3, 2200, '1000000', '0', '0', '0', 2, 50, 0, 12, NULL, NULL, 1, NULL, NULL, NULL),
(1012, NULL, '2016-05-31 05:22:07', 19, NULL, NULL, 9, '2016-05-22 21:06:03', '16/INV-SLSR/V/5', 0, NULL, NULL, NULL, NULL, NULL, 2, 1, 3, 2200, '1000000', '0', '0', '0', 1, 50, 0, 2, NULL, NULL, 1, NULL, NULL, NULL),
(1013, NULL, '2016-05-31 05:22:07', 21, NULL, NULL, 9, '2016-05-25 00:08:53', '16/INV-SLSR/V/6', 2147483647, NULL, NULL, NULL, NULL, NULL, 2, 1, 1, 2200, '1000000', '0', '0', '0', 2, 10, 0, 2, '2147483647', NULL, NULL, NULL, NULL, NULL),
(1014, NULL, '2016-05-31 05:22:07', 22, NULL, NULL, 9, '2016-05-28 06:56:42', '16/INV-SLSR/V/7', 2147483647, NULL, NULL, NULL, NULL, NULL, 2, 2, 3, 2200, '1000000', '0', '0', '0', 2, 50, 0, 2, '22334455667788', NULL, 1, NULL, NULL, NULL),
(1015, NULL, '2016-05-31 05:22:07', 23, NULL, NULL, 9, '2016-05-28 07:05:32', '16/INV-SLSR/V/8', 2147483647, NULL, NULL, NULL, NULL, NULL, 2, 2, 5, 2200, '1000000', '0', '0', '0', 2, 50, 0, 2, '556677889900', NULL, NULL, NULL, NULL, NULL),
(1016, NULL, '2016-05-31 05:22:07', 24, NULL, NULL, 9, '2016-05-28 07:06:49', '16/INV-SLSR/V/9', 2147483647, NULL, NULL, NULL, NULL, NULL, 2, 2, 3, 2200, '1000000', '0', '0', '0', 2, 50, 0, 2, '6677880045454754', NULL, NULL, NULL, NULL, NULL),
(1017, NULL, '2016-05-31 05:22:07', 25, NULL, NULL, 9, '2016-05-28 07:10:38', '16/INV-SLSR/V/10', 2147483647, NULL, NULL, NULL, NULL, NULL, 2, 5, 5, 2200, '1000000', '0', '0', '0', 2, 50, 0, 2, '435347654', NULL, NULL, NULL, NULL, NULL),
(1018, NULL, '2016-05-31 05:22:07', 26, NULL, NULL, 9, '2016-05-28 07:13:16', '16/INV-SLSR/V/11', 435347654, NULL, NULL, NULL, NULL, NULL, 12, 3, 2, 2200, '1000000', '0', '0', '0', 2, 50, 0, 12, '7654657899765', NULL, 1, 2, NULL, NULL),
(1019, NULL, '2016-05-31 05:22:07', 29, NULL, NULL, 9, '2016-05-30 11:01:30', '16/INV-SLSR/V/14', 2147483647, NULL, NULL, NULL, NULL, NULL, 12, 1, 3, 2200, '1000000', '0', '0', '0', 2, 50, 0, 12, NULL, NULL, 1, NULL, NULL, NULL),
(1020, NULL, '2016-05-31 05:22:34', 19, NULL, NULL, 9, '2016-05-22 21:06:03', '16/INV-SLSR/V/5', 0, NULL, NULL, NULL, NULL, NULL, 2, 1, 3, 2200, '1000000', '0', '0', '0', 1, 50, 0, 2, NULL, NULL, 1, NULL, NULL, NULL),
(1021, NULL, '2016-05-31 05:22:34', 21, NULL, NULL, 9, '2016-05-25 00:08:53', '16/INV-SLSR/V/6', 2147483647, NULL, NULL, NULL, NULL, NULL, 2, 1, 1, 2200, '1000000', '0', '0', '0', 2, 10, 0, 2, '2147483647', NULL, NULL, NULL, NULL, NULL),
(1022, NULL, '2016-05-31 05:22:34', 22, NULL, NULL, 9, '2016-05-28 06:56:42', '16/INV-SLSR/V/7', 2147483647, NULL, NULL, NULL, NULL, NULL, 2, 2, 3, 2200, '1000000', '0', '0', '0', 2, 50, 0, 2, '22334455667788', NULL, 1, NULL, NULL, NULL),
(1023, NULL, '2016-05-31 05:22:34', 23, NULL, NULL, 9, '2016-05-28 07:05:32', '16/INV-SLSR/V/8', 2147483647, NULL, NULL, NULL, NULL, NULL, 2, 2, 5, 2200, '1000000', '0', '0', '0', 2, 50, 0, 2, '556677889900', NULL, NULL, NULL, NULL, NULL),
(1024, NULL, '2016-05-31 05:22:34', 24, NULL, NULL, 9, '2016-05-28 07:06:49', '16/INV-SLSR/V/9', 2147483647, NULL, NULL, NULL, NULL, NULL, 2, 2, 3, 2200, '1000000', '0', '0', '0', 2, 50, 0, 2, '6677880045454754', NULL, NULL, NULL, NULL, NULL),
(1025, NULL, '2016-05-31 05:22:34', 25, NULL, NULL, 9, '2016-05-28 07:10:38', '16/INV-SLSR/V/10', 2147483647, NULL, NULL, NULL, NULL, NULL, 2, 5, 5, 2200, '1000000', '0', '0', '0', 2, 50, 0, 2, '435347654', NULL, NULL, NULL, NULL, NULL),
(1026, NULL, '2016-05-31 05:22:34', 26, NULL, NULL, 9, '2016-05-28 07:13:16', '16/INV-SLSR/V/11', 435347654, NULL, NULL, NULL, NULL, NULL, 12, 3, 2, 2200, '1000000', '0', '0', '0', 2, 50, 0, 12, '7654657899765', NULL, 1, 2, NULL, NULL),
(1027, NULL, '2016-05-31 05:22:34', 29, NULL, NULL, 9, '2016-05-30 11:01:30', '16/INV-SLSR/V/14', 2147483647, NULL, NULL, NULL, NULL, NULL, 12, 1, 3, 2200, '1000000', '0', '0', '0', 2, 50, 0, 12, NULL, NULL, 1, NULL, NULL, NULL),
(1028, NULL, '2016-05-31 05:22:43', 19, NULL, NULL, 9, '2016-05-22 21:06:03', '16/INV-SLSR/V/5', 0, NULL, NULL, NULL, NULL, NULL, 2, 1, 3, 2200, '1000000', '0', '0', '0', 1, 50, 0, 2, NULL, NULL, 1, NULL, NULL, NULL),
(1029, NULL, '2016-05-31 05:22:43', 21, NULL, NULL, 9, '2016-05-25 00:08:53', '16/INV-SLSR/V/6', 2147483647, NULL, NULL, NULL, NULL, NULL, 2, 1, 1, 2200, '1000000', '0', '0', '0', 2, 10, 0, 2, '2147483647', NULL, NULL, NULL, NULL, NULL),
(1030, NULL, '2016-05-31 05:22:43', 22, NULL, NULL, 9, '2016-05-28 06:56:42', '16/INV-SLSR/V/7', 2147483647, NULL, NULL, NULL, NULL, NULL, 2, 2, 3, 2200, '1000000', '0', '0', '0', 2, 50, 0, 2, '22334455667788', NULL, 1, NULL, NULL, NULL),
(1031, NULL, '2016-05-31 05:22:43', 23, NULL, NULL, 9, '2016-05-28 07:05:32', '16/INV-SLSR/V/8', 2147483647, NULL, NULL, NULL, NULL, NULL, 2, 2, 5, 2200, '1000000', '0', '0', '0', 2, 50, 0, 2, '556677889900', NULL, NULL, NULL, NULL, NULL),
(1032, NULL, '2016-05-31 05:22:43', 24, NULL, NULL, 9, '2016-05-28 07:06:49', '16/INV-SLSR/V/9', 2147483647, NULL, NULL, NULL, NULL, NULL, 2, 2, 3, 2200, '1000000', '0', '0', '0', 2, 50, 0, 2, '6677880045454754', NULL, NULL, NULL, NULL, NULL),
(1033, NULL, '2016-05-31 05:22:43', 25, NULL, NULL, 9, '2016-05-28 07:10:38', '16/INV-SLSR/V/10', 2147483647, NULL, NULL, NULL, NULL, NULL, 2, 5, 5, 2200, '1000000', '0', '0', '0', 2, 50, 0, 2, '435347654', NULL, NULL, NULL, NULL, NULL),
(1034, NULL, '2016-05-31 05:22:43', 26, NULL, NULL, 9, '2016-05-28 07:13:16', '16/INV-SLSR/V/11', 435347654, NULL, NULL, NULL, NULL, NULL, 12, 3, 2, 2200, '1000000', '0', '0', '0', 2, 50, 0, 12, '7654657899765', NULL, 1, 2, NULL, NULL),
(1035, NULL, '2016-05-31 05:22:43', 29, NULL, NULL, 9, '2016-05-30 11:01:30', '16/INV-SLSR/V/14', 2147483647, NULL, NULL, NULL, NULL, NULL, 12, 1, 3, 2200, '1000000', '0', '0', '0', 2, 50, 0, 12, NULL, NULL, 1, NULL, NULL, NULL),
(1036, NULL, '2016-05-31 05:23:10', 19, NULL, NULL, 9, '2016-05-22 21:06:03', '16/INV-SLSR/V/5', 0, NULL, NULL, NULL, NULL, NULL, 2, 1, 3, 2200, '1000000', '0', '0', '0', 1, 50, 0, 2, NULL, NULL, 1, NULL, NULL, NULL),
(1037, NULL, '2016-05-31 05:23:10', 21, NULL, NULL, 9, '2016-05-25 00:08:53', '16/INV-SLSR/V/6', 2147483647, NULL, NULL, NULL, NULL, NULL, 2, 1, 1, 2200, '1000000', '0', '0', '0', 2, 10, 0, 2, '2147483647', NULL, NULL, NULL, NULL, NULL),
(1038, NULL, '2016-05-31 05:23:10', 22, NULL, NULL, 9, '2016-05-28 06:56:42', '16/INV-SLSR/V/7', 2147483647, NULL, NULL, NULL, NULL, NULL, 2, 2, 3, 2200, '1000000', '0', '0', '0', 2, 50, 0, 2, '22334455667788', NULL, 1, NULL, NULL, NULL),
(1039, NULL, '2016-05-31 05:23:10', 23, NULL, NULL, 9, '2016-05-28 07:05:32', '16/INV-SLSR/V/8', 2147483647, NULL, NULL, NULL, NULL, NULL, 2, 2, 5, 2200, '1000000', '0', '0', '0', 2, 50, 0, 2, '556677889900', NULL, NULL, NULL, NULL, NULL),
(1040, NULL, '2016-05-31 05:23:10', 24, NULL, NULL, 9, '2016-05-28 07:06:49', '16/INV-SLSR/V/9', 2147483647, NULL, NULL, NULL, NULL, NULL, 2, 2, 3, 2200, '1000000', '0', '0', '0', 2, 50, 0, 2, '6677880045454754', NULL, NULL, NULL, NULL, NULL),
(1041, NULL, '2016-05-31 05:23:10', 25, NULL, NULL, 9, '2016-05-28 07:10:38', '16/INV-SLSR/V/10', 2147483647, NULL, NULL, NULL, NULL, NULL, 2, 5, 5, 2200, '1000000', '0', '0', '0', 2, 50, 0, 2, '435347654', NULL, NULL, NULL, NULL, NULL),
(1042, NULL, '2016-05-31 05:23:10', 26, NULL, NULL, 9, '2016-05-28 07:13:16', '16/INV-SLSR/V/11', 435347654, NULL, NULL, NULL, NULL, NULL, 12, 3, 2, 2200, '1000000', '0', '0', '0', 2, 50, 0, 12, '7654657899765', NULL, 1, 2, NULL, NULL),
(1043, NULL, '2016-05-31 05:23:10', 29, NULL, NULL, 9, '2016-05-30 11:01:30', '16/INV-SLSR/V/14', 2147483647, NULL, NULL, NULL, NULL, NULL, 12, 1, 3, 2200, '1000000', '0', '0', '0', 2, 50, 0, 12, NULL, NULL, 1, NULL, NULL, NULL),
(1044, NULL, '2016-05-31 05:24:56', 19, NULL, NULL, 9, '2016-05-22 21:06:03', '16/INV-SLSR/V/5', 0, NULL, NULL, NULL, NULL, NULL, 2, 1, 3, 2200, '1000000', '0', '0', '0', 1, 50, 0, 2, NULL, NULL, 1, NULL, NULL, NULL),
(1045, NULL, '2016-05-31 05:24:56', 21, NULL, NULL, 9, '2016-05-25 00:08:53', '16/INV-SLSR/V/6', 2147483647, NULL, NULL, NULL, NULL, NULL, 2, 1, 1, 2200, '1000000', '0', '0', '0', 2, 10, 0, 2, '2147483647', NULL, NULL, NULL, NULL, NULL),
(1046, NULL, '2016-05-31 05:24:56', 22, NULL, NULL, 9, '2016-05-28 06:56:42', '16/INV-SLSR/V/7', 2147483647, NULL, NULL, NULL, NULL, NULL, 2, 2, 3, 2200, '1000000', '0', '0', '0', 2, 50, 0, 2, '22334455667788', NULL, 1, NULL, NULL, NULL),
(1047, NULL, '2016-05-31 05:24:56', 23, NULL, NULL, 9, '2016-05-28 07:05:32', '16/INV-SLSR/V/8', 2147483647, NULL, NULL, NULL, NULL, NULL, 2, 2, 5, 2200, '1000000', '0', '0', '0', 2, 50, 0, 2, '556677889900', NULL, NULL, NULL, NULL, NULL),
(1048, NULL, '2016-05-31 05:24:56', 24, NULL, NULL, 9, '2016-05-28 07:06:49', '16/INV-SLSR/V/9', 2147483647, NULL, NULL, NULL, NULL, NULL, 2, 2, 3, 2200, '1000000', '0', '0', '0', 2, 50, 0, 2, '6677880045454754', NULL, NULL, NULL, NULL, NULL),
(1049, NULL, '2016-05-31 05:24:56', 25, NULL, NULL, 9, '2016-05-28 07:10:38', '16/INV-SLSR/V/10', 2147483647, NULL, NULL, NULL, NULL, NULL, 2, 5, 5, 2200, '1000000', '0', '0', '0', 2, 50, 0, 2, '435347654', NULL, NULL, NULL, NULL, NULL),
(1050, NULL, '2016-05-31 05:24:56', 26, NULL, NULL, 9, '2016-05-28 07:13:16', '16/INV-SLSR/V/11', 435347654, NULL, NULL, NULL, NULL, NULL, 12, 3, 2, 2200, '1000000', '0', '0', '0', 2, 50, 0, 12, '7654657899765', NULL, 1, 2, NULL, NULL),
(1051, NULL, '2016-05-31 05:24:56', 29, NULL, NULL, 9, '2016-05-30 11:01:30', '16/INV-SLSR/V/14', 2147483647, NULL, NULL, NULL, NULL, NULL, 12, 1, 3, 2200, '1000000', '0', '0', '0', 2, 50, 0, 12, NULL, NULL, 1, NULL, NULL, NULL),
(1052, NULL, '2016-05-31 05:31:45', 19, NULL, NULL, 9, '2016-05-22 21:06:03', '16/INV-SLSR/V/5', 0, NULL, NULL, NULL, NULL, NULL, 2, 1, 3, 2200, '1000000', '0', '0', '0', 1, 50, 0, 2, NULL, NULL, 1, NULL, NULL, NULL),
(1053, NULL, '2016-05-31 05:31:45', 21, NULL, NULL, 9, '2016-05-25 00:08:53', '16/INV-SLSR/V/6', 2147483647, NULL, NULL, NULL, NULL, NULL, 2, 1, 1, 2200, '1000000', '0', '0', '0', 2, 10, 0, 2, '2147483647', NULL, NULL, NULL, NULL, NULL),
(1054, NULL, '2016-05-31 05:31:45', 22, NULL, NULL, 9, '2016-05-28 06:56:42', '16/INV-SLSR/V/7', 2147483647, NULL, NULL, NULL, NULL, NULL, 2, 2, 3, 2200, '1000000', '0', '0', '0', 2, 50, 0, 2, '22334455667788', NULL, 1, NULL, NULL, NULL),
(1055, NULL, '2016-05-31 05:31:45', 23, NULL, NULL, 9, '2016-05-28 07:05:32', '16/INV-SLSR/V/8', 2147483647, NULL, NULL, NULL, NULL, NULL, 2, 2, 5, 2200, '1000000', '0', '0', '0', 2, 50, 0, 2, '556677889900', NULL, NULL, NULL, NULL, NULL),
(1056, NULL, '2016-05-31 05:31:45', 24, NULL, NULL, 9, '2016-05-28 07:06:49', '16/INV-SLSR/V/9', 2147483647, NULL, NULL, NULL, NULL, NULL, 2, 2, 3, 2200, '1000000', '0', '0', '0', 2, 50, 0, 2, '6677880045454754', NULL, NULL, NULL, NULL, NULL),
(1057, NULL, '2016-05-31 05:31:45', 25, NULL, NULL, 9, '2016-05-28 07:10:38', '16/INV-SLSR/V/10', 2147483647, NULL, NULL, NULL, NULL, NULL, 2, 5, 5, 2200, '1000000', '0', '0', '0', 2, 50, 0, 2, '435347654', NULL, NULL, NULL, NULL, NULL),
(1058, NULL, '2016-05-31 05:31:45', 26, NULL, NULL, 9, '2016-05-28 07:13:16', '16/INV-SLSR/V/11', 435347654, NULL, NULL, NULL, NULL, NULL, 12, 3, 2, 2200, '1000000', '0', '0', '0', 2, 50, 0, 12, '7654657899765', NULL, 1, 2, NULL, NULL),
(1059, NULL, '2016-05-31 05:31:45', 29, NULL, NULL, 9, '2016-05-30 11:01:30', '16/INV-SLSR/V/14', 2147483647, NULL, NULL, NULL, NULL, NULL, 12, 1, 3, 2200, '1000000', '0', '0', '0', 2, 50, 0, 12, NULL, NULL, 1, NULL, NULL, NULL),
(1060, NULL, '2016-05-31 05:32:04', 19, NULL, NULL, 9, '2016-05-22 21:06:03', '16/INV-SLSR/V/5', 0, NULL, NULL, NULL, NULL, NULL, 2, 1, 3, 2200, '1000000', '0', '0', '0', 1, 50, 0, 2, NULL, NULL, 1, NULL, NULL, NULL),
(1061, NULL, '2016-05-31 05:32:04', 21, NULL, NULL, 9, '2016-05-25 00:08:53', '16/INV-SLSR/V/6', 2147483647, NULL, NULL, NULL, NULL, NULL, 2, 1, 1, 2200, '1000000', '0', '0', '0', 2, 10, 0, 2, '2147483647', NULL, NULL, NULL, NULL, NULL),
(1062, NULL, '2016-05-31 05:32:04', 22, NULL, NULL, 9, '2016-05-28 06:56:42', '16/INV-SLSR/V/7', 2147483647, NULL, NULL, NULL, NULL, NULL, 2, 2, 3, 2200, '1000000', '0', '0', '0', 2, 50, 0, 2, '22334455667788', NULL, 1, NULL, NULL, NULL),
(1063, NULL, '2016-05-31 05:32:04', 23, NULL, NULL, 9, '2016-05-28 07:05:32', '16/INV-SLSR/V/8', 2147483647, NULL, NULL, NULL, NULL, NULL, 2, 2, 5, 2200, '1000000', '0', '0', '0', 2, 50, 0, 2, '556677889900', NULL, NULL, NULL, NULL, NULL),
(1064, NULL, '2016-05-31 05:32:04', 24, NULL, NULL, 9, '2016-05-28 07:06:49', '16/INV-SLSR/V/9', 2147483647, NULL, NULL, NULL, NULL, NULL, 2, 2, 3, 2200, '1000000', '0', '0', '0', 2, 50, 0, 2, '6677880045454754', NULL, NULL, NULL, NULL, NULL),
(1065, NULL, '2016-05-31 05:32:04', 25, NULL, NULL, 9, '2016-05-28 07:10:38', '16/INV-SLSR/V/10', 2147483647, NULL, NULL, NULL, NULL, NULL, 2, 5, 5, 2200, '1000000', '0', '0', '0', 2, 50, 0, 2, '435347654', NULL, NULL, NULL, NULL, NULL),
(1066, NULL, '2016-05-31 05:32:04', 26, NULL, NULL, 9, '2016-05-28 07:13:16', '16/INV-SLSR/V/11', 435347654, NULL, NULL, NULL, NULL, NULL, 12, 3, 2, 2200, '1000000', '0', '0', '0', 2, 50, 0, 12, '7654657899765', NULL, 1, 2, NULL, NULL),
(1067, NULL, '2016-05-31 05:32:04', 29, NULL, NULL, 9, '2016-05-30 11:01:30', '16/INV-SLSR/V/14', 2147483647, NULL, NULL, NULL, NULL, NULL, 12, 1, 3, 2200, '1000000', '0', '0', '0', 2, 50, 0, 12, NULL, NULL, 1, NULL, NULL, NULL),
(1068, NULL, '2016-05-31 05:32:22', 17, NULL, NULL, 7, '2016-05-17 18:34:31', '16/INV-SLSR/V/3', 0, NULL, NULL, NULL, NULL, NULL, 2, 1, 1, 90, '45000', '0', '0', '0', 1, 20, 0, 2, NULL, NULL, NULL, NULL, NULL, NULL),
(1069, NULL, '2016-05-31 05:32:22', 18, NULL, NULL, 7, '2016-05-17 19:02:29', '16/INV-SLSR/V/4', 0, NULL, NULL, NULL, NULL, NULL, 2, 3, 4, 90, '45000', '0', '0', '0', 0, 10, 0, 2, '35434434', NULL, NULL, NULL, NULL, NULL),
(1070, NULL, '2016-05-31 05:32:22', 27, NULL, NULL, 7, '2016-05-28 11:08:05', '16/INV-SLSR/V/12', 35434434, NULL, NULL, NULL, NULL, NULL, 2, 4, 3, 90, '45000', '0', '0', '0', 4, 80, 0, 2, '77575', NULL, NULL, NULL, NULL, NULL),
(1071, NULL, '2016-05-31 05:32:22', 28, NULL, NULL, 7, '2016-05-28 11:09:20', '16/INV-SLSR/V/13', 77575, NULL, NULL, NULL, NULL, NULL, 2, 2, 2, 90, '45000', '0', '0', '0', 4, 80, 0, 2, NULL, NULL, NULL, NULL, NULL, NULL),
(1072, NULL, '2016-05-31 05:32:55', 19, NULL, NULL, 9, '2016-05-22 21:06:03', '16/INV-SLSR/V/5', 0, NULL, NULL, NULL, NULL, NULL, 2, 1, 3, 2200, '1000000', '0', '0', '0', 1, 50, 0, 2, NULL, NULL, 1, NULL, NULL, NULL),
(1073, NULL, '2016-05-31 05:32:55', 21, NULL, NULL, 9, '2016-05-25 00:08:53', '16/INV-SLSR/V/6', 2147483647, NULL, NULL, NULL, NULL, NULL, 2, 1, 1, 2200, '1000000', '0', '0', '0', 2, 10, 0, 2, '2147483647', NULL, NULL, NULL, NULL, NULL),
(1074, NULL, '2016-05-31 05:32:55', 22, NULL, NULL, 9, '2016-05-28 06:56:42', '16/INV-SLSR/V/7', 2147483647, NULL, NULL, NULL, NULL, NULL, 2, 2, 3, 2200, '1000000', '0', '0', '0', 2, 50, 0, 2, '22334455667788', NULL, 1, NULL, NULL, NULL),
(1075, NULL, '2016-05-31 05:32:55', 23, NULL, NULL, 9, '2016-05-28 07:05:32', '16/INV-SLSR/V/8', 2147483647, NULL, NULL, NULL, NULL, NULL, 2, 2, 5, 2200, '1000000', '0', '0', '0', 2, 50, 0, 2, '556677889900', NULL, NULL, NULL, NULL, NULL),
(1076, NULL, '2016-05-31 05:32:55', 24, NULL, NULL, 9, '2016-05-28 07:06:49', '16/INV-SLSR/V/9', 2147483647, NULL, NULL, NULL, NULL, NULL, 2, 2, 3, 2200, '1000000', '0', '0', '0', 2, 50, 0, 2, '6677880045454754', NULL, NULL, NULL, NULL, NULL),
(1077, NULL, '2016-05-31 05:32:55', 25, NULL, NULL, 9, '2016-05-28 07:10:38', '16/INV-SLSR/V/10', 2147483647, NULL, NULL, NULL, NULL, NULL, 2, 5, 5, 2200, '1000000', '0', '0', '0', 2, 50, 0, 2, '435347654', NULL, NULL, NULL, NULL, NULL),
(1078, NULL, '2016-05-31 05:32:55', 26, NULL, NULL, 9, '2016-05-28 07:13:16', '16/INV-SLSR/V/11', 435347654, NULL, NULL, NULL, NULL, NULL, 12, 3, 2, 2200, '1000000', '0', '0', '0', 2, 50, 0, 12, '7654657899765', NULL, 1, 2, NULL, NULL),
(1079, NULL, '2016-05-31 05:32:55', 29, NULL, NULL, 9, '2016-05-30 11:01:30', '16/INV-SLSR/V/14', 2147483647, NULL, NULL, NULL, NULL, NULL, 12, 1, 3, 2200, '1000000', '0', '0', '0', 2, 50, 0, 12, NULL, NULL, 1, NULL, NULL, NULL),
(1080, NULL, '2016-05-31 05:32:57', 19, NULL, NULL, 9, '2016-05-22 21:06:03', '16/INV-SLSR/V/5', 0, NULL, NULL, NULL, NULL, NULL, 2, 1, 3, 2200, '1000000', '0', '0', '0', 1, 50, 0, 2, NULL, NULL, 1, NULL, NULL, NULL),
(1081, NULL, '2016-05-31 05:32:57', 21, NULL, NULL, 9, '2016-05-25 00:08:53', '16/INV-SLSR/V/6', 2147483647, NULL, NULL, NULL, NULL, NULL, 2, 1, 1, 2200, '1000000', '0', '0', '0', 2, 10, 0, 2, '2147483647', NULL, NULL, NULL, NULL, NULL),
(1082, NULL, '2016-05-31 05:32:57', 22, NULL, NULL, 9, '2016-05-28 06:56:42', '16/INV-SLSR/V/7', 2147483647, NULL, NULL, NULL, NULL, NULL, 2, 2, 3, 2200, '1000000', '0', '0', '0', 2, 50, 0, 2, '22334455667788', NULL, 1, NULL, NULL, NULL),
(1083, NULL, '2016-05-31 05:32:57', 23, NULL, NULL, 9, '2016-05-28 07:05:32', '16/INV-SLSR/V/8', 2147483647, NULL, NULL, NULL, NULL, NULL, 2, 2, 5, 2200, '1000000', '0', '0', '0', 2, 50, 0, 2, '556677889900', NULL, NULL, NULL, NULL, NULL),
(1084, NULL, '2016-05-31 05:32:57', 24, NULL, NULL, 9, '2016-05-28 07:06:49', '16/INV-SLSR/V/9', 2147483647, NULL, NULL, NULL, NULL, NULL, 2, 2, 3, 2200, '1000000', '0', '0', '0', 2, 50, 0, 2, '6677880045454754', NULL, NULL, NULL, NULL, NULL),
(1085, NULL, '2016-05-31 05:32:57', 25, NULL, NULL, 9, '2016-05-28 07:10:38', '16/INV-SLSR/V/10', 2147483647, NULL, NULL, NULL, NULL, NULL, 2, 5, 5, 2200, '1000000', '0', '0', '0', 2, 50, 0, 2, '435347654', NULL, NULL, NULL, NULL, NULL),
(1086, NULL, '2016-05-31 05:32:57', 26, NULL, NULL, 9, '2016-05-28 07:13:16', '16/INV-SLSR/V/11', 435347654, NULL, NULL, NULL, NULL, NULL, 12, 3, 2, 2200, '1000000', '0', '0', '0', 2, 50, 0, 12, '7654657899765', NULL, 1, 2, NULL, NULL),
(1087, NULL, '2016-05-31 05:32:57', 29, NULL, NULL, 9, '2016-05-30 11:01:30', '16/INV-SLSR/V/14', 2147483647, NULL, NULL, NULL, NULL, NULL, 12, 1, 3, 2200, '1000000', '0', '0', '0', 2, 50, 0, 12, NULL, NULL, 1, NULL, NULL, NULL),
(1088, NULL, '2016-05-31 05:33:04', 17, NULL, NULL, 7, '2016-05-17 18:34:31', '16/INV-SLSR/V/3', 0, NULL, NULL, NULL, NULL, NULL, 2, 1, 1, 90, '45000', '0', '0', '0', 1, 20, 0, 2, NULL, NULL, NULL, NULL, NULL, NULL),
(1089, NULL, '2016-05-31 05:33:04', 18, NULL, NULL, 7, '2016-05-17 19:02:29', '16/INV-SLSR/V/4', 0, NULL, NULL, NULL, NULL, NULL, 2, 3, 4, 90, '45000', '0', '0', '0', 0, 10, 0, 2, '35434434', NULL, NULL, NULL, NULL, NULL),
(1090, NULL, '2016-05-31 05:33:04', 27, NULL, NULL, 7, '2016-05-28 11:08:05', '16/INV-SLSR/V/12', 35434434, NULL, NULL, NULL, NULL, NULL, 2, 4, 3, 90, '45000', '0', '0', '0', 4, 80, 0, 2, '77575', NULL, NULL, NULL, NULL, NULL),
(1091, NULL, '2016-05-31 05:33:04', 28, NULL, NULL, 7, '2016-05-28 11:09:20', '16/INV-SLSR/V/13', 77575, NULL, NULL, NULL, NULL, NULL, 2, 2, 2, 90, '45000', '0', '0', '0', 4, 80, 0, 2, NULL, NULL, NULL, NULL, NULL, NULL),
(1092, NULL, '2016-05-31 05:33:06', 17, NULL, NULL, 7, '2016-05-17 18:34:31', '16/INV-SLSR/V/3', 0, NULL, NULL, NULL, NULL, NULL, 2, 1, 1, 90, '45000', '0', '0', '0', 1, 20, 0, 2, NULL, NULL, NULL, NULL, NULL, NULL),
(1093, NULL, '2016-05-31 05:33:06', 18, NULL, NULL, 7, '2016-05-17 19:02:29', '16/INV-SLSR/V/4', 0, NULL, NULL, NULL, NULL, NULL, 2, 3, 4, 90, '45000', '0', '0', '0', 0, 10, 0, 2, '35434434', NULL, NULL, NULL, NULL, NULL),
(1094, NULL, '2016-05-31 05:33:06', 27, NULL, NULL, 7, '2016-05-28 11:08:05', '16/INV-SLSR/V/12', 35434434, NULL, NULL, NULL, NULL, NULL, 2, 4, 3, 90, '45000', '0', '0', '0', 4, 80, 0, 2, '77575', NULL, NULL, NULL, NULL, NULL),
(1095, NULL, '2016-05-31 05:33:06', 28, NULL, NULL, 7, '2016-05-28 11:09:20', '16/INV-SLSR/V/13', 77575, NULL, NULL, NULL, NULL, NULL, 2, 2, 2, 90, '45000', '0', '0', '0', 4, 80, 0, 2, NULL, NULL, NULL, NULL, NULL, NULL),
(1096, NULL, '2016-05-31 05:33:11', 17, NULL, NULL, 7, '2016-05-17 18:34:31', '16/INV-SLSR/V/3', 0, NULL, NULL, NULL, NULL, NULL, 2, 1, 1, 90, '45000', '0', '0', '0', 1, 20, 0, 2, NULL, NULL, NULL, NULL, NULL, NULL);
INSERT INTO `kps_invoice_` (`KPS_INVOICE_ID_`, `KPS_INVOICE_STATUS_VIEW_BY_DIREKTUR`, `UPDATE_TIME`, `KPS_INVOICE_ID`, `invoice_type_id`, `customer_id`, `INVOICE_INDUK_ID_inv`, `DATE_INVO`, `NO_INVO`, `KPS_NO_INVOICE_FAKTUR_PAJAK`, `REV_NO_INVO`, `TOTAL_1_INVO`, `TOTAL_2_INVO`, `TOTAL_3_INVO`, `TOTAL_4_INVO`, `PREPARED_INVO`, `CHECKED_INVO`, `APPROVED_INVO`, `total_qty`, `total_amount`, `total_dp_or_vat`, `total_ppn_or_tax`, `total_all`, `term`, `KPS_INVOICE_DP`, `MADE_BY`, `UPDATE_BY`, `KPS_INVOICE_NOMOR_PENGGANTI`, `KPS_INVOICE_STATUS_APP_DELETE_DIREKTUR`, `KPS_INVOICE_STATUS_PRINT`, `KPS_INVOICE_APP_DELETE_CHANGE_NUMBER`, `KPS_INVOICE_APP_DELETE_NORMALY`, `KPS_INVOICE_FLAG_DELETE`) VALUES
(1097, NULL, '2016-05-31 05:33:11', 18, NULL, NULL, 7, '2016-05-17 19:02:29', '16/INV-SLSR/V/4', 0, NULL, NULL, NULL, NULL, NULL, 2, 3, 4, 90, '45000', '0', '0', '0', 0, 10, 0, 2, '35434434', NULL, NULL, NULL, NULL, NULL),
(1098, NULL, '2016-05-31 05:33:11', 27, NULL, NULL, 7, '2016-05-28 11:08:05', '16/INV-SLSR/V/12', 35434434, NULL, NULL, NULL, NULL, NULL, 2, 4, 3, 90, '45000', '0', '0', '0', 4, 80, 0, 2, '77575', NULL, NULL, NULL, NULL, NULL),
(1099, NULL, '2016-05-31 05:33:11', 28, NULL, NULL, 7, '2016-05-28 11:09:20', '16/INV-SLSR/V/13', 77575, NULL, NULL, NULL, NULL, NULL, 2, 2, 2, 90, '45000', '0', '0', '0', 4, 80, 0, 2, NULL, NULL, NULL, NULL, NULL, NULL),
(1100, NULL, '2016-05-31 05:33:23', 17, NULL, NULL, 7, '2016-05-17 18:34:31', '16/INV-SLSR/V/3', 0, NULL, NULL, NULL, NULL, NULL, 2, 1, 1, 90, '45000', '0', '0', '0', 1, 20, 0, 2, NULL, NULL, NULL, NULL, NULL, NULL),
(1101, NULL, '2016-05-31 05:33:23', 18, NULL, NULL, 7, '2016-05-17 19:02:29', '16/INV-SLSR/V/4', 0, NULL, NULL, NULL, NULL, NULL, 2, 3, 4, 90, '45000', '0', '0', '0', 0, 10, 0, 2, '35434434', NULL, NULL, NULL, NULL, NULL),
(1102, NULL, '2016-05-31 05:33:23', 27, NULL, NULL, 7, '2016-05-28 11:08:05', '16/INV-SLSR/V/12', 35434434, NULL, NULL, NULL, NULL, NULL, 2, 4, 3, 90, '45000', '0', '0', '0', 4, 80, 0, 2, '77575', NULL, NULL, NULL, NULL, NULL),
(1103, NULL, '2016-05-31 05:33:23', 28, NULL, NULL, 7, '2016-05-28 11:09:20', '16/INV-SLSR/V/13', 77575, NULL, NULL, NULL, NULL, NULL, 2, 2, 2, 90, '45000', '0', '0', '0', 4, 80, 0, 2, NULL, NULL, NULL, NULL, NULL, NULL),
(1104, NULL, '2016-05-31 05:33:27', 17, NULL, NULL, 7, '2016-05-17 18:34:31', '16/INV-SLSR/V/3', 0, NULL, NULL, NULL, NULL, NULL, 2, 1, 1, 90, '45000', '0', '0', '0', 1, 20, 0, 2, NULL, NULL, NULL, NULL, NULL, NULL),
(1105, NULL, '2016-05-31 05:33:27', 18, NULL, NULL, 7, '2016-05-17 19:02:29', '16/INV-SLSR/V/4', 0, NULL, NULL, NULL, NULL, NULL, 2, 3, 4, 90, '45000', '0', '0', '0', 0, 10, 0, 2, '35434434', NULL, NULL, NULL, NULL, NULL),
(1106, NULL, '2016-05-31 05:33:27', 27, NULL, NULL, 7, '2016-05-28 11:08:05', '16/INV-SLSR/V/12', 35434434, NULL, NULL, NULL, NULL, NULL, 2, 4, 3, 90, '45000', '0', '0', '0', 4, 80, 0, 2, '77575', NULL, NULL, NULL, NULL, NULL),
(1107, NULL, '2016-05-31 05:33:27', 28, NULL, NULL, 7, '2016-05-28 11:09:20', '16/INV-SLSR/V/13', 77575, NULL, NULL, NULL, NULL, NULL, 2, 2, 2, 90, '45000', '0', '0', '0', 4, 80, 0, 2, NULL, NULL, NULL, NULL, NULL, NULL),
(1108, NULL, '2016-05-31 05:33:30', 17, NULL, NULL, 7, '2016-05-17 18:34:31', '16/INV-SLSR/V/3', 0, NULL, NULL, NULL, NULL, NULL, 2, 1, 1, NULL, NULL, '0', '0', '0', 1, 20, 0, 2, NULL, NULL, NULL, NULL, NULL, NULL),
(1109, NULL, '2016-05-31 05:33:30', 18, NULL, NULL, 7, '2016-05-17 19:02:29', '16/INV-SLSR/V/4', 0, NULL, NULL, NULL, NULL, NULL, 2, 3, 4, NULL, NULL, '0', '0', '0', 0, 10, 0, 2, '35434434', NULL, NULL, NULL, NULL, NULL),
(1110, NULL, '2016-05-31 05:33:30', 27, NULL, NULL, 7, '2016-05-28 11:08:05', '16/INV-SLSR/V/12', 35434434, NULL, NULL, NULL, NULL, NULL, 2, 4, 3, NULL, NULL, '0', '0', '0', 4, 80, 0, 2, '77575', NULL, NULL, NULL, NULL, NULL),
(1111, NULL, '2016-05-31 05:33:30', 28, NULL, NULL, 7, '2016-05-28 11:09:20', '16/INV-SLSR/V/13', 77575, NULL, NULL, NULL, NULL, NULL, 2, 2, 2, NULL, NULL, '0', '0', '0', 4, 80, 0, 2, NULL, NULL, NULL, NULL, NULL, NULL),
(1112, NULL, '2016-05-31 05:33:40', 17, NULL, NULL, 7, '2016-05-17 18:34:31', '16/INV-SLSR/V/3', 0, NULL, NULL, NULL, NULL, NULL, 2, 1, 1, NULL, NULL, '0', '0', '0', 1, 20, 0, 2, NULL, NULL, NULL, NULL, NULL, NULL),
(1113, NULL, '2016-05-31 05:33:40', 18, NULL, NULL, 7, '2016-05-17 19:02:29', '16/INV-SLSR/V/4', 0, NULL, NULL, NULL, NULL, NULL, 2, 3, 4, NULL, NULL, '0', '0', '0', 0, 10, 0, 2, '35434434', NULL, NULL, NULL, NULL, NULL),
(1114, NULL, '2016-05-31 05:33:40', 27, NULL, NULL, 7, '2016-05-28 11:08:05', '16/INV-SLSR/V/12', 35434434, NULL, NULL, NULL, NULL, NULL, 2, 4, 3, NULL, NULL, '0', '0', '0', 4, 80, 0, 2, '77575', NULL, NULL, NULL, NULL, NULL),
(1115, NULL, '2016-05-31 05:33:40', 28, NULL, NULL, 7, '2016-05-28 11:09:20', '16/INV-SLSR/V/13', 77575, NULL, NULL, NULL, NULL, NULL, 2, 2, 2, NULL, NULL, '0', '0', '0', 4, 80, 0, 2, NULL, NULL, NULL, NULL, NULL, NULL),
(1116, NULL, '2016-05-31 05:33:44', 17, NULL, NULL, 7, '2016-05-17 18:34:31', '16/INV-SLSR/V/3', 0, NULL, NULL, NULL, NULL, NULL, 2, 1, 1, NULL, NULL, '0', '0', '0', 1, 20, 0, 2, NULL, NULL, NULL, NULL, NULL, NULL),
(1117, NULL, '2016-05-31 05:33:44', 18, NULL, NULL, 7, '2016-05-17 19:02:29', '16/INV-SLSR/V/4', 0, NULL, NULL, NULL, NULL, NULL, 2, 3, 4, NULL, NULL, '0', '0', '0', 0, 10, 0, 2, '35434434', NULL, NULL, NULL, NULL, NULL),
(1118, NULL, '2016-05-31 05:33:44', 27, NULL, NULL, 7, '2016-05-28 11:08:05', '16/INV-SLSR/V/12', 35434434, NULL, NULL, NULL, NULL, NULL, 2, 4, 3, NULL, NULL, '0', '0', '0', 4, 80, 0, 2, '77575', NULL, NULL, NULL, NULL, NULL),
(1119, NULL, '2016-05-31 05:33:44', 28, NULL, NULL, 7, '2016-05-28 11:09:20', '16/INV-SLSR/V/13', 77575, NULL, NULL, NULL, NULL, NULL, 2, 2, 2, NULL, NULL, '0', '0', '0', 4, 80, 0, 2, NULL, NULL, NULL, NULL, NULL, NULL),
(1120, NULL, '2016-05-31 05:33:54', 19, NULL, NULL, 9, '2016-05-22 21:06:03', '16/INV-SLSR/V/5', 0, NULL, NULL, NULL, NULL, NULL, 2, 1, 3, 2200, '1000000', '0', '0', '0', 1, 50, 0, 2, NULL, NULL, 1, NULL, NULL, NULL),
(1121, NULL, '2016-05-31 05:33:54', 21, NULL, NULL, 9, '2016-05-25 00:08:53', '16/INV-SLSR/V/6', 2147483647, NULL, NULL, NULL, NULL, NULL, 2, 1, 1, 2200, '1000000', '0', '0', '0', 2, 10, 0, 2, '2147483647', NULL, NULL, NULL, NULL, NULL),
(1122, NULL, '2016-05-31 05:33:54', 22, NULL, NULL, 9, '2016-05-28 06:56:42', '16/INV-SLSR/V/7', 2147483647, NULL, NULL, NULL, NULL, NULL, 2, 2, 3, 2200, '1000000', '0', '0', '0', 2, 50, 0, 2, '22334455667788', NULL, 1, NULL, NULL, NULL),
(1123, NULL, '2016-05-31 05:33:54', 23, NULL, NULL, 9, '2016-05-28 07:05:32', '16/INV-SLSR/V/8', 2147483647, NULL, NULL, NULL, NULL, NULL, 2, 2, 5, 2200, '1000000', '0', '0', '0', 2, 50, 0, 2, '556677889900', NULL, NULL, NULL, NULL, NULL),
(1124, NULL, '2016-05-31 05:33:54', 24, NULL, NULL, 9, '2016-05-28 07:06:49', '16/INV-SLSR/V/9', 2147483647, NULL, NULL, NULL, NULL, NULL, 2, 2, 3, 2200, '1000000', '0', '0', '0', 2, 50, 0, 2, '6677880045454754', NULL, NULL, NULL, NULL, NULL),
(1125, NULL, '2016-05-31 05:33:54', 25, NULL, NULL, 9, '2016-05-28 07:10:38', '16/INV-SLSR/V/10', 2147483647, NULL, NULL, NULL, NULL, NULL, 2, 5, 5, 2200, '1000000', '0', '0', '0', 2, 50, 0, 2, '435347654', NULL, NULL, NULL, NULL, NULL),
(1126, NULL, '2016-05-31 05:33:54', 26, NULL, NULL, 9, '2016-05-28 07:13:16', '16/INV-SLSR/V/11', 435347654, NULL, NULL, NULL, NULL, NULL, 12, 3, 2, 2200, '1000000', '0', '0', '0', 2, 50, 0, 12, '7654657899765', NULL, 1, 2, NULL, NULL),
(1127, NULL, '2016-05-31 05:33:54', 29, NULL, NULL, 9, '2016-05-30 11:01:30', '16/INV-SLSR/V/14', 2147483647, NULL, NULL, NULL, NULL, NULL, 12, 1, 3, 2200, '1000000', '0', '0', '0', 2, 50, 0, 12, NULL, NULL, 1, NULL, NULL, NULL),
(1128, NULL, '2016-05-31 06:03:30', 17, NULL, NULL, 7, '2016-05-17 18:34:31', '16/INV-SLSR/V/3', 0, NULL, NULL, NULL, NULL, NULL, 2, 1, 1, NULL, NULL, '0', '0', '0', 1, 20, 0, 2, NULL, NULL, NULL, NULL, NULL, NULL),
(1129, NULL, '2016-05-31 06:03:30', 18, NULL, NULL, 7, '2016-05-17 19:02:29', '16/INV-SLSR/V/4', 0, NULL, NULL, NULL, NULL, NULL, 2, 3, 4, NULL, NULL, '0', '0', '0', 0, 10, 0, 2, '35434434', NULL, NULL, NULL, NULL, NULL),
(1130, NULL, '2016-05-31 06:03:30', 27, NULL, NULL, 7, '2016-05-28 11:08:05', '16/INV-SLSR/V/12', 35434434, NULL, NULL, NULL, NULL, NULL, 2, 4, 3, NULL, NULL, '0', '0', '0', 4, 80, 0, 2, '77575', NULL, NULL, NULL, NULL, NULL),
(1131, NULL, '2016-05-31 06:03:30', 28, NULL, NULL, 7, '2016-05-28 11:09:20', '16/INV-SLSR/V/13', 77575, NULL, NULL, NULL, NULL, NULL, 2, 2, 2, NULL, NULL, '0', '0', '0', 4, 80, 0, 2, NULL, NULL, NULL, NULL, NULL, NULL),
(1132, NULL, '2016-06-01 10:09:31', 19, NULL, NULL, 9, '2016-05-22 21:06:03', '16/INV-SLSR/V/5', 0, NULL, NULL, NULL, NULL, NULL, 2, 1, 3, 2200, '1000000', '0', '0', '0', 1, 50, 0, 2, NULL, NULL, 1, NULL, NULL, NULL),
(1133, NULL, '2016-06-01 10:09:31', 21, NULL, NULL, 9, '2016-05-25 00:08:53', '16/INV-SLSR/V/6', 2147483647, NULL, NULL, NULL, NULL, NULL, 2, 1, 1, 2200, '1000000', '0', '0', '0', 2, 10, 0, 2, '2147483647', NULL, NULL, NULL, NULL, NULL),
(1134, NULL, '2016-06-01 10:09:31', 22, NULL, NULL, 9, '2016-05-28 06:56:42', '16/INV-SLSR/V/7', 2147483647, NULL, NULL, NULL, NULL, NULL, 2, 2, 3, 2200, '1000000', '0', '0', '0', 2, 50, 0, 2, '22334455667788', NULL, 1, NULL, NULL, NULL),
(1135, NULL, '2016-06-01 10:09:31', 23, NULL, NULL, 9, '2016-05-28 07:05:32', '16/INV-SLSR/V/8', 2147483647, NULL, NULL, NULL, NULL, NULL, 2, 2, 5, 2200, '1000000', '0', '0', '0', 2, 50, 0, 2, '556677889900', NULL, NULL, NULL, NULL, NULL),
(1136, NULL, '2016-06-01 10:09:31', 24, NULL, NULL, 9, '2016-05-28 07:06:49', '16/INV-SLSR/V/9', 2147483647, NULL, NULL, NULL, NULL, NULL, 2, 2, 3, 2200, '1000000', '0', '0', '0', 2, 50, 0, 2, '6677880045454754', NULL, NULL, NULL, NULL, NULL),
(1137, NULL, '2016-06-01 10:09:31', 25, NULL, NULL, 9, '2016-05-28 07:10:38', '16/INV-SLSR/V/10', 2147483647, NULL, NULL, NULL, NULL, NULL, 2, 5, 5, 2200, '1000000', '0', '0', '0', 2, 50, 0, 2, '435347654', NULL, NULL, NULL, NULL, NULL),
(1138, NULL, '2016-06-01 10:09:31', 26, NULL, NULL, 9, '2016-05-28 07:13:16', '16/INV-SLSR/V/11', 435347654, NULL, NULL, NULL, NULL, NULL, 12, 3, 2, 2200, '1000000', '0', '0', '0', 2, 50, 0, 12, '7654657899765', NULL, 1, 2, NULL, NULL),
(1139, NULL, '2016-06-01 10:09:31', 29, NULL, NULL, 9, '2016-05-30 11:01:30', '16/INV-SLSR/V/14', 2147483647, NULL, NULL, NULL, NULL, NULL, 12, 1, 3, 2200, '1000000', '0', '0', '0', 2, 50, 0, 12, NULL, NULL, 1, NULL, NULL, NULL),
(1140, NULL, '2016-06-01 10:13:11', 19, NULL, NULL, 9, '2016-05-22 21:06:03', '16/INV-SLSR/V/5', 0, NULL, NULL, NULL, NULL, NULL, 2, 1, 3, 2200, '1000000', '0', '0', '0', 1, 50, 0, 2, NULL, NULL, 1, NULL, NULL, NULL),
(1141, NULL, '2016-06-01 10:13:11', 21, NULL, NULL, 9, '2016-05-25 00:08:53', '16/INV-SLSR/V/6', 2147483647, NULL, NULL, NULL, NULL, NULL, 2, 1, 1, 2200, '1000000', '0', '0', '0', 2, 10, 0, 2, '2147483647', NULL, NULL, NULL, NULL, NULL),
(1142, NULL, '2016-06-01 10:13:11', 22, NULL, NULL, 9, '2016-05-28 06:56:42', '16/INV-SLSR/V/7', 2147483647, NULL, NULL, NULL, NULL, NULL, 2, 2, 3, 2200, '1000000', '0', '0', '0', 2, 50, 0, 2, '22334455667788', NULL, 1, NULL, NULL, NULL),
(1143, NULL, '2016-06-01 10:13:11', 23, NULL, NULL, 9, '2016-05-28 07:05:32', '16/INV-SLSR/V/8', 2147483647, NULL, NULL, NULL, NULL, NULL, 2, 2, 5, 2200, '1000000', '0', '0', '0', 2, 50, 0, 2, '556677889900', NULL, NULL, NULL, NULL, NULL),
(1144, NULL, '2016-06-01 10:13:11', 24, NULL, NULL, 9, '2016-05-28 07:06:49', '16/INV-SLSR/V/9', 2147483647, NULL, NULL, NULL, NULL, NULL, 2, 2, 3, 2200, '1000000', '0', '0', '0', 2, 50, 0, 2, '6677880045454754', NULL, NULL, NULL, NULL, NULL),
(1145, NULL, '2016-06-01 10:13:11', 25, NULL, NULL, 9, '2016-05-28 07:10:38', '16/INV-SLSR/V/10', 2147483647, NULL, NULL, NULL, NULL, NULL, 2, 5, 5, 2200, '1000000', '0', '0', '0', 2, 50, 0, 2, '435347654', NULL, NULL, NULL, NULL, NULL),
(1146, NULL, '2016-06-01 10:13:11', 26, NULL, NULL, 9, '2016-05-28 07:13:16', '16/INV-SLSR/V/11', 435347654, NULL, NULL, NULL, NULL, NULL, 12, 3, 2, 2200, '1000000', '0', '0', '0', 2, 50, 0, 12, '7654657899765', NULL, 1, 2, NULL, NULL),
(1147, NULL, '2016-06-01 10:13:11', 29, NULL, NULL, 9, '2016-05-30 11:01:30', '16/INV-SLSR/V/14', 2147483647, NULL, NULL, NULL, NULL, NULL, 12, 1, 3, 2200, '1000000', '0', '0', '0', 2, 50, 0, 12, NULL, NULL, 1, NULL, NULL, NULL),
(1148, NULL, '2016-06-01 10:13:17', 19, NULL, NULL, 9, '2016-05-22 21:06:03', '16/INV-SLSR/V/5', 0, NULL, NULL, NULL, NULL, NULL, 2, 1, 3, 2200, '1000000', '0', '0', '0', 1, 50, 0, 2, NULL, NULL, 1, NULL, NULL, NULL),
(1149, NULL, '2016-06-01 10:13:17', 21, NULL, NULL, 9, '2016-05-25 00:08:53', '16/INV-SLSR/V/6', 2147483647, NULL, NULL, NULL, NULL, NULL, 2, 1, 1, 2200, '1000000', '0', '0', '0', 2, 10, 0, 2, '2147483647', NULL, NULL, NULL, NULL, NULL),
(1150, NULL, '2016-06-01 10:13:17', 22, NULL, NULL, 9, '2016-05-28 06:56:42', '16/INV-SLSR/V/7', 2147483647, NULL, NULL, NULL, NULL, NULL, 2, 2, 3, 2200, '1000000', '0', '0', '0', 2, 50, 0, 2, '22334455667788', NULL, 1, NULL, NULL, NULL),
(1151, NULL, '2016-06-01 10:13:17', 23, NULL, NULL, 9, '2016-05-28 07:05:32', '16/INV-SLSR/V/8', 2147483647, NULL, NULL, NULL, NULL, NULL, 2, 2, 5, 2200, '1000000', '0', '0', '0', 2, 50, 0, 2, '556677889900', NULL, NULL, NULL, NULL, NULL),
(1152, NULL, '2016-06-01 10:13:17', 24, NULL, NULL, 9, '2016-05-28 07:06:49', '16/INV-SLSR/V/9', 2147483647, NULL, NULL, NULL, NULL, NULL, 2, 2, 3, 2200, '1000000', '0', '0', '0', 2, 50, 0, 2, '6677880045454754', NULL, NULL, NULL, NULL, NULL),
(1153, NULL, '2016-06-01 10:13:17', 25, NULL, NULL, 9, '2016-05-28 07:10:38', '16/INV-SLSR/V/10', 2147483647, NULL, NULL, NULL, NULL, NULL, 2, 5, 5, 2200, '1000000', '0', '0', '0', 2, 50, 0, 2, '435347654', NULL, NULL, NULL, NULL, NULL),
(1154, NULL, '2016-06-01 10:13:17', 26, NULL, NULL, 9, '2016-05-28 07:13:16', '16/INV-SLSR/V/11', 435347654, NULL, NULL, NULL, NULL, NULL, 12, 3, 2, 2200, '1000000', '0', '0', '0', 2, 50, 0, 12, '7654657899765', NULL, 1, 2, NULL, NULL),
(1155, NULL, '2016-06-01 10:13:17', 29, NULL, NULL, 9, '2016-05-30 11:01:30', '16/INV-SLSR/V/14', 2147483647, NULL, NULL, NULL, NULL, NULL, 12, 1, 3, 2200, '1000000', '0', '0', '0', 2, 50, 0, 12, NULL, NULL, 1, NULL, NULL, NULL),
(1156, NULL, '2016-06-01 10:13:23', 19, NULL, NULL, 9, '2016-05-22 21:06:03', '16/INV-SLSR/V/5', 0, NULL, NULL, NULL, NULL, NULL, 2, 1, 3, 2200, '1000000', '0', '0', '0', 1, 50, 0, 2, NULL, NULL, 1, NULL, NULL, NULL),
(1157, NULL, '2016-06-01 10:13:23', 21, NULL, NULL, 9, '2016-05-25 00:08:53', '16/INV-SLSR/V/6', 2147483647, NULL, NULL, NULL, NULL, NULL, 2, 1, 1, 2200, '1000000', '0', '0', '0', 2, 10, 0, 2, '2147483647', NULL, NULL, NULL, NULL, NULL),
(1158, NULL, '2016-06-01 10:13:23', 22, NULL, NULL, 9, '2016-05-28 06:56:42', '16/INV-SLSR/V/7', 2147483647, NULL, NULL, NULL, NULL, NULL, 2, 2, 3, 2200, '1000000', '0', '0', '0', 2, 50, 0, 2, '22334455667788', NULL, 1, NULL, NULL, NULL),
(1159, NULL, '2016-06-01 10:13:23', 23, NULL, NULL, 9, '2016-05-28 07:05:32', '16/INV-SLSR/V/8', 2147483647, NULL, NULL, NULL, NULL, NULL, 2, 2, 5, 2200, '1000000', '0', '0', '0', 2, 50, 0, 2, '556677889900', NULL, NULL, NULL, NULL, NULL),
(1160, NULL, '2016-06-01 10:13:23', 24, NULL, NULL, 9, '2016-05-28 07:06:49', '16/INV-SLSR/V/9', 2147483647, NULL, NULL, NULL, NULL, NULL, 2, 2, 3, 2200, '1000000', '0', '0', '0', 2, 50, 0, 2, '6677880045454754', NULL, NULL, NULL, NULL, NULL),
(1161, NULL, '2016-06-01 10:13:23', 25, NULL, NULL, 9, '2016-05-28 07:10:38', '16/INV-SLSR/V/10', 2147483647, NULL, NULL, NULL, NULL, NULL, 2, 5, 5, 2200, '1000000', '0', '0', '0', 2, 50, 0, 2, '435347654', NULL, NULL, NULL, NULL, NULL),
(1162, NULL, '2016-06-01 10:13:23', 26, NULL, NULL, 9, '2016-05-28 07:13:16', '16/INV-SLSR/V/11', 435347654, NULL, NULL, NULL, NULL, NULL, 12, 3, 2, 2200, '1000000', '0', '0', '0', 2, 50, 0, 12, '7654657899765', NULL, 1, 2, NULL, NULL),
(1163, NULL, '2016-06-01 10:13:23', 29, NULL, NULL, 9, '2016-05-30 11:01:30', '16/INV-SLSR/V/14', 2147483647, NULL, NULL, NULL, NULL, NULL, 12, 1, 3, 2200, '1000000', '0', '0', '0', 2, 50, 0, 12, NULL, NULL, 1, NULL, NULL, NULL),
(1164, NULL, '2016-06-01 10:51:35', 14, NULL, NULL, 3, '2016-03-29 18:38:14', '16/INV-SLS/III/4', 0, 4, NULL, NULL, NULL, NULL, 2, 2, 3, 800, '659200', '0', '0', '0', 1, 100, 0, 2, NULL, NULL, NULL, NULL, NULL, NULL);

-- --------------------------------------------------------

--
-- Struktur dari tabel `kps_invoice_detail`
--

CREATE TABLE `kps_invoice_detail` (
  `KPS_INVOICE_DETAIL_ID` int(255) NOT NULL,
  `INVOICE_INDUK_ID_DET` int(255) NOT NULL DEFAULT '0',
  `delivery_order_id` int(11) DEFAULT NULL,
  `SUB_TOTAL` varchar(255) DEFAULT NULL,
  `KPS_ITEM_MASTER_ID` int(255) DEFAULT NULL,
  `QTY` varchar(100) DEFAULT NULL,
  `UNIT` varchar(50) DEFAULT NULL,
  `PRICE_INVOICE_DETAIL` varchar(255) DEFAULT NULL,
  `KPS_INVOICE_DETAIL_STATUS_APP_DELETE` int(11) DEFAULT NULL,
  `KPS_INVOICE_DETAIL_DELETE` int(11) DEFAULT NULL
) ENGINE=InnoDB DEFAULT CHARSET=latin1;

--
-- Dumping data untuk tabel `kps_invoice_detail`
--

INSERT INTO `kps_invoice_detail` (`KPS_INVOICE_DETAIL_ID`, `INVOICE_INDUK_ID_DET`, `delivery_order_id`, `SUB_TOTAL`, `KPS_ITEM_MASTER_ID`, `QTY`, `UNIT`, `PRICE_INVOICE_DETAIL`, `KPS_INVOICE_DETAIL_STATUS_APP_DELETE`, `KPS_INVOICE_DETAIL_DELETE`) VALUES
(7, 2, 8, NULL, NULL, NULL, NULL, NULL, NULL, NULL),
(8, 3, 9, NULL, NULL, NULL, NULL, NULL, NULL, NULL),
(9, 4, 10, NULL, NULL, NULL, NULL, NULL, NULL, NULL),
(10, 4, 11, NULL, NULL, NULL, NULL, NULL, NULL, NULL),
(11, 5, 13, NULL, NULL, NULL, NULL, NULL, NULL, NULL),
(26, 9, 18, NULL, NULL, NULL, NULL, NULL, 2, NULL),
(27, 9, 20, NULL, NULL, NULL, NULL, NULL, NULL, NULL),
(28, 11, 21, NULL, NULL, NULL, NULL, NULL, NULL, NULL);

--
-- Trigger `kps_invoice_detail`
--
DELIMITER $$
CREATE TRIGGER `INV_DET_update_record` BEFORE UPDATE ON `kps_invoice_detail` FOR EACH ROW INSERT INTO kps_invoice_detail_ (

 `KPS_INVOICE_DETAIL_ID`, `INVOICE_INDUK_ID_DET`, `delivery_order_id`, `SUB_TOTAL`, `KPS_ITEM_MASTER_ID`, `QTY`, `UNIT`, `PRICE_INVOICE_DETAIL`, `KPS_INVOICE_DETAIL_STATUS_APP_DELETE`

)

VALUE (

 OLD.`KPS_INVOICE_DETAIL_ID`, OLD.`INVOICE_INDUK_ID_DET`, OLD.`delivery_order_id`, OLD.`SUB_TOTAL`, OLD.`KPS_ITEM_MASTER_ID`, OLD.`QTY`, OLD.`UNIT`, OLD.`PRICE_INVOICE_DETAIL`, NEW.`KPS_INVOICE_DETAIL_STATUS_APP_DELETE` )
$$
DELIMITER ;

-- --------------------------------------------------------

--
-- Struktur dari tabel `kps_invoice_detail_`
--

CREATE TABLE `kps_invoice_detail_` (
  `KPS_INVOICE_DETAIL_ID` int(255) NOT NULL,
  `INVOICE_INDUK_ID_DET` int(255) NOT NULL,
  `delivery_order_id` int(11) DEFAULT NULL,
  `SUB_TOTAL` varchar(255) DEFAULT NULL,
  `KPS_ITEM_MASTER_ID` int(255) DEFAULT NULL,
  `QTY` varchar(100) DEFAULT NULL,
  `UNIT` varchar(50) DEFAULT NULL,
  `PRICE_INVOICE_DETAIL` varchar(255) DEFAULT NULL,
  `ID` int(11) NOT NULL,
  `UPDATE_TIME` datetime NOT NULL DEFAULT CURRENT_TIMESTAMP,
  `KPS_INVOICE_DETAIL_STATUS_APP_DELETE` int(11) DEFAULT NULL,
  `KPS_INVOICE_STATUS_APP_DELETE_DIREKTUR_DO_INVOICE` tinyint(4) DEFAULT NULL
) ENGINE=InnoDB DEFAULT CHARSET=latin1;

--
-- Dumping data untuk tabel `kps_invoice_detail_`
--

INSERT INTO `kps_invoice_detail_` (`KPS_INVOICE_DETAIL_ID`, `INVOICE_INDUK_ID_DET`, `delivery_order_id`, `SUB_TOTAL`, `KPS_ITEM_MASTER_ID`, `QTY`, `UNIT`, `PRICE_INVOICE_DETAIL`, `ID`, `UPDATE_TIME`, `KPS_INVOICE_DETAIL_STATUS_APP_DELETE`, `KPS_INVOICE_STATUS_APP_DELETE_DIREKTUR_DO_INVOICE`) VALUES
(8, 3, 9, NULL, NULL, NULL, NULL, NULL, 1, '2016-05-03 16:58:06', NULL, NULL),
(8, 3, 9, 'TEST', NULL, NULL, NULL, NULL, 2, '2016-05-03 16:58:15', NULL, NULL),
(26, 9, 18, NULL, NULL, NULL, NULL, NULL, 3, '2016-05-31 05:22:34', 2, 1),
(13, 7, 14, NULL, NULL, NULL, NULL, NULL, 4, '2016-05-31 05:33:11', 2, 1),
(13, 7, 14, NULL, NULL, NULL, NULL, NULL, 5, '2016-05-31 05:33:27', 2, NULL),
(13, 7, 14, NULL, NULL, NULL, NULL, NULL, 6, '2016-05-31 05:33:27', 2, NULL);

-- --------------------------------------------------------

--
-- Struktur dari tabel `kps_invoice_induk`
--

CREATE TABLE `kps_invoice_induk` (
  `INVOICE_INDUK_ID` int(11) NOT NULL,
  `KPS_INVOICE_INDUK_REV_NO` int(11) NOT NULL DEFAULT '0',
  `INVOICE_INDUK_NO` varchar(250) NOT NULL DEFAULT '',
  `INVOICE_INDUK_DATE` datetime NOT NULL DEFAULT CURRENT_TIMESTAMP,
  `BUKTI_PESANAN_ID_INDK` int(11) DEFAULT '0',
  `KPS_CUSTOMER_ID_INDK` int(11) NOT NULL DEFAULT '0',
  `KPS_INVOICE_INDUK_MADE_BY` int(11) NOT NULL DEFAULT '0',
  `TOTAL_TERM` float NOT NULL DEFAULT '0',
  `TOTAL_TERBAYAR` float NOT NULL DEFAULT '0',
  `TOTAL_PEMBAYARAN` float NOT NULL DEFAULT '0',
  `status_inv_do` int(11) NOT NULL DEFAULT '0',
  `revisi_no_inv` int(11) NOT NULL DEFAULT '0',
  `KPS_INVOICE_INDUK_NO_URUT_TX` int(11) DEFAULT NULL,
  `KPS_INVOICE_INDUK_NO_URUT_NT` int(11) DEFAULT NULL
) ENGINE=InnoDB DEFAULT CHARSET=latin1;

--
-- Dumping data untuk tabel `kps_invoice_induk`
--

INSERT INTO `kps_invoice_induk` (`INVOICE_INDUK_ID`, `KPS_INVOICE_INDUK_REV_NO`, `INVOICE_INDUK_NO`, `INVOICE_INDUK_DATE`, `BUKTI_PESANAN_ID_INDK`, `KPS_CUSTOMER_ID_INDK`, `KPS_INVOICE_INDUK_MADE_BY`, `TOTAL_TERM`, `TOTAL_TERBAYAR`, `TOTAL_PEMBAYARAN`, `status_inv_do`, `revisi_no_inv`, `KPS_INVOICE_INDUK_NO_URUT_TX`, `KPS_INVOICE_INDUK_NO_URUT_NT`) VALUES
(2, 1, '16/INV-INDK-SLS/III/1', '2016-03-27 09:40:44', 1, 1, 3, 100, 183961, 183961, 0, 0, NULL, NULL),
(3, 1, '16/INV-INDK-SLS/III/1', '2016-03-29 18:34:47', 3, 4, 3, 100, 659200, 659200, 1, 0, NULL, NULL),
(4, 0, '16/INV-INDK-SLS/V/1', '2016-05-13 14:51:36', 11, 4, 13, 100, 4120000, 4120000, 1, 0, NULL, 1),
(5, 0, '16/INV-INDK-SLS/V/2', '2016-05-13 16:12:57', 12, 7, 13, 100, 30800, 30800, 1, 0, NULL, 2),
(6, 0, '16/INV-INDK-SLS/V/3', '2016-05-17 16:45:03', 0, 3, 2, 0, 0, 0, 0, 0, NULL, 3),
(7, 0, '16/INV-INDK-SLS/V/1', '2016-05-17 16:49:37', 0, 1, 2, 190, 0, 0, 1, 0, 1, NULL),
(8, 0, '16/INV-INDK-SLS/V/2', '2016-05-17 16:50:51', 0, 3, 2, 0, 0, 0, 0, 0, 2, NULL),
(9, 0, '16/INV-INDK-SLS/V/3', '2016-05-22 16:19:05', 0, 1, 2, 360, 3600000, 1000000, 0, 0, 3, NULL),
(10, 0, '16/INV-INDK-SLS/V/4', '2016-05-23 15:02:22', 0, 4, 2, 0, 0, 0, 0, 0, 4, NULL),
(11, 0, '16/INV-INDK-SLS/V/5', '2016-05-23 15:04:03', 0, 1, 2, 0, 0, 495000, 0, 0, 5, NULL),
(12, 0, '16/INV-INDK-SLSR/V/4', '2016-05-23 15:16:58', 0, 7, 2, 0, 0, 0, 0, 0, NULL, 4),
(13, 0, '16/INV-INDK-SLSR/V/5', '2016-05-23 15:17:45', 0, 7, 3, 0, 0, 0, 0, 0, NULL, 5),
(14, 0, '16/INV-INDK-SLSR/V/6', '2016-05-23 15:17:59', 0, 7, 3, 0, 0, 0, 0, 0, NULL, 6),
(15, 0, '16/INV-INDK-SLS/V/6', '2016-05-28 11:19:38', 0, 1, 2, 0, 0, 0, 0, 0, 6, NULL);

--
-- Trigger `kps_invoice_induk`
--
DELIMITER $$
CREATE TRIGGER `INV_INDK_update_record` BEFORE UPDATE ON `kps_invoice_induk` FOR EACH ROW INSERT INTO kps_invoice_induk_ (
 `INVOICE_INDUK_ID`, `KPS_INVOICE_INDUK_REV_NO`, `INVOICE_INDUK_NO`, `INVOICE_INDUK_DATE`, `BUKTI_PESANAN_ID_INDK`, `KPS_CUSTOMER_ID_INDK`, `KPS_INVOICE_INDUK_MADE_BY`, `TOTAL_TERM`, `TOTAL_TERBAYAR`, `TOTAL_PEMBAYARAN`, `status_inv_do`, `revisi_no_inv`
)
VALUE (
OLD.`INVOICE_INDUK_ID`, OLD.`KPS_INVOICE_INDUK_REV_NO`, OLD.`INVOICE_INDUK_NO`, OLD.`INVOICE_INDUK_DATE`, OLD.`BUKTI_PESANAN_ID_INDK`, OLD.`KPS_CUSTOMER_ID_INDK`, OLD.`KPS_INVOICE_INDUK_MADE_BY`, OLD.`TOTAL_TERM`, OLD.`TOTAL_TERBAYAR`, OLD.`TOTAL_PEMBAYARAN`, OLD.`status_inv_do`, OLD.`revisi_no_inv` )
$$
DELIMITER ;

-- --------------------------------------------------------

--
-- Struktur dari tabel `kps_invoice_induk_`
--

CREATE TABLE `kps_invoice_induk_` (
  `INVOICE_INDUK_ID` int(11) NOT NULL,
  `KPS_INVOICE_INDUK_REV_NO` int(11) NOT NULL,
  `INVOICE_INDUK_NO` varchar(250) NOT NULL,
  `INVOICE_INDUK_DATE` datetime NOT NULL DEFAULT CURRENT_TIMESTAMP,
  `BUKTI_PESANAN_ID_INDK` int(11) DEFAULT NULL,
  `KPS_CUSTOMER_ID_INDK` int(11) NOT NULL,
  `KPS_INVOICE_INDUK_MADE_BY` int(11) NOT NULL,
  `TOTAL_TERM` float NOT NULL DEFAULT '0',
  `TOTAL_TERBAYAR` float NOT NULL DEFAULT '0',
  `TOTAL_PEMBAYARAN` float NOT NULL DEFAULT '0',
  `status_inv_do` int(11) NOT NULL DEFAULT '0',
  `revisi_no_inv` int(11) NOT NULL DEFAULT '0',
  `ID` int(11) NOT NULL,
  `UPDATE_TIME` datetime NOT NULL DEFAULT CURRENT_TIMESTAMP
) ENGINE=InnoDB DEFAULT CHARSET=latin1;

--
-- Dumping data untuk tabel `kps_invoice_induk_`
--

INSERT INTO `kps_invoice_induk_` (`INVOICE_INDUK_ID`, `KPS_INVOICE_INDUK_REV_NO`, `INVOICE_INDUK_NO`, `INVOICE_INDUK_DATE`, `BUKTI_PESANAN_ID_INDK`, `KPS_CUSTOMER_ID_INDK`, `KPS_INVOICE_INDUK_MADE_BY`, `TOTAL_TERM`, `TOTAL_TERBAYAR`, `TOTAL_PEMBAYARAN`, `status_inv_do`, `revisi_no_inv`, `ID`, `UPDATE_TIME`) VALUES
(3, 1, '16/INV-INDK-SLS/III/1', '2016-03-29 18:34:47', 3, 4, 3, 100, 659200, 659200, 0, 0, 1, '2016-05-03 17:01:01'),
(3, 1, '16/INV-INDK-SLS/III/1', '2016-03-29 18:34:47', 3, 4, 3, 101, 659200, 659200, 0, 0, 2, '2016-05-03 17:01:10'),
(2, 1, '16/INV-INDK-SLS/III/1', '2016-03-27 09:40:44', 1, 1, 3, 100, 183961, 183961, 1, 0, 3, '2016-05-06 13:38:43'),
(2, 1, '16/INV-INDK-SLS/III/1', '2016-03-27 09:40:44', 1, 1, 3, 100, 183961, 183961, 1, 0, 4, '2016-05-06 13:38:52'),
(3, 1, '16/INV-INDK-SLS/III/1', '2016-03-29 18:34:47', 3, 4, 3, 100, 659200, 659200, 0, 0, 5, '2016-05-13 06:24:49'),
(2, 1, '16/INV-INDK-SLS/III/1', '2016-03-27 09:40:44', 1, 1, 3, 100, 183961, 183961, 1, 0, 6, '2016-05-13 06:25:12'),
(2, 1, '16/INV-INDK-SLS/III/1', '2016-03-27 09:40:44', 1, 1, 3, 100, 183961, 183961, 1, 0, 7, '2016-05-13 06:26:04'),
(2, 1, '16/INV-INDK-SLS/III/1', '2016-03-27 09:40:44', 1, 1, 3, 100, 183961, 183961, 1, 0, 8, '2016-05-13 06:29:13'),
(2, 1, '16/INV-INDK-SLS/III/1', '2016-03-27 09:40:44', 1, 1, 3, 100, 183961, 183961, 1, 0, 9, '2016-05-13 09:16:22'),
(2, 1, '16/INV-INDK-SLS/III/1', '2016-03-27 09:40:44', 1, 1, 3, 100, 183961, 183961, 1, 0, 10, '2016-05-13 09:16:36'),
(2, 1, '16/INV-INDK-SLS/III/1', '2016-03-27 09:40:44', 1, 1, 3, 100, 183961, 183961, 1, 0, 11, '2016-05-13 14:35:38'),
(4, 0, '16/INV-INDK-SLS/V/1', '2016-05-13 14:51:36', 11, 4, 13, 0, 0, 0, 0, 0, 12, '2016-05-13 14:52:29'),
(4, 0, '16/INV-INDK-SLS/V/1', '2016-05-13 14:51:36', 11, 4, 13, 0, 0, 0, 0, 0, 13, '2016-05-13 14:52:53'),
(4, 0, '16/INV-INDK-SLS/V/1', '2016-05-13 14:51:36', 11, 4, 13, 0, 0, 2060000, 0, 0, 14, '2016-05-13 14:53:38'),
(4, 0, '16/INV-INDK-SLS/V/1', '2016-05-13 14:51:36', 11, 4, 13, 0, 0, 4120000, 0, 0, 15, '2016-05-13 14:55:08'),
(4, 0, '16/INV-INDK-SLS/V/1', '2016-05-13 14:51:36', 11, 4, 13, 0, 0, 4120000, 0, 0, 16, '2016-05-13 14:55:58'),
(4, 0, '16/INV-INDK-SLS/V/1', '2016-05-13 14:51:36', 11, 4, 13, 0, 0, 4120000, 0, 0, 17, '2016-05-13 14:56:55'),
(4, 0, '16/INV-INDK-SLS/V/1', '2016-05-13 14:51:36', 11, 4, 13, 0, 0, 4120000, 0, 0, 18, '2016-05-13 14:58:40'),
(4, 0, '16/INV-INDK-SLS/V/1', '2016-05-13 14:51:36', 11, 4, 13, 0, 0, 4120000, 0, 0, 19, '2016-05-13 14:59:17'),
(4, 0, '16/INV-INDK-SLS/V/1', '2016-05-13 14:51:36', 11, 4, 13, 0, 0, 4120000, 0, 0, 20, '2016-05-13 15:01:31'),
(4, 0, '16/INV-INDK-SLS/V/1', '2016-05-13 14:51:36', 11, 4, 13, 0, 0, 4120000, 0, 0, 21, '2016-05-13 15:01:59'),
(4, 0, '16/INV-INDK-SLS/V/1', '2016-05-13 14:51:36', 11, 4, 13, 0, 0, 4120000, 0, 0, 22, '2016-05-13 15:02:06'),
(4, 0, '16/INV-INDK-SLS/V/1', '2016-05-13 14:51:36', 11, 4, 13, 0, 0, 4120000, 0, 0, 23, '2016-05-13 15:02:25'),
(4, 0, '16/INV-INDK-SLS/V/1', '2016-05-13 14:51:36', 11, 4, 13, 0, 0, 4120000, 1, 0, 24, '2016-05-13 15:02:25'),
(4, 0, '16/INV-INDK-SLS/V/1', '2016-05-13 14:51:36', 11, 4, 13, 0, 0, 4120000, 1, 0, 25, '2016-05-13 15:03:06'),
(4, 0, '16/INV-INDK-SLS/V/1', '2016-05-13 14:51:36', 11, 4, 13, 0, 0, 4120000, 1, 0, 26, '2016-05-13 15:04:14'),
(4, 0, '16/INV-INDK-SLS/V/1', '2016-05-13 14:51:36', 11, 4, 13, 0, 0, 4120000, 1, 0, 27, '2016-05-13 15:05:44'),
(4, 0, '16/INV-INDK-SLS/V/1', '2016-05-13 14:51:36', 11, 4, 13, 100, 4120000, 4120000, 1, 0, 28, '2016-05-13 15:06:29'),
(4, 0, '16/INV-INDK-SLS/V/1', '2016-05-13 14:51:36', 11, 4, 13, 100, 4120000, 4120000, 1, 0, 29, '2016-05-13 15:07:08'),
(4, 0, '16/INV-INDK-SLS/V/1', '2016-05-13 14:51:36', 11, 4, 13, 100, 4120000, 4120000, 1, 0, 30, '2016-05-13 15:09:20'),
(4, 0, '16/INV-INDK-SLS/V/1', '2016-05-13 14:51:36', 11, 4, 13, 100, 4120000, 4120000, 1, 0, 31, '2016-05-13 15:09:44'),
(4, 0, '16/INV-INDK-SLS/V/1', '2016-05-13 14:51:36', 11, 4, 13, 100, 4120000, 4120000, 1, 0, 32, '2016-05-13 15:10:11'),
(4, 0, '16/INV-INDK-SLS/V/1', '2016-05-13 14:51:36', 11, 4, 13, 100, 4120000, 4120000, 1, 0, 33, '2016-05-13 15:12:12'),
(4, 0, '16/INV-INDK-SLS/V/1', '2016-05-13 14:51:36', 11, 4, 13, 100, 4120000, 4120000, 1, 0, 34, '2016-05-13 15:12:13'),
(4, 0, '16/INV-INDK-SLS/V/1', '2016-05-13 14:51:36', 11, 4, 13, 100, 4120000, 4120000, 1, 0, 35, '2016-05-13 15:12:21'),
(4, 0, '16/INV-INDK-SLS/V/1', '2016-05-13 14:51:36', 11, 4, 13, 100, 4120000, 4120000, 1, 0, 36, '2016-05-13 15:12:33'),
(4, 0, '16/INV-INDK-SLS/V/1', '2016-05-13 14:51:36', 11, 4, 13, 100, 4120000, 4120000, 1, 0, 37, '2016-05-13 15:13:05'),
(4, 0, '16/INV-INDK-SLS/V/1', '2016-05-13 14:51:36', 11, 4, 13, 100, 4120000, 4120000, 1, 0, 38, '2016-05-13 15:13:14'),
(4, 0, '16/INV-INDK-SLS/V/1', '2016-05-13 14:51:36', 11, 4, 13, 100, 4120000, 4120000, 1, 0, 39, '2016-05-13 15:13:54'),
(4, 0, '16/INV-INDK-SLS/V/1', '2016-05-13 14:51:36', 11, 4, 13, 100, 4120000, 4120000, 1, 0, 40, '2016-05-13 15:14:12'),
(4, 0, '16/INV-INDK-SLS/V/1', '2016-05-13 14:51:36', 11, 4, 13, 100, 4120000, 4120000, 1, 0, 41, '2016-05-13 15:14:30'),
(4, 0, '16/INV-INDK-SLS/V/1', '2016-05-13 14:51:36', 11, 4, 13, 100, 4120000, 4120000, 1, 0, 42, '2016-05-13 15:14:43'),
(4, 0, '16/INV-INDK-SLS/V/1', '2016-05-13 14:51:36', 11, 4, 13, 100, 4120000, 4120000, 1, 0, 43, '2016-05-13 15:14:44'),
(4, 0, '16/INV-INDK-SLS/V/1', '2016-05-13 14:51:36', 11, 4, 13, 100, 4120000, 4120000, 1, 0, 44, '2016-05-13 15:15:35'),
(4, 0, '16/INV-INDK-SLS/V/1', '2016-05-13 14:51:36', 11, 4, 13, 100, 4120000, 4120000, 1, 0, 45, '2016-05-13 15:15:52'),
(4, 0, '16/INV-INDK-SLS/V/1', '2016-05-13 14:51:36', 11, 4, 13, 100, 4120000, 4120000, 1, 0, 46, '2016-05-13 15:15:52'),
(4, 0, '16/INV-INDK-SLS/V/1', '2016-05-13 14:51:36', 11, 4, 13, 100, 4120000, 4120000, 1, 0, 47, '2016-05-13 15:15:58'),
(4, 0, '16/INV-INDK-SLS/V/1', '2016-05-13 14:51:36', 11, 4, 13, 100, 4120000, 4120000, 1, 0, 48, '2016-05-13 15:16:11'),
(4, 0, '16/INV-INDK-SLS/V/1', '2016-05-13 14:51:36', 11, 4, 13, 100, 4120000, 4120000, 1, 0, 49, '2016-05-13 15:16:19'),
(4, 0, '16/INV-INDK-SLS/V/1', '2016-05-13 14:51:36', 11, 4, 13, 100, 4120000, 4120000, 1, 0, 50, '2016-05-13 15:17:43'),
(4, 0, '16/INV-INDK-SLS/V/1', '2016-05-13 14:51:36', 11, 4, 13, 100, 4120000, 4120000, 1, 0, 51, '2016-05-13 15:17:50'),
(4, 0, '16/INV-INDK-SLS/V/1', '2016-05-13 14:51:36', 11, 4, 13, 100, 4120000, 4120000, 1, 0, 52, '2016-05-13 15:18:02'),
(4, 0, '16/INV-INDK-SLS/V/1', '2016-05-13 14:51:36', 11, 4, 13, 100, 4120000, 4120000, 1, 0, 53, '2016-05-13 15:18:14'),
(4, 0, '16/INV-INDK-SLS/V/1', '2016-05-13 14:51:36', 11, 4, 13, 100, 4120000, 4120000, 1, 0, 54, '2016-05-13 15:18:16'),
(5, 0, '16/INV-INDK-SLS/V/2', '2016-05-13 16:12:57', 12, 7, 13, 0, 0, 0, 0, 0, 55, '2016-05-13 16:16:25'),
(5, 0, '16/INV-INDK-SLS/V/2', '2016-05-13 16:12:57', 12, 7, 13, 0, 0, 0, 0, 0, 56, '2016-05-13 16:17:39'),
(5, 0, '16/INV-INDK-SLS/V/2', '2016-05-13 16:12:57', 12, 7, 13, 0, 0, 0, 0, 0, 57, '2016-05-13 16:19:10'),
(5, 0, '16/INV-INDK-SLS/V/2', '2016-05-13 16:12:57', 12, 7, 13, 0, 0, 0, 0, 0, 58, '2016-05-13 16:19:29'),
(5, 0, '16/INV-INDK-SLS/V/2', '2016-05-13 16:12:57', 12, 7, 13, 0, 0, 0, 0, 0, 59, '2016-05-13 16:19:30'),
(5, 0, '16/INV-INDK-SLS/V/2', '2016-05-13 16:12:57', 12, 7, 13, 0, 0, 30800, 0, 0, 60, '2016-05-13 16:19:50'),
(5, 0, '16/INV-INDK-SLS/V/2', '2016-05-13 16:12:57', 12, 7, 13, 0, 0, 30800, 1, 0, 61, '2016-05-13 16:19:50'),
(5, 0, '16/INV-INDK-SLS/V/2', '2016-05-13 16:12:57', 12, 7, 13, 0, 0, 30800, 1, 0, 62, '2016-05-13 16:20:30'),
(5, 0, '16/INV-INDK-SLS/V/2', '2016-05-13 16:12:57', 12, 7, 13, 0, 0, 30800, 1, 0, 63, '2016-05-13 16:21:05'),
(5, 0, '16/INV-INDK-SLS/V/2', '2016-05-13 16:12:57', 12, 7, 13, 100, 30800, 30800, 1, 0, 64, '2016-05-13 16:21:43'),
(5, 0, '16/INV-INDK-SLS/V/2', '2016-05-13 16:12:57', 12, 7, 13, 100, 30800, 30800, 1, 0, 65, '2016-05-13 16:26:53'),
(5, 0, '16/INV-INDK-SLS/V/2', '2016-05-13 16:12:57', 12, 7, 13, 100, 30800, 30800, 1, 0, 66, '2016-05-13 16:35:45'),
(3, 1, '16/INV-INDK-SLS/III/1', '2016-03-29 18:34:47', 3, 4, 3, 100, 659200, 659200, 0, 0, 67, '2016-05-13 16:37:09'),
(3, 1, '16/INV-INDK-SLS/III/1', '2016-03-29 18:34:47', 3, 4, 3, 100, 659200, 659200, 0, 0, 68, '2016-05-13 16:37:26'),
(3, 1, '16/INV-INDK-SLS/III/1', '2016-03-29 18:34:47', 3, 4, 3, 100, 659200, 659200, 1, 0, 69, '2016-05-13 16:37:26'),
(3, 1, '16/INV-INDK-SLS/III/1', '2016-03-29 18:34:47', 3, 4, 3, 100, 659200, 659200, 1, 0, 70, '2016-05-13 16:38:29'),
(4, 0, '16/INV-INDK-SLS/V/1', '2016-05-13 14:51:36', 11, 4, 13, 100, 4120000, 4120000, 1, 0, 71, '2016-05-17 16:23:23'),
(2, 1, '16/INV-INDK-SLS/III/1', '2016-03-27 09:40:44', 1, 1, 3, 100, 183961, 183961, 1, 0, 72, '2016-05-17 16:23:57'),
(3, 1, '16/INV-INDK-SLS/III/1', '2016-03-29 18:34:47', 3, 4, 3, 100, 659200, 659200, 1, 0, 73, '2016-05-17 16:24:03'),
(4, 0, '16/INV-INDK-SLS/V/1', '2016-05-13 14:51:36', 11, 4, 13, 100, 4120000, 4120000, 1, 0, 74, '2016-05-17 16:24:10'),
(4, 0, '16/INV-INDK-SLS/V/1', '2016-05-13 14:51:36', 11, 4, 13, 100, 4120000, 4120000, 1, 0, 75, '2016-05-17 16:24:12'),
(4, 0, '16/INV-INDK-SLS/V/1', '2016-05-13 14:51:36', 11, 4, 13, 100, 4120000, 4120000, 0, 0, 76, '2016-05-17 16:24:12'),
(8, 0, '16/INV-INDK-SLS/V/2', '2016-05-17 16:50:51', 0, 3, 2, 0, 0, 0, 0, 0, 77, '2016-05-17 16:56:33'),
(7, 0, '16/INV-INDK-SLS/V/1', '2016-05-17 16:49:37', 0, 1, 2, 0, 0, 0, 0, 0, 78, '2016-05-17 16:56:41'),
(4, 0, '16/INV-INDK-SLS/V/1', '2016-05-13 14:51:36', 11, 4, 13, 100, 4120000, 4120000, 0, 0, 79, '2016-05-17 16:56:44'),
(8, 0, '16/INV-INDK-SLS/V/2', '2016-05-17 16:50:51', 0, 3, 2, 0, 0, 0, 0, 0, 80, '2016-05-17 16:56:54'),
(3, 1, '16/INV-INDK-SLS/III/1', '2016-03-29 18:34:47', 3, 4, 3, 100, 659200, 659200, 1, 0, 81, '2016-05-17 16:57:04'),
(8, 0, '16/INV-INDK-SLS/V/2', '2016-05-17 16:50:51', 0, 3, 2, 0, 0, 0, 0, 0, 82, '2016-05-17 16:57:12'),
(8, 0, '16/INV-INDK-SLS/V/2', '2016-05-17 16:50:51', 0, 3, 2, 0, 0, 0, 0, 0, 83, '2016-05-17 16:58:35'),
(8, 0, '16/INV-INDK-SLS/V/2', '2016-05-17 16:50:51', 0, 3, 2, 0, 0, 0, 0, 0, 84, '2016-05-17 16:59:03'),
(8, 0, '16/INV-INDK-SLS/V/2', '2016-05-17 16:50:51', 0, 3, 2, 0, 0, 0, 0, 0, 85, '2016-05-17 16:59:19'),
(4, 0, '16/INV-INDK-SLS/V/1', '2016-05-13 14:51:36', 11, 4, 13, 100, 4120000, 4120000, 0, 0, 86, '2016-05-17 16:59:22'),
(7, 0, '16/INV-INDK-SLS/V/1', '2016-05-17 16:49:37', 0, 1, 2, 0, 0, 0, 0, 0, 87, '2016-05-17 16:59:27'),
(8, 0, '16/INV-INDK-SLS/V/2', '2016-05-17 16:50:51', 0, 3, 2, 0, 0, 0, 0, 0, 88, '2016-05-17 17:13:59'),
(8, 0, '16/INV-INDK-SLS/V/2', '2016-05-17 16:50:51', 0, 3, 2, 0, 0, 0, 0, 0, 89, '2016-05-17 17:14:38'),
(4, 0, '16/INV-INDK-SLS/V/1', '2016-05-13 14:51:36', 11, 4, 13, 100, 4120000, 4120000, 0, 0, 90, '2016-05-17 17:14:45'),
(6, 0, '16/INV-INDK-SLS/V/3', '2016-05-17 16:45:03', 0, 3, 2, 0, 0, 0, 0, 0, 91, '2016-05-17 17:14:50'),
(7, 0, '16/INV-INDK-SLS/V/1', '2016-05-17 16:49:37', 0, 1, 2, 0, 0, 0, 0, 0, 92, '2016-05-17 17:15:17'),
(7, 0, '16/INV-INDK-SLS/V/1', '2016-05-17 16:49:37', 0, 1, 2, 0, 0, 0, 0, 0, 93, '2016-05-17 17:15:50'),
(8, 0, '16/INV-INDK-SLS/V/2', '2016-05-17 16:50:51', 0, 3, 2, 0, 0, 0, 0, 0, 94, '2016-05-17 17:16:00'),
(3, 1, '16/INV-INDK-SLS/III/1', '2016-03-29 18:34:47', 3, 4, 3, 100, 659200, 659200, 1, 0, 95, '2016-05-17 17:17:47'),
(3, 1, '16/INV-INDK-SLS/III/1', '2016-03-29 18:34:47', 3, 4, 3, 100, 659200, 659200, 1, 0, 96, '2016-05-17 17:19:00'),
(3, 1, '16/INV-INDK-SLS/III/1', '2016-03-29 18:34:47', 3, 4, 3, 100, 659200, 659200, 1, 0, 97, '2016-05-17 17:19:17'),
(3, 1, '16/INV-INDK-SLS/III/1', '2016-03-29 18:34:47', 3, 4, 3, 100, 659200, 659200, 1, 0, 98, '2016-05-17 17:22:10'),
(4, 0, '16/INV-INDK-SLS/V/1', '2016-05-13 14:51:36', 11, 4, 13, 100, 4120000, 4120000, 0, 0, 99, '2016-05-17 17:22:57'),
(4, 0, '16/INV-INDK-SLS/V/1', '2016-05-13 14:51:36', 11, 4, 13, 100, 4120000, 4120000, 0, 0, 100, '2016-05-17 17:27:36'),
(4, 0, '16/INV-INDK-SLS/V/1', '2016-05-13 14:51:36', 11, 4, 13, 100, 4120000, 4120000, 0, 0, 101, '2016-05-17 17:27:51'),
(7, 0, '16/INV-INDK-SLS/V/1', '2016-05-17 16:49:37', 0, 1, 2, 0, 0, 0, 0, 0, 102, '2016-05-17 17:27:57'),
(3, 1, '16/INV-INDK-SLS/III/1', '2016-03-29 18:34:47', 3, 4, 3, 100, 659200, 659200, 1, 0, 103, '2016-05-17 17:28:02'),
(4, 0, '16/INV-INDK-SLS/V/1', '2016-05-13 14:51:36', 11, 4, 13, 100, 4120000, 4120000, 0, 0, 104, '2016-05-17 17:34:15'),
(4, 0, '16/INV-INDK-SLS/V/1', '2016-05-13 14:51:36', 11, 4, 13, 100, 4120000, 4120000, 0, 0, 105, '2016-05-17 17:35:09'),
(4, 0, '16/INV-INDK-SLS/V/1', '2016-05-13 14:51:36', 11, 4, 13, 100, 4120000, 4120000, 0, 0, 106, '2016-05-17 17:35:51'),
(4, 0, '16/INV-INDK-SLS/V/1', '2016-05-13 14:51:36', 11, 4, 13, 100, 4120000, 4120000, 0, 0, 107, '2016-05-17 17:36:19'),
(4, 0, '16/INV-INDK-SLS/V/1', '2016-05-13 14:51:36', 11, 4, 13, 100, 4120000, 4120000, 0, 0, 108, '2016-05-17 17:36:21'),
(4, 0, '16/INV-INDK-SLS/V/1', '2016-05-13 14:51:36', 11, 4, 13, 100, 4120000, 4120000, 0, 0, 109, '2016-05-17 17:36:25'),
(4, 0, '16/INV-INDK-SLS/V/1', '2016-05-13 14:51:36', 11, 4, 13, 100, 4120000, 4120000, 0, 0, 110, '2016-05-17 17:36:28'),
(4, 0, '16/INV-INDK-SLS/V/1', '2016-05-13 14:51:36', 11, 4, 13, 100, 4120000, 4120000, 0, 0, 111, '2016-05-17 17:37:21'),
(4, 0, '16/INV-INDK-SLS/V/1', '2016-05-13 14:51:36', 11, 4, 13, 100, 4120000, 4120000, 0, 0, 112, '2016-05-17 17:37:43'),
(4, 0, '16/INV-INDK-SLS/V/1', '2016-05-13 14:51:36', 11, 4, 13, 100, 4120000, 4120000, 0, 0, 113, '2016-05-17 17:49:15'),
(4, 0, '16/INV-INDK-SLS/V/1', '2016-05-13 14:51:36', 11, 4, 13, 100, 4120000, 4120000, 0, 0, 114, '2016-05-17 17:49:50'),
(3, 1, '16/INV-INDK-SLS/III/1', '2016-03-29 18:34:47', 3, 4, 3, 100, 659200, 659200, 1, 0, 115, '2016-05-17 18:01:04'),
(3, 1, '16/INV-INDK-SLS/III/1', '2016-03-29 18:34:47', 3, 4, 3, 100, 659200, 659200, 1, 0, 116, '2016-05-17 18:20:32'),
(8, 0, '16/INV-INDK-SLS/V/2', '2016-05-17 16:50:51', 0, 3, 2, 0, 0, 0, 0, 0, 117, '2016-05-17 18:23:31'),
(7, 0, '16/INV-INDK-SLS/V/1', '2016-05-17 16:49:37', 0, 1, 2, 0, 0, 0, 0, 0, 118, '2016-05-17 18:23:36'),
(7, 0, '16/INV-INDK-SLS/V/1', '2016-05-17 16:49:37', 0, 1, 2, 0, 0, 0, 0, 0, 119, '2016-05-17 18:23:41'),
(7, 0, '16/INV-INDK-SLS/V/1', '2016-05-17 16:49:37', 0, 1, 2, 0, 0, 45000, 0, 0, 120, '2016-05-17 18:30:16'),
(7, 0, '16/INV-INDK-SLS/V/1', '2016-05-17 16:49:37', 0, 1, 2, 0, 0, 45000, 0, 0, 121, '2016-05-17 18:30:20'),
(7, 0, '16/INV-INDK-SLS/V/1', '2016-05-17 16:49:37', 0, 1, 2, 0, 0, 45000, 0, 0, 122, '2016-05-17 18:30:23'),
(7, 0, '16/INV-INDK-SLS/V/1', '2016-05-17 16:49:37', 0, 1, 2, 0, 0, 45000, 0, 0, 123, '2016-05-17 18:30:30'),
(7, 0, '16/INV-INDK-SLS/V/1', '2016-05-17 16:49:37', 0, 1, 2, 0, 0, 45000, 1, 0, 124, '2016-05-17 18:30:31'),
(7, 0, '16/INV-INDK-SLS/V/1', '2016-05-17 16:49:37', 0, 1, 2, 0, 0, 45000, 1, 0, 125, '2016-05-17 18:31:29'),
(7, 0, '16/INV-INDK-SLS/V/1', '2016-05-17 16:49:37', 0, 1, 2, 0, 0, 45000, 1, 0, 126, '2016-05-17 18:31:30'),
(7, 0, '16/INV-INDK-SLS/V/1', '2016-05-17 16:49:37', 0, 1, 2, 0, 0, 45000, 1, 0, 127, '2016-05-17 18:33:46'),
(7, 0, '16/INV-INDK-SLS/V/1', '2016-05-17 16:49:37', 0, 1, 2, 0, 0, 45000, 0, 0, 128, '2016-05-17 18:33:46'),
(7, 0, '16/INV-INDK-SLS/V/1', '2016-05-17 16:49:37', 0, 1, 2, 0, 0, 45000, 0, 0, 129, '2016-05-17 18:33:50'),
(7, 0, '16/INV-INDK-SLS/V/1', '2016-05-17 16:49:37', 0, 1, 2, 0, 0, 45000, 0, 0, 130, '2016-05-17 18:33:51'),
(7, 0, '16/INV-INDK-SLS/V/1', '2016-05-17 16:49:37', 0, 1, 2, 0, 0, 45000, 0, 0, 131, '2016-05-17 18:33:53'),
(7, 0, '16/INV-INDK-SLS/V/1', '2016-05-17 16:49:37', 0, 1, 2, 0, 0, 45000, 1, 0, 132, '2016-05-17 18:33:53'),
(7, 0, '16/INV-INDK-SLS/V/1', '2016-05-17 16:49:37', 0, 1, 2, 0, 0, 45000, 1, 0, 133, '2016-05-17 18:33:55'),
(7, 0, '16/INV-INDK-SLS/V/1', '2016-05-17 16:49:37', 0, 1, 2, 0, 0, 45000, 0, 0, 134, '2016-05-17 18:33:55'),
(7, 0, '16/INV-INDK-SLS/V/1', '2016-05-17 16:49:37', 0, 1, 2, 0, 0, 45000, 0, 0, 135, '2016-05-17 18:33:57'),
(7, 0, '16/INV-INDK-SLS/V/1', '2016-05-17 16:49:37', 0, 1, 2, 0, 0, 45000, 1, 0, 136, '2016-05-17 18:33:57'),
(7, 0, '16/INV-INDK-SLS/V/1', '2016-05-17 16:49:37', 0, 1, 2, 0, 0, 45000, 1, 0, 137, '2016-05-17 18:34:00'),
(7, 0, '16/INV-INDK-SLS/V/1', '2016-05-17 16:49:37', 0, 1, 2, 0, 0, 45000, 1, 0, 138, '2016-05-17 18:34:02'),
(7, 0, '16/INV-INDK-SLS/V/1', '2016-05-17 16:49:37', 0, 1, 2, 0, 0, 45000, 1, 0, 139, '2016-05-17 18:34:23'),
(7, 0, '16/INV-INDK-SLS/V/1', '2016-05-17 16:49:37', 0, 1, 2, 0, 0, 45000, 1, 0, 140, '2016-05-17 18:34:31'),
(7, 0, '16/INV-INDK-SLS/V/1', '2016-05-17 16:49:37', 0, 1, 2, 20, 9000, 45000, 1, 0, 141, '2016-05-17 19:01:04'),
(7, 0, '16/INV-INDK-SLS/V/1', '2016-05-17 16:49:37', 0, 1, 2, 20, 9000, 45000, 1, 0, 142, '2016-05-17 19:01:11'),
(7, 0, '16/INV-INDK-SLS/V/1', '2016-05-17 16:49:37', 0, 1, 2, 20, 9000, 45000, 1, 0, 143, '2016-05-17 19:02:30'),
(7, 0, '16/INV-INDK-SLS/V/1', '2016-05-17 16:49:37', 0, 1, 2, 30, 13500, 45000, 1, 0, 144, '2016-05-17 19:02:32'),
(6, 0, '16/INV-INDK-SLS/V/3', '2016-05-17 16:45:03', 0, 3, 2, 0, 0, 0, 0, 0, 145, '2016-05-17 21:39:40'),
(7, 0, '16/INV-INDK-SLS/V/1', '2016-05-17 16:49:37', 0, 1, 2, 30, 13500, 45000, 1, 0, 146, '2016-05-17 21:39:45'),
(7, 0, '16/INV-INDK-SLS/V/1', '2016-05-17 16:49:37', 0, 1, 2, 30, 13500, 45000, 1, 0, 147, '2016-05-17 21:41:55'),
(7, 0, '16/INV-INDK-SLS/V/1', '2016-05-17 16:49:37', 0, 1, 2, 30, 13500, 45000, 1, 0, 148, '2016-05-17 21:42:23'),
(7, 0, '16/INV-INDK-SLS/V/1', '2016-05-17 16:49:37', 0, 1, 2, 30, 13500, 45000, 1, 0, 149, '2016-05-17 21:49:28'),
(3, 1, '16/INV-INDK-SLS/III/1', '2016-03-29 18:34:47', 3, 4, 3, 100, 659200, 659200, 1, 0, 150, '2016-05-17 21:51:26'),
(4, 0, '16/INV-INDK-SLS/V/1', '2016-05-13 14:51:36', 11, 4, 13, 100, 4120000, 4120000, 0, 0, 151, '2016-05-17 21:51:30'),
(4, 0, '16/INV-INDK-SLS/V/1', '2016-05-13 14:51:36', 11, 4, 13, 100, 4120000, 4120000, 0, 0, 152, '2016-05-17 21:52:39'),
(4, 0, '16/INV-INDK-SLS/V/1', '2016-05-13 14:51:36', 11, 4, 13, 100, 4120000, 4120000, 0, 0, 153, '2016-05-17 21:52:41'),
(4, 0, '16/INV-INDK-SLS/V/1', '2016-05-13 14:51:36', 11, 4, 13, 100, 4120000, 4120000, 0, 0, 154, '2016-05-17 21:52:57'),
(4, 0, '16/INV-INDK-SLS/V/1', '2016-05-13 14:51:36', 11, 4, 13, 100, 4120000, 4120000, 0, 0, 155, '2016-05-17 21:52:58'),
(3, 1, '16/INV-INDK-SLS/III/1', '2016-03-29 18:34:47', 3, 4, 3, 100, 659200, 659200, 1, 0, 156, '2016-05-18 05:08:22'),
(2, 1, '16/INV-INDK-SLS/III/1', '2016-03-27 09:40:44', 1, 1, 3, 100, 183961, 183961, 1, 0, 157, '2016-05-18 05:08:26'),
(6, 0, '16/INV-INDK-SLS/V/3', '2016-05-17 16:45:03', 0, 3, 2, 0, 0, 0, 0, 0, 158, '2016-05-18 05:08:31'),
(7, 0, '16/INV-INDK-SLS/V/1', '2016-05-17 16:49:37', 0, 1, 2, 30, 13500, 45000, 1, 0, 159, '2016-05-18 05:08:35'),
(3, 1, '16/INV-INDK-SLS/III/1', '2016-03-29 18:34:47', 3, 4, 3, 100, 659200, 659200, 1, 0, 160, '2016-05-18 05:08:39'),
(4, 0, '16/INV-INDK-SLS/V/1', '2016-05-13 14:51:36', 11, 4, 13, 100, 4120000, 4120000, 0, 0, 161, '2016-05-18 05:08:45'),
(4, 0, '16/INV-INDK-SLS/V/1', '2016-05-13 14:51:36', 11, 4, 13, 100, 4120000, 4120000, 0, 0, 162, '2016-05-18 05:08:54'),
(4, 0, '16/INV-INDK-SLS/V/1', '2016-05-13 14:51:36', 11, 4, 13, 100, 4120000, 4120000, 0, 0, 163, '2016-05-18 05:09:00'),
(4, 0, '16/INV-INDK-SLS/V/1', '2016-05-13 14:51:36', 11, 4, 13, 100, 4120000, 4120000, 0, 0, 164, '2016-05-18 05:09:08'),
(4, 0, '16/INV-INDK-SLS/V/1', '2016-05-13 14:51:36', 11, 4, 13, 100, 4120000, 4120000, 0, 0, 165, '2016-05-18 05:13:23'),
(4, 0, '16/INV-INDK-SLS/V/1', '2016-05-13 14:51:36', 11, 4, 13, 100, 4120000, 4120000, 0, 0, 166, '2016-05-18 05:14:47'),
(4, 0, '16/INV-INDK-SLS/V/1', '2016-05-13 14:51:36', 11, 4, 13, 100, 4120000, 4120000, 0, 0, 167, '2016-05-18 05:14:57'),
(4, 0, '16/INV-INDK-SLS/V/1', '2016-05-13 14:51:36', 11, 4, 13, 100, 4120000, 4120000, 0, 0, 168, '2016-05-18 05:14:59'),
(4, 0, '16/INV-INDK-SLS/V/1', '2016-05-13 14:51:36', 11, 4, 13, 100, 4120000, 4120000, 0, 0, 169, '2016-05-18 05:15:50'),
(4, 0, '16/INV-INDK-SLS/V/1', '2016-05-13 14:51:36', 11, 4, 13, 100, 4120000, 4120000, 0, 0, 170, '2016-05-18 05:15:51'),
(4, 0, '16/INV-INDK-SLS/V/1', '2016-05-13 14:51:36', 11, 4, 13, 100, 4120000, 4120000, 0, 0, 171, '2016-05-18 05:16:00'),
(4, 0, '16/INV-INDK-SLS/V/1', '2016-05-13 14:51:36', 11, 4, 13, 100, 4120000, 4120000, 0, 0, 172, '2016-05-18 05:17:21'),
(4, 0, '16/INV-INDK-SLS/V/1', '2016-05-13 14:51:36', 11, 4, 13, 100, 4120000, 4120000, 0, 0, 173, '2016-05-18 05:17:27'),
(4, 0, '16/INV-INDK-SLS/V/1', '2016-05-13 14:51:36', 11, 4, 13, 100, 4120000, 4120000, 0, 0, 174, '2016-05-18 05:17:53'),
(4, 0, '16/INV-INDK-SLS/V/1', '2016-05-13 14:51:36', 11, 4, 13, 100, 4120000, 4120000, 0, 0, 175, '2016-05-18 05:19:49'),
(4, 0, '16/INV-INDK-SLS/V/1', '2016-05-13 14:51:36', 11, 4, 13, 100, 4120000, 4120000, 0, 0, 176, '2016-05-18 05:19:50'),
(4, 0, '16/INV-INDK-SLS/V/1', '2016-05-13 14:51:36', 11, 4, 13, 100, 4120000, 4120000, 0, 0, 177, '2016-05-18 05:20:14'),
(4, 0, '16/INV-INDK-SLS/V/1', '2016-05-13 14:51:36', 11, 4, 13, 100, 4120000, 4120000, 0, 0, 178, '2016-05-18 05:20:15'),
(4, 0, '16/INV-INDK-SLS/V/1', '2016-05-13 14:51:36', 11, 4, 13, 100, 4120000, 4120000, 0, 0, 179, '2016-05-18 05:20:33'),
(4, 0, '16/INV-INDK-SLS/V/1', '2016-05-13 14:51:36', 11, 4, 13, 100, 4120000, 4120000, 0, 0, 180, '2016-05-18 05:20:35'),
(4, 0, '16/INV-INDK-SLS/V/1', '2016-05-13 14:51:36', 11, 4, 13, 100, 4120000, 4120000, 0, 0, 181, '2016-05-18 05:20:38'),
(4, 0, '16/INV-INDK-SLS/V/1', '2016-05-13 14:51:36', 11, 4, 13, 100, 4120000, 4120000, 0, 0, 182, '2016-05-18 05:20:52'),
(4, 0, '16/INV-INDK-SLS/V/1', '2016-05-13 14:51:36', 11, 4, 13, 100, 4120000, 4120000, 0, 0, 183, '2016-05-18 05:21:41'),
(4, 0, '16/INV-INDK-SLS/V/1', '2016-05-13 14:51:36', 11, 4, 13, 100, 4120000, 4120000, 0, 0, 184, '2016-05-18 05:25:00'),
(4, 0, '16/INV-INDK-SLS/V/1', '2016-05-13 14:51:36', 11, 4, 13, 100, 4120000, 4120000, 0, 0, 185, '2016-05-18 05:25:25'),
(4, 0, '16/INV-INDK-SLS/V/1', '2016-05-13 14:51:36', 11, 4, 13, 100, 4120000, 4120000, 0, 0, 186, '2016-05-18 05:25:26'),
(4, 0, '16/INV-INDK-SLS/V/1', '2016-05-13 14:51:36', 11, 4, 13, 100, 4120000, 4120000, 0, 0, 187, '2016-05-18 05:25:31'),
(6, 0, '16/INV-INDK-SLS/V/3', '2016-05-17 16:45:03', 0, 3, 2, 0, 0, 0, 0, 0, 188, '2016-05-18 05:25:38'),
(7, 0, '16/INV-INDK-SLS/V/1', '2016-05-17 16:49:37', 0, 1, 2, 30, 13500, 45000, 1, 0, 189, '2016-05-18 05:25:47'),
(7, 0, '16/INV-INDK-SLS/V/1', '2016-05-17 16:49:37', 0, 1, 2, 30, 13500, 45000, 1, 0, 190, '2016-05-18 05:25:51'),
(7, 0, '16/INV-INDK-SLS/V/1', '2016-05-17 16:49:37', 0, 1, 2, 30, 13500, 0, 1, 0, 191, '2016-05-18 05:25:56'),
(7, 0, '16/INV-INDK-SLS/V/1', '2016-05-17 16:49:37', 0, 1, 2, 30, 13500, 0, 0, 0, 192, '2016-05-18 05:25:56'),
(7, 0, '16/INV-INDK-SLS/V/1', '2016-05-17 16:49:37', 0, 1, 2, 30, 13500, 0, 0, 0, 193, '2016-05-18 05:26:01'),
(7, 0, '16/INV-INDK-SLS/V/1', '2016-05-17 16:49:37', 0, 1, 2, 30, 13500, 0, 0, 0, 194, '2016-05-18 05:26:03'),
(7, 0, '16/INV-INDK-SLS/V/1', '2016-05-17 16:49:37', 0, 1, 2, 30, 13500, 0, 0, 0, 195, '2016-05-18 05:26:11'),
(7, 0, '16/INV-INDK-SLS/V/1', '2016-05-17 16:49:37', 0, 1, 2, 30, 13500, 0, 0, 0, 196, '2016-05-18 05:26:14'),
(7, 0, '16/INV-INDK-SLS/V/1', '2016-05-17 16:49:37', 0, 1, 2, 30, 13500, 0, 1, 0, 197, '2016-05-18 05:26:14'),
(7, 0, '16/INV-INDK-SLS/V/1', '2016-05-17 16:49:37', 0, 1, 2, 30, 13500, 0, 1, 0, 198, '2016-05-18 05:26:16'),
(7, 0, '16/INV-INDK-SLS/V/1', '2016-05-17 16:49:37', 0, 1, 2, 30, 13500, 0, 1, 0, 199, '2016-05-18 05:26:19'),
(7, 0, '16/INV-INDK-SLS/V/1', '2016-05-17 16:49:37', 0, 1, 2, 30, 0, 0, 1, 0, 200, '2016-05-18 05:26:21'),
(7, 0, '16/INV-INDK-SLS/V/1', '2016-05-17 16:49:37', 0, 1, 2, 30, 0, 0, 1, 0, 201, '2016-05-18 05:26:35'),
(7, 0, '16/INV-INDK-SLS/V/1', '2016-05-17 16:49:37', 0, 1, 2, 30, 0, 0, 1, 0, 202, '2016-05-18 05:26:36'),
(7, 0, '16/INV-INDK-SLS/V/1', '2016-05-17 16:49:37', 0, 1, 2, 30, 0, 0, 0, 0, 203, '2016-05-18 05:26:36'),
(7, 0, '16/INV-INDK-SLS/V/1', '2016-05-17 16:49:37', 0, 1, 2, 30, 0, 0, 0, 0, 204, '2016-05-18 05:26:46'),
(7, 0, '16/INV-INDK-SLS/V/1', '2016-05-17 16:49:37', 0, 1, 2, 30, 0, 0, 0, 0, 205, '2016-05-18 05:26:48'),
(7, 0, '16/INV-INDK-SLS/V/1', '2016-05-17 16:49:37', 0, 1, 2, 30, 0, 0, 0, 0, 206, '2016-05-18 05:28:16'),
(7, 0, '16/INV-INDK-SLS/V/1', '2016-05-17 16:49:37', 0, 1, 2, 30, 0, 0, 0, 0, 207, '2016-05-18 05:28:17'),
(7, 0, '16/INV-INDK-SLS/V/1', '2016-05-17 16:49:37', 0, 1, 2, 30, 0, 0, 0, 0, 208, '2016-05-18 05:28:21'),
(7, 0, '16/INV-INDK-SLS/V/1', '2016-05-17 16:49:37', 0, 1, 2, 30, 0, 45000, 0, 0, 209, '2016-05-18 05:28:24'),
(7, 0, '16/INV-INDK-SLS/V/1', '2016-05-17 16:49:37', 0, 1, 2, 30, 0, 45000, 1, 0, 210, '2016-05-18 05:28:24'),
(7, 0, '16/INV-INDK-SLS/V/1', '2016-05-17 16:49:37', 0, 1, 2, 30, 0, 45000, 1, 0, 211, '2016-05-18 05:28:27'),
(7, 0, '16/INV-INDK-SLS/V/1', '2016-05-17 16:49:37', 0, 1, 2, 30, 0, 45000, 1, 0, 212, '2016-05-18 05:28:28'),
(7, 0, '16/INV-INDK-SLS/V/1', '2016-05-17 16:49:37', 0, 1, 2, 30, 0, 45000, 1, 0, 213, '2016-05-18 05:28:29'),
(7, 0, '16/INV-INDK-SLS/V/1', '2016-05-17 16:49:37', 0, 1, 2, 30, 0, 45000, 1, 0, 214, '2016-05-18 05:28:39'),
(7, 0, '16/INV-INDK-SLS/V/1', '2016-05-17 16:49:37', 0, 1, 2, 30, 13500, 45000, 1, 0, 215, '2016-05-18 05:28:46'),
(4, 0, '16/INV-INDK-SLS/V/1', '2016-05-13 14:51:36', 11, 4, 13, 100, 4120000, 4120000, 0, 0, 216, '2016-05-18 05:28:50'),
(4, 0, '16/INV-INDK-SLS/V/1', '2016-05-13 14:51:36', 11, 4, 13, 100, 4120000, 4120000, 0, 0, 217, '2016-05-18 05:28:52'),
(4, 0, '16/INV-INDK-SLS/V/1', '2016-05-13 14:51:36', 11, 4, 13, 100, 4120000, 4120000, 1, 0, 218, '2016-05-18 05:28:52'),
(4, 0, '16/INV-INDK-SLS/V/1', '2016-05-13 14:51:36', 11, 4, 13, 100, 4120000, 4120000, 1, 0, 219, '2016-05-18 05:28:56'),
(4, 0, '16/INV-INDK-SLS/V/1', '2016-05-13 14:51:36', 11, 4, 13, 100, 4120000, 4120000, 1, 0, 220, '2016-05-18 05:28:59'),
(7, 0, '16/INV-INDK-SLS/V/1', '2016-05-17 16:49:37', 0, 1, 2, 30, 13500, 45000, 1, 0, 221, '2016-05-18 05:31:09'),
(7, 0, '16/INV-INDK-SLS/V/1', '2016-05-17 16:49:37', 0, 1, 2, 30, 13500, 45000, 1, 0, 222, '2016-05-18 05:31:12'),
(7, 0, '16/INV-INDK-SLS/V/1', '2016-05-17 16:49:37', 0, 1, 2, 30, 13500, 45000, 1, 0, 223, '2016-05-18 05:32:18'),
(7, 0, '16/INV-INDK-SLS/V/1', '2016-05-17 16:49:37', 0, 1, 2, 30, 13500, 45000, 1, 0, 224, '2016-05-18 05:32:34'),
(7, 0, '16/INV-INDK-SLS/V/1', '2016-05-17 16:49:37', 0, 1, 2, 30, 13500, 45000, 1, 0, 225, '2016-05-18 05:32:40'),
(7, 0, '16/INV-INDK-SLS/V/1', '2016-05-17 16:49:37', 0, 1, 2, 30, 13500, 45000, 1, 0, 226, '2016-05-18 05:33:02'),
(7, 0, '16/INV-INDK-SLS/V/1', '2016-05-17 16:49:37', 0, 1, 2, 30, 13500, 45000, 1, 0, 227, '2016-05-18 05:33:50'),
(7, 0, '16/INV-INDK-SLS/V/1', '2016-05-17 16:49:37', 0, 1, 2, 30, 13500, 45000, 1, 0, 228, '2016-05-18 05:34:22'),
(7, 0, '16/INV-INDK-SLS/V/1', '2016-05-17 16:49:37', 0, 1, 2, 30, 13500, 45000, 1, 0, 229, '2016-05-18 05:34:45'),
(7, 0, '16/INV-INDK-SLS/V/1', '2016-05-17 16:49:37', 0, 1, 2, 30, 13500, 45000, 1, 0, 230, '2016-05-18 05:35:18'),
(7, 0, '16/INV-INDK-SLS/V/1', '2016-05-17 16:49:37', 0, 1, 2, 30, 13500, 45000, 1, 0, 231, '2016-05-18 05:36:11'),
(7, 0, '16/INV-INDK-SLS/V/1', '2016-05-17 16:49:37', 0, 1, 2, 30, 13500, 45000, 1, 0, 232, '2016-05-18 05:36:42'),
(7, 0, '16/INV-INDK-SLS/V/1', '2016-05-17 16:49:37', 0, 1, 2, 30, 13500, 45000, 1, 0, 233, '2016-05-18 05:36:53'),
(7, 0, '16/INV-INDK-SLS/V/1', '2016-05-17 16:49:37', 0, 1, 2, 30, 13500, 45000, 1, 0, 234, '2016-05-18 05:37:01'),
(7, 0, '16/INV-INDK-SLS/V/1', '2016-05-17 16:49:37', 0, 1, 2, 30, 13500, 45000, 1, 0, 235, '2016-05-18 05:37:56'),
(7, 0, '16/INV-INDK-SLS/V/1', '2016-05-17 16:49:37', 0, 1, 2, 30, 13500, 45000, 1, 0, 236, '2016-05-18 05:39:19'),
(7, 0, '16/INV-INDK-SLS/V/1', '2016-05-17 16:49:37', 0, 1, 2, 30, 13500, 45000, 1, 0, 237, '2016-05-18 05:39:42'),
(7, 0, '16/INV-INDK-SLS/V/1', '2016-05-17 16:49:37', 0, 1, 2, 30, 13500, 45000, 1, 0, 238, '2016-05-18 05:39:54'),
(4, 0, '16/INV-INDK-SLS/V/1', '2016-05-13 14:51:36', 11, 4, 13, 100, 4120000, 4120000, 1, 0, 239, '2016-05-18 05:40:05'),
(3, 1, '16/INV-INDK-SLS/III/1', '2016-03-29 18:34:47', 3, 4, 3, 100, 659200, 659200, 1, 0, 240, '2016-05-18 05:40:10'),
(4, 0, '16/INV-INDK-SLS/V/1', '2016-05-13 14:51:36', 11, 4, 13, 100, 4120000, 4120000, 1, 0, 241, '2016-05-18 05:40:17'),
(4, 0, '16/INV-INDK-SLS/V/1', '2016-05-13 14:51:36', 11, 4, 13, 100, 4120000, 4120000, 1, 0, 242, '2016-05-18 05:40:18'),
(4, 0, '16/INV-INDK-SLS/V/1', '2016-05-13 14:51:36', 11, 4, 13, 100, 4120000, 4120000, 0, 0, 243, '2016-05-18 05:40:18'),
(4, 0, '16/INV-INDK-SLS/V/1', '2016-05-13 14:51:36', 11, 4, 13, 100, 4120000, 4120000, 0, 0, 244, '2016-05-18 05:40:20'),
(4, 0, '16/INV-INDK-SLS/V/1', '2016-05-13 14:51:36', 11, 4, 13, 100, 4120000, 4120000, 1, 0, 245, '2016-05-18 05:40:20'),
(4, 0, '16/INV-INDK-SLS/V/1', '2016-05-13 14:51:36', 11, 4, 13, 100, 4120000, 4120000, 1, 0, 246, '2016-05-18 05:40:28'),
(4, 0, '16/INV-INDK-SLS/V/1', '2016-05-13 14:51:36', 11, 4, 13, 100, 4120000, 4120000, 1, 0, 247, '2016-05-18 09:06:51'),
(4, 0, '16/INV-INDK-SLS/V/1', '2016-05-13 14:51:36', 11, 4, 13, 100, 4120000, 4120000, 1, 0, 248, '2016-05-22 12:57:56'),
(4, 0, '16/INV-INDK-SLS/V/1', '2016-05-13 14:51:36', 11, 4, 13, 100, 4120000, 4120000, 1, 0, 249, '2016-05-22 16:04:41'),
(9, 0, '16/INV-INDK-SLS/V/3', '2016-05-22 16:19:05', 0, 1, 2, 0, 0, 0, 0, 0, 250, '2016-05-22 16:19:07'),
(9, 0, '16/INV-INDK-SLS/V/3', '2016-05-22 16:19:05', 0, 1, 2, 0, 0, 0, 0, 0, 251, '2016-05-22 16:19:44'),
(7, 0, '16/INV-INDK-SLS/V/1', '2016-05-17 16:49:37', 0, 1, 2, 30, 13500, 45000, 1, 0, 252, '2016-05-22 19:57:06'),
(9, 0, '16/INV-INDK-SLS/V/3', '2016-05-22 16:19:05', 0, 1, 2, 0, 0, 0, 0, 0, 253, '2016-05-22 19:57:30'),
(9, 0, '16/INV-INDK-SLS/V/3', '2016-05-22 16:19:05', 0, 1, 2, 0, 0, 0, 0, 0, 254, '2016-05-22 19:58:07'),
(9, 0, '16/INV-INDK-SLS/V/3', '2016-05-22 16:19:05', 0, 1, 2, 0, 0, 0, 0, 0, 255, '2016-05-22 20:45:50'),
(9, 0, '16/INV-INDK-SLS/V/3', '2016-05-22 16:19:05', 0, 1, 2, 0, 0, 0, 0, 0, 256, '2016-05-22 20:47:45'),
(9, 0, '16/INV-INDK-SLS/V/3', '2016-05-22 16:19:05', 0, 1, 2, 0, 0, 0, 0, 0, 257, '2016-05-22 20:49:40'),
(9, 0, '16/INV-INDK-SLS/V/3', '2016-05-22 16:19:05', 0, 1, 2, 0, 0, 0, 0, 0, 258, '2016-05-22 20:51:08'),
(9, 0, '16/INV-INDK-SLS/V/3', '2016-05-22 16:19:05', 0, 1, 2, 0, 0, 0, 0, 0, 259, '2016-05-22 20:51:55'),
(9, 0, '16/INV-INDK-SLS/V/3', '2016-05-22 16:19:05', 0, 1, 2, 0, 0, 0, 0, 0, 260, '2016-05-22 20:52:22'),
(9, 0, '16/INV-INDK-SLS/V/3', '2016-05-22 16:19:05', 0, 1, 2, 0, 0, 0, 0, 0, 261, '2016-05-22 20:53:36'),
(7, 0, '16/INV-INDK-SLS/V/1', '2016-05-17 16:49:37', 0, 1, 2, 30, 13500, 45000, 1, 0, 262, '2016-05-22 20:55:02'),
(8, 0, '16/INV-INDK-SLS/V/2', '2016-05-17 16:50:51', 0, 3, 2, 0, 0, 0, 0, 0, 263, '2016-05-22 20:55:07'),
(9, 0, '16/INV-INDK-SLS/V/3', '2016-05-22 16:19:05', 0, 1, 2, 0, 0, 0, 0, 0, 264, '2016-05-22 20:55:14'),
(9, 0, '16/INV-INDK-SLS/V/3', '2016-05-22 16:19:05', 0, 1, 2, 0, 0, 0, 0, 0, 265, '2016-05-22 21:03:03'),
(9, 0, '16/INV-INDK-SLS/V/3', '2016-05-22 16:19:05', 0, 1, 2, 0, 0, 0, 0, 0, 266, '2016-05-22 21:04:56'),
(9, 0, '16/INV-INDK-SLS/V/3', '2016-05-22 16:19:05', 0, 1, 2, 0, 0, 0, 0, 0, 267, '2016-05-22 21:05:20'),
(9, 0, '16/INV-INDK-SLS/V/3', '2016-05-22 16:19:05', 0, 1, 2, 0, 0, 0, 0, 0, 268, '2016-05-22 21:05:24'),
(9, 0, '16/INV-INDK-SLS/V/3', '2016-05-22 16:19:05', 0, 1, 2, 0, 0, 950000, 0, 0, 269, '2016-05-22 21:05:34'),
(9, 0, '16/INV-INDK-SLS/V/3', '2016-05-22 16:19:05', 0, 1, 2, 0, 0, 950000, 0, 0, 270, '2016-05-22 21:05:41'),
(9, 0, '16/INV-INDK-SLS/V/3', '2016-05-22 16:19:05', 0, 1, 2, 0, 0, 950000, 0, 0, 271, '2016-05-22 21:05:43'),
(9, 0, '16/INV-INDK-SLS/V/3', '2016-05-22 16:19:05', 0, 1, 2, 0, 0, 950000, 1, 0, 272, '2016-05-22 21:05:43'),
(9, 0, '16/INV-INDK-SLS/V/3', '2016-05-22 16:19:05', 0, 1, 2, 0, 0, 950000, 1, 0, 273, '2016-05-22 21:05:46'),
(9, 0, '16/INV-INDK-SLS/V/3', '2016-05-22 16:19:05', 0, 1, 2, 0, 0, 950000, 1, 0, 274, '2016-05-22 21:05:52'),
(9, 0, '16/INV-INDK-SLS/V/3', '2016-05-22 16:19:05', 0, 1, 2, 0, 0, 950000, 1, 0, 275, '2016-05-22 21:06:04'),
(9, 0, '16/INV-INDK-SLS/V/3', '2016-05-22 16:19:05', 0, 1, 2, 50, 475000, 950000, 1, 0, 276, '2016-05-22 21:06:08'),
(9, 0, '16/INV-INDK-SLS/V/3', '2016-05-22 16:19:05', 0, 1, 2, 50, 475000, 950000, 1, 0, 277, '2016-05-22 21:06:14'),
(2, 1, '16/INV-INDK-SLS/III/1', '2016-03-27 09:40:44', 1, 1, 3, 100, 183961, 183961, 1, 0, 278, '2016-05-23 00:16:09'),
(2, 1, '16/INV-INDK-SLS/III/1', '2016-03-27 09:40:44', 1, 1, 3, 100, 183961, 183961, 1, 0, 279, '2016-05-23 00:16:12'),
(2, 1, '16/INV-INDK-SLS/III/1', '2016-03-27 09:40:44', 1, 1, 3, 100, 183961, 183961, 0, 0, 280, '2016-05-23 00:16:12'),
(2, 1, '16/INV-INDK-SLS/III/1', '2016-03-27 09:40:44', 1, 1, 3, 100, 183961, 183961, 0, 0, 281, '2016-05-23 00:16:27'),
(9, 0, '16/INV-INDK-SLS/V/3', '2016-05-22 16:19:05', 0, 1, 2, 50, 475000, 950000, 1, 0, 282, '2016-05-23 00:16:32'),
(9, 0, '16/INV-INDK-SLS/V/3', '2016-05-22 16:19:05', 0, 1, 2, 50, 475000, 950000, 1, 0, 283, '2016-05-23 00:16:35'),
(9, 0, '16/INV-INDK-SLS/V/3', '2016-05-22 16:19:05', 0, 1, 2, 50, 475000, 950000, 0, 0, 284, '2016-05-23 00:16:35'),
(9, 0, '16/INV-INDK-SLS/V/3', '2016-05-22 16:19:05', 0, 1, 2, 50, 475000, 950000, 0, 0, 285, '2016-05-23 00:30:30'),
(9, 0, '16/INV-INDK-SLS/V/3', '2016-05-22 16:19:05', 0, 1, 2, 50, 475000, 0, 0, 0, 286, '2016-05-23 00:39:47'),
(9, 0, '16/INV-INDK-SLS/V/3', '2016-05-22 16:19:05', 0, 1, 2, 50, 475000, 0, 0, 0, 287, '2016-05-23 00:40:17'),
(9, 0, '16/INV-INDK-SLS/V/3', '2016-05-22 16:19:05', 0, 1, 2, 50, 475000, 0, 0, 0, 288, '2016-05-23 00:40:24'),
(9, 0, '16/INV-INDK-SLS/V/3', '2016-05-22 16:19:05', 0, 1, 2, 50, 475000, 0, 0, 0, 289, '2016-05-23 00:46:28'),
(9, 0, '16/INV-INDK-SLS/V/3', '2016-05-22 16:19:05', 0, 1, 2, 50, 475000, 0, 0, 0, 290, '2016-05-23 00:49:40'),
(9, 0, '16/INV-INDK-SLS/V/3', '2016-05-22 16:19:05', 0, 1, 2, 50, 475000, 0, 0, 0, 291, '2016-05-23 00:53:23'),
(9, 0, '16/INV-INDK-SLS/V/3', '2016-05-22 16:19:05', 0, 1, 2, 50, 475000, 0, 0, 0, 292, '2016-05-23 00:55:22'),
(9, 0, '16/INV-INDK-SLS/V/3', '2016-05-22 16:19:05', 0, 1, 2, 50, 475000, 0, 0, 0, 293, '2016-05-23 00:55:27'),
(9, 0, '16/INV-INDK-SLS/V/3', '2016-05-22 16:19:05', 0, 1, 2, 50, 475000, 0, 0, 0, 294, '2016-05-23 00:55:50'),
(9, 0, '16/INV-INDK-SLS/V/3', '2016-05-22 16:19:05', 0, 1, 2, 50, 475000, 0, 0, 0, 295, '2016-05-23 00:56:16'),
(9, 0, '16/INV-INDK-SLS/V/3', '2016-05-22 16:19:05', 0, 1, 2, 50, 475000, 0, 0, 0, 296, '2016-05-23 00:56:21'),
(9, 0, '16/INV-INDK-SLS/V/3', '2016-05-22 16:19:05', 0, 1, 2, 50, 475000, 950000, 0, 0, 297, '2016-05-23 01:01:27'),
(9, 0, '16/INV-INDK-SLS/V/3', '2016-05-22 16:19:05', 0, 1, 2, 50, 475000, 0, 0, 0, 298, '2016-05-23 01:03:08'),
(9, 0, '16/INV-INDK-SLS/V/3', '2016-05-22 16:19:05', 0, 1, 2, 50, 475000, 0, 0, 0, 299, '2016-05-23 01:03:13'),
(9, 0, '16/INV-INDK-SLS/V/3', '2016-05-22 16:19:05', 0, 1, 2, 50, 475000, 0, 0, 0, 300, '2016-05-23 01:05:35'),
(9, 0, '16/INV-INDK-SLS/V/3', '2016-05-22 16:19:05', 0, 1, 2, 50, 475000, 950000, 0, 0, 301, '2016-05-23 01:07:19'),
(9, 0, '16/INV-INDK-SLS/V/3', '2016-05-22 16:19:05', 0, 1, 2, 50, 475000, 0, 0, 0, 302, '2016-05-23 01:07:26'),
(9, 0, '16/INV-INDK-SLS/V/3', '2016-05-22 16:19:05', 0, 1, 2, 50, 475000, 950000, 0, 0, 303, '2016-05-23 01:17:33'),
(9, 0, '16/INV-INDK-SLS/V/3', '2016-05-22 16:19:05', 0, 1, 2, 50, 475000, 0, 0, 0, 304, '2016-05-23 01:19:02'),
(9, 0, '16/INV-INDK-SLS/V/3', '2016-05-22 16:19:05', 0, 1, 2, 50, 475000, 1000000, 0, 0, 305, '2016-05-23 01:19:05'),
(9, 0, '16/INV-INDK-SLS/V/3', '2016-05-22 16:19:05', 0, 1, 2, 50, 475000, 1000000, 0, 0, 306, '2016-05-23 01:19:18'),
(9, 0, '16/INV-INDK-SLS/V/3', '2016-05-22 16:19:05', 0, 1, 2, 50, 475000, 0, 0, 0, 307, '2016-05-23 01:19:24'),
(9, 0, '16/INV-INDK-SLS/V/3', '2016-05-22 16:19:05', 0, 1, 2, 50, 475000, 1000000, 0, 0, 308, '2016-05-23 01:19:28'),
(9, 0, '16/INV-INDK-SLS/V/3', '2016-05-22 16:19:05', 0, 1, 2, 50, 475000, 1000000, 1, 0, 309, '2016-05-23 01:19:29'),
(9, 0, '16/INV-INDK-SLS/V/3', '2016-05-22 16:19:05', 0, 1, 2, 50, 475000, 1000000, 1, 0, 310, '2016-05-23 10:21:44'),
(9, 0, '16/INV-INDK-SLS/V/3', '2016-05-22 16:19:05', 0, 1, 2, 50, 475000, 1000000, 1, 0, 311, '2016-05-23 10:21:50'),
(9, 0, '16/INV-INDK-SLS/V/3', '2016-05-22 16:19:05', 0, 1, 2, 50, 475000, 1000000, 0, 0, 312, '2016-05-23 10:21:50'),
(9, 0, '16/INV-INDK-SLS/V/3', '2016-05-22 16:19:05', 0, 1, 2, 50, 475000, 1000000, 0, 0, 313, '2016-05-23 10:23:32'),
(9, 0, '16/INV-INDK-SLS/V/3', '2016-05-22 16:19:05', 0, 1, 2, 50, 475000, 0, 0, 0, 314, '2016-05-23 10:23:56'),
(9, 0, '16/INV-INDK-SLS/V/3', '2016-05-22 16:19:05', 0, 1, 2, 50, 475000, 1000000, 0, 0, 315, '2016-05-23 10:24:49'),
(9, 0, '16/INV-INDK-SLS/V/3', '2016-05-22 16:19:05', 0, 1, 2, 50, 475000, 1000000, 0, 0, 316, '2016-05-23 10:24:49'),
(9, 0, '16/INV-INDK-SLS/V/3', '2016-05-22 16:19:05', 0, 1, 2, 50, 475000, 1000000, 0, 0, 317, '2016-05-23 10:24:52'),
(9, 0, '16/INV-INDK-SLS/V/3', '2016-05-22 16:19:05', 0, 1, 2, 50, 475000, 1000000, 1, 0, 318, '2016-05-23 10:24:52'),
(9, 0, '16/INV-INDK-SLS/V/3', '2016-05-22 16:19:05', 0, 1, 2, 50, 475000, 1000000, 1, 0, 319, '2016-05-23 10:24:56'),
(9, 0, '16/INV-INDK-SLS/V/3', '2016-05-22 16:19:05', 0, 1, 2, 50, 475000, 1000000, 0, 0, 320, '2016-05-23 10:24:57'),
(9, 0, '16/INV-INDK-SLS/V/3', '2016-05-22 16:19:05', 0, 1, 2, 50, 475000, 1000000, 0, 0, 321, '2016-05-23 10:25:00'),
(9, 0, '16/INV-INDK-SLS/V/3', '2016-05-22 16:19:05', 0, 1, 2, 50, 475000, 1000000, 1, 0, 322, '2016-05-23 10:25:00'),
(9, 0, '16/INV-INDK-SLS/V/3', '2016-05-22 16:19:05', 0, 1, 2, 50, 475000, 1000000, 1, 0, 323, '2016-05-23 10:26:36'),
(9, 0, '16/INV-INDK-SLS/V/3', '2016-05-22 16:19:05', 0, 1, 2, 50, 475000, 1000000, 1, 0, 324, '2016-05-23 10:27:08'),
(9, 0, '16/INV-INDK-SLS/V/3', '2016-05-22 16:19:05', 0, 1, 2, 50, 500000, 1000000, 1, 0, 325, '2016-05-23 11:35:07'),
(9, 0, '16/INV-INDK-SLS/V/3', '2016-05-22 16:19:05', 0, 1, 2, 50, 500000, 1000000, 1, 0, 326, '2016-05-23 11:45:00'),
(9, 0, '16/INV-INDK-SLS/V/3', '2016-05-22 16:19:05', 0, 1, 2, 50, 500000, 1000000, 1, 0, 327, '2016-05-23 15:01:27'),
(6, 0, '16/INV-INDK-SLS/V/3', '2016-05-17 16:45:03', 0, 3, 2, 0, 0, 0, 0, 0, 328, '2016-05-23 15:01:33'),
(10, 0, '16/INV-INDK-SLS/V/4', '2016-05-23 15:02:22', 0, 4, 2, 0, 0, 0, 0, 0, 329, '2016-05-23 15:02:25'),
(11, 0, '16/INV-INDK-SLS/V/5', '2016-05-23 15:04:03', 0, 1, 2, 0, 0, 0, 0, 0, 330, '2016-05-23 15:04:05'),
(11, 0, '16/INV-INDK-SLS/V/5', '2016-05-23 15:04:03', 0, 1, 2, 0, 0, 0, 0, 0, 331, '2016-05-23 15:05:28'),
(11, 0, '16/INV-INDK-SLS/V/5', '2016-05-23 15:04:03', 0, 1, 2, 0, 0, 0, 0, 0, 332, '2016-05-23 15:09:45'),
(9, 0, '16/INV-INDK-SLS/V/3', '2016-05-22 16:19:05', 0, 1, 2, 50, 500000, 1000000, 1, 0, 333, '2016-05-23 15:22:25'),
(9, 0, '16/INV-INDK-SLS/V/3', '2016-05-22 16:19:05', 0, 1, 2, 50, 500000, 1000000, 1, 0, 334, '2016-05-23 15:23:41'),
(11, 0, '16/INV-INDK-SLS/V/5', '2016-05-23 15:04:03', 0, 1, 2, 0, 0, 495000, 0, 0, 335, '2016-05-23 15:30:56'),
(7, 0, '16/INV-INDK-SLS/V/1', '2016-05-17 16:49:37', 0, 1, 2, 30, 13500, 45000, 1, 0, 336, '2016-05-23 15:31:25'),
(11, 0, '16/INV-INDK-SLS/V/5', '2016-05-23 15:04:03', 0, 1, 2, 0, 0, 495000, 0, 0, 337, '2016-05-23 15:32:42'),
(9, 0, '16/INV-INDK-SLS/V/3', '2016-05-22 16:19:05', 0, 1, 2, 50, 500000, 1000000, 1, 0, 338, '2016-05-23 15:32:50'),
(5, 0, '16/INV-INDK-SLS/V/2', '2016-05-13 16:12:57', 12, 7, 13, 100, 30800, 30800, 1, 0, 339, '2016-05-23 15:33:38'),
(11, 0, '16/INV-INDK-SLS/V/5', '2016-05-23 15:04:03', 0, 1, 2, 0, 0, 495000, 0, 0, 340, '2016-05-23 15:39:58'),
(11, 0, '16/INV-INDK-SLS/V/5', '2016-05-23 15:04:03', 0, 1, 2, 0, 0, 495000, 0, 0, 341, '2016-05-23 15:40:03'),
(11, 0, '16/INV-INDK-SLS/V/5', '2016-05-23 15:04:03', 0, 1, 2, 0, 0, 495000, 1, 0, 342, '2016-05-23 15:40:03'),
(11, 0, '16/INV-INDK-SLS/V/5', '2016-05-23 15:04:03', 0, 1, 2, 0, 0, 495000, 1, 0, 343, '2016-05-23 16:03:52'),
(9, 0, '16/INV-INDK-SLS/V/3', '2016-05-22 16:19:05', 0, 1, 2, 50, 500000, 1000000, 1, 0, 344, '2016-05-24 22:43:07'),
(5, 0, '16/INV-INDK-SLS/V/2', '2016-05-13 16:12:57', 12, 7, 13, 100, 30800, 30800, 1, 0, 345, '2016-05-24 23:45:28'),
(11, 0, '16/INV-INDK-SLS/V/5', '2016-05-23 15:04:03', 0, 1, 2, 0, 0, 495000, 1, 0, 346, '2016-05-24 23:47:38'),
(11, 0, '16/INV-INDK-SLS/V/5', '2016-05-23 15:04:03', 0, 1, 2, 0, 0, 495000, 1, 0, 347, '2016-05-24 23:47:44'),
(11, 0, '16/INV-INDK-SLS/V/5', '2016-05-23 15:04:03', 0, 1, 2, 0, 0, 495000, 1, 0, 348, '2016-05-24 23:47:47'),
(11, 0, '16/INV-INDK-SLS/V/5', '2016-05-23 15:04:03', 0, 1, 2, 0, 0, 495000, 0, 0, 349, '2016-05-24 23:47:47'),
(11, 0, '16/INV-INDK-SLS/V/5', '2016-05-23 15:04:03', 0, 1, 2, 0, 0, 495000, 0, 0, 350, '2016-05-24 23:47:54'),
(11, 0, '16/INV-INDK-SLS/V/5', '2016-05-23 15:04:03', 0, 1, 2, 0, 0, 495000, 1, 0, 351, '2016-05-24 23:47:54'),
(11, 0, '16/INV-INDK-SLS/V/5', '2016-05-23 15:04:03', 0, 1, 2, 0, 0, 495000, 1, 0, 352, '2016-05-24 23:48:43'),
(11, 0, '16/INV-INDK-SLS/V/5', '2016-05-23 15:04:03', 0, 1, 2, 0, 0, 495000, 0, 0, 353, '2016-05-24 23:48:43'),
(11, 0, '16/INV-INDK-SLS/V/5', '2016-05-23 15:04:03', 0, 1, 2, 0, 0, 495000, 0, 0, 354, '2016-05-24 23:59:16'),
(11, 0, '16/INV-INDK-SLS/V/5', '2016-05-23 15:04:03', 0, 1, 2, 0, 0, 495000, 0, 0, 355, '2016-05-25 00:00:26'),
(11, 0, '16/INV-INDK-SLS/V/5', '2016-05-23 15:04:03', 0, 1, 2, 0, 0, 495000, 0, 0, 356, '2016-05-25 00:01:24'),
(11, 0, '16/INV-INDK-SLS/V/5', '2016-05-23 15:04:03', 0, 1, 2, 0, 0, 495000, 0, 0, 357, '2016-05-25 00:01:30'),
(11, 0, '16/INV-INDK-SLS/V/5', '2016-05-23 15:04:03', 0, 1, 2, 0, 0, 495000, 1, 0, 358, '2016-05-25 00:01:30'),
(11, 0, '16/INV-INDK-SLS/V/5', '2016-05-23 15:04:03', 0, 1, 2, 0, 0, 495000, 1, 0, 359, '2016-05-25 00:01:31'),
(9, 0, '16/INV-INDK-SLS/V/3', '2016-05-22 16:19:05', 0, 1, 2, 50, 500000, 1000000, 1, 0, 360, '2016-05-25 00:01:37'),
(9, 0, '16/INV-INDK-SLS/V/3', '2016-05-22 16:19:05', 0, 1, 2, 50, 500000, 1000000, 1, 0, 361, '2016-05-25 00:01:44'),
(9, 0, '16/INV-INDK-SLS/V/3', '2016-05-22 16:19:05', 0, 1, 2, 50, 500000, 1000000, 1, 0, 362, '2016-05-25 00:01:47'),
(9, 0, '16/INV-INDK-SLS/V/3', '2016-05-22 16:19:05', 0, 1, 2, 50, 500000, 1000000, 1, 0, 363, '2016-05-25 00:01:49'),
(9, 0, '16/INV-INDK-SLS/V/3', '2016-05-22 16:19:05', 0, 1, 2, 50, 500000, 1000000, 0, 0, 364, '2016-05-25 00:01:49'),
(9, 0, '16/INV-INDK-SLS/V/3', '2016-05-22 16:19:05', 0, 1, 2, 50, 500000, 1000000, 0, 0, 365, '2016-05-25 00:01:58'),
(9, 0, '16/INV-INDK-SLS/V/3', '2016-05-22 16:19:05', 0, 1, 2, 50, 500000, 1000000, 0, 0, 366, '2016-05-25 00:03:04'),
(9, 0, '16/INV-INDK-SLS/V/3', '2016-05-22 16:19:05', 0, 1, 2, 50, 500000, 1000000, 0, 0, 367, '2016-05-25 00:03:48'),
(9, 0, '16/INV-INDK-SLS/V/3', '2016-05-22 16:19:05', 0, 1, 2, 50, 500000, 1000000, 1, 0, 368, '2016-05-25 00:03:48'),
(11, 0, '16/INV-INDK-SLS/V/5', '2016-05-23 15:04:03', 0, 1, 2, 0, 0, 495000, 1, 0, 369, '2016-05-25 00:03:56'),
(11, 0, '16/INV-INDK-SLS/V/5', '2016-05-23 15:04:03', 0, 1, 2, 0, 0, 495000, 1, 0, 370, '2016-05-25 00:03:59'),
(11, 0, '16/INV-INDK-SLS/V/5', '2016-05-23 15:04:03', 0, 1, 2, 0, 0, 495000, 1, 0, 371, '2016-05-25 00:04:01'),
(11, 0, '16/INV-INDK-SLS/V/5', '2016-05-23 15:04:03', 0, 1, 2, 0, 0, 495000, 0, 0, 372, '2016-05-25 00:04:01'),
(11, 0, '16/INV-INDK-SLS/V/5', '2016-05-23 15:04:03', 0, 1, 2, 0, 0, 495000, 0, 0, 373, '2016-05-25 00:04:05'),
(11, 0, '16/INV-INDK-SLS/V/5', '2016-05-23 15:04:03', 0, 1, 2, 0, 0, 495000, 1, 0, 374, '2016-05-25 00:04:05'),
(9, 0, '16/INV-INDK-SLS/V/3', '2016-05-22 16:19:05', 0, 1, 2, 50, 500000, 1000000, 1, 0, 375, '2016-05-25 00:07:22'),
(9, 0, '16/INV-INDK-SLS/V/3', '2016-05-22 16:19:05', 0, 1, 2, 50, 500000, 1000000, 1, 0, 376, '2016-05-25 00:07:29'),
(9, 0, '16/INV-INDK-SLS/V/3', '2016-05-22 16:19:05', 0, 1, 2, 50, 500000, 1000000, 1, 0, 377, '2016-05-25 00:07:43'),
(9, 0, '16/INV-INDK-SLS/V/3', '2016-05-22 16:19:05', 0, 1, 2, 50, 500000, 1000000, 1, 0, 378, '2016-05-25 00:08:24'),
(9, 0, '16/INV-INDK-SLS/V/3', '2016-05-22 16:19:05', 0, 1, 2, 50, 500000, 1000000, 1, 0, 379, '2016-05-25 00:08:27'),
(9, 0, '16/INV-INDK-SLS/V/3', '2016-05-22 16:19:05', 0, 1, 2, 50, 500000, 1000000, 1, 0, 380, '2016-05-25 00:08:34'),
(9, 0, '16/INV-INDK-SLS/V/3', '2016-05-22 16:19:05', 0, 1, 2, 50, 500000, 1000000, 1, 0, 381, '2016-05-25 00:08:53'),
(9, 0, '16/INV-INDK-SLS/V/3', '2016-05-22 16:19:05', 0, 1, 2, 60, 600000, 1000000, 1, 0, 382, '2016-05-25 00:08:56'),
(9, 0, '16/INV-INDK-SLS/V/3', '2016-05-22 16:19:05', 0, 1, 2, 60, 600000, 1000000, 1, 0, 383, '2016-05-25 00:09:11'),
(9, 0, '16/INV-INDK-SLS/V/3', '2016-05-22 16:19:05', 0, 1, 2, 60, 600000, 1000000, 1, 0, 384, '2016-05-25 00:09:21'),
(9, 0, '16/INV-INDK-SLS/V/3', '2016-05-22 16:19:05', 0, 1, 2, 60, 600000, 1000000, 1, 0, 385, '2016-05-25 00:09:52'),
(9, 0, '16/INV-INDK-SLS/V/3', '2016-05-22 16:19:05', 0, 1, 2, 60, 600000, 1000000, 1, 0, 386, '2016-05-25 00:32:42'),
(9, 0, '16/INV-INDK-SLS/V/3', '2016-05-22 16:19:05', 0, 1, 2, 60, 600000, 1000000, 1, 0, 387, '2016-05-25 00:33:24'),
(9, 0, '16/INV-INDK-SLS/V/3', '2016-05-22 16:19:05', 0, 1, 2, 60, 600000, 1000000, 1, 0, 388, '2016-05-25 00:34:01'),
(9, 0, '16/INV-INDK-SLS/V/3', '2016-05-22 16:19:05', 0, 1, 2, 60, 600000, 1000000, 1, 0, 389, '2016-05-25 00:34:13'),
(9, 0, '16/INV-INDK-SLS/V/3', '2016-05-22 16:19:05', 0, 1, 2, 60, 600000, 1000000, 1, 0, 390, '2016-05-25 00:36:10'),
(9, 0, '16/INV-INDK-SLS/V/3', '2016-05-22 16:19:05', 0, 1, 2, 60, 600000, 1000000, 1, 0, 391, '2016-05-25 00:36:20'),
(7, 0, '16/INV-INDK-SLS/V/1', '2016-05-17 16:49:37', 0, 1, 2, 30, 13500, 45000, 1, 0, 392, '2016-05-26 09:58:09'),
(11, 0, '16/INV-INDK-SLS/V/5', '2016-05-23 15:04:03', 0, 1, 2, 0, 0, 495000, 1, 0, 393, '2016-05-27 21:03:56'),
(11, 0, '16/INV-INDK-SLS/V/5', '2016-05-23 15:04:03', 0, 1, 2, 0, 0, 495000, 1, 0, 394, '2016-05-27 21:04:00'),
(11, 0, '16/INV-INDK-SLS/V/5', '2016-05-23 15:04:03', 0, 1, 2, 0, 0, 495000, 0, 0, 395, '2016-05-27 21:04:00'),
(11, 0, '16/INV-INDK-SLS/V/5', '2016-05-23 15:04:03', 0, 1, 2, 0, 0, 495000, 0, 0, 396, '2016-05-27 21:04:10'),
(9, 0, '16/INV-INDK-SLS/V/3', '2016-05-22 16:19:05', 0, 1, 2, 60, 600000, 1000000, 1, 0, 397, '2016-05-27 21:04:15'),
(9, 0, '16/INV-INDK-SLS/V/3', '2016-05-22 16:19:05', 0, 1, 2, 60, 600000, 1000000, 1, 0, 398, '2016-05-27 21:04:20'),
(9, 0, '16/INV-INDK-SLS/V/3', '2016-05-22 16:19:05', 0, 1, 2, 60, 600000, 1000000, 1, 0, 399, '2016-05-27 21:04:22'),
(9, 0, '16/INV-INDK-SLS/V/3', '2016-05-22 16:19:05', 0, 1, 2, 60, 600000, 1000000, 0, 0, 400, '2016-05-27 21:04:22'),
(9, 0, '16/INV-INDK-SLS/V/3', '2016-05-22 16:19:05', 0, 1, 2, 60, 600000, 1000000, 0, 0, 401, '2016-05-27 21:04:34'),
(9, 0, '16/INV-INDK-SLS/V/3', '2016-05-22 16:19:05', 0, 1, 2, 60, 600000, 1000000, 1, 0, 402, '2016-05-27 21:04:34'),
(9, 0, '16/INV-INDK-SLS/V/3', '2016-05-22 16:19:05', 0, 1, 2, 60, 600000, 1000000, 1, 0, 403, '2016-05-27 21:04:35'),
(9, 0, '16/INV-INDK-SLS/V/3', '2016-05-22 16:19:05', 0, 1, 2, 60, 600000, 1000000, 1, 0, 404, '2016-05-27 21:04:37'),
(11, 0, '16/INV-INDK-SLS/V/5', '2016-05-23 15:04:03', 0, 1, 2, 0, 0, 495000, 0, 0, 405, '2016-05-27 21:04:41'),
(11, 0, '16/INV-INDK-SLS/V/5', '2016-05-23 15:04:03', 0, 1, 2, 0, 0, 495000, 0, 0, 406, '2016-05-27 21:04:47'),
(11, 0, '16/INV-INDK-SLS/V/5', '2016-05-23 15:04:03', 0, 1, 2, 0, 0, 495000, 1, 0, 407, '2016-05-27 21:04:47'),
(11, 0, '16/INV-INDK-SLS/V/5', '2016-05-23 15:04:03', 0, 1, 2, 0, 0, 495000, 1, 0, 408, '2016-05-27 21:04:55'),
(11, 0, '16/INV-INDK-SLS/V/5', '2016-05-23 15:04:03', 0, 1, 2, 0, 0, 495000, 1, 0, 409, '2016-05-28 04:57:34'),
(11, 0, '16/INV-INDK-SLS/V/5', '2016-05-23 15:04:03', 0, 1, 2, 0, 0, 495000, 1, 0, 410, '2016-05-28 05:02:45'),
(11, 0, '16/INV-INDK-SLS/V/5', '2016-05-23 15:04:03', 0, 1, 2, 0, 0, 495000, 1, 0, 411, '2016-05-28 05:02:51'),
(11, 0, '16/INV-INDK-SLS/V/5', '2016-05-23 15:04:03', 0, 1, 2, 0, 0, 495000, 1, 0, 412, '2016-05-28 05:22:30'),
(11, 0, '16/INV-INDK-SLS/V/5', '2016-05-23 15:04:03', 0, 1, 2, 0, 0, 495000, 1, 0, 413, '2016-05-28 05:23:09'),
(11, 0, '16/INV-INDK-SLS/V/5', '2016-05-23 15:04:03', 0, 1, 2, 0, 0, 495000, 1, 0, 414, '2016-05-28 05:23:59'),
(11, 0, '16/INV-INDK-SLS/V/5', '2016-05-23 15:04:03', 0, 1, 2, 0, 0, 495000, 1, 0, 415, '2016-05-28 05:24:44'),
(11, 0, '16/INV-INDK-SLS/V/5', '2016-05-23 15:04:03', 0, 1, 2, 0, 0, 495000, 1, 0, 416, '2016-05-28 05:26:17'),
(11, 0, '16/INV-INDK-SLS/V/5', '2016-05-23 15:04:03', 0, 1, 2, 0, 0, 495000, 1, 0, 417, '2016-05-28 05:26:38'),
(11, 0, '16/INV-INDK-SLS/V/5', '2016-05-23 15:04:03', 0, 1, 2, 0, 0, 495000, 1, 0, 418, '2016-05-28 05:26:48'),
(11, 0, '16/INV-INDK-SLS/V/5', '2016-05-23 15:04:03', 0, 1, 2, 0, 0, 495000, 1, 0, 419, '2016-05-28 05:27:41'),
(11, 0, '16/INV-INDK-SLS/V/5', '2016-05-23 15:04:03', 0, 1, 2, 0, 0, 495000, 1, 0, 420, '2016-05-28 05:29:00'),
(11, 0, '16/INV-INDK-SLS/V/5', '2016-05-23 15:04:03', 0, 1, 2, 0, 0, 495000, 1, 0, 421, '2016-05-28 05:29:03'),
(11, 0, '16/INV-INDK-SLS/V/5', '2016-05-23 15:04:03', 0, 1, 2, 0, 0, 495000, 1, 0, 422, '2016-05-28 05:29:05'),
(11, 0, '16/INV-INDK-SLS/V/5', '2016-05-23 15:04:03', 0, 1, 2, 0, 0, 495000, 1, 0, 423, '2016-05-28 05:29:24'),
(11, 0, '16/INV-INDK-SLS/V/5', '2016-05-23 15:04:03', 0, 1, 2, 0, 0, 495000, 1, 0, 424, '2016-05-28 05:29:43'),
(11, 0, '16/INV-INDK-SLS/V/5', '2016-05-23 15:04:03', 0, 1, 2, 0, 0, 495000, 1, 0, 425, '2016-05-28 05:30:11'),
(11, 0, '16/INV-INDK-SLS/V/5', '2016-05-23 15:04:03', 0, 1, 2, 0, 0, 495000, 1, 0, 426, '2016-05-28 05:30:17'),
(11, 0, '16/INV-INDK-SLS/V/5', '2016-05-23 15:04:03', 0, 1, 2, 0, 0, 495000, 1, 0, 427, '2016-05-28 05:30:34'),
(11, 0, '16/INV-INDK-SLS/V/5', '2016-05-23 15:04:03', 0, 1, 2, 0, 0, 495000, 1, 0, 428, '2016-05-28 05:31:53'),
(11, 0, '16/INV-INDK-SLS/V/5', '2016-05-23 15:04:03', 0, 1, 2, 0, 0, 495000, 1, 0, 429, '2016-05-28 05:34:11'),
(11, 0, '16/INV-INDK-SLS/V/5', '2016-05-23 15:04:03', 0, 1, 2, 0, 0, 495000, 1, 0, 430, '2016-05-28 05:34:24'),
(11, 0, '16/INV-INDK-SLS/V/5', '2016-05-23 15:04:03', 0, 1, 2, 0, 0, 495000, 1, 0, 431, '2016-05-28 05:35:45'),
(11, 0, '16/INV-INDK-SLS/V/5', '2016-05-23 15:04:03', 0, 1, 2, 0, 0, 495000, 1, 0, 432, '2016-05-28 05:36:07'),
(11, 0, '16/INV-INDK-SLS/V/5', '2016-05-23 15:04:03', 0, 1, 2, 0, 0, 495000, 1, 0, 433, '2016-05-28 05:37:22'),
(9, 0, '16/INV-INDK-SLS/V/3', '2016-05-22 16:19:05', 0, 1, 2, 60, 600000, 1000000, 1, 0, 434, '2016-05-28 05:45:53'),
(9, 0, '16/INV-INDK-SLS/V/3', '2016-05-22 16:19:05', 0, 1, 2, 60, 600000, 1000000, 1, 0, 435, '2016-05-28 05:46:01'),
(9, 0, '16/INV-INDK-SLS/V/3', '2016-05-22 16:19:05', 0, 1, 2, 60, 600000, 1000000, 1, 0, 436, '2016-05-28 05:47:02'),
(9, 0, '16/INV-INDK-SLS/V/3', '2016-05-22 16:19:05', 0, 1, 2, 60, 600000, 1000000, 1, 0, 437, '2016-05-28 05:48:47'),
(9, 0, '16/INV-INDK-SLS/V/3', '2016-05-22 16:19:05', 0, 1, 2, 60, 600000, 1000000, 1, 0, 438, '2016-05-28 05:53:58'),
(9, 0, '16/INV-INDK-SLS/V/3', '2016-05-22 16:19:05', 0, 1, 2, 60, 600000, 1000000, 1, 0, 439, '2016-05-28 05:54:34');
INSERT INTO `kps_invoice_induk_` (`INVOICE_INDUK_ID`, `KPS_INVOICE_INDUK_REV_NO`, `INVOICE_INDUK_NO`, `INVOICE_INDUK_DATE`, `BUKTI_PESANAN_ID_INDK`, `KPS_CUSTOMER_ID_INDK`, `KPS_INVOICE_INDUK_MADE_BY`, `TOTAL_TERM`, `TOTAL_TERBAYAR`, `TOTAL_PEMBAYARAN`, `status_inv_do`, `revisi_no_inv`, `ID`, `UPDATE_TIME`) VALUES
(9, 0, '16/INV-INDK-SLS/V/3', '2016-05-22 16:19:05', 0, 1, 2, 60, 600000, 1000000, 1, 0, 440, '2016-05-28 05:58:26'),
(9, 0, '16/INV-INDK-SLS/V/3', '2016-05-22 16:19:05', 0, 1, 2, 60, 600000, 1000000, 1, 0, 441, '2016-05-28 05:58:37'),
(9, 0, '16/INV-INDK-SLS/V/3', '2016-05-22 16:19:05', 0, 1, 2, 60, 600000, 1000000, 1, 0, 442, '2016-05-28 05:58:54'),
(9, 0, '16/INV-INDK-SLS/V/3', '2016-05-22 16:19:05', 0, 1, 2, 60, 600000, 1000000, 1, 0, 443, '2016-05-28 06:06:19'),
(9, 0, '16/INV-INDK-SLS/V/3', '2016-05-22 16:19:05', 0, 1, 2, 60, 600000, 1000000, 1, 0, 444, '2016-05-28 06:06:54'),
(9, 0, '16/INV-INDK-SLS/V/3', '2016-05-22 16:19:05', 0, 1, 2, 60, 600000, 1000000, 1, 0, 445, '2016-05-28 06:07:20'),
(9, 0, '16/INV-INDK-SLS/V/3', '2016-05-22 16:19:05', 0, 1, 2, 60, 600000, 1000000, 1, 0, 446, '2016-05-28 06:13:19'),
(9, 0, '16/INV-INDK-SLS/V/3', '2016-05-22 16:19:05', 0, 1, 2, 60, 600000, 1000000, 1, 0, 447, '2016-05-28 06:13:43'),
(9, 0, '16/INV-INDK-SLS/V/3', '2016-05-22 16:19:05', 0, 1, 2, 60, 600000, 1000000, 1, 0, 448, '2016-05-28 06:16:39'),
(9, 0, '16/INV-INDK-SLS/V/3', '2016-05-22 16:19:05', 0, 1, 2, 60, 600000, 1000000, 1, 0, 449, '2016-05-28 06:34:59'),
(9, 0, '16/INV-INDK-SLS/V/3', '2016-05-22 16:19:05', 0, 1, 2, 60, 600000, 1000000, 1, 0, 450, '2016-05-28 06:36:07'),
(9, 0, '16/INV-INDK-SLS/V/3', '2016-05-22 16:19:05', 0, 1, 2, 60, 600000, 1000000, 1, 0, 451, '2016-05-28 06:37:20'),
(9, 0, '16/INV-INDK-SLS/V/3', '2016-05-22 16:19:05', 0, 1, 2, 60, 600000, 1000000, 1, 0, 452, '2016-05-28 06:37:21'),
(9, 0, '16/INV-INDK-SLS/V/3', '2016-05-22 16:19:05', 0, 1, 2, 60, 600000, 1000000, 1, 0, 453, '2016-05-28 06:42:10'),
(9, 0, '16/INV-INDK-SLS/V/3', '2016-05-22 16:19:05', 0, 1, 2, 60, 600000, 1000000, 1, 0, 454, '2016-05-28 06:43:18'),
(9, 0, '16/INV-INDK-SLS/V/3', '2016-05-22 16:19:05', 0, 1, 2, 60, 600000, 1000000, 1, 0, 455, '2016-05-28 06:43:20'),
(9, 0, '16/INV-INDK-SLS/V/3', '2016-05-22 16:19:05', 0, 1, 2, 60, 600000, 1000000, 1, 0, 456, '2016-05-28 06:44:46'),
(9, 0, '16/INV-INDK-SLS/V/3', '2016-05-22 16:19:05', 0, 1, 2, 60, 600000, 1000000, 1, 0, 457, '2016-05-28 06:44:56'),
(9, 0, '16/INV-INDK-SLS/V/3', '2016-05-22 16:19:05', 0, 1, 2, 60, 600000, 1000000, 1, 0, 458, '2016-05-28 06:45:26'),
(9, 0, '16/INV-INDK-SLS/V/3', '2016-05-22 16:19:05', 0, 1, 2, 60, 600000, 1000000, 1, 0, 459, '2016-05-28 06:47:56'),
(9, 0, '16/INV-INDK-SLS/V/3', '2016-05-22 16:19:05', 0, 1, 2, 60, 600000, 1000000, 1, 0, 460, '2016-05-28 06:48:10'),
(9, 0, '16/INV-INDK-SLS/V/3', '2016-05-22 16:19:05', 0, 1, 2, 60, 600000, 1000000, 1, 0, 461, '2016-05-28 06:48:15'),
(9, 0, '16/INV-INDK-SLS/V/3', '2016-05-22 16:19:05', 0, 1, 2, 60, 600000, 1000000, 1, 0, 462, '2016-05-28 06:50:02'),
(9, 0, '16/INV-INDK-SLS/V/3', '2016-05-22 16:19:05', 0, 1, 2, 60, 600000, 1000000, 1, 0, 463, '2016-05-28 06:50:15'),
(9, 0, '16/INV-INDK-SLS/V/3', '2016-05-22 16:19:05', 0, 1, 2, 60, 600000, 1000000, 1, 0, 464, '2016-05-28 06:51:08'),
(9, 0, '16/INV-INDK-SLS/V/3', '2016-05-22 16:19:05', 0, 1, 2, 60, 600000, 1000000, 1, 0, 465, '2016-05-28 06:52:45'),
(9, 0, '16/INV-INDK-SLS/V/3', '2016-05-22 16:19:05', 0, 1, 2, 60, 600000, 1000000, 1, 0, 466, '2016-05-28 06:52:55'),
(9, 0, '16/INV-INDK-SLS/V/3', '2016-05-22 16:19:05', 0, 1, 2, 60, 600000, 1000000, 1, 0, 467, '2016-05-28 06:52:58'),
(9, 0, '16/INV-INDK-SLS/V/3', '2016-05-22 16:19:05', 0, 1, 2, 60, 600000, 1000000, 1, 0, 468, '2016-05-28 06:54:58'),
(9, 0, '16/INV-INDK-SLS/V/3', '2016-05-22 16:19:05', 0, 1, 2, 60, 600000, 1000000, 1, 0, 469, '2016-05-28 06:55:29'),
(9, 0, '16/INV-INDK-SLS/V/3', '2016-05-22 16:19:05', 0, 1, 2, 60, 600000, 1000000, 1, 0, 470, '2016-05-28 06:55:31'),
(9, 0, '16/INV-INDK-SLS/V/3', '2016-05-22 16:19:05', 0, 1, 2, 60, 600000, 1000000, 1, 0, 471, '2016-05-28 06:56:27'),
(9, 0, '16/INV-INDK-SLS/V/3', '2016-05-22 16:19:05', 0, 1, 2, 60, 600000, 1000000, 1, 0, 472, '2016-05-28 06:56:29'),
(9, 0, '16/INV-INDK-SLS/V/3', '2016-05-22 16:19:05', 0, 1, 2, 60, 600000, 1000000, 1, 0, 473, '2016-05-28 06:56:42'),
(9, 0, '16/INV-INDK-SLS/V/3', '2016-05-22 16:19:05', 0, 1, 2, 110, 1100000, 1000000, 1, 0, 474, '2016-05-28 06:56:46'),
(9, 0, '16/INV-INDK-SLS/V/3', '2016-05-22 16:19:05', 0, 1, 2, 110, 1100000, 1000000, 1, 0, 475, '2016-05-28 07:01:13'),
(9, 0, '16/INV-INDK-SLS/V/3', '2016-05-22 16:19:05', 0, 1, 2, 110, 1100000, 1000000, 1, 0, 476, '2016-05-28 07:03:03'),
(9, 0, '16/INV-INDK-SLS/V/3', '2016-05-22 16:19:05', 0, 1, 2, 110, 1100000, 1000000, 1, 0, 477, '2016-05-28 07:04:00'),
(9, 0, '16/INV-INDK-SLS/V/3', '2016-05-22 16:19:05', 0, 1, 2, 110, 1100000, 1000000, 1, 0, 478, '2016-05-28 07:04:35'),
(9, 0, '16/INV-INDK-SLS/V/3', '2016-05-22 16:19:05', 0, 1, 2, 110, 1100000, 1000000, 1, 0, 479, '2016-05-28 07:05:16'),
(9, 0, '16/INV-INDK-SLS/V/3', '2016-05-22 16:19:05', 0, 1, 2, 110, 1100000, 1000000, 1, 0, 480, '2016-05-28 07:05:32'),
(9, 0, '16/INV-INDK-SLS/V/3', '2016-05-22 16:19:05', 0, 1, 2, 160, 1600000, 1000000, 1, 0, 481, '2016-05-28 07:05:43'),
(9, 0, '16/INV-INDK-SLS/V/3', '2016-05-22 16:19:05', 0, 1, 2, 160, 1600000, 1000000, 1, 0, 482, '2016-05-28 07:06:36'),
(9, 0, '16/INV-INDK-SLS/V/3', '2016-05-22 16:19:05', 0, 1, 2, 160, 1600000, 1000000, 1, 0, 483, '2016-05-28 07:06:50'),
(9, 0, '16/INV-INDK-SLS/V/3', '2016-05-22 16:19:05', 0, 1, 2, 210, 2100000, 1000000, 1, 0, 484, '2016-05-28 07:10:19'),
(9, 0, '16/INV-INDK-SLS/V/3', '2016-05-22 16:19:05', 0, 1, 2, 210, 2100000, 1000000, 1, 0, 485, '2016-05-28 07:10:39'),
(9, 0, '16/INV-INDK-SLS/V/3', '2016-05-22 16:19:05', 0, 1, 2, 260, 2600000, 1000000, 1, 0, 486, '2016-05-28 07:10:46'),
(9, 0, '16/INV-INDK-SLS/V/3', '2016-05-22 16:19:05', 0, 1, 2, 260, 2600000, 1000000, 1, 0, 487, '2016-05-28 07:12:58'),
(9, 0, '16/INV-INDK-SLS/V/3', '2016-05-22 16:19:05', 0, 1, 2, 260, 2600000, 1000000, 1, 0, 488, '2016-05-28 07:13:16'),
(9, 0, '16/INV-INDK-SLS/V/3', '2016-05-22 16:19:05', 0, 1, 2, 310, 3100000, 1000000, 1, 0, 489, '2016-05-28 07:15:56'),
(9, 0, '16/INV-INDK-SLS/V/3', '2016-05-22 16:19:05', 0, 1, 2, 310, 3100000, 1000000, 1, 0, 490, '2016-05-28 07:16:03'),
(9, 0, '16/INV-INDK-SLS/V/3', '2016-05-22 16:19:05', 0, 1, 2, 310, 3100000, 1000000, 1, 0, 491, '2016-05-28 07:16:10'),
(9, 0, '16/INV-INDK-SLS/V/3', '2016-05-22 16:19:05', 0, 1, 2, 310, 3100000, 1000000, 1, 0, 492, '2016-05-28 10:54:38'),
(7, 0, '16/INV-INDK-SLS/V/1', '2016-05-17 16:49:37', 0, 1, 2, 30, 13500, 45000, 1, 0, 493, '2016-05-28 11:06:48'),
(7, 0, '16/INV-INDK-SLS/V/1', '2016-05-17 16:49:37', 0, 1, 2, 30, 13500, 45000, 1, 0, 494, '2016-05-28 11:08:05'),
(7, 0, '16/INV-INDK-SLS/V/1', '2016-05-17 16:49:37', 0, 1, 2, 110, 49500, 45000, 1, 0, 495, '2016-05-28 11:08:19'),
(7, 0, '16/INV-INDK-SLS/V/1', '2016-05-17 16:49:37', 0, 1, 2, 110, 49500, 45000, 1, 0, 496, '2016-05-28 11:09:20'),
(7, 0, '16/INV-INDK-SLS/V/1', '2016-05-17 16:49:37', 0, 1, 2, 190, 85500, 45000, 1, 0, 497, '2016-05-28 11:09:34'),
(7, 0, '16/INV-INDK-SLS/V/1', '2016-05-17 16:49:37', 0, 1, 2, 190, 85500, 45000, 1, 0, 498, '2016-05-28 11:09:48'),
(9, 0, '16/INV-INDK-SLS/V/3', '2016-05-22 16:19:05', 0, 1, 2, 310, 3100000, 1000000, 1, 0, 499, '2016-05-28 11:14:43'),
(9, 0, '16/INV-INDK-SLS/V/3', '2016-05-22 16:19:05', 0, 1, 2, 310, 3100000, 1000000, 1, 0, 500, '2016-05-28 11:14:45'),
(9, 0, '16/INV-INDK-SLS/V/3', '2016-05-22 16:19:05', 0, 1, 2, 310, 3100000, 1000000, 0, 0, 501, '2016-05-28 11:14:45'),
(9, 0, '16/INV-INDK-SLS/V/3', '2016-05-22 16:19:05', 0, 1, 2, 310, 3100000, 1000000, 0, 0, 502, '2016-05-28 11:15:25'),
(9, 0, '16/INV-INDK-SLS/V/3', '2016-05-22 16:19:05', 0, 1, 2, 310, 3100000, 1000000, 1, 0, 503, '2016-05-28 11:15:25'),
(9, 0, '16/INV-INDK-SLS/V/3', '2016-05-22 16:19:05', 0, 1, 2, 310, 3100000, 1000000, 1, 0, 504, '2016-05-28 11:19:27'),
(9, 0, '16/INV-INDK-SLS/V/3', '2016-05-22 16:19:05', 0, 1, 2, 310, 3100000, 1000000, 1, 0, 505, '2016-05-28 11:19:31'),
(15, 0, '16/INV-INDK-SLS/V/6', '2016-05-28 11:19:38', 0, 1, 2, 0, 0, 0, 0, 0, 506, '2016-05-28 11:19:44'),
(15, 0, '16/INV-INDK-SLS/V/6', '2016-05-28 11:19:38', 0, 1, 2, 0, 0, 0, 0, 0, 507, '2016-05-28 11:19:55'),
(15, 0, '16/INV-INDK-SLS/V/6', '2016-05-28 11:19:38', 0, 1, 2, 0, 0, 0, 0, 0, 508, '2016-05-28 11:20:54'),
(15, 0, '16/INV-INDK-SLS/V/6', '2016-05-28 11:19:38', 0, 1, 2, 0, 0, 0, 0, 0, 509, '2016-05-28 11:21:03'),
(15, 0, '16/INV-INDK-SLS/V/6', '2016-05-28 11:19:38', 0, 1, 2, 0, 0, 4900, 0, 0, 510, '2016-05-28 11:21:08'),
(15, 0, '16/INV-INDK-SLS/V/6', '2016-05-28 11:19:38', 0, 1, 2, 0, 0, 0, 0, 0, 511, '2016-05-28 11:22:03'),
(15, 0, '16/INV-INDK-SLS/V/6', '2016-05-28 11:19:38', 0, 1, 2, 0, 0, 0, 0, 0, 512, '2016-05-28 11:22:16'),
(11, 0, '16/INV-INDK-SLS/V/5', '2016-05-23 15:04:03', 0, 1, 2, 0, 0, 495000, 1, 0, 513, '2016-05-28 11:24:36'),
(4, 0, '16/INV-INDK-SLS/V/1', '2016-05-13 14:51:36', 11, 4, 13, 100, 4120000, 4120000, 1, 0, 514, '2016-05-28 11:24:45'),
(11, 0, '16/INV-INDK-SLS/V/5', '2016-05-23 15:04:03', 0, 1, 2, 0, 0, 495000, 1, 0, 515, '2016-05-28 11:46:24'),
(9, 0, '16/INV-INDK-SLS/V/3', '2016-05-22 16:19:05', 0, 1, 2, 310, 3100000, 1000000, 1, 0, 516, '2016-05-28 11:46:33'),
(11, 0, '16/INV-INDK-SLS/V/5', '2016-05-23 15:04:03', 0, 1, 2, 0, 0, 495000, 1, 0, 517, '2016-05-29 22:26:23'),
(9, 0, '16/INV-INDK-SLS/V/3', '2016-05-22 16:19:05', 0, 1, 2, 310, 3100000, 1000000, 1, 0, 518, '2016-05-29 22:26:35'),
(9, 0, '16/INV-INDK-SLS/V/3', '2016-05-22 16:19:05', 0, 1, 2, 310, 3100000, 1000000, 1, 0, 519, '2016-05-29 22:27:27'),
(5, 0, '16/INV-INDK-SLS/V/2', '2016-05-13 16:12:57', 12, 7, 13, 100, 30800, 30800, 1, 0, 520, '2016-05-30 06:09:51'),
(5, 0, '16/INV-INDK-SLS/V/2', '2016-05-13 16:12:57', 12, 7, 13, 100, 30800, 30800, 1, 0, 521, '2016-05-30 07:07:03'),
(5, 0, '16/INV-INDK-SLS/V/2', '2016-05-13 16:12:57', 12, 7, 13, 100, 30800, 30800, 1, 0, 522, '2016-05-30 07:07:25'),
(5, 0, '16/INV-INDK-SLS/V/2', '2016-05-13 16:12:57', 12, 7, 13, 100, 30800, 30800, 1, 0, 523, '2016-05-30 07:08:16'),
(5, 0, '16/INV-INDK-SLS/V/2', '2016-05-13 16:12:57', 12, 7, 13, 100, 30800, 30800, 1, 0, 524, '2016-05-30 07:09:20'),
(5, 0, '16/INV-INDK-SLS/V/2', '2016-05-13 16:12:57', 12, 7, 13, 100, 30800, 30800, 1, 0, 525, '2016-05-30 07:09:36'),
(5, 0, '16/INV-INDK-SLS/V/2', '2016-05-13 16:12:57', 12, 7, 13, 100, 30800, 30800, 1, 0, 526, '2016-05-30 07:10:05'),
(5, 0, '16/INV-INDK-SLS/V/2', '2016-05-13 16:12:57', 12, 7, 13, 100, 30800, 30800, 1, 0, 527, '2016-05-30 07:14:05'),
(5, 0, '16/INV-INDK-SLS/V/2', '2016-05-13 16:12:57', 12, 7, 13, 100, 30800, 30800, 1, 0, 528, '2016-05-30 07:27:26'),
(5, 0, '16/INV-INDK-SLS/V/2', '2016-05-13 16:12:57', 12, 7, 13, 100, 30800, 30800, 1, 0, 529, '2016-05-30 07:27:53'),
(9, 0, '16/INV-INDK-SLS/V/3', '2016-05-22 16:19:05', 0, 1, 2, 310, 3100000, 1000000, 1, 0, 530, '2016-05-30 07:28:11'),
(9, 0, '16/INV-INDK-SLS/V/3', '2016-05-22 16:19:05', 0, 1, 2, 310, 3100000, 1000000, 1, 0, 531, '2016-05-30 07:39:26'),
(9, 0, '16/INV-INDK-SLS/V/3', '2016-05-22 16:19:05', 0, 1, 2, 310, 3100000, 1000000, 1, 0, 532, '2016-05-30 07:41:03'),
(9, 0, '16/INV-INDK-SLS/V/3', '2016-05-22 16:19:05', 0, 1, 2, 310, 3100000, 1000000, 1, 0, 533, '2016-05-30 07:44:15'),
(9, 0, '16/INV-INDK-SLS/V/3', '2016-05-22 16:19:05', 0, 1, 2, 310, 3100000, 1000000, 1, 0, 534, '2016-05-30 07:44:41'),
(9, 0, '16/INV-INDK-SLS/V/3', '2016-05-22 16:19:05', 0, 1, 2, 310, 3100000, 1000000, 1, 0, 535, '2016-05-30 07:46:37'),
(9, 0, '16/INV-INDK-SLS/V/3', '2016-05-22 16:19:05', 0, 1, 2, 310, 3100000, 1000000, 1, 0, 536, '2016-05-30 07:55:37'),
(5, 0, '16/INV-INDK-SLS/V/2', '2016-05-13 16:12:57', 12, 7, 13, 100, 30800, 30800, 1, 0, 537, '2016-05-30 08:05:29'),
(11, 0, '16/INV-INDK-SLS/V/5', '2016-05-23 15:04:03', 0, 1, 2, 0, 0, 495000, 1, 0, 538, '2016-05-30 08:07:31'),
(11, 0, '16/INV-INDK-SLS/V/5', '2016-05-23 15:04:03', 0, 1, 2, 0, 0, 495000, 1, 0, 539, '2016-05-30 08:09:44'),
(9, 0, '16/INV-INDK-SLS/V/3', '2016-05-22 16:19:05', 0, 1, 2, 310, 3100000, 1000000, 1, 0, 540, '2016-05-30 08:11:36'),
(9, 0, '16/INV-INDK-SLS/V/3', '2016-05-22 16:19:05', 0, 1, 2, 310, 3100000, 1000000, 1, 0, 541, '2016-05-30 08:21:23'),
(9, 0, '16/INV-INDK-SLS/V/3', '2016-05-22 16:19:05', 0, 1, 2, 310, 3100000, 1000000, 1, 0, 542, '2016-05-30 08:22:04'),
(9, 0, '16/INV-INDK-SLS/V/3', '2016-05-22 16:19:05', 0, 1, 2, 310, 3100000, 1000000, 1, 0, 543, '2016-05-30 08:25:37'),
(9, 0, '16/INV-INDK-SLS/V/3', '2016-05-22 16:19:05', 0, 1, 2, 310, 3100000, 1000000, 1, 0, 544, '2016-05-30 08:25:50'),
(9, 0, '16/INV-INDK-SLS/V/3', '2016-05-22 16:19:05', 0, 1, 2, 310, 3100000, 1000000, 1, 0, 545, '2016-05-30 08:26:17'),
(9, 0, '16/INV-INDK-SLS/V/3', '2016-05-22 16:19:05', 0, 1, 2, 310, 3100000, 1000000, 1, 0, 546, '2016-05-30 08:26:39'),
(9, 0, '16/INV-INDK-SLS/V/3', '2016-05-22 16:19:05', 0, 1, 2, 310, 3100000, 1000000, 1, 0, 547, '2016-05-30 08:26:54'),
(9, 0, '16/INV-INDK-SLS/V/3', '2016-05-22 16:19:05', 0, 1, 2, 310, 3100000, 1000000, 1, 0, 548, '2016-05-30 08:28:33'),
(9, 0, '16/INV-INDK-SLS/V/3', '2016-05-22 16:19:05', 0, 1, 2, 310, 3100000, 1000000, 1, 0, 549, '2016-05-30 08:28:51'),
(9, 0, '16/INV-INDK-SLS/V/3', '2016-05-22 16:19:05', 0, 1, 2, 310, 3100000, 1000000, 1, 0, 550, '2016-05-30 08:38:05'),
(11, 0, '16/INV-INDK-SLS/V/5', '2016-05-23 15:04:03', 0, 1, 2, 0, 0, 495000, 1, 0, 551, '2016-05-30 08:41:36'),
(9, 0, '16/INV-INDK-SLS/V/3', '2016-05-22 16:19:05', 0, 1, 2, 310, 3100000, 1000000, 1, 0, 552, '2016-05-30 08:42:05'),
(9, 0, '16/INV-INDK-SLS/V/3', '2016-05-22 16:19:05', 0, 1, 2, 310, 3100000, 1000000, 1, 0, 553, '2016-05-30 08:45:49'),
(9, 0, '16/INV-INDK-SLS/V/3', '2016-05-22 16:19:05', 0, 1, 2, 310, 3100000, 1000000, 1, 0, 554, '2016-05-30 08:46:06'),
(9, 0, '16/INV-INDK-SLS/V/3', '2016-05-22 16:19:05', 0, 1, 2, 310, 3100000, 1000000, 1, 0, 555, '2016-05-30 08:48:31'),
(9, 0, '16/INV-INDK-SLS/V/3', '2016-05-22 16:19:05', 0, 1, 2, 310, 3100000, 1000000, 1, 0, 556, '2016-05-30 08:48:34'),
(9, 0, '16/INV-INDK-SLS/V/3', '2016-05-22 16:19:05', 0, 1, 2, 310, 3100000, 1000000, 1, 0, 557, '2016-05-30 09:01:10'),
(9, 0, '16/INV-INDK-SLS/V/3', '2016-05-22 16:19:05', 0, 1, 2, 310, 3100000, 1000000, 1, 0, 558, '2016-05-30 09:06:08'),
(9, 0, '16/INV-INDK-SLS/V/3', '2016-05-22 16:19:05', 0, 1, 2, 310, 3100000, 1000000, 1, 0, 559, '2016-05-30 09:08:13'),
(9, 0, '16/INV-INDK-SLS/V/3', '2016-05-22 16:19:05', 0, 1, 2, 310, 3100000, 1000000, 1, 0, 560, '2016-05-30 09:09:09'),
(9, 0, '16/INV-INDK-SLS/V/3', '2016-05-22 16:19:05', 0, 1, 2, 310, 3100000, 1000000, 1, 0, 561, '2016-05-30 09:09:26'),
(9, 0, '16/INV-INDK-SLS/V/3', '2016-05-22 16:19:05', 0, 1, 2, 310, 3100000, 1000000, 1, 0, 562, '2016-05-30 09:10:07'),
(9, 0, '16/INV-INDK-SLS/V/3', '2016-05-22 16:19:05', 0, 1, 2, 310, 3100000, 1000000, 1, 0, 563, '2016-05-30 09:10:12'),
(9, 0, '16/INV-INDK-SLS/V/3', '2016-05-22 16:19:05', 0, 1, 2, 310, 3100000, 1000000, 1, 0, 564, '2016-05-30 09:10:28'),
(9, 0, '16/INV-INDK-SLS/V/3', '2016-05-22 16:19:05', 0, 1, 2, 310, 3100000, 1000000, 1, 0, 565, '2016-05-30 09:14:31'),
(9, 0, '16/INV-INDK-SLS/V/3', '2016-05-22 16:19:05', 0, 1, 2, 310, 3100000, 1000000, 1, 0, 566, '2016-05-30 09:15:05'),
(9, 0, '16/INV-INDK-SLS/V/3', '2016-05-22 16:19:05', 0, 1, 2, 310, 3100000, 1000000, 1, 0, 567, '2016-05-30 09:15:42'),
(9, 0, '16/INV-INDK-SLS/V/3', '2016-05-22 16:19:05', 0, 1, 2, 310, 3100000, 1000000, 1, 0, 568, '2016-05-30 09:25:00'),
(9, 0, '16/INV-INDK-SLS/V/3', '2016-05-22 16:19:05', 0, 1, 2, 310, 3100000, 1000000, 1, 0, 569, '2016-05-30 09:25:10'),
(9, 0, '16/INV-INDK-SLS/V/3', '2016-05-22 16:19:05', 0, 1, 2, 310, 3100000, 1000000, 1, 0, 570, '2016-05-30 09:40:49'),
(9, 0, '16/INV-INDK-SLS/V/3', '2016-05-22 16:19:05', 0, 1, 2, 310, 3100000, 1000000, 1, 0, 571, '2016-05-30 09:41:16'),
(5, 0, '16/INV-INDK-SLS/V/2', '2016-05-13 16:12:57', 12, 7, 13, 100, 30800, 30800, 1, 0, 572, '2016-05-30 10:50:36'),
(9, 0, '16/INV-INDK-SLS/V/3', '2016-05-22 16:19:05', 0, 1, 2, 310, 3100000, 1000000, 1, 0, 573, '2016-05-30 10:57:59'),
(9, 0, '16/INV-INDK-SLS/V/3', '2016-05-22 16:19:05', 0, 1, 2, 310, 3100000, 1000000, 1, 0, 574, '2016-05-30 10:59:30'),
(9, 0, '16/INV-INDK-SLS/V/3', '2016-05-22 16:19:05', 0, 1, 2, 310, 3100000, 1000000, 1, 0, 575, '2016-05-30 11:01:30'),
(9, 0, '16/INV-INDK-SLS/V/3', '2016-05-22 16:19:05', 0, 1, 2, 360, 3600000, 1000000, 1, 0, 576, '2016-05-31 03:41:46'),
(9, 0, '16/INV-INDK-SLS/V/3', '2016-05-22 16:19:05', 0, 1, 2, 360, 3600000, 1000000, 1, 0, 577, '2016-05-31 03:45:05'),
(9, 0, '16/INV-INDK-SLS/V/3', '2016-05-22 16:19:05', 0, 1, 2, 360, 3600000, 1000000, 1, 0, 578, '2016-05-31 03:47:33'),
(11, 0, '16/INV-INDK-SLS/V/5', '2016-05-23 15:04:03', 0, 1, 2, 0, 0, 495000, 1, 0, 579, '2016-05-31 03:49:17'),
(9, 0, '16/INV-INDK-SLS/V/3', '2016-05-22 16:19:05', 0, 1, 2, 360, 3600000, 1000000, 1, 0, 580, '2016-05-31 03:49:22'),
(9, 0, '16/INV-INDK-SLS/V/3', '2016-05-22 16:19:05', 0, 1, 2, 360, 3600000, 1000000, 1, 0, 581, '2016-05-31 03:49:25'),
(9, 0, '16/INV-INDK-SLS/V/3', '2016-05-22 16:19:05', 0, 1, 2, 360, 3600000, 1000000, 0, 0, 582, '2016-05-31 03:49:25'),
(9, 0, '16/INV-INDK-SLS/V/3', '2016-05-22 16:19:05', 0, 1, 2, 360, 3600000, 1000000, 0, 0, 583, '2016-05-31 03:52:00'),
(9, 0, '16/INV-INDK-SLS/V/3', '2016-05-22 16:19:05', 0, 1, 2, 360, 3600000, 1000000, 0, 0, 584, '2016-05-31 03:52:19'),
(9, 0, '16/INV-INDK-SLS/V/3', '2016-05-22 16:19:05', 0, 1, 2, 360, 3600000, 1000000, 0, 0, 585, '2016-05-31 03:55:11'),
(9, 0, '16/INV-INDK-SLS/V/3', '2016-05-22 16:19:05', 0, 1, 2, 360, 3600000, 1000000, 0, 0, 586, '2016-05-31 03:57:34'),
(11, 0, '16/INV-INDK-SLS/V/5', '2016-05-23 15:04:03', 0, 1, 2, 0, 0, 495000, 1, 0, 587, '2016-05-31 04:02:33'),
(11, 0, '16/INV-INDK-SLS/V/5', '2016-05-23 15:04:03', 0, 1, 2, 0, 0, 495000, 1, 0, 588, '2016-05-31 04:02:36'),
(11, 0, '16/INV-INDK-SLS/V/5', '2016-05-23 15:04:03', 0, 1, 2, 0, 0, 495000, 0, 0, 589, '2016-05-31 04:02:37'),
(11, 0, '16/INV-INDK-SLS/V/5', '2016-05-23 15:04:03', 0, 1, 2, 0, 0, 495000, 0, 0, 590, '2016-05-31 04:04:35'),
(9, 0, '16/INV-INDK-SLS/V/3', '2016-05-22 16:19:05', 0, 1, 2, 360, 3600000, 1000000, 0, 0, 591, '2016-05-31 05:00:56'),
(9, 0, '16/INV-INDK-SLS/V/3', '2016-05-22 16:19:05', 0, 1, 2, 360, 3600000, 1000000, 0, 0, 592, '2016-05-31 05:22:07'),
(9, 0, '16/INV-INDK-SLS/V/3', '2016-05-22 16:19:05', 0, 1, 2, 360, 3600000, 1000000, 0, 0, 593, '2016-05-31 05:22:34'),
(9, 0, '16/INV-INDK-SLS/V/3', '2016-05-22 16:19:05', 0, 1, 2, 360, 3600000, 1000000, 0, 0, 594, '2016-05-31 05:22:43'),
(9, 0, '16/INV-INDK-SLS/V/3', '2016-05-22 16:19:05', 0, 1, 2, 360, 3600000, 1000000, 0, 0, 595, '2016-05-31 05:23:10'),
(9, 0, '16/INV-INDK-SLS/V/3', '2016-05-22 16:19:05', 0, 1, 2, 360, 3600000, 1000000, 0, 0, 596, '2016-05-31 05:24:56'),
(11, 0, '16/INV-INDK-SLS/V/5', '2016-05-23 15:04:03', 0, 1, 2, 0, 0, 495000, 0, 0, 597, '2016-05-31 05:25:09'),
(11, 0, '16/INV-INDK-SLS/V/5', '2016-05-23 15:04:03', 0, 1, 2, 0, 0, 495000, 0, 0, 598, '2016-05-31 05:29:51'),
(11, 0, '16/INV-INDK-SLS/V/5', '2016-05-23 15:04:03', 0, 1, 2, 0, 0, 495000, 0, 0, 599, '2016-05-31 05:30:19'),
(11, 0, '16/INV-INDK-SLS/V/5', '2016-05-23 15:04:03', 0, 1, 2, 0, 0, 495000, 0, 0, 600, '2016-05-31 05:30:26'),
(11, 0, '16/INV-INDK-SLS/V/5', '2016-05-23 15:04:03', 0, 1, 2, 0, 0, 495000, 0, 0, 601, '2016-05-31 05:30:28'),
(11, 0, '16/INV-INDK-SLS/V/5', '2016-05-23 15:04:03', 0, 1, 2, 0, 0, 495000, 0, 0, 602, '2016-05-31 05:30:44'),
(11, 0, '16/INV-INDK-SLS/V/5', '2016-05-23 15:04:03', 0, 1, 2, 0, 0, 495000, 0, 0, 603, '2016-05-31 05:31:13'),
(11, 0, '16/INV-INDK-SLS/V/5', '2016-05-23 15:04:03', 0, 1, 2, 0, 0, 495000, 0, 0, 604, '2016-05-31 05:31:38'),
(9, 0, '16/INV-INDK-SLS/V/3', '2016-05-22 16:19:05', 0, 1, 2, 360, 3600000, 1000000, 0, 0, 605, '2016-05-31 05:31:45'),
(9, 0, '16/INV-INDK-SLS/V/3', '2016-05-22 16:19:05', 0, 1, 2, 360, 3600000, 1000000, 0, 0, 606, '2016-05-31 05:32:04'),
(7, 0, '16/INV-INDK-SLS/V/1', '2016-05-17 16:49:37', 0, 1, 2, 190, 85500, 45000, 1, 0, 607, '2016-05-31 05:32:22'),
(9, 0, '16/INV-INDK-SLS/V/3', '2016-05-22 16:19:05', 0, 1, 2, 360, 3600000, 1000000, 0, 0, 608, '2016-05-31 05:32:55'),
(9, 0, '16/INV-INDK-SLS/V/3', '2016-05-22 16:19:05', 0, 1, 2, 360, 3600000, 1000000, 0, 0, 609, '2016-05-31 05:32:57'),
(7, 0, '16/INV-INDK-SLS/V/1', '2016-05-17 16:49:37', 0, 1, 2, 190, 85500, 45000, 1, 0, 610, '2016-05-31 05:33:04'),
(7, 0, '16/INV-INDK-SLS/V/1', '2016-05-17 16:49:37', 0, 1, 2, 190, 85500, 45000, 1, 0, 611, '2016-05-31 05:33:06'),
(7, 0, '16/INV-INDK-SLS/V/1', '2016-05-17 16:49:37', 0, 1, 2, 190, 85500, 45000, 0, 0, 612, '2016-05-31 05:33:06'),
(7, 0, '16/INV-INDK-SLS/V/1', '2016-05-17 16:49:37', 0, 1, 2, 190, 85500, 45000, 0, 0, 613, '2016-05-31 05:33:11'),
(7, 0, '16/INV-INDK-SLS/V/1', '2016-05-17 16:49:37', 0, 1, 2, 190, 85500, 45000, 0, 0, 614, '2016-05-31 05:33:23'),
(7, 0, '16/INV-INDK-SLS/V/1', '2016-05-17 16:49:37', 0, 1, 2, 190, 85500, 45000, 0, 0, 615, '2016-05-31 05:33:27'),
(7, 0, '16/INV-INDK-SLS/V/1', '2016-05-17 16:49:37', 0, 1, 2, 190, 85500, 45000, 0, 0, 616, '2016-05-31 05:33:27'),
(7, 0, '16/INV-INDK-SLS/V/1', '2016-05-17 16:49:37', 0, 1, 2, 190, 85500, 0, 0, 0, 617, '2016-05-31 05:33:30'),
(7, 0, '16/INV-INDK-SLS/V/1', '2016-05-17 16:49:37', 0, 1, 2, 190, 85500, 0, 1, 0, 618, '2016-05-31 05:33:30'),
(7, 0, '16/INV-INDK-SLS/V/1', '2016-05-17 16:49:37', 0, 1, 2, 190, 85500, 0, 1, 0, 619, '2016-05-31 05:33:40'),
(7, 0, '16/INV-INDK-SLS/V/1', '2016-05-17 16:49:37', 0, 1, 2, 190, 0, 0, 1, 0, 620, '2016-05-31 05:33:44'),
(9, 0, '16/INV-INDK-SLS/V/3', '2016-05-22 16:19:05', 0, 1, 2, 360, 3600000, 1000000, 0, 0, 621, '2016-05-31 05:33:54'),
(9, 0, '16/INV-INDK-SLS/V/3', '2016-05-22 16:19:05', 0, 1, 2, 360, 3600000, 1000000, 1, 0, 622, '2016-05-31 05:33:54'),
(7, 0, '16/INV-INDK-SLS/V/1', '2016-05-17 16:49:37', 0, 1, 2, 190, 0, 0, 1, 0, 623, '2016-05-31 06:03:30'),
(9, 0, '16/INV-INDK-SLS/V/3', '2016-05-22 16:19:05', 0, 1, 2, 360, 3600000, 1000000, 1, 0, 624, '2016-06-01 10:09:31'),
(9, 0, '16/INV-INDK-SLS/V/3', '2016-05-22 16:19:05', 0, 1, 2, 360, 3600000, 1000000, 1, 0, 625, '2016-06-01 10:13:11'),
(9, 0, '16/INV-INDK-SLS/V/3', '2016-05-22 16:19:05', 0, 1, 2, 360, 3600000, 1000000, 1, 0, 626, '2016-06-01 10:13:17'),
(9, 0, '16/INV-INDK-SLS/V/3', '2016-05-22 16:19:05', 0, 1, 2, 360, 3600000, 1000000, 1, 0, 627, '2016-06-01 10:13:23'),
(9, 0, '16/INV-INDK-SLS/V/3', '2016-05-22 16:19:05', 0, 1, 2, 360, 3600000, 1000000, 0, 0, 628, '2016-06-01 10:13:23'),
(3, 1, '16/INV-INDK-SLS/III/1', '2016-03-29 18:34:47', 3, 4, 3, 100, 659200, 659200, 1, 0, 629, '2016-06-01 10:51:35');

-- --------------------------------------------------------

--
-- Struktur dari tabel `kps_invoice_jasa_product`
--

CREATE TABLE `kps_invoice_jasa_product` (
  `KPS_INVOICE_JASA_PRODUCT_ID` int(255) NOT NULL,
  `INVOICE_NO` varchar(100) NOT NULL,
  `REV_NO` varchar(100) NOT NULL,
  `KPS_PO_ID` int(255) NOT NULL,
  `KPS_SURAT_JALAN_ID` int(255) NOT NULL,
  `DATE` date NOT NULL,
  `KPS_CUSTOMER_LIST_ID` int(255) NOT NULL,
  `CURRENCY` varchar(10) NOT NULL,
  `TOTAL_AMOUNT` varchar(255) NOT NULL,
  `TOTAL_VAT` varchar(255) NOT NULL,
  `TOTAL_TAX` varchar(255) NOT NULL,
  `TOTAL` varchar(255) NOT NULL,
  `PREPARED_BY` varchar(100) NOT NULL,
  `CHECKED_BY` varchar(100) NOT NULL,
  `APPROVED_BY` varchar(100) NOT NULL
) ENGINE=InnoDB DEFAULT CHARSET=latin1 ROW_FORMAT=COMPACT;

-- --------------------------------------------------------

--
-- Struktur dari tabel `kps_invoice_jasa_product_detail`
--

CREATE TABLE `kps_invoice_jasa_product_detail` (
  `KPS_INVOICE_JASA_PRODUCT_DETAIL_ID` int(255) NOT NULL,
  `KPS_INVOICE_JASA_PRODUCT_ID` int(255) NOT NULL,
  `KPS_ITEM_MASTER_ID` int(255) NOT NULL,
  `QTY` int(100) NOT NULL,
  `UNIT` varchar(20) NOT NULL,
  `PRICE_PER_UNIT` varchar(255) NOT NULL,
  `SUB_TOTAL` varchar(255) NOT NULL
) ENGINE=InnoDB DEFAULT CHARSET=latin1 ROW_FORMAT=COMPACT;

-- --------------------------------------------------------

--
-- Struktur dari tabel `kps_invoice_jasa_sewa_mesin`
--

CREATE TABLE `kps_invoice_jasa_sewa_mesin` (
  `KPS_INVOICE_JASA_SEWA_MESIN_ID` int(255) NOT NULL,
  `INVOICE_NO` varchar(100) NOT NULL,
  `REV_NO` varchar(100) NOT NULL,
  `KPS_PO_ID` int(255) NOT NULL,
  `KPS_SURAT_JALAN_ID` int(255) NOT NULL,
  `DATE` date NOT NULL,
  `KPS_CUSTOMER_LIST_ID` int(255) NOT NULL,
  `CURRENCY` varchar(10) NOT NULL,
  `TOTAL_AMOUNT` varchar(255) NOT NULL,
  `TOTAL_VAT` varchar(255) NOT NULL,
  `TOTAL_TAX` varchar(255) NOT NULL,
  `TOTAL` varchar(255) NOT NULL,
  `PREPARED_BY` varchar(100) NOT NULL,
  `CHECKED_BY` varchar(100) NOT NULL,
  `APPROVED_BY` varchar(100) NOT NULL
) ENGINE=InnoDB DEFAULT CHARSET=latin1 ROW_FORMAT=COMPACT;

-- --------------------------------------------------------

--
-- Struktur dari tabel `kps_invoice_jasa_sewa_mesin_detail`
--

CREATE TABLE `kps_invoice_jasa_sewa_mesin_detail` (
  `KPS_INVOICE_JASA_SEWA_MESIN_DETAIL_ID` int(255) NOT NULL,
  `KPS_INVOICE_JASA_SEWA_MESIN_ID` int(255) NOT NULL,
  `KPS_ITEM_MASTER_ID` int(255) NOT NULL,
  `QTY` int(100) NOT NULL,
  `UNIT` varchar(20) NOT NULL,
  `PRICE_PER_UNIT` varchar(255) NOT NULL,
  `SUB_TOTAL` varchar(255) NOT NULL
) ENGINE=InnoDB DEFAULT CHARSET=latin1 ROW_FORMAT=COMPACT;

-- --------------------------------------------------------

--
-- Struktur dari tabel `kps_invoice_reg`
--

CREATE TABLE `kps_invoice_reg` (
  `KPS_INVOICE_REG_ID` int(255) NOT NULL,
  `INVOICE_NO` varchar(100) NOT NULL,
  `REV_NO` varchar(100) NOT NULL,
  `KPS_PO_ID` int(255) NOT NULL,
  `KPS_SURAT_JALAN_ID` int(255) NOT NULL,
  `DATE` date NOT NULL,
  `KPS_CUSTOMER_LIST_ID` int(255) NOT NULL,
  `CURRENCY` varchar(10) NOT NULL,
  `TOTAL_AMOUNT` varchar(255) NOT NULL,
  `TOTAL_DP` varchar(255) NOT NULL,
  `TOTAL_PPN` varchar(255) NOT NULL,
  `TOTAL` varchar(255) NOT NULL,
  `PREPARED_BY` varchar(100) NOT NULL,
  `CHECKED_BY` varchar(100) NOT NULL,
  `APPROVED_BY` varchar(100) NOT NULL
) ENGINE=InnoDB DEFAULT CHARSET=latin1;

-- --------------------------------------------------------

--
-- Struktur dari tabel `kps_invoice_reg_detail`
--

CREATE TABLE `kps_invoice_reg_detail` (
  `KPS_INVOICE_REG_DETAIL_ID` int(255) NOT NULL,
  `KPS_INVOICE_REG_ID` int(255) NOT NULL,
  `KPS_ITEM_MASTER_ID` int(255) NOT NULL,
  `QTY` int(100) NOT NULL,
  `UNIT` varchar(20) NOT NULL,
  `PRICE_PER_UNIT` varchar(255) NOT NULL,
  `SUB_TOTAL` varchar(255) NOT NULL
) ENGINE=InnoDB DEFAULT CHARSET=latin1;

-- --------------------------------------------------------

--
-- Struktur dari tabel `kps_invoice_rekap`
--

CREATE TABLE `kps_invoice_rekap` (
  `KPS_INVOICE_REKAP_ID` int(255) NOT NULL,
  `KPS_CUSTOMER_LIST_ID` int(255) NOT NULL,
  `PIC` varchar(20) NOT NULL,
  `KPS_INVOICE_ID` int(255) NOT NULL
) ENGINE=InnoDB DEFAULT CHARSET=latin1;

-- --------------------------------------------------------

--
-- Struktur dari tabel `kps_invoice_term`
--

CREATE TABLE `kps_invoice_term` (
  `kps_invoice_term_id` int(3) NOT NULL,
  `invoice_id` int(3) NOT NULL,
  `termin_order` int(3) NOT NULL,
  `dp` int(3) NOT NULL
) ENGINE=InnoDB DEFAULT CHARSET=utf8;

--
-- Dumping data untuk tabel `kps_invoice_term`
--

INSERT INTO `kps_invoice_term` (`kps_invoice_term_id`, `invoice_id`, `termin_order`, `dp`) VALUES
(1, 4, 1, 20),
(2, 4, 2, 30),
(5, 4, 3, 10);

-- --------------------------------------------------------

--
-- Struktur dari tabel `kps_invoice_type`
--

CREATE TABLE `kps_invoice_type` (
  `id` int(11) NOT NULL,
  `type_name` varchar(255) DEFAULT NULL,
  `dp_or_vat` double DEFAULT NULL,
  `ppn_or_tax` double DEFAULT NULL
) ENGINE=InnoDB DEFAULT CHARSET=latin1;

--
-- Dumping data untuk tabel `kps_invoice_type`
--

INSERT INTO `kps_invoice_type` (`id`, `type_name`, `dp_or_vat`, `ppn_or_tax`) VALUES
(1, 'Regular', 0, 0.1),
(2, 'Jasa Produk / Sewa Mesin', 0.1, 0.02),
(3, 'Jasa Sewa Gedung Tanah', 0.1, 0.1);

-- --------------------------------------------------------

--
-- Struktur dari tabel `kps_item_master`
--

CREATE TABLE `kps_item_master` (
  `KPS_ITEM_MASTER_ID` int(255) NOT NULL,
  `KPS_ITEM_MASTER_CODE_ITEM` varchar(255) NOT NULL DEFAULT '',
  `KPS_ITEM_MASTER_PART_NO` varchar(255) NOT NULL DEFAULT '',
  `KPS_ITEM_MASTER_PART_NAME` varchar(255) NOT NULL DEFAULT '',
  `ITEM_MASTER_REV_NO` int(11) DEFAULT NULL,
  `ITEM_MASTER_STATUS_DELETE` tinyint(4) DEFAULT NULL,
  `ITEM_MASTER_STATUS_LOCK` tinyint(4) DEFAULT NULL,
  `ITEM_MASTER_MADE_BY` int(11) NOT NULL DEFAULT '0'
) ENGINE=InnoDB DEFAULT CHARSET=latin1;

--
-- Dumping data untuk tabel `kps_item_master`
--

INSERT INTO `kps_item_master` (`KPS_ITEM_MASTER_ID`, `KPS_ITEM_MASTER_CODE_ITEM`, `KPS_ITEM_MASTER_PART_NO`, `KPS_ITEM_MASTER_PART_NAME`, `ITEM_MASTER_REV_NO`, `ITEM_MASTER_STATUS_DELETE`, `ITEM_MASTER_STATUS_LOCK`, `ITEM_MASTER_MADE_BY`) VALUES
(2, 'ASTL01TP0577', 'EXTRUSSION MOLD', '16 CAV D : 1.5MM', 0, 0, 0, 2),
(3, 'FGUF05EP0169', '', 'SEAL 1,5 X 620', 0, 0, 0, 2),
(5, 'FGPV07RH0009', 'SM-01PE001', 'PROTECTOR ENGKEL', 0, 0, 0, 2),
(6, 'FGPV17SK0110', '', 'LIST PV 109 HELMET UD', 0, 0, 0, 2),
(7, 'FGPV17SK0113', 'PV 143', 'LIST HELMET UD 143', 0, 0, 0, 2),
(8, 'FGPV17SK0136', '', 'LIST TRIM NEWTON ATAS (PV014)', 0, 0, 0, 2),
(9, 'FGPV17SK0172', '', 'LIST 805-2 BAWAH', 0, 0, 0, 2),
(10, 'FGPV17SK0145', '', 'KARET JEPIT HELM ABU-ABU', 0, 0, 0, 2),
(11, 'FGUF07ES0134', '5X8X880', 'EPDM SPONGE(SG 0,25-0,35)SMM(+0,5/-0MM)X8X880MM', 0, 0, 0, 2),
(12, 'FGUF07ES0135', '5X8X1150', 'EPDM SPONGE(SG 0.25-0.35)5MM(+0.5/-0MM)X8X1150MM', 0, 0, 0, 2),
(13, 'FGUF21CS0113', '', 'EPDM SPONGE(SG 0.25-0.35)5MM(+0.5/-0MM)X8X575MM', 0, 0, 0, 2),
(14, 'FGPV16RD0017', '120820210', 'PVC TUBE 20 X 21 BK @ 50 MTR', 0, 0, 0, 2),
(15, 'FGPV16RD0018', '120815160', 'PVC TUBE 15 X 16 BK @ 100 MTR', 0, 0, 0, 2),
(16, 'FGPV16RD0019', '120817180', 'PVC TUBE 17 X 18 BK', 0, 0, 0, 2),
(17, 'FGPV16RD0021', '120818200', 'PVC TUBE 18 X 20 BK @ 50 MTR', 0, 0, 0, 2),
(18, 'FGPV16RD0024', '120867000', 'PVC TUBE 6 X 7 BK @ 100 MTR', 0, 0, 0, 2),
(19, 'FGPV16RD0025', '120810110', 'PVC TUBE 10 X 11 BK @ 200 MTR', 0, 0, 0, 2),
(20, 'FGPV16RD0029', '120856000', 'PVC TUBE 5 X 6 BK @ 100 MTR', 0, 0, 0, 2),
(21, 'FGUF20EP0189', '120806700', 'RUBBER TUBE 6 X 7 BK', 0, 0, 0, 2),
(22, 'SFMO37HB0008', '', 'AR 3508 ACRYLIC', 0, 0, 0, 2),
(23, 'FGCR02EP0030', '76711-T6A-0030', 'PIVOT CAP', 0, 0, 0, 2),
(24, 'FGIP03PV0002', 'P/N.AG 112041', 'BUSH', 0, 0, 0, 2),
(25, 'FGIP06PV0010', 'AG113094', 'HARD PVC INSERT FOR 660A-FV-RH/LH', 0, 0, 0, 2),
(26, 'FGIP06PV0011', 'AG113095', 'HARD PVC INSERT FOR 660A-FP-RH/LH', 0, 0, 0, 2),
(27, 'FGUF04ES0003', '73125-TSAA-K000', 'RUBBER, FR WSHLD DAM A', 0, 0, 0, 2),
(28, 'FGUF04ES0004', '73525-TSAA-K001-20', 'RUBBER, FR WSHLD DAM A', 0, 0, 0, 2),
(29, 'FGUF04ES0005', '73225-TSAA-K000', 'RUBBER, FR WSHLD DAM A', 0, 0, 0, 2),
(30, 'FGUF04ES0006', '73227-TSAA-K000', 'RUBBER R, WHSLD DAM C', 0, 0, 0, 2),
(31, 'FGUF04ES0007', '73277-TSAA-K000', 'RUBBER L, WSHLD DAM C', 0, 0, 0, 2),
(32, 'FGUF04SS0021', '73254-T7JA-H010-M2', 'RUBBER L WSHLD DAM C', 0, 0, 0, 2),
(33, 'FGUF04SS0022', '73214-T7JA-H011-M2', 'RUBBER R, WSHLD DAM C', 0, 0, 0, 2),
(34, 'FGUF18SF0001', 'A73214-T5A-0130', 'RUBBER,WS DAM A', 0, 0, 0, 2),
(35, 'FGPV07RH0015', '62314-BZ160-C0', 'TRIM, FR DOOR OPENING, LH', 0, 0, 0, 2),
(36, 'FGPV07RH0016', '62313-BZ220-C0', 'TRIM, FR DOOR OPENING, RH', 0, 0, 0, 2),
(37, 'FGPV08RC0002', '62313-BZ140-00', 'TRIM FR DOOR OPENING L = 2660 MM ', 0, 0, 0, 2),
(38, 'FGPV08RC0003', '62314-BZ080-00', 'TRIM FR DOOR OPENING LH L = 2660 MM ', 0, 0, 0, 2),
(39, 'FGPV08RC0004', '62333-BZ050-00', 'TRIM RR DOOR OPENING', 0, 0, 0, 2),
(40, 'FGPV08RC0005', 'D62314-BZ060-001', 'TRIM DOOR OPENING NO.2  L=2660 MM (PE006)', 0, 0, 0, 2),
(41, 'FGPV08RC0011', '62313-BZ150-00', 'TRIM FR DOOR OPENING L = 2560 MM ', 0, 0, 0, 2),
(42, 'FGPV08RC0012', '62311-BZ030-C0', 'WHEATERSTRIP, FR DOOR OPENING TRIM', 0, 0, 0, 2),
(43, 'FGPV08RC0013', '62314-BZ081', 'TRIM FR DOOR OPENING LH L=2660MM', 0, 0, 0, 2),
(44, 'FGPV08RC0014', '62313-BZ141', 'TRIM FR DOOR OPENING L=2660MM', 0, 0, 0, 2),
(45, 'FGUF02SF0015', '62313-BZ120-00', 'TRIM FR DOOR OPENING D80N ', 0, 0, 0, 2),
(46, 'FGUF02SF0018', '62333-BZ150-00', 'TRIM RR DOOR OPENING D80N ', 0, 0, 0, 2),
(47, 'FGUF02SF0019', '67881-BZ150-00', 'WEATHERSTRIP, BACK DOOR MODEL D80N', 0, 0, 0, 2),
(48, 'FGUF02SF0035', '62313-BZ121-00', 'TRIM, FR DOOR OPENING', 0, 0, 0, 2),
(49, 'FGUF02SF0036', '62314-BZ120-00', 'TRIM, FR DOOR OPENING LH', 0, 0, 0, 2),
(50, 'FGUF02SF0037', '62333-BZ071-00', 'TRIM, RR DOOR OPENING ', 0, 0, 0, 2),
(51, 'FGUF02SF0038', '62333-BZ151-00', 'TRIM, RR DOOR OPENING', 0, 0, 0, 2),
(52, 'FGUF02SF0052', '67881-BZ160-00', 'WEATHERSTRIP, BACK DOOR', 0, 0, 0, 2),
(53, 'FGUF02SF0053', '62333-BZ220-00', 'TRIM, RR DOOR OPENING', 0, 0, 0, 2),
(54, 'FGUF02SF0055', '62313-BZ180-00', 'TRIM, FR DOOR OPENING, RH', 0, 0, 0, 2),
(55, 'FGCR01EP0009', 'ZP5111', 'GROMMET', 0, 0, 0, 2),
(56, 'FGCR02EP0025', 'ZP2004CP*1', 'VENT TUBE ASSY', 0, 0, 0, 2),
(57, 'FGCR06EP0013', 'ZP3003*1', 'COVER', 0, 0, 0, 2),
(58, 'FGCR04NB0001', 'QI2GAU-KRNG18BK01', 'O-RING 18 X 3 (91307-035-0000)', 0, 0, 0, 2),
(59, 'FGIP04PV0015', 'QI2LSG-KGRMB5BK00', 'GROM HDLT CASE ( 61308-KBS-0000 )', 0, 0, 0, 2),
(60, 'FGIR08EP0002', 'QI4SFB-KMOQ40BK00', 'MOULDING QUARTER GARN RH 75553-0D040', 0, 0, 0, 2),
(61, 'FGIR08EP0004', 'QI4SFB-KMOQ40BK01', 'MOULDING QUARTER GARN LH 75554-0D040', 0, 0, 0, 2),
(62, 'FGPV01ID0002', 'QT2SEA-KWELVBBK00', 'WELT KVB 45 CM', 0, 0, 0, 2),
(63, 'FGPV01ID0004', 'QT2SEA-KWELTLBK00', 'WELT KTL 110 CM', 0, 0, 0, 2),
(64, 'FGPV01ID0007', 'QT2SEA-KWELWBBK00', 'WELT KWBF 98 CM', 0, 0, 0, 2),
(65, 'FGPV01ID0012', 'QT2SEA-KWEL16BR00', 'WELT 77200-K16G-A000-26 (BROWN)', 0, 0, 0, 2),
(66, 'FGPV01ID0013', 'QT2SEA-KWEL16BK00', 'WELT 77200-K16G-A000-26 (BLACK)', 0, 0, 0, 2),
(67, 'FGPV01ID0014', 'QT2SEA-KWEL46BK00', 'WELT REAR 77200-K46A-N000-27 115 CM', 0, 0, 0, 2),
(68, 'FGPV01ID0015', 'QT2SEA-KWEL46BK01', 'WELT FRONT 77200-K46A-N000-27 42 CM', 0, 0, 0, 2),
(69, 'FGUF02SF0063', '', 'PACKING ENGINE SERVISE HOLE COVER ', 0, 0, 0, 2),
(70, 'FGUF04ES0002', 'QT2SEA-KRBR61BK00', 'RUBBER SEAL ( 77115-K61A-9000 )', 0, 0, 0, 2),
(71, 'FGUF04SS0005', 'QT2SEA-RRBRWWBK00', 'RUBBER SEAL 77115-KWWM-6401-H1 ', 0, 0, 0, 2),
(72, 'FGUF04SS0007', 'QT2SEA-KRBRYZBK00', 'RUBBER SEAL (77115-KYZA-9000) ', 0, 0, 0, 2),
(73, 'FGUF04SS0008', 'QT2SEA-KRBRZLBK00', 'RUBBER SEAL 77115-KZLA-9301 ', 0, 0, 0, 2),
(74, 'FGUF04SS0010', 'QT2SEA-KRBRZRBK00', 'RUBBER SEAL 77115-KZRA-6001 ', 0, 0, 0, 2),
(75, 'FGUF04SS0011', 'QT2SEA-KRBR25BK00', 'RUBBER SEAL 77115-K25A-9000', 0, 0, 0, 2),
(76, 'FGUF04SS0012', 'QT2SEA-KRBR16BK00', 'RUBBER SEAL 77115-K16A-9000-H1', 0, 0, 0, 2),
(77, 'FGUF04SS0019', 'QI2SEA-KRBR1ABK00', 'RUBBER SEAL (77115-K41A-N000-H1)', 0, 0, 0, 2),
(78, 'FGUF04SS0035', 'QI2SEA-KRBR46BK00', 'RUBBER SEAL (77115-K46A-N000)', 0, 0, 0, 2),
(79, 'FGUF05ES0012', 'QI2HLC-KRBRWWBK00', 'RUBBER CUSHION 64341-KWWF-A000', 0, 0, 0, 2),
(80, 'FGUF05ES0014', 'QI4DOR-KSPC15BK00', 'SPACER 15 X 10 X 1.4', 0, 0, 0, 2),
(81, 'FGUF21CS0038', 'QI2ACL-KSELVYBK00', 'SEAL L COVER DUCT 19749-KVY-9000', 0, 0, 0, 2),
(82, 'FGUF21CS0085', 'QI2ACL-KSEL44BK00', 'SEAL DUCT 19748-K44F-V001', 0, 0, 0, 2),
(83, 'FGCR02EP0001', 'AB2MRR-KCLNVBBK00', 'CAP LOCK NUT (88114-KVB-9000)', 0, 0, 0, 2),
(84, 'FGCR02EP0015', 'AB2MRR-KCAPCJBK00', 'CAP MIRROR STAY (88114-KCJS-6600)', 0, 0, 0, 2),
(85, 'FGCR02EP0018', 'AI4OTH-KFLP10BK00', 'EPDM FLAP 74.9 X 32.4 X T 1.0 MM', 0, 0, 0, 2),
(86, 'FGCR03NP0001', 'AA2ACL-KTUDCWBK00', 'TUBE A/C DRAIN (17234-KCW-8710)', 0, 0, 0, 2),
(87, 'FGCR04AC0001', 'AI2GAU-KRNG18BK00', 'O-RING 18 X 3 (91307-KRM-8402) ', 0, 0, 0, 2),
(88, 'FGCR04NB0002', 'AI2GAU-KRNG18BK01', 'O-RING 18 X 3 (91307-035-0000)', 0, 0, 0, 2),
(89, 'FGCR06NB0002', 'AI4OTH-KGSK90BK00', 'GASKET 90430-37140', 0, 0, 0, 2),
(90, 'FGEM01CR0001', 'AA2ACL-KTURVBWH00', 'TUBE BREATHER (11211-KVB-9000)', 0, 0, 0, 2),
(91, 'FGEM01CR0009', 'AA2ACL-KTUR50GY00', 'TUBE MISSION BREATHER (11211-K50A-T000)', 0, 0, 0, 2),
(92, 'FGEM01TA0010', 'AI4ACL-KTUB25BK001', 'SUB ASSY TUBE K25G', 0, 0, 0, 2),
(93, 'FGEM01TA0011', 'AA2ACL-KTUR59BK00', 'SUB ASSY TUBE BREATHER A/C K59', 0, 0, 0, 2),
(94, 'FGIP02PV0001', 'AA2ACL-KDCTZRBK00', 'DUCT A/C (17215-KZRA-6002)', 0, 0, 0, 2),
(95, 'FGIP02PV0002', 'AB2MRR-KBOT04BK00', 'BOOT (YM01-120-004-100)', 0, 0, 0, 2),
(96, 'FGIP02PV0006', 'AA2ACL-KDCTKWBK00', 'DUCT AIR/C 17240-KWN-9800', 0, 0, 0, 2),
(97, 'FGIP06PE0001', 'AA2ACL-KTUB25BK00', 'SUB ASSY TUBE DRAIN K25G', 0, 0, 0, 2),
(98, 'FGIP06PE0003', 'AA2ACL-KTUB15BK02', 'SUB ASSY TUBE DRAIN K15G', 0, 0, 0, 2),
(99, 'FGIP06PE0004', 'AA2ACL-KTUB45BK00', 'SUB ASSY V-TUBE K45G', 0, 0, 0, 2),
(100, 'FGIP06PV0003', 'AA2ACL-KTUB40BK00', 'V TUBE 11 X 15 X 40 (17227-KYY-9000)', 0, 0, 0, 2),
(101, 'FGIR01NP0005', 'AA2ACL-KTUBN3BK00', 'TUBE A/C CONN (17253-K03S-N300)', 0, 0, 0, 2),
(102, 'FGIR01NP0008', 'AA2ACL-KTUB1ABK00', 'TUBE A/C CONN (17253-K41A-N000)', 0, 0, 0, 2),
(103, 'FGIR01NP0009', 'AA2ACL-KTUB50BK00', 'TUBE AIR/C CONN 17253-K50A-T001', 0, 0, 0, 2),
(104, 'FGIR01NP0011', 'AA2ACL-KTUB59BK00', 'TUBE AIR/C CONN 17253-K59A-A102', 0, 0, 0, 2),
(105, 'FGIR02NP0002', 'AA2ACL-KDCT15BK00', 'DUCT AIR/C (17240-K18A-9001)', 0, 0, 0, 2),
(106, 'FGIR02NP0005', 'AA2ACL-KDCT45BK00', 'DUCT INLET 17240-K45G-N400', 0, 0, 0, 2),
(107, 'FGPV02RL0005', 'AA2ACL-KTUDFMBK00', 'TUBE DRAIN (17261-KVB-T000)', 0, 0, 0, 2),
(108, 'FGPV02RL0006', 'AA2ACL-KTUBTENT00', 'V-TUBE 11 X 15 X 40 (17227-KTE-9100 )', 0, 0, 0, 2),
(109, 'FGUF04SS0003', 'AT2SEA-KRBRVBBK00', 'RUBBER SEAL 77115- KVB-9000', 0, 0, 0, 2),
(110, 'FGUF04SS0006', 'AT2SEA-KRBRYZBK00', 'RUBBER SEAL 77115-KYZA-9000 ', 0, 0, 0, 2),
(111, 'FGUF04SS0017', 'AT2SEA-KRBRZLBK00', 'RUBBER SEAL 77115-KZLA-9301 ', 0, 0, 0, 2),
(112, 'FGUF04SS0039', 'AT2SEA-KRBRWBBK00', 'RUBBER SEAL 77115-KWB-6000', 0, 0, 0, 2),
(113, 'FGUF18SR0248', 'AB4MRR-KFNS71BK00', 'FINISHER 471-100P-014 ', 0, 0, 0, 2),
(114, 'FGUF21CS0016', 'AA2ACL-KSELWBBK01', 'SEAL A/C COVER (17213-KWB-6000)', 0, 0, 0, 2),
(115, 'FGUF21CS0023', 'AA2ACL-KSELYZBK01', 'SEAL A/C COVER (17213-KYZA-9002)', 0, 0, 0, 2),
(116, 'FGUF21CS0025', 'AA2ACL-KSELZRBK00', 'SEAL A/C (17213-KZRA-6001)', 0, 0, 0, 2),
(117, 'FGUF21CS0027', 'AI2ACL-KSEL16BK00', 'SEAL A/C (17213-K16A-9000)', 0, 0, 0, 2),
(118, 'FGUF21CS0028', 'AA2ACL-KSEL15BK00', 'SEAL A/C  (17213-K15A-9001) ', 0, 0, 0, 2),
(119, 'FGUF21CS0030', 'AA2ACL-KSEL18BK00', 'SEAL A/C CASE (17215-K18A-9001)', 0, 0, 0, 2),
(120, 'FGUF21CS0031', 'AA2ACL-KSEL18BK01', 'SEAL A/C COVER (17214-K18A-9001) ', 0, 0, 0, 2),
(121, 'FGUF21CS0036', 'AA2ACL-KSELWBBK02', 'SEAL A/C CASE (17214-KWB-6000)', 0, 0, 0, 2),
(122, 'FGCR06EP0010', 'NEOILP-CGSKT26KWN', 'GASKET WATER PUMP COVER (19226-KWN-9000)', 0, 0, 0, 2),
(123, 'FGCR06NB0004', 'NECRCS-CGPUM26K56', 'GASKET WATER PUMP (19226-K56A-N010)', 0, 0, 0, 2),
(124, 'FGEM01CR0018', 'NECRCS-CTUBE15300', 'TUBE WATER DRAIN (11336-K15G-9300)', 0, 0, 0, 2),
(125, 'FGIR05NB0002', 'NECRCS-CRUBB34K56', 'RUBBER R COVER (11334-K56A-N000)', 0, 0, 0, 2),
(126, 'FGCR01EP0015', '18421-KE8-0000', 'RUBBER MUFFLER MOUNT', 0, 0, 0, 2),
(127, 'FGCR06EP0001', 'JI4OTH-KCSNSWCH00', 'CUSHION SPARE WHEEL CARRIER HI', 0, 0, 0, 2),
(128, 'FGPV17SK0003', 'PV002', 'LIST 805 ATAS', 0, 0, 0, 2),
(129, 'FGPV17SK0051', '', 'LIST C 900-1', 0, 0, 0, 2),
(130, 'FGPV17SK0052', 'PV090', 'LIST TH 02', 0, 0, 0, 2),
(131, 'FGPV17SK0092', '', 'LIST XB', 0, 0, 0, 2),
(132, 'FGPV17SK0149', '', 'LIST NT', 0, 0, 0, 2),
(133, 'FGPV17SK0177', '', 'LIST BUBBLE BLACK 1 ', 0, 0, 0, 2),
(134, 'FGUF03ES0149', '', 'TRIM SPONGE HELM PDR 28 CM', 0, 0, 0, 2),
(135, 'FGUF03ES0152', '', 'TRIM SPONGE HELM P = 31 CM', 0, 0, 0, 2),
(136, 'ASTL01TP0613', '', 'MOULDING PROTECTOR RUBBER FINISHER', 0, 0, 0, 2),
(137, 'FGCR01EP0003', '', 'GROMMET LURUS BESAR', 0, 0, 0, 2),
(138, 'FGIR07AS0001', '1FC-H2131-00', 'BAND BATTERY', 0, 0, 0, 2),
(139, 'FGPV16RJ0005', '', 'TUBE CLEAR 7 X 11 MM (L=49 MM) ', 0, 0, 0, 2),
(140, 'FGCR01EP0007', '18421-KBA-9000', 'RUBBER MUFF MOUNT', 0, 0, 0, 2),
(141, 'FGCR02EP0007', '002-C40-041B', 'BOOT B (CALIPER R2 ALL TYPE)', 0, 0, 0, 2),
(142, 'FGCR02EP0010', '009-Z51-015A', 'CAP BLEEDER SCREW', 0, 0, 0, 2),
(143, 'FGCR02EP0013', '53186-GBL-8700', 'COVER RR BRK LOCK LEVER', 0, 0, 0, 2),
(144, 'FGCR02EP0020', '002-C49-011A', 'BUSH BOOT (CALIPER R2 ALL TYPE)', 0, 0, 0, 2),
(145, 'FGIR10EP0006', '50610-K15-9000', 'RUBBER MAIN STEP K45G', 0, 0, 0, 2),
(146, 'FGPV17SE0017', '', 'EDGING LIST 23.5 X 2400 MM (PV157)', 0, 0, 0, 2),
(147, 'FGPV17SE0018', '', 'EDGING LIST 23.5 X 3600 MM (PV157)', 0, 0, 0, 2),
(148, 'FGPV16RN0009', '72219-X7A00', 'DUMPER', 0, 0, 0, 2),
(149, 'FGPV17SK0141', '', 'LIST BEMPER U PV134', 0, 0, 0, 2),
(150, 'FGUF01ES0167', '', 'SPONGE 3 MM X 450 MM ', 0, 0, 0, 2),
(151, 'FGUF01ES0168', '', 'SPONGE 3MM X 390 MM ', 0, 0, 0, 2),
(152, 'FGUF01ES0169', '', 'SPONGE FGL 8085 ', 0, 0, 0, 2),
(153, 'FGUF03ES0155', '', 'SPONGE SIGNAL LENS HINO LOUHAN  130 MM (F142)', 0, 0, 0, 2),
(154, 'FGCR01CE0002', '32411-MEW-9200', 'COVER ST MOTOR', 0, 0, 0, 2),
(155, 'FGPV16BB0002', 'EL-183A-B', 'TUBE D3X4', 0, 0, 0, 2),
(156, 'FGPV16RF0003', 'EL-151A-B', 'TUBE D12 X 14', 0, 0, 0, 2),
(157, 'FGPV16RF0005', 'EL-151A-B', 'TUBE D14 X 16 ', 0, 0, 0, 2),
(158, 'FGPV16RF0007', 'EL-151A-B', 'TUBE D16 X 18', 0, 0, 0, 2),
(159, 'FGPV16RF0008', 'EL-151A-B', 'TUBE D16 X 17 ', 0, 0, 0, 2),
(160, 'FGPV16RF0013', 'EL-151A-B', 'TUBE D18 X 20', 0, 0, 0, 2),
(161, 'FGPV16RF0054', 'EL-151A-B', 'TUBE D11 X 13', 0, 0, 0, 2),
(162, 'FGPV16RF0082', 'EL-151A-B', 'TUBE D14 X 15', 0, 0, 0, 2),
(163, 'FGCR01EP0002', 'CE-GR-1201-001', 'GROMMET', 0, 0, 0, 2),
(164, 'FGCR01EP0010', 'CE-GR-1401-02', 'GROMMET', 0, 0, 0, 2),
(165, 'FGCR02CR0006', '45451-GR1-7501-H1', 'CAP BOOT BRK CABLE', 0, 0, 0, 2),
(166, 'FGCR02CR0007', '77249-K04-9300-H1', 'SEAL, WATER', 0, 0, 0, 2),
(167, 'FGCR02CR0008', '45451-KEY-7002-H1', 'BOOT FR BRK CABLE CAP', 0, 0, 0, 2),
(168, 'FGCR02CR0009', '43441-K60A-B000-H1', 'SEAL BRK CABLE', 0, 0, 0, 2),
(169, 'FGCR05EP0001', '44880-GFC-9000-H1', 'HOLDER A END PIECE ', 0, 0, 0, 2),
(170, 'FGUF05EP0125', 'CE-CV-1401-01', 'PROTECTOR (5.2X8.2X50)', 0, 0, 0, 2),
(171, 'FGUF05EP0138', 'CE-CV-1402-01', 'PROTECTOR (5.2X8.2X300)', 0, 0, 0, 2),
(172, 'FGCR05CR0001', '181J-J0001', 'INS TERMINAL 32115-KYZA-9000', 0, 0, 0, 2),
(173, 'FGIP04PV0011', '220F-00034', 'COVER 32103-K27-V000-H1', 0, 0, 0, 2),
(174, 'FGIP04PV0013', '210F-00161', 'COVER 32106-K03-N300-H1', 0, 0, 0, 2),
(175, 'FGIR10EP0001', '210F-00159', 'COVER 32108-K59A-A100-H1', 0, 0, 0, 2),
(176, 'FGPV16IT0007', '171L-0000E', 'TUBE VO-GY D9X10', 0, 0, 0, 2),
(177, 'FGPV16RF0026', '172B-0420B', 'TUBE VO-B D18X20X420 CP', 0, 0, 0, 2),
(178, 'FGPV16RF0030', '17A9-0465B', 'TUBE VO-B D10X12X465 (EL067B)', 0, 0, 0, 2),
(179, 'FGPV16RF0036', '17A9-0385B', 'TUBE VO-B D10X12X385 (EL067B)', 0, 0, 0, 2),
(180, 'FGPV16RF0039', '17A9-0455B', 'TUBE VO-B D10X12X455 (EL067B)', 0, 0, 0, 2),
(181, 'FGPV16RF0058', '172H-0400B', 'TUBE VO-B D9X11X400 (EL067B)', 0, 0, 0, 2),
(182, 'FGPV16RF0059', '172E-0000B', 'TUBE VO-B D20X22', 0, 0, 0, 2),
(183, 'FGPV16RF0064', '172J-0000B', 'TUBE VO-B D7X8 CP', 0, 0, 0, 2),
(184, 'FGPV16RF0066', '172P-0000B', 'TUBE VO-B D4 X 5 CP', 0, 0, 0, 2),
(185, 'FGPV16RF0067', '17A9-0555B', 'TUBE VO-B D10X12X555 (EL067B)', 0, 0, 0, 2),
(186, 'FGPV16RF0068', '1724-0490B', 'TUBE VO-B D9X11X490 (EL067B)', 0, 0, 0, 2),
(187, 'FGPV16RF0070', '171I-0000B', 'TUBE VO-B D8X9 CP', 0, 0, 0, 2),
(188, 'FGPV16RF0071', '1724-0365B', 'TUBE VO-B D9X11X365 (EL067B)', 0, 0, 0, 2),
(189, 'FGPV16RF0073', '171V-0000B', 'TUBE VO-B D12X14 CP', 0, 0, 0, 2),
(190, 'FGPV16RF0074', '17A9-0410B', 'TUBE VO-B D10X12X410 (EL067B)', 0, 0, 0, 2),
(191, 'FGPV16RF0088', '172G-0000B', 'TUBE VO-B D16X17 CP', 0, 0, 0, 2),
(192, 'FGCR02EP0026', '', 'CAP LOCK NUT 88114-KVB-9000', 0, 0, 0, 2),
(193, 'FGPV17SK0001', '', 'LIST DH 300', 0, 0, 0, 2),
(194, 'FGPV17SK0024', '', 'LIST YMH MX', 0, 0, 0, 2),
(195, 'FGPV17SK0104', '', 'LIST BMC JAZZ', 0, 0, 0, 2),
(196, 'FGPV17SK0165', '', 'LIST 805 ATAS', 0, 0, 0, 2),
(197, 'FGPV17SK0166', '', 'LIST 802 ATAS', 0, 0, 0, 2),
(198, 'FGCR02NB0001', 'CUP0007-00', 'CUP P330670-7810', 0, 0, 0, 2),
(199, 'FGCR06NB0001', 'PCE0107-00', 'P/E 058243-10730 CKD', 0, 0, 0, 2),
(200, 'FGPV16RN0006', 'PIK0021-00', 'CLEAR TUBE 275267-5010 ', 0, 0, 0, 2),
(201, 'FGUF03ES0153', 'GSK0001-00', 'GASKET 112004-3100', 0, 0, 0, 2),
(202, 'FGUF03ES0154', 'PCE0074-00', 'P/E 112004-3111', 0, 0, 0, 2),
(203, 'FGUF07ES0137', 'GSK0007-00', 'GASKET A 058294-01750', 0, 0, 0, 2),
(204, 'FGUF10EP0427', 'PCE0266-00', 'PACKING ELEMENT 110034-3100', 0, 0, 0, 2),
(205, 'FGCR02EP0003', '20006281', 'CAP RESERVE TANK', 0, 0, 0, 2),
(206, 'FGCR04NB0003', '20004466', 'O RING 18 X 3 (PART AHM)', 0, 0, 0, 2),
(207, 'FGEM01TP0009', '20010037', 'TUBE DRAIN RESERVE (19112-K59A-A101)', 0, 0, 0, 2),
(208, 'FGEM01TP0011', '20010534', 'HOSE RESERVE TANK (19118-K59A-A101 )+ CLIP', 0, 0, 0, 2),
(209, 'FGUF07ES0133', '20006997', 'SEAL FENDER RR INNER (8018-KZRA-6001)', 0, 0, 0, 2),
(210, 'ASTL01TP0616', '', 'TOOLING COST - ROLLER HOSE D.73 X D.61 X 600', 0, 0, 0, 2),
(211, 'FGUF05EP0184', '', 'ROLLER HOSE D. 73 X D. 61 X 600', 0, 0, 0, 2),
(212, 'FGPV17SK0135', 'PV032', 'LIST 802 ATAS', 0, 0, 0, 2),
(213, 'FGPV17SK0146', 'PV 035_3', 'LIST Y-MX ATAS', 0, 0, 0, 2),
(214, 'FGCR01CR0002', 'BN1-81518-00', 'GROMMET', 0, 0, 0, 2),
(215, 'FGCR01NB0001', 'TR0-E2218-0000-D', 'GROMMET', 0, 0, 0, 2),
(216, 'FGCR02EP0012', 'YS201-701', 'CAP', 0, 0, 0, 2),
(217, 'FGCR05CR0002', ' 861AP30PS ', 'RUBBER BUSHING', 0, 0, 0, 2),
(218, 'FGCR05CR0004', 'KAN-20503-4000', 'COVER SWITCH', 0, 0, 0, 2),
(219, 'FGCR05EP0006', '99302-22002', 'BUSHING', 0, 0, 0, 2),
(220, 'FGCR05EP0011', '861AP100WYCO-11', 'RUBBER BUSHING ', 0, 0, 0, 2),
(221, 'FGCR05EP0014', '99301-39001', 'BUSHING', 0, 0, 0, 2),
(222, 'FGCR05EP0015', '22018-18690', 'BUSHING', 0, 0, 0, 2),
(223, 'FGCR05EP0018', '99302-22006', 'BUSHING', 0, 0, 0, 2),
(224, 'FGCR05EP0019', '22078-17307', 'BUSHING', 0, 0, 0, 2),
(225, 'FGCR05EP0021', '10048-18559', 'BUSHING', 0, 0, 0, 2),
(226, 'FGCR05EP0026', '11069-18885', 'SOCKET COVER', 0, 0, 0, 2),
(227, 'FGCR05SI0001', '99241-50207', 'SOCKET PLUG', 0, 0, 0, 2),
(228, 'FGCR05SI0004', '21028-17601', 'SOCKET PLUG', 0, 0, 0, 2),
(229, 'FGCR05SI0005', '4775326000', 'SKT-BLB-BYNT/W2.1-9.5D/101  (BLACK)', 0, 0, 0, 2),
(230, 'FGCR05SI0008', '99241-50258', 'SOCKET PLUG GRAY', 0, 0, 0, 2),
(231, 'FGCR06EP0008', '5182077000', 'CVR-SKT-WR-SL/204', 0, 0, 0, 2),
(232, 'FGCR06EP0012', '99224-25001', 'GASKET', 0, 0, 0, 2),
(233, 'FGIP03PV0001', '32406-KYE-9000', 'COVER ST MAG B R/L', 0, 0, 0, 2),
(234, 'FGIP04PV0004', 'KEV-20503-4200', 'COVER SWITCH', 0, 0, 0, 2),
(235, 'FGIP04PV0005', '03K-20632-4000-KS', 'COVER CONNECTOR ', 0, 0, 0, 2),
(236, 'FGIP04PV0006', '32108-KTW-B000', 'COVER START SW', 0, 0, 0, 2),
(237, 'FGIP04PV0007', '32108-GW6-7000', 'COVER CONECTOR', 0, 0, 0, 2),
(238, 'FGIP04PV0009', 'KZL-20632-4400', 'COVER COUPLER,CLEAR', 0, 0, 0, 2),
(239, 'FGIP04PV0016', '32107-KTW-B000', 'COVER DIMMER & ENG STOP SW', 0, 0, 0, 2),
(240, 'FGIP04PV0017', '45K-20632-4100-D', 'COVER COUPLER (250 4P) ', 0, 0, 0, 2),
(241, 'FGIP04PV0019', '32103-K44-V000-H1', 'COVER CONNECTOR CLEAR', 0, 0, 0, 2),
(242, 'FGIP04PV0020', '32110-K01-9300-H1', 'COVER IDLE SWITCH', 0, 0, 0, 2),
(243, 'FGIP04PV0021', '32102-GE2-0000', 'COVER SEAL', 0, 0, 0, 2),
(244, 'FGIP04PV0022', '32413-KGH-9000', 'COVER BATTERY TERMINAL RED', 0, 0, 0, 2),
(245, 'FGIP04PV0023', '32106-K81A-N000-H1', 'COVER WINKER SW', 0, 0, 0, 2),
(246, 'FGIP04PV0025', '32107-K81A-N000-H1', 'COVER DIMMER & ENG STOP SW', 0, 0, 0, 2),
(247, 'FGPV16BD0003', '', 'EVT105-EL089, BLACK, 5.0 X 6.0', 0, 0, 0, 2),
(248, 'FGPV16BG0002', '', 'EVT105-EL108, BLACK, 6.0X8.0', 0, 0, 0, 2),
(249, 'FGPV16BG0003', '', 'EVT105-EL108, BLACK, 9.0X11.0', 0, 0, 0, 2),
(250, 'FGPV16BH0002', '', 'EVTT-EL067, 20 X 22, BLACK', 0, 0, 0, 2),
(251, 'FGPV16BH0003 ', '', 'EVTT-EL067, 11 X 13, BLACK', 0, 0, 0, 2),
(252, 'FGPV16BH0007', '', 'EVTT-EL067, 18 X 20, BLACK', 0, 0, 0, 2),
(253, 'FGPV16BH0008', '', 'EVTT-EL067, 14 X 15, BLACK', 0, 0, 0, 2),
(254, 'FGPV16BH0011', '', 'EVTT-EL067, 12 X 14, BLACK', 0, 0, 0, 2),
(255, 'FGPV16BH0012', '', 'EVTT-EL067, BLACK, 7.0X8.0', 0, 0, 0, 2),
(256, 'FGPV16BH0013', '', 'EVTT-EL067, BLACK, 9.0X11.0', 0, 0, 0, 2),
(257, 'FGPV16BH0014', '', 'EVTT-EL067, BLACK, 10.0X11.0', 0, 0, 0, 2),
(258, 'FGPV16BH0015', '', 'EVTT-EL067, BLACK, 10.0X12.0', 0, 0, 0, 2),
(259, 'FGPV16BH0016', '', 'EVTT-EL067, BLACK, 11.0X13.0', 0, 0, 0, 2),
(260, 'FGPV16BH0017', '', 'EVTT-EL067, BLACK, 12.0X14.0', 0, 0, 0, 2),
(261, 'FGPV16BH0018', '', 'EVTT-EL067, BLACK, 13.0X15.0', 0, 0, 0, 2),
(262, 'FGPV16BH0019', '', 'EVTT-EL067, BLACK, 12.0X13.0', 0, 0, 0, 2),
(263, 'FGPV16BH0020', '', 'EVTT-EL067, BLACK, 16.0X17.0', 0, 0, 0, 2),
(264, 'FGPV16BH0021', '', 'EVTT-EL067, BLACK, 5.0X6.0', 0, 0, 0, 2),
(265, 'FGPV16BH0023', '', 'EVTT-EL067, BLACK, 9.0X10.0', 0, 0, 0, 2),
(266, 'FGPV16BH0024', '', 'EVTT-EL067, BLACK, 8.0X9.0', 0, 0, 0, 2),
(267, 'FGPV16BH0025', '', 'EVTT-EL067, BLACK, 14.0X16.0', 0, 0, 0, 2),
(268, 'FGPV16BH0026', '', 'EVTT-EL067, 13 X 14, BLACK', 0, 0, 0, 2),
(269, 'FGPV16BH0030', '', 'EVTT-EL067, BLACK, 14.0X15.0', 0, 0, 0, 2),
(270, 'FGPV16BH0031', '', 'EVTT-EL067, BLACK, 7.0X9.0', 0, 0, 0, 2),
(271, 'FGPV16BH0034', '', 'EVTT-EL067, 6 X 7, BLACK', 0, 0, 0, 2),
(272, 'FGPV16IT0001', '', 'EVT-ET015, CLEAR, 6.0X7.0', 0, 0, 0, 2),
(273, 'FGPV16IT0002', '', 'EVT-ET015, CLEAR, 5.5X6.5', 0, 0, 0, 2),
(274, 'FGPV16IT0005', '', 'EVT-ET015, CLEAR, 6.5X8.5', 0, 0, 0, 2),
(275, 'FGPV16IT0006', '', 'EVT-ET015, CLEAR, 7.0X8.0', 0, 0, 0, 2),
(276, 'FGPV16IT0009', '', 'EVT-ET015, 6.0 X 7.0, GREY', 0, 0, 0, 2),
(277, 'FGPV16IT0017', '', 'EVT-ET015, CLEAR, 8.0 X 9.0', 0, 0, 0, 2),
(278, 'FGPV16IT0019', '', 'EVT-ET015, CLEAR, 6.5X7.5', 0, 0, 0, 2),
(279, 'FGPV16RD0001', '', 'EVT-EL054, BLACK, 4.0X5.0', 0, 0, 0, 2),
(280, 'FGPV16RD0003', '', 'EVT-EL054, BLACK, 7.0X9.0', 0, 0, 0, 2),
(281, 'FGPV16RD0006', '', 'EVT-EL054, BLACK, 12.0X13.0', 0, 0, 0, 2),
(282, 'FGPV16RD0032', '', 'EVT-EL054, BLACK, 6.0X7.0', 0, 0, 0, 2),
(283, 'FGPV16RD0033', '', 'EVT-EL054, BLACK, 8.0X9.0', 0, 0, 0, 2),
(284, 'FGPV16RD0035', '', 'EVT-EL054, BLACK, 11.0X12.0', 0, 0, 0, 2),
(285, 'FGPV16RD0039', '', 'EVT-EL054, BLACK, 16.0X17.0 ', 0, 0, 0, 2),
(286, 'FGPV16RD0041', '', 'EVT-EL054, BLACK, 3.0X4.0', 0, 0, 0, 2),
(287, 'FGPV16RD0042', '', 'EVT-EL054, BLACK, 3.5X4.5 ', 0, 0, 0, 2),
(288, 'FGPV16RD0043', '', 'EVT-EL054, BLACK, 4.5X5.5', 0, 0, 0, 2),
(289, 'FGPV16RD0044', '', 'EVT-EL054, BLACK, 5.0X6.0 ', 0, 0, 0, 2),
(290, 'FGPV16RD0045', '', 'EVT-EL054, BLACK, 5.5X6.3', 0, 0, 0, 2),
(291, 'FGPV16RD0046', '', 'EVT-EL054, BLACK, 5.5X6.5', 0, 0, 0, 2),
(292, 'FGPV16RD0047', '', 'EVT-EL054, BLACK, 6.5X7.5 ', 0, 0, 0, 2),
(293, 'FGPV16RD0048', '', 'EVT-EL054, BLACK, 7.5X8.5', 0, 0, 0, 2),
(294, 'FGPV16RD0050', '', 'EVT-EL054, BLACK, 9.0X11.0', 0, 0, 0, 2),
(295, 'FGPV16RD0059', '', 'EVT-EL054, RED, 3.0X4.0', 0, 0, 0, 2),
(296, 'FGPV16RD0061', '', 'EVT-EL054, BLACK, 6.0X8.0', 0, 0, 0, 2),
(297, 'FGPV16RD0062', '', 'EVT-EL054, 10 X 11.2, BLUE', 0, 0, 0, 2),
(298, 'FGPV16RD0063', '', 'EVT-EL054, 8.0 X 9.0, BLACK', 0, 0, 0, 2),
(299, 'FGPV16RD0066', '', 'EVT-EL054, 10 X 11.2, GREY', 0, 0, 0, 2),
(300, 'FGPV16RD0067', '', 'EVT-EL054, 8.0 X 9.0, BLUE', 0, 0, 0, 2),
(301, 'FGPV16RD0068', '', 'EVT-EL054, 5.0  X 6.0, GREEN ', 0, 0, 0, 2),
(302, 'FGPV16RD0069', '', 'EVT-EL054, BLACK, 10.0X12.0', 0, 0, 0, 2),
(303, 'FGPV16RD0071', '', 'EVT-EL054, 6.0 X 7.0, BLACK', 0, 0, 0, 2),
(304, 'FGPV16RD0072', '', 'EVT-EL054, 10 X 11.2, BROWN', 0, 0, 0, 2),
(305, 'FGPV16RD0075', '', 'EVT-EL054, 7.0 X 8.0, BLACK', 0, 0, 0, 2),
(306, 'FGPV16RD0076', '', 'EVT-EL054, 10 X 11.2, GREEN', 0, 0, 0, 2),
(307, 'FGPV16RD0078', '', 'EVT-EL054, 5.0 X 6.0, BLACK', 0, 0, 0, 2),
(308, 'FGPV16RD0082', '', 'EVT-EL054, 5.0 X 6.0, BLUE', 0, 0, 0, 2),
(309, 'FGPV16RD0084', '', 'EVT-EL054, 6 X 7, DARK GREEN', 0, 0, 0, 2),
(310, 'FGPV16RD0088', '', 'EVT-EL054, 14 X 15.2, DARKGREEN', 0, 0, 0, 2),
(311, 'FGPV16RD0095', '', 'EVT-EL054, BLUE, 7.0X8.0', 0, 0, 0, 2),
(312, 'FGPV16RD0101', '', 'EVT-EL054, 3 X 4, RED', 0, 0, 0, 2),
(313, 'FGPV16RD0108', '', 'EVT-EL054, BLACK, 7.0X8.0', 0, 0, 0, 2),
(314, 'FGPV16RD0109', '', 'EVT-EL054, BLACK, 9.0X10.0', 0, 0, 0, 2),
(315, 'FGPV16RD0110', '', 'EVT-EL054, BLACK, 10.0X11.0', 0, 0, 0, 2),
(316, 'FGPV16RD0113', '', 'EVT-EL054, BLACK, 20.0X22.0', 0, 0, 0, 2),
(317, 'FGPV16RD0114', '', 'EVT-EL054, 14  X 15,2, YELLOW', 0, 0, 0, 2),
(318, 'FGPV16RD0115', '', 'EVT-EL054, 14 X 15,2 X GREEN', 0, 0, 0, 2),
(319, 'FGPV16RD0116', '', 'EVT-EL054, BLACK, 18.0 X 20.0', 0, 0, 0, 2),
(320, 'FGPV16RD0117', '', 'EVT-EL054, RED, 4.0 X 5.0', 0, 0, 0, 2),
(321, 'FGCR04AC0002', '63NUT090-2', 'O-RING 18 X 3 (91307-KRM-8400)', 0, 0, 0, 2),
(322, 'FGUF21CS0035', '63NUT159-', 'SEAL DUCT (13748-K44F-V001)', 0, 0, 0, 2),
(323, 'FGUF21CS0106', '63NUT170-', 'SEAL DUCT ( 19748-KZR-6000 )', 0, 0, 0, 2),
(324, 'FGCR04NB0006', '63NUT013-2', 'O-RING 18 X 3 (91307-035-0000)', 0, 0, 0, 2),
(325, 'FGCR07NP0001', '63NUT130-2', 'RUBBER FUEL SEAL (17527-KZR-6000)', 0, 0, 0, 2),
(326, 'FGCR09EP0002', '63NUT133-2', 'RUBBER SIDE 83545-KCJ-6900', 0, 0, 0, 2),
(327, 'FGPV16IF0003', '63NUT172-', 'TUBE DRAIN ( 17526-K59A-A100 )', 0, 0, 0, 2),
(328, 'FGUF21CS0018', '63NUT-149-', 'SEAL L COVER DUCT (19749-KVY-9000)', 0, 0, 0, 2),
(329, 'ASTL03XX0513', '74145-TSAA-A000', 'MAL CUTTING PROTECTOR A D8 X 40 X D.14', 0, 0, 0, 2),
(330, 'FGUF06ES0019', 'OPTOAD00700001NH ', 'PROTECTOR A D.7 X 50 X D.14', 0, 0, 0, 2),
(331, 'FGUF06ES0020', 'OPT00D00500001NH ', 'PROTECTOR A D.5 X 35 X D.11 ', 0, 0, 0, 2),
(332, 'FGUF06ES0022', 'OPTOAD00800003NN ', 'PROTECTOR A D.8 X 50 X D.14', 0, 0, 0, 2),
(333, 'FGUF06ES0027', 'OPTOAD00800002NN ', 'PROTECTOR A D8 X 40 X D14', 0, 0, 0, 2),
(334, 'FGPV17SK0053', 'PV093', 'GASKET JENDELA HDP A', 0, 0, 0, 2),
(335, 'FGPV17SK0056', '16.01.09', 'GASKET PV 096 (PVC 75) @100 M', 0, 0, 0, 2),
(336, 'FGPV17SK0070', '', 'GASKET PV123', 0, 0, 0, 2),
(337, 'FGPV17SK0071', '', 'GASKET PV124 (PVC 75)', 0, 0, 0, 2),
(338, 'FGPV17SK0072', 'PV125', 'GASKET (PVC 75) @100 M', 0, 0, 0, 2),
(339, 'FGPV17SK0173', '', 'GASKET KARET JOINT BELAGIO (PVC 75) @100M', 0, 0, 0, 2),
(340, 'FGCR05EP0027', '11069-18885', 'SOCKET COVER', 0, 0, 0, 2),
(341, 'FGJP18EP0194', 'ASH 014 B', 'II 230X62X230 KIRI LUAR PANEL TINGGI', 0, 0, 0, 2),
(342, 'FGJP18EP0195', 'ASH 014 B', 'II 230X69XX230 KIRI DALAM PANEL TINGGI', 0, 0, 0, 2),
(343, 'FGJP18EP0196', 'ASH 014 B', 'II 230X62X230 KANAN LUAR PANEL TINGGI', 0, 0, 0, 2),
(344, 'FGJP18EP0197', 'ASH 014 B', 'II 230X69X230 KANAN DALAM PANEL TINGGI', 0, 0, 0, 2),
(345, 'FGJP18EP0198', 'ASH 014 B', 'II 275X71X275 BELAKANG LUAR PANEL TINGGI', 0, 0, 0, 2),
(346, 'FGJP18EP0199', 'ASH 014 B', 'II 275X79X275 BELAKANG DALAM PANEL TINGGI', 0, 0, 0, 2),
(347, 'FGJP18EP0213', 'ASH 014 B', 'IV 146X71 EMERGENCY LUAR PANEL TINGGI', 0, 0, 0, 2),
(348, 'FGJP18EP0214', 'ASH 014 B', 'IV 153X79 EMERGENCY DALAM PANEL TINGGI', 0, 0, 0, 2),
(349, 'FGJP18EP0218', 'SR-043 S', 'SGM 10 MM II.262X548', 0, 0, 0, 2),
(350, 'FGJP18EP0219', 'SR-043 S', 'SGM 10 MM IV.243X153X269X153', 0, 0, 0, 2),
(351, 'FGJP18EP0220', 'SR-043 S', 'SGM 10 MM IV.170X232X170X261', 0, 0, 0, 2),
(352, 'FGJP18EP0221', 'ASH-016', 'SIKU IV. UK.171X232X171X261-AP-08', 0, 0, 0, 2),
(353, 'FGJP18EP0225', 'ASH-016', 'SIKU IV UK.108X259X108X259 ', 0, 0, 0, 2),
(354, 'FGJP18EP0226', 'ASH-016', 'IV UK. 84 X 222 X 84 X 255', 0, 0, 0, 2),
(355, 'FGJP18EP0227', '', 'ASH-016 - IV UK. 137 X 222 X 137 X 255', 0, 0, 0, 2),
(356, 'FGJP18EP0229', '', 'SGM 10 MM IV 232/258 X 153', 0, 0, 0, 2),
(357, 'FGJP18EP0231', 'SR-043 S', 'SGM 10 MM IV. 144 X 206 X 144 X 224', 0, 0, 0, 2),
(358, 'FGJP18EP0232', 'ASH-016', 'IV 141 X 188 X 141 X 208', 0, 0, 0, 2),
(359, 'FGPV07RH0003', 'PE-001', 'PROTEKTOR ENGKEL', 0, 0, 0, 2),
(360, 'FGUF02SF0033', 'PD-001', 'PROTEKTOR DOUBLE', 0, 0, 0, 2),
(361, 'FGUF08EP0020', 'SR-368T', 'PNEUMATIK L = 240 MM', 0, 0, 0, 2),
(362, 'FGUF08EP0044', 'ASH-003 A', 'PNEUMATIK BESAR 180 ', 0, 0, 0, 2),
(363, 'FGUF08EP0045', 'ASH-003 A', 'PNEUMATIK BESAR @ 90 CM ', 0, 0, 0, 2),
(364, 'FGUF08EP0046', 'ASH-003 B', '230 BIBIR BELAKANG', 0, 0, 0, 2),
(365, 'FGUF08EP0049', 'ASH-003 C', '250 BIBIR DEPAN', 0, 0, 0, 2),
(366, 'FGUF08EP0069', 'ASH-025', 'PENEMATIK KHUSUS ASAHI', 0, 0, 0, 2),
(367, 'FGUF11EP0201', 'SR-199T', 'STOPPER SAYAP', 0, 0, 0, 2),
(368, 'FGUF11EP0516', 'SR-054 T', 'PENEUMATIK COAK', 0, 0, 0, 2),
(369, 'FGUF11EP0551', 'SR-268 T', 'LIST BODY PENDEK @ 50 MTR', 0, 0, 0, 2),
(370, 'FGUF18SR0249', 'SR-040 S', 'S GOT SINTETIS ASAHI', 0, 0, 0, 2),
(371, 'FGUF18SR0250', 'SR-037 S', 'COLT RATA KECIL', 0, 0, 0, 2),
(372, 'FGUF18SR0256', 'SR-043 S', 'SGM 10MM II.220X464', 0, 0, 0, 2),
(373, 'FGUF18SR0261', 'SR-043 S', 'SGM 10 MM II. 261X529', 0, 0, 0, 2),
(374, 'FGUF18SR0270', 'SR-043 S', 'SGM 10 MM II.237X485', 0, 0, 0, 2),
(375, 'FGUF22EP0009', 'SR-043 S', 'SGM 10 MM @ 50 MTR', 0, 0, 0, 2),
(376, 'FGCR02CR0003', 'AK20314R0', 'COVER', 0, 0, 0, 2),
(377, 'FGCR02CR0004', 'AR10224R0', 'BOOT', 0, 0, 0, 2),
(378, 'FGIR10EP0003', 'GG21230RO', 'BOOT A, CHANGE WIRE', 0, 0, 0, 2),
(379, 'FGUF05EP0126', 'AP70809R0', 'PROTECTOR', 0, 0, 0, 2),
(380, 'FGUF05EP0127', 'AP11747R0', 'PROTECTOR', 0, 0, 0, 2),
(381, 'FGUF05EP0128', 'AP13798R0', 'PROTECTOR', 0, 0, 0, 2),
(382, 'FGUF05EP0129', 'AP70302RA', 'PROTECTOR', 0, 0, 0, 2),
(383, 'FGUF05EP0145', 'AP80433R0', 'PROTECTOR', 0, 0, 0, 2),
(384, 'FGUF05EP0146', 'AP70952R0', 'PROTECTOR', 0, 0, 0, 2),
(385, 'FGUF05EP0147', 'AP80578R0', 'PROTECTOR', 0, 0, 0, 2),
(386, 'FGUF05EP0148', 'AP80184R0', 'PROTECTOR', 0, 0, 0, 2),
(387, 'FGUF05EP0149', 'AP1E051R0', 'PROTECTOR', 0, 0, 0, 2),
(388, 'FGUF05EP0150', 'AP12578R0', 'PROTECTOR', 0, 0, 0, 2),
(389, 'FGUF05EP0151', 'AP70041RB', 'PROTECTOR', 0, 0, 0, 2),
(390, 'FGUF05EP0152', 'AP70407R0', 'PROTECTOR', 0, 0, 0, 2),
(391, 'FGUF05EP0153', 'AP13601R0', 'PROTECTOR', 0, 0, 0, 2),
(392, 'FGUF05EP0154', 'AP1G285R0', 'PROTECTOR', 0, 0, 0, 2),
(393, 'FGUF05EP0155', 'AP1G286R0', 'PROTECTOR', 0, 0, 0, 2),
(394, 'FGUF05EP0156', 'AP12620R0', 'PROTECTOR', 0, 0, 0, 2),
(395, 'FGUF05EP0157', 'AP13378R0', 'PROTECTOR', 0, 0, 0, 2),
(396, 'FGUF05EP0158', 'AP80875RA', 'PROTECTOR', 0, 0, 0, 2),
(397, 'FGUF05EP0160', 'AP1G501R0', 'PROTECTOR', 0, 0, 0, 2),
(398, 'FGUF05EP0161', 'AP1G502R0', 'PROTECTOR', 0, 0, 0, 2),
(399, 'FGUF05EP0162', 'AP1G510R0', 'PROTECTOR', 0, 0, 0, 2),
(400, 'FGUF05EP0163', 'AP1G509R0', 'PROTECTOR', 0, 0, 0, 2),
(401, 'FGUF05EP0164', 'AP1G511R0', 'PROTECTOR', 0, 0, 0, 2),
(402, 'FGUF05EP0165', 'AP1G506R0', 'PROTECTOR', 0, 0, 0, 2),
(403, 'FGUF05EP0173', 'AP1G522R0', 'PROTECTOR', 0, 0, 0, 2),
(404, 'FGUF05EP0174', 'AP1G523R0', 'PROTECTOR', 0, 0, 0, 2),
(405, 'FGUF05EP0175', 'AP1G524R0', 'PROTECTOR', 0, 0, 0, 2),
(406, 'FGUF05EP0176', 'AP1G525R0', 'PROTECTOR', 0, 0, 0, 2),
(407, 'FGUF05EP0177', 'AP1G526R0', 'PROTECTOR', 0, 0, 0, 2),
(408, 'ASTL05CS0157', '9014671', 'TOOLING S2304-EW060 CLIP SUB ASSY SPEC: MOLD INJECTION RUBBER', 0, 0, 0, 2),
(409, 'FGCR08CR0001', '21576-EW020', 'CLIP SUB ASSY', 0, 0, 0, 2),
(410, 'FGCR08SI0001', 'S2304-EW060', 'CLIP SUB ASSY', 0, 0, 0, 2),
(411, 'FGIP03PV0003', '58808-EW010', 'COVER S/A SHIFT LEVER ASSY HOLE', 0, 0, 0, 2),
(412, 'FGPV16IS0006', 'SZ9506226700', 'TUBE P/N 8 X 15 MM X 1000 MM', 0, 0, 0, 2),
(413, 'FGPV16RN0004', 'SZ910-4422300', 'HOSE RAD', 0, 0, 0, 2),
(414, 'FGPV16SK0010', 'SZ9506233300', 'TUBE P/N 10 X 17 MM X 1150 MM', 0, 0, 0, 2),
(415, 'FGIP03PV0004', '58808EW010', 'COVER S/A, SHIFT LEVER HOLE', 0, 0, 0, 2),
(416, 'FGCR04EP0004', '94900-72001', 'O-RING', 0, 0, 0, 2),
(417, 'FGUF06ES0003', 'IHFUNC-AS02270-CM', 'PROTECTOR D10 T2 L230', 0, 0, 0, 2),
(418, 'FGUF06ES0004', 'IHFUNC-AS02240-CM', 'EPDM SPONGE 019X3X200', 0, 0, 0, 2),
(419, 'FGUF06ES0024', '', 'PROTECTOR EPDM SPONGE T.3 X 270', 0, 0, 0, 2),
(420, 'FGCR02EP0004', 'A1220-73358-00', 'COVER TUBE ASSY  ', 0, 0, 0, 2),
(421, 'FGCR02EP0035', '21220-73358-00', 'COVER TUBE', 0, 0, 0, 2),
(422, 'FGUF01ES0157', '22074-17848-00', 'GASKET A  ', 0, 0, 0, 2),
(423, 'FGUF01ES0159', '22084-17848-00', 'GASKET B ', 0, 0, 0, 2),
(424, 'FGUF01ES0170', '22074-18489-00', '02G RCL GASKET', 0, 0, 0, 2),
(425, 'FGUF01ES0171', '21020-18489-00', '02G FTSL GASKET', 0, 0, 0, 2),
(426, 'FGUF01ES0178', '22074-18560-00', 'K56A RCL GASKET', 0, 0, 0, 2),
(427, 'WSAB99XX0007', '99920-00036-00', 'FILTER', 0, 0, 0, 2),
(428, 'FGCR01EP0006', '1150305500', 'GROMET-FLX/110 ', 0, 0, 0, 2),
(429, 'FGCR05EP0013', '2268926600', 'WIR-SL-BSH/170 ', 0, 0, 0, 2),
(430, 'FGCR06EP0003', '4172284300', 'GSKT-RNG/31-21.5-3/076', 0, 0, 0, 2),
(431, 'FGCR06EP0011', '8819452700', 'GSKT-RNG/40-305-35/055', 0, 0, 0, 2),
(432, 'FGUF01ES0001', '1538258900', 'P5249M GASKET LENS  3 X 515 MM  EPDM 1S7(2)', 0, 0, 0, 2),
(433, 'FGUF01ES0003', '4015216400', 'P8556M GASKET 3 X 485 MM   EPDM  KVYG(2)', 0, 0, 0, 2),
(434, 'FGUF01ES0004', '6805564400', 'P8559M GASKET LENS  3 X 850 MM   EPDM KVYG (1)', 0, 0, 0, 2),
(435, 'FGUF01ES0005', '5739037900', 'P6957M  GASKET 4 X 500 MM     EPDM', 0, 0, 0, 2),
(436, 'FGUF01ES0006', '4764796700', 'P8061M GASKET(1)  4 X 1100 MM  EPDM 045(1)', 0, 0, 0, 2),
(437, 'FGUF01ES0007', '5173696600', 'P8061M GASKET(2) 4 X 85 MM  EPDM  045(1)', 0, 0, 0, 2),
(438, 'FGUF01ES0009', '1782105900', 'P8148M GASKET LENS  3 X 478 MM  EPDM  KVLP', 0, 0, 0, 2),
(439, 'FGUF01ES0010', '8069067300', 'P7718M/GASKET1  3 X 515 MM    EPDM     KVRA', 0, 0, 0, 2),
(440, 'FGUF01ES0014', '5294991200', 'P7211M/GASKET LENS LENS GASKET 3 X 345 MM   KVBF (2)', 0, 0, 0, 2),
(441, 'FGUF01ES0035', '2567828100', 'P5678M/GASKET1 LENS 3 X 487 MM KVLP (1)', 0, 0, 0, 2),
(442, 'FGUF01ES0036', '4594002000', 'P9264M GASKET LENS 3 X 548 MM KVBS', 0, 0, 0, 2),
(443, 'FGUF01ES0039', '1692544600', 'P9045M GASKET LENS 3 X 677 MM', 0, 0, 0, 2),
(444, 'FGUF01ES0046', '8980131100', 'P9399 GASKET LENS 4 X 1280 MM F020BL', 0, 0, 0, 2),
(445, 'FGUF01ES0050', '503498100', 'P6658M/GASKET LENS 5 X 620 MM', 0, 0, 0, 2),
(446, 'FGUF01ES0051', '9449462100', 'P9322M/GASKET LENS 5 X 215 MM', 0, 0, 0, 2),
(447, 'FGUF01ES0053', '8061504300', 'W0081M GASKET LENS KYTF 4 X 466 MM', 0, 0, 0, 2),
(448, 'FGUF01ES0054', '8436540800', 'P9746M/GASKET1  4 X 580 MM ', 0, 0, 0, 2),
(449, 'FGUF01ES0055', '4978596800', 'P9746M/GASKET2 4 X 60 MM', 0, 0, 0, 2),
(450, 'FGUF01ES0056', '9024789100', 'P9777M GASKET (2) 4 X 240 MM 04G', 0, 0, 0, 2),
(451, 'FGUF01ES0059', '4066339800', 'P9267M GASKET 4 X 565 MM KYEA', 0, 0, 0, 2),
(452, 'FGUF01ES0061', '8202883800', 'W0334M/GASKET LENS 4 X 660 MM KYZA', 0, 0, 0, 2),
(453, 'FGUF01ES0062', '51719400', 'W0394M/GASKET LENS 4 X 567 MM XE311', 0, 0, 0, 2),
(454, 'FGUF01ES0063', '8850273600', 'W0417M/GASKET1 4 X 370 MM KZLG', 0, 0, 0, 2),
(455, 'FGUF01ES0064', '991745400', 'W0417M/GASKET2 4 X 200 MM KZLG', 0, 0, 0, 2),
(456, 'FGUF01ES0066', '509520400', 'W0108M/GASKET LENS 4 X 692 MM TYPE TL 01M', 0, 0, 0, 2),
(457, 'FGUF01ES0067', '9141315900', 'P9807M/GASKET2  4 X 42 MM 09P', 0, 0, 0, 2),
(458, 'FGUF01ES0069', '2833259900', 'P9437M/GASKET2  4 X 120 MM 54P/082', 0, 0, 0, 2),
(459, 'FGUF01ES0070', '508854200', 'W0655M/GASKET 4 X 730 MM K07A', 0, 0, 0, 2),
(460, 'FGUF01ES0071', '3986977200', 'W0654M/GASKET1 4 X 445 MM K07A', 0, 0, 0, 2),
(461, 'FGUF01ES0073', '4894918500', 'W0230M/GASKET LENS 4 X 625 MM TYPE FT 09G', 0, 0, 0, 2),
(462, 'FGUF01ES0074', '5911962100', 'W0231M/GASKET LENS 4 X 977 MM TYPE 09G', 0, 0, 0, 2),
(463, 'FGUF01ES0080', '1595410800', 'P8181M/GASKET2  LENS 3 X 191 MM KVLP (1)', 0, 0, 0, 2),
(464, 'FGUF01ES0083', '5626716600', 'W0124/GASKET 5 X 130 MM TYPE 01M', 0, 0, 0, 2),
(465, 'FGUF01ES0084', '3977004000', 'W0584M/GASKET 1 LENS 4 X 550 MM', 0, 0, 0, 2),
(466, 'FGUF01ES0085', '1407782000', 'W0584M/GASKET 2 LENS 4 X 65 MM', 0, 0, 0, 2),
(467, 'FGUF01ES0086', '1354850100', 'W0582M/GASKET 1 LENS 4 X 187 MM', 0, 0, 0, 2),
(468, 'FGUF01ES0087', '1175388400', 'W0582M/GASKET 2 LENS 4 X 263 MM ', 0, 0, 0, 2),
(469, 'FGUF01ES0088', '1889158100', 'W1122M/GASKET LENS 4 X 1130 MM', 0, 0, 0, 2),
(470, 'FGUF01ES0089', '2173547700', 'W1137M/GASKET LENS 4 X 514 MM TYPE K25A', 0, 0, 0, 2),
(471, 'FGUF01ES0090', '9363264800', 'W0435M/GASKET 4 X 386 MM TYPE 1PA', 0, 0, 0, 2),
(472, 'FGUF01ES0091', '9022854400', 'W1253M/GASKET LENS 4 X 437 MM TYPE XE511 RCL (REV)', 0, 0, 0, 2),
(473, 'FGUF01ES0095', '6809213200', 'W1478M/GASKET LENS 4 X 420 MM ', 0, 0, 0, 2),
(474, 'FGUF01ES0096', '1577069400', 'W1479M/GASKET LENS 4 X 500 MM', 0, 0, 0, 2),
(475, 'FGUF01ES0097', '6733606200', 'W1480M/GASKET LENS 4 X 366 MM ', 0, 0, 0, 2),
(476, 'FGUF01ES0099', '8526068500', 'W1432M/GASKET LENS 4 X 295 MM ', 0, 0, 0, 2),
(477, 'FGUF01ES0100', '1055153600', 'W1447M/GASKET LENS 4 X 284 MM ', 0, 0, 0, 2),
(478, 'FGUF01ES0101', '3595228400', 'W1253M/GASKET1 LENS 4 X 178 MM', 0, 0, 0, 2),
(479, 'FGUF01ES0102', '9071264000', 'W1685M/GASKET 4 X 390 MM ', 0, 0, 0, 2),
(480, 'FGUF01ES0103', '967043200', 'W1091M/GASKET 4 X 478 MM', 0, 0, 0, 2),
(481, 'FGUF01ES0104', '3489236900', 'W1256M/GASKET P/N 4 X 335 MM', 0, 0, 0, 2),
(482, 'FGUF01ES0105', '7212421900', 'W1888M/GASKET 4 X 474 MM TYPE 08G', 0, 0, 0, 2),
(483, 'FGUF01ES0106', '3596508400', 'W1887M/GASKET1 4 X 760 MM TYPE 08G', 0, 0, 0, 2),
(484, 'FGUF01ES0107', '5714452100', 'W1887M/GASKET2 4 X 185 MM TYPE 08G', 0, 0, 0, 2),
(485, 'FGUF01ES0108', '8968652000', 'W2042M/GASKET LENS P/N 4 X 785 MM', 0, 0, 0, 2),
(486, 'FGUF01ES0109', '1587856800', 'W2192M/GASKET LENS 4 X 623 MM', 0, 0, 0, 2),
(487, 'FGUF01ES0110', '4881734300', 'W2193M/GASKET 1 LENS 4 X 923 MM', 0, 0, 0, 2),
(488, 'FGUF01ES0179', '4385627801', 'W0630M/GASKET (1) 4X90 MM KZVF TL', 0, 0, 0, 2),
(489, 'FGUF01ES0180', '7979207101', 'W0510M/GASKET 1 LENS 4 X 100MM SN L-NPP 52431-L-G', 0, 0, 0, 2),
(490, 'FGUF01ES0181', '9124027001', 'P4138M/GASKET 4 X 171 MM', 0, 0, 0, 2),
(491, 'FGUF01ES0182', '5719035301', 'W0266M/GASKET2 4 X 215MM KZLA', 0, 0, 0, 2),
(492, 'FGUF01ES0183', '6027244101', 'W0510/GASKET 2 LENS 4 X 220 MM SN L-NPP 52341-L-G', 0, 0, 0, 2),
(493, 'FGUF01ES0184', '1119235101', 'W0510M/GASKET 3 LENS 4 X 320 MM SN L-NPP 52431-L-G', 0, 0, 0, 2),
(494, 'FGUF01ES0185', '3126342500', 'W0150M/GASKET 2 LENS 4 X 310 MM', 0, 0, 0, 2),
(495, 'FGUF01ES0186', '8138596301', 'W0266M/GASKET3 4 X 355MM KZLA', 0, 0, 0, 2),
(496, 'FGUF01ES0187', '4898246801', 'W0266M/GASKET1 4 X 400 MM KZLA', 0, 0, 0, 2),
(497, 'FGUF01ES0188', '5186974500', 'W0150M/GASKET 1 LENS 4 X 435 MM', 0, 0, 0, 2),
(498, 'FGUF01ES0189', '1199884401', 'W0630M/GASKET (2) 4X465 MM KZVF TL', 0, 0, 0, 2),
(499, 'FGUF01ES0190', '7550118800', 'W3752M/GASKET LENS 4 X 463 MM', 0, 0, 0, 2),
(500, 'FGUF01ES0191', '9776365800', 'W3099M/GSKT1 LENS 4 X 495 MM', 0, 0, 0, 2),
(501, 'FGUF01ES0192', '1104643600', 'W3099M/GSKT2 LENS 4 X 150 MM', 0, 0, 0, 2),
(502, 'FGCR09EP0007', '45148-20G90', 'CUSHION SEAT MOUNTH XE351', 0, 0, 0, 2),
(503, 'FGUF02SF0027', '45211-40J00', 'MOLDING SEAT XE351', 0, 0, 0, 2),
(504, 'FGEM01CN0029', '1752-K64A-N000', 'TUBE FUEL DRAIN', 0, 0, 0, 2),
(505, 'FGUF05EP0143', '5-04-0113', 'RUBBER CUSHION 50382-KYZ-9000-HI', 0, 0, 0, 2),
(506, 'FGUF07ES0138', '5-04-0105', 'CUSHION BATT A (50391-KVB-9000-H1)', 0, 0, 0, 2),
(507, 'FGCR05EP0007', '2PV-H2599-00', 'COVER CONNECTOR', 0, 0, 0, 2),
(508, 'FGCR05EP0008', '45P-H2599-00', 'COVER CONNECTOR', 0, 0, 0, 2),
(509, 'FGIP04PV0012', '44D-H2119-00', 'COVER LEAD WIRE', 0, 0, 0, 2),
(510, 'FGPV16BH0035', '', 'EVTT-EL067-20X22 (B)', 0, 0, 0, 2),
(511, 'FGUF20EP0191', '', 'RUBBER TUBE 9 X 11', 0, 0, 0, 2),
(512, 'FGPV17SK0012', '', 'LIST NEWTON ATAS ', 0, 0, 0, 2),
(513, 'FGPV17SK0101', '', 'LIST 805 ATAS 1.4 MM', 0, 0, 0, 2),
(514, 'FGPV17SK0144', '', 'LIST 802 ATAS', 0, 0, 0, 2),
(515, 'FGPV17SK0167', '', 'LIST DH 805 ATAS', 0, 0, 0, 2),
(516, 'FGPV17SK0171', '', 'LIST YMX ATAS', 0, 0, 0, 2),
(517, 'FGUF03ES0179', '', 'LIST EPDM SPONGE SV 55 YARIS UK 6.0X3.1X325MM', 0, 0, 0, 2),
(518, 'FGUF03ES0180', '', 'LIST EPDM SPONGE SV 55 YARIS UK 6.0X3.1X330MM', 0, 0, 0, 2),
(519, 'FGPV16SK0068', '', 'TUBE 7X9X1X130 MM', 0, 0, 0, 2),
(520, 'FGPV08RC0001', 'IRM-8980962170', 'WEATHERSTRIP R/WDO', 0, 0, 0, 2),
(521, 'FGUF18SR0238', 'IRM-8981551830', 'SEALING STRIP FRT S/D OPG R', 0, 0, 0, 2),
(522, 'FGUF18SR0239', 'IRM-8981551840', 'SEALING STRIP FRT S/D OPG L', 0, 0, 0, 2),
(523, 'FGUF18SR0240', 'IRM-8981232650', 'SEAL HOOD', 0, 0, 0, 2),
(524, 'FGUF18SR0241', 'IRM-8980962880', 'SEAL COWL OTR PNL', 0, 0, 0, 2),
(525, 'FGUF18SR0242', 'IRM-8980962890', 'SEAL COWL OTR PNL', 0, 0, 0, 2),
(526, 'FGUF18SR0243', 'IRM-8981232640', 'SEAL HOOD', 0, 0, 0, 2),
(527, 'FGUF18SR0244', 'IRM-8980291993', 'WEATHERSTRIP FRT S/D L', 0, 0, 0, 2),
(528, 'FGUF18SR0245', 'IRM-8980774290', 'WEATHERSTRIP FRT S/D R', 0, 0, 0, 2),
(529, 'FGIP06PP0005', '156-060541', 'MASKING CAP SPLINE', 0, 0, 0, 2),
(530, 'FGPV17SK0087', '', 'LIST HELM PVC BLACK RIDER', 0, 0, 0, 2),
(531, 'FGPV17SK0150', '', 'LIST PVC 035 BLACK', 0, 0, 0, 2),
(532, 'FGPV17SK0152', '', 'LIST DOUBLE VISOR BLACK', 0, 0, 0, 2),
(533, 'FGPV07RH0006', 'KPS-TNK-003', 'PROTEKTOR DOUBLE 007', 0, 0, 0, 2),
(534, 'FGUF02SF0025', 'KPS-TNK-001', 'PROTECTOR DOUBLE 005', 0, 0, 0, 2),
(535, 'FGUF02SF0026', 'KPS-TNK-002', 'PROTECTOR DOUBLE 009', 0, 0, 0, 2),
(536, 'FGCR02EP0017', '21220-73358', 'COVER TUBE ', 0, 0, 0, 2),
(537, 'FGUF01ES0151', '22020-18377', 'GASKET K44A', 0, 0, 0, 2),
(538, 'FGUF01ES0152', '22074-18332', 'GASKET RCL', 0, 0, 0, 2),
(539, 'FGUF01ES0153', '21074-18332', 'GASKET FTSL-RH/LH ID', 0, 0, 0, 2),
(540, 'FGUF01ES0161', '22272-17803', 'GASKET RTSL', 0, 0, 0, 2),
(541, 'FGUF01ES0162', '21072-17799', 'GASKET FTSL', 0, 0, 0, 2),
(542, 'FGUF01ES0163', '22072-17798', 'GASKET RCL', 0, 0, 0, 2),
(543, 'FGUF01ES0165', '22074-17848', 'GASKET A', 0, 0, 0, 2),
(544, 'FGUF01ES0166', '22084-17848', 'GASKET B', 0, 0, 0, 2),
(545, 'FGCR04AR0001', '92055-0763', 'RING-O', 0, 0, 0, 2),
(546, 'FGCR04NB0004', '92055-0768', 'RING-O', 0, 0, 0, 2),
(547, 'FGCR09EP0001', '92161-1533', 'DAMPER MODEL LX 150', 0, 0, 0, 2),
(548, 'FGCR09EP0005', '92161-1536', 'DAMPER MODEL LX 150', 0, 0, 0, 2),
(549, 'FGCR09EP0006', '92161-1572', 'DAMPER', 0, 0, 0, 2),
(550, 'FGCR09EP0009', '92161-1535', 'DAMPER MODEL LX 150', 0, 0, 0, 2),
(551, 'FGCR09NP0002', '92161-1817', 'DAMPER', 0, 0, 0, 2),
(552, 'FGEM01CN0001', '92192-1092 ', 'TUBE  ', 0, 0, 0, 2),
(553, 'FGEM01CN0002', '92192-1242', 'TUBE ', 0, 0, 0, 2),
(554, 'FGEM01CN0011', '92192-1337', 'TUBE', 0, 0, 0, 2),
(555, 'FGIP05PV0001', '46075-0587', 'GRIP MODEL LX 150', 0, 0, 0, 2),
(556, 'FGPV07RH0002', '99251-5302', 'TRIM ', 0, 0, 0, 2),
(557, 'FGPV16RH0009', '92192-1638', 'TUBE', 0, 0, 0, 2),
(558, 'FGPV16RJ0004', '92192-0943', 'TUBE ', 0, 0, 0, 2),
(559, 'FGIP04PV0003', '', 'CUP INJECTOR BESAR 14.0 ', 0, 0, 0, 2),
(560, 'FGIP06PV0005', '', 'CUP INJECTOR 10.5 X 13.15 X 36', 0, 0, 0, 2),
(561, 'FGCR01EP0005', 'KDD-109-02', 'GROMMET 801284', 0, 0, 0, 2),
(562, 'FGCR06EP0005', 'KDD-076-02', 'SEAL CAP 800820', 0, 0, 0, 2),
(563, 'FGCR07EP0002', 'KDD-109-04', 'SEAL RUBBER 801285', 0, 0, 0, 2),
(564, 'FGPV16RJ0001', '16472-EW010', 'HOSE RESERVE TANK 800818', 0, 0, 0, 2),
(565, 'FGUF11EP0473', 'SR 471 T (C1601/C1701)', 'RUBBER EXTRUDE ALUMUNIUM ROOF RAIL', 0, 0, 0, 2),
(566, 'FGCR05CR0003', 'Y-861AP30PS', 'RUBBER BUSH', 0, 0, 0, 2),
(567, 'FGCR05EP0003', 'R-40105399ET', 'RUBBER T10', 0, 0, 0, 2),
(568, 'FGPV16BB0006', 'TBULB10110150L', 'PVC TUBE (HEAT RESITANCE) 10X11.2MM L : 153MM(+/-2) 105 DEGREE BLACK', 0, 0, 0, 2),
(569, 'FGPV16BB0007', 'TBULB06070208L', 'PVC TUBE (HEAT RESITANCE) 6X7MM L : 213MM(+/-2) 105 DEGREE BLACK', 0, 0, 0, 2),
(570, 'FGPV16BB0008', 'TBULB06070188L', 'PVC TUBE HEAT RESISTANCE 6X7MM L:191MM(+/-2) 105 DEGREE BLACK', 0, 0, 0, 2),
(571, 'FGPV16BB0009', 'TBULB14150108L', 'PVC TUBE HEAT RESISTANCE 14X15MM L:113MM(+/-5) 105 DEGREE BLACK', 0, 0, 0, 2),
(572, 'FGPV16RF0081', 'TBCHB11130260B', 'TUBE COLD RESISTANCE 11X13MM L:263MM (+/-2) BLACK', 0, 0, 0, 2),
(573, 'FGPV16RF0086', 'TBCHB11130355B', 'TUBE COLD RESISTANT 11X13MM L:358MM(+/-2) BLACK', 0, 0, 0, 2),
(574, 'FGCR01EP0013', '53133-KRI-7600.BB', 'GROMETH IGN COVER.BB', 0, 0, 0, 2),
(575, 'FGCR02CR0011', '37215-KZZ-9000.BB', 'RUBBER METER SET-BB', 0, 0, 0, 2),
(576, 'FGCR04NB0007', '93107-035-0001', 'O-RING 18X3', 0, 0, 0, 2),
(577, 'FGCR07EP0001', '83618-323-0000.BB', 'RUBBER BATTERY BOX-BB', 0, 0, 0, 2),
(578, 'FGCR07NB0001', '19107-MG8-0000.BB', 'PACKING RES TANK-BB', 0, 0, 0, 2),
(579, 'FGCR07NP0002', '17527-KZR-6000.BB', 'RUBBER FUEL SEAL-BB', 0, 0, 0, 2),
(580, 'FGEM01CR0007', '50388-K18A-9002.BB', 'TUBE BATTERY BOX.BB', 0, 0, 0, 2),
(581, 'FGIR05EP0001', 'GG1G006R0.BB', 'GROMMET-BB', 0, 0, 0, 2),
(582, 'FGPV16IF0004', '17526-K59-A100.BB', 'TUBE DRAIN-BB', 0, 0, 0, 2),
(583, 'FGUF07CS0003', '61308-K15-9300.BB', 'RUBBER SPONGE METER COVER-BB', 0, 0, 0, 2),
(584, 'FGUF21CS0070', '19748-K44-V000.BB', 'SEAL DUCT-BB', 0, 0, 0, 2),
(585, 'FGUF21CS0071', '19749-KVY-9000.BB', 'SEAL L COVER DUCT-BB', 0, 0, 0, 2),
(586, 'FGPV07TE0009', '53821-BZ040', 'PROTECTOR FRONT SIDE PNL NO 1 RH ', 0, 0, 0, 2),
(587, 'FGPV07TE0010', '53829-BZ010', 'PROTECTOR FRONT FENDER LOWER', 0, 0, 0, 2),
(588, 'FGPV07TE0011', '53822-BZ050', 'PROTECTOR FRONT SIDE PNL NO 1 LH', 0, 0, 0, 2),
(589, 'FGUF18SR0247', '53383-BZ100', 'SEAL HOOD', 0, 0, 0, 2),
(590, 'FGUF20NR0001', '', 'SELANG PEMANAS GAS LOKAL', 0, 0, 0, 2),
(591, 'FGPV16SJ0002', '8401094', 'SELANG PVC HITAM SIZE DIA 55 X 95 MM', 0, 0, 0, 2),
(592, 'FGUF04ES0001', 'E-140-121-AO', 'RUBBER SEAL 77115-K61A-9000', 0, 0, 0, 2),
(593, 'FGUF04SS0027', 'E-140-106-A0 77115-KWW-6400-H1', 'RUBBER SEAL L=815MM', 0, 0, 0, 2),
(594, 'FGUF04SS0029', 'E-140-114-A0 2DP-F475M-00', 'SEAL (L = 1340)', 0, 0, 0, 2),
(595, 'FGUF04SS0030', 'E-140-115-A0  77115-K41-N000-H1', 'RUBBER SEAL 77115-K41-N000-H1', 0, 0, 0, 2),
(596, 'FGUF04SS0031', 'E-140-116-A0 77115-K46-N000', 'RUBBER SEAL 77115-K46-N000', 0, 0, 0, 2),
(597, 'FGUF04SS0034', 'D-140-029-A0 77115-K25A-9000', 'RUBBER,SEAL L=970 +/- 10MM', 0, 0, 0, 2),
(598, 'FGUF04SS0040', 'D-140-028-A1', 'RUBBER, SEAL L1110 MM ', 0, 0, 0, 2),
(599, 'FGUF04SS0045', 'D-140-030-AO 77115-K81A-N002', 'RUBBER SEAL 77115K81AN002', 0, 0, 0, 2),
(600, 'FGEM11NR0014', '350204001', 'KARET GANJEL LIST M ', 0, 0, 0, 2),
(601, 'FGJP18EP0157', '399500010', 'MUDGUARD-REAR TIRE PRONA LH (NA-23-PS)', 0, 0, 0, 2),
(602, 'FGJP18EP0158', '399500010', 'MUDGUARD-REAR TIRE PRONA RH (NA-23-PS)', 0, 0, 0, 2),
(603, 'FGPV07RH0010', '350216001', 'LIST JEPIT (UTC.01)', 0, 0, 0, 2),
(604, 'FGUF03ES0022', '350206001', 'KARET LIST M (UP : 56)', 0, 0, 0, 2),
(605, 'FGUF10EP0008', '350205005', 'KARET MAX DALAM ', 0, 0, 0, 2),
(606, 'FGUF10EP0376', '350205007', 'KARET MAX LUAR 5MM (MINIBUS)', 0, 0, 0, 2),
(607, 'FGUF11EP0027', '350203001', 'KARET PINTU SPANYOLET ', 0, 0, 0, 2),
(608, 'FGUF11EP0244', '350203003', 'KRT PINTU OPERATOR KABIN D9R', 0, 0, 0, 2),
(609, 'FGUF11EP0561', '350216004', 'ISI LIST PANCING (SR036T)', 0, 0, 0, 2),
(610, 'FGUF18SR0027', '350207004', 'KARET S KECIL (SR027S)', 0, 0, 0, 2),
(611, 'FGUF18SR0259', '357101040', 'KARET KC BLK NA 2012 (C.357 )', 0, 0, 0, 2),
(612, 'ASTL01TP0592', '84422-918-00', 'MOLD D37N HOSE VACUM CAVITY: 49', 0, 0, 0, 2),
(613, 'FGCR01NB0002', '83976-502-00', 'GROMMET TANK', 0, 0, 0, 2),
(614, 'FGCR03CR0001', 'A7029-654-01-000', 'EA08D58A ,TUBE BREATHER DOP ', 0, 0, 0, 2),
(615, 'FGCR03CR0002', 'A8104-291-01-000', 'EA08D33A, TUBE BREATHER SOP', 0, 0, 0, 2),
(616, 'FGCR04EP0005', '84428-502-01-000', 'EA05319 ,PACKING', 0, 0, 0, 2),
(617, 'FGCR09CR0001', '38213-341-00-000', 'LM13001, MOUNT RUBBER ', 0, 0, 0, 2),
(618, 'FGIR04EP0001', '84523-919-00-000', 'EA05424A, TUBE RUBBER', 0, 0, 0, 2),
(619, 'FGPV16RN0002', 'YCF00-001-00-001', 'TUBE, VINYL,A1,4X7X100M,CLEAR,HS70', 0, 0, 0, 2),
(620, 'FGUF05EP0172', 'A3153-838-XP-AO', 'HOSE VACUM', 0, 0, 0, 2),
(621, 'FGUF19ES0001', 'A0255-899-00-000', 'EA08004B, CUSHION', 0, 0, 0, 2),
(622, 'FGUF20EP0041', 'YCF00-005-00-001', 'TUBE,RUBBER,4X7X100M,EPDM,HS60', 0, 0, 0, 2),
(623, 'FGUF20EP0042', 'YCF00-006-00-001', 'TUBE,RUBBER,4X6X100M,EPDM,HS80', 0, 0, 0, 2),
(624, 'FGUF20EP0043', 'YCF00-004-00-001', 'TUBE,RUBBER,4X7X100M,EPDM,HS80', 0, 0, 0, 2),
(625, 'FGUF20EP0188', 'B5201-712-00-000', 'EA08354A, TUBE', 0, 0, 0, 2),
(626, 'FGCR02CR0001', '42816-910-12-000', 'FR22001B, COVER, , SEALING ', 0, 0, 0, 2),
(627, 'FGPV07RH0008', 'PE001', 'PROTEKTOR ENGKEL', 0, 0, 0, 2),
(628, 'FGUF10EP0254', 'SR253U', 'U CAPIT SINTETIS @100 MTR', 0, 0, 0, 2),
(629, 'FGUF11EP0523', 'SR151T', 'PNEUMATIK @ 20 MTR', 0, 0, 0, 2),
(630, 'FGUF18SR0254', 'SR 027 S', 'CARRY SINTETIS @ 50 MTR', 0, 0, 0, 2),
(631, 'FGUF11EP0560', '', 'KARET PROFIL H SANTO PRINT 50000', 0, 0, 0, 2),
(632, 'FGUF11EP0511', 'SL180MM', 'SEAL A BLACK', 0, 0, 0, 2),
(633, 'FGUF11EP0512', 'SL55MM', 'SEAL B BLACK', 0, 0, 0, 2),
(634, 'FGUF11EP0513', 'SL100MM', 'SEAL C BLACK', 0, 0, 0, 2),
(635, 'FGUF11EP0514', 'SL63MM', 'SEAL D BLACK', 0, 0, 0, 2),
(636, 'FGCR04EP0002', '10078-61012', 'O-RING', 0, 0, 0, 2),
(637, 'FGCR06EP0002', '99224-25001', 'GASKET', 0, 0, 0, 2),
(638, 'FGPV17SE0005', '', 'RING BAND HS GREY PV-068', 0, 0, 0, 2),
(639, 'SFNK25HC0002', 'CSP-KPS-EM25', 'EEM', 0, 0, 0, 2),
(640, 'SFNK25HC0003', 'CHS-KPS-EY32', 'EYY', 0, 0, 0, 2),
(641, 'SFNK25HC0004', 'CSL-KPS-HEB28', 'H-EB65BM', 0, 0, 0, 2),
(642, 'SFNK25HC0005', 'CSL-KPS-HE30', 'H-E723', 0, 0, 0, 2),
(643, 'SFNK25HC0006', 'CSL-KPS-HE29', 'H-E821', 0, 0, 0, 2),
(644, 'SFNK25HC0008', 'CNT-KPS-35', 'NT-3 DANGO 7 GRAM', 0, 0, 0, 2),
(645, 'SFNK25HC0011', 'CNT-KPS-38', 'NT-3 DANGO 18 GRAM', 0, 0, 0, 2),
(646, 'SFNK25HC0012', 'DGO-KPS-22', 'NT-3 DANGO 21 GRAM', 0, 0, 0, 2),
(647, 'SFNK25HC0014', 'CSP-KPS-MA26', 'EEM-A', 0, 0, 0, 2),
(648, 'SFNK25HC0015', 'CSP-KPS-MT27', 'EEM-T', 0, 0, 0, 2),
(649, 'SFNK25HC0024', 'CSL-KPS-HET31', 'H-E723 T', 0, 0, 0, 2),
(650, 'SFNK25HC0025', 'CNT-KPS-12', 'NT-3 DANGO 27 GRAM', 0, 0, 0, 2),
(651, 'SFNK25HC0029', 'CNT-KPS-26.5', 'NT-3 DANGO 26.5 GRAM', 0, 0, 0, 2),
(652, 'SFNK25HC0032', 'DGO-KPS-335', 'NT-3 DANGO 33,5GR', 0, 0, 0, 2),
(653, 'SFNK25HC0034', 'CNT-KPS-41', 'NT-3 DANGO 25GR', 0, 0, 0, 2),
(654, 'SFNK25HC0035', 'CNT-KPS-40', 'NT-3 DANGO 24GR', 0, 0, 0, 2),
(655, 'SFNK25HC0055', 'DGO-KPS-28', 'NT-3 DANGO 28 GRAM', 0, 0, 0, 2),
(656, 'SFNK25HC0060', 'CNT-KPS-24,5', 'NT-3 DANGO 24.5 GRAM', 0, 0, 0, 2),
(657, 'SFNK25HC0062', 'DGO-KPS-1950', 'NT-3 DANGO 19.5 GRAM', 0, 0, 0, 2),
(658, 'SFNK25HC0063', 'CNT-KPS-50', 'NT-3 DANGO 50 GRAM', 0, 0, 0, 2),
(659, 'SFNK25HC0064', 'CNT-KPS-32', 'NT-3 DANGO 32GR', 0, 0, 0, 2),
(660, 'SFNK25HC0065', 'CNT-KPS-12', 'NT-3 DANGO 31.5GR', 0, 0, 0, 2),
(661, 'SFNK25HC0068', 'CNT-KPS-12', 'NT-3 DANGO 12 GRAM', 0, 0, 0, 2),
(662, 'SFNK25HC0069', 'CNT-KPS-16', 'NT-3 DANGO 16 GRAM', 0, 0, 0, 2),
(663, 'SFNK25HC0070', 'CNT-KPS-20', 'NT-3 DANGO 20 GRAM', 0, 0, 0, 2),
(664, 'SFNK25HC0071', 'CNT-KPS-6', 'NT-3 DANGO 6 GRAM', 0, 0, 0, 2),
(665, 'SFNK25HC0072', 'CNT-KPS-16.5', 'NT-3 DANGO 16.5 GRAM', 0, 0, 0, 2),
(666, 'SFNK25HC0073', 'CNT-KPS-38.5', 'NT-3 DANGO 38.5 GRAM', 0, 0, 0, 2),
(667, 'SFNK25HC0074', 'CNT-KPS-13.5', 'NT-3 DANGO 13.5 GRAM', 0, 0, 0, 2),
(668, 'SFNK25HC0076', 'CNT-KPS-20.5', 'NT-3 DANGO 20.5 GRAM', 0, 0, 0, 2),
(669, 'SFNK25HC0077', 'EXM-KPS-EEM', 'EMM-A-T', 0, 0, 0, 2),
(670, 'SFNK25HC0078', 'CNT-KPS-17', 'NT-3 DANGO 17 GRAM', 0, 0, 0, 2),
(671, 'SFNK25HC0079', 'CNT-KPS-17.5', 'NT-3 DANGO 17.5 GRAM', 0, 0, 0, 2),
(672, 'SFNK25HC0080', '', 'CV-ESP90', 0, 0, 0, 2),
(673, 'SFNK25HC0082', 'CNT-KPS-12', 'DANGO NT-3 37 GRAM', 0, 0, 0, 2),
(674, 'SFNK25HC0084', 'CNT-KPS-37.5', 'NT-3 DANGO 37.5 GRAM', 0, 0, 0, 2),
(675, 'SFNK25HC0085', 'CNT-KPS-35.5', 'NT-3 DANGO 35.5 GRAM', 0, 0, 0, 2),
(676, 'SFNK25HC0086', 'CNT-KPS-65', 'DANGO NT3-C 65 GRAM', 0, 0, 0, 2),
(677, 'SFNK25HC0087', 'CNT-KPS-30,5', 'DANGO NT3- 30,5 GRAM', 0, 0, 0, 2),
(678, 'SFNK25HC0088', 'CNT-KPS-17,2', 'DANGO NT-3 17,2 GRAM', 0, 0, 0, 2);
INSERT INTO `kps_item_master` (`KPS_ITEM_MASTER_ID`, `KPS_ITEM_MASTER_CODE_ITEM`, `KPS_ITEM_MASTER_PART_NO`, `KPS_ITEM_MASTER_PART_NAME`, `ITEM_MASTER_REV_NO`, `ITEM_MASTER_STATUS_DELETE`, `ITEM_MASTER_STATUS_LOCK`, `ITEM_MASTER_MADE_BY`) VALUES
(679, 'SFNK25HC0089', 'CNT-KPS-18,5', 'DANGO NT-3 18,5 GRAM', 0, 0, 0, 2),
(680, 'SFNK29HC0001', 'CHS-KPS-CE33', 'C-E502', 0, 0, 0, 2),
(681, 'SFNR25HC0075', 'NS-00878', 'NT-3 LEMBARAN (SHEET) FMB PROCES', 0, 0, 0, 2),
(682, 'FGCR06SI0001', '96900-04809', 'PACKING K2 CHL', 0, 0, 0, 2),
(683, 'FGUF05EP0002', 'DP-AP-L-1-EPDMSOLID-BL-001', 'EPDM SOLID 5T X 30MM X 20 M BLACK', 0, 0, 0, 2),
(684, 'FGUF05EP0003', 'DP-AP-L-1-EPDMSOLID-BL-004', 'EPDM SOLID 1.5T X 100MM X 695MM BLACK', 0, 0, 0, 2),
(685, 'FGCR05EP0016', '10048-18559', 'GROMMET', 0, 0, 0, 2),
(686, 'FGPV16IT0018', 'BKP0708H', 'PVC TUBE 7X8 MM (ET015C) GREY', 0, 0, 0, 2),
(687, 'FGPV16RD0056', 'BKP0506B', 'PVC TUBE 5 X 6 MM (EL054G) BLK', 0, 0, 0, 2),
(688, 'FGPV16RD0060', 'BKP0708B', 'PVC TUBE 7 X 8 MM  (EL054G) BLACK', 0, 0, 0, 2),
(689, 'FGCR09NR0003', '50352-K59-A102', 'RUBBER LINK STOPPER', 0, 0, 0, 2),
(690, 'FGCR09NR0004', '50353-KZL-9300', 'BUSH RUB, ENG HANGER', 0, 0, 0, 2),
(691, 'FGCR05EP0009', '50710-KWB-6000', 'RUBBER P STEP', 0, 0, 0, 2),
(692, 'FGCR05EP0010', '50661-KYE-9000', 'RUBBER MAIN STEP', 0, 0, 0, 2),
(693, 'FGCR05EP0012', '24721-K56A-N000', 'COVER CHANGE PEDAL', 0, 0, 0, 2),
(694, 'FGCR05EP0020', '24722-K56A-N000', 'COVER B CHANGE PEDAL', 0, 0, 0, 2),
(695, 'FGPV17SK0130', '', 'LIST EXTERMINATOR XT', 0, 0, 0, 2),
(696, 'FGPV17SK0063', 'TTN-PROREDA', 'FRAME KBV 02 (PV111)', 0, 0, 0, 2),
(697, 'FGPV17SK0064', 'STRLING-PROREDA', 'FRAME KBS 01 (PV112)', 0, 0, 0, 2),
(698, 'FGPV17SK0065', 'STRLING-PROREDA', 'FRAME KBS 02 (PV113)', 0, 0, 0, 2),
(699, 'FGPV17SK0109', 'STRLING', 'KB 03 (PV107)', 0, 0, 0, 2),
(700, 'FGCR09NR0001', '50352-K59-A100', 'RUBBER LINK STOPPER ', 0, 0, 0, 2),
(701, 'FGCR09NR0005', '52147-KW7-9000', 'RUBBER BUSH REAR FORK PIVOT', 0, 0, 0, 2),
(702, 'FGCR09VR0002', '50353-KZL-9301', 'BUSH ENG HANGER', 0, 0, 0, 2),
(703, 'FGCR03NP0002', '5TP-E443G-00', 'PIPE DRAIN 2 ', 0, 0, 0, 2),
(704, 'FGCR03NP0005', '17236-KVB-9000', 'PLUG AIR/C DRAIN ', 0, 0, 0, 2),
(705, 'FGCR03NP0007', '17234-KCW-8711', 'TUBE AIR/C DRAIN ', 0, 0, 0, 2),
(706, 'FGCR06AR0001', '15460-015-0000-A', 'RUBBER FILTER (PACKING) ', 0, 0, 0, 2),
(707, 'FGCR06AR0002', '15460-015-0000-B', 'RUBBER FILTER (PACKING) ', 0, 0, 0, 2),
(708, 'FGEM01CN0014', '17274-KZL-A000', 'TUBE AIR OPENING ', 0, 0, 0, 2),
(709, 'FGEM01CN0025', '17218-K64A-N000', 'TUBE BREATHER', 0, 0, 0, 2),
(710, 'FGEM01CR0011', '11211-K50-T000', 'TUBE MISSION BREATHER ', 0, 0, 0, 2),
(711, 'FGEM01CR0012', '11211-KWN-9801', 'TUBE MISSION BREATHER', 0, 0, 0, 2),
(712, 'FGEM01NE0002', '13850-09JA1-A1', 'TUBE SUB COMP BREATHER', 0, 0, 0, 2),
(713, 'FGEM01NP0003', '13853-22J00', 'TUBE BREATHER ', 0, 0, 0, 2),
(714, 'FGEM01TA0007', '17218-K50-T000', 'TUBE BREATHER ', 0, 0, 0, 2),
(715, 'FGEM01TP0002', '17218-KZL-A000', 'TUBE BREATHER ', 0, 0, 0, 2),
(716, 'FGEM19TP0004', '17218-K59A-A100', 'TUBE BREATHER', 0, 0, 0, 2),
(717, 'FGIP01PV0008', '55020-1861A', 'GUARD', 0, 0, 0, 2),
(718, 'FGIP02PV0003', '2PH-E4437-00', 'DUCT ', 0, 0, 0, 2),
(719, 'FGIP02PV0004', '2DP-E4437-00', 'DUCT', 0, 0, 0, 2),
(720, 'FGIP02PV0005', '17215-KZRA-6000', 'DUCT AIR/C', 0, 0, 0, 2),
(721, 'FGIP02PV0007', '17215-KWN-9800', 'DUCT AIR/C', 0, 0, 0, 2),
(722, 'FGIP06PP0001', '17370-382-8700', 'PLUG BREATHER TUBE ', 0, 0, 0, 2),
(723, 'FGIP06PV0004', '5TL-E443E-00', 'PIPE DRAIN ', 0, 0, 0, 2),
(724, 'FGIP06PV0007', '17366-428-6700', 'TUBE A, DRAIN ', 0, 0, 0, 2),
(725, 'FGIR01NP0002', '17253-K16A-9000', 'TUBE AIR CONN  ', 0, 0, 0, 2),
(726, 'FGIR01NP0003', '17253-K41-N000', 'TUBE AIR/C CONNECTING ', 0, 0, 0, 2),
(727, 'FGIR01NP0010', '17253-K50-T000', 'TUBE AIR CONN ', 0, 0, 0, 2),
(728, 'FGIR01NP0012', '17253-K59A-A100', 'TUBE AIR CONNECTING', 0, 0, 0, 2),
(729, 'FGIR01NP0014', '17253-K60-B000', 'TUBE AIR CONNECTING', 0, 0, 0, 2),
(730, 'FGIR02NP0001', '1S7-E4437-00', 'DUCT ', 0, 0, 0, 2),
(731, 'FGIR02NP0004', '2PV-E4437-00', 'DUCT', 0, 0, 0, 2),
(732, 'FGIR03NP0001', '1PA-E4453-00', 'JT.,1', 0, 0, 0, 2),
(733, 'FGIR03NP0002', '1LB-E4453-00', 'JT.,1', 0, 0, 0, 2),
(734, 'FGIR03NP0003', '3C1-E4453-00', 'JOINT.1 ', 0, 0, 0, 2),
(735, 'FGIR03NP0004', '2PH-E4453-00', 'JT.,1', 0, 0, 0, 2),
(736, 'FGPV02RL0010', '17227-KTE-9100', 'V, TUBE 11 X 15 X 40  ', 0, 0, 0, 2),
(737, 'FGPV02RL0011', '28D-E443E-00-A1', 'PIPE COMP DRAIN', 0, 0, 0, 2),
(738, 'FGPV02RL0012', '28D-E443E-00-B1', 'PIPE COMP DRAIN  ', 0, 0, 0, 2),
(739, 'FGPV02RL0013', '28D-E443E-00-C1', 'PIPE COMP DRAIN', 0, 0, 0, 2),
(740, 'FGPV02RL0015', '17261-KVB-T000', 'TUBE DRAIN ', 0, 0, 0, 2),
(741, 'FGUF21CS0001', '17213-KWB-6000', 'SEAL AIR/C COVER  ', 0, 0, 0, 2),
(742, 'FGUF21CS0005', '17213-KZL-9300', 'SEAL AIR/C', 0, 0, 0, 2),
(743, 'FGUF21CS0007', '17213-KZR-6000', 'SEAL AIR/C ', 0, 0, 0, 2),
(744, 'FGUF21CS0008', '1PA-E4452-00', 'SEAL ', 0, 0, 0, 2),
(745, 'FGUF21CS0009', '1LB-E4452-00', 'SEAL ', 0, 0, 0, 2),
(746, 'FGUF21CS0075', '5TL-E4452-00', 'SEAL L = 550 MM ', 0, 0, 0, 2),
(747, 'FGUF21CS0076', '5TL-E4452-00-A', 'SEAL CASE ', 0, 0, 0, 2),
(748, 'FGUF21CS0077', '1LB-E4457-01', 'SEAL ', 0, 0, 0, 2),
(749, 'FGUF21CS0078', '17214-KWB-6000', 'SEAL AIR/C CASE ', 0, 0, 0, 2),
(750, 'FGUF21CS0080', '17213-K16A-9000', 'SEAL ', 0, 0, 0, 2),
(751, 'FGUF21CS0081', '2PH-E4452-00', 'SEAL ', 0, 0, 0, 2),
(752, 'FGUF21CS0083', '3C1-E4452-00', 'SEAL', 0, 0, 0, 2),
(753, 'FGUF21CS0094', '92093-0655A', 'SEAL', 0, 0, 0, 2),
(754, 'FGUF21CS0095', '92093-0656A', 'SEAL', 0, 0, 0, 2),
(755, 'FGUF21CS0104', 'Z87012E0990J30-2PH', 'SEAL SPONGE', 0, 0, 0, 2),
(756, 'FGUF21CS0105', 'Z87012E0990J30-2DP', 'SEAL SPONGE', 0, 0, 0, 2),
(757, 'FGUF21CS0114', '17212-K64A-N000', 'SEAL, AIR/C', 0, 0, 0, 2),
(758, 'FGUF21CS0115', '17213-K64A-N000', 'SEAL, B AIR/C', 0, 0, 0, 2),
(759, 'FGUF21CS0116', '17214-K64A-N000', 'SEAL, C AIR/C', 0, 0, 0, 2),
(760, 'FGPV07TE0001', '', 'PROTECTOR 1 L=654,5MM (RH)', 0, 0, 0, 2),
(761, 'FGPV07TE0002', '', 'PROTECTOR 2 L=435MM (RH)', 0, 0, 0, 2),
(762, 'FGPV07TE0003', '', 'PROTECTOR 1 L=63.6MM (RH)', 0, 0, 0, 2),
(763, 'FGPV07TE0004', '', 'PROTECTOR 2 L=40.5 (RH)', 0, 0, 0, 2),
(764, 'FGPV07TE0005', '', 'PROTECTOR 1 L=654,5MM (LH)', 0, 0, 0, 2),
(765, 'FGPV07TE0006', '', 'PROTECTOR 2 L=435MM (LH)', 0, 0, 0, 2),
(766, 'FGPV07TE0007', '', 'PROTECTOR 1 L=63.6MM (LH)', 0, 0, 0, 2),
(767, 'FGPV07TE0008', '', 'PROTECTOR 2 L=40.5 (LH)', 0, 0, 0, 2),
(768, 'FGPV16SK0058', '', 'AIR HOSE 6 X 9 MM C# BLACK', 0, 0, 0, 2),
(769, 'FGPV16SK0064', '', 'AIR HOSE 6 X 9 MM C# GREY', 0, 0, 0, 2),
(770, 'FGPV16SK0071', '', 'AIR HOSE 6 X 9 MM COL# YELLOW', 0, 0, 0, 2),
(771, 'FGPV16SK0072', '', 'AIR HOSE 6 X 9 MM COL# LIGHT GREEN', 0, 0, 0, 2),
(772, 'FGPV17IJ0002', '', 'PVC MOGOL 72 CM F40788 C# BLACK (EL-147-A) PV-211', 0, 0, 0, 2),
(773, 'FGUF05CR0001', '77651-EW130', 'CUSHION F/T', 0, 0, 0, 2),
(774, 'FGUF05CR0002', '77651-EW140', 'CUSHION F/T', 0, 0, 0, 2),
(775, 'FGUF05CR0003', '77651-EW150', 'CUSHION F/T', 0, 0, 0, 2),
(776, 'FGUF05CR0004', '77651-EW160', 'CUSHION F/T', 0, 0, 0, 2),
(777, 'FGUF05CR0005', '77616-EW090', 'SEAT F/T BAND', 0, 0, 0, 2),
(778, 'FGUF05CR0006', '77616-EW100', 'SEAT F/T BAND', 0, 0, 0, 2),
(779, 'FGPV17SC0006', 'SST-2001', 'BEADING ', 0, 0, 0, 2),
(780, 'FGPV17SK0046', '', 'LIST 810M 1600 PV076', 0, 0, 0, 2),
(781, 'FGPV17SK0121', 'PV 170', 'LIST DH 805 BAWAH T=20 MM', 0, 0, 0, 2),
(782, 'FGPV17SK0127', 'SST-1001', 'CUSHION RUBBER', 0, 0, 0, 2),
(783, 'FGPV17SK0134', '', 'RUBBER SST-1002 MODEL FASHION', 0, 0, 0, 2),
(784, 'FGPV17SK0161', '', 'LIST DH 805 ATAS (PV002)', 0, 0, 0, 2),
(785, 'FGUF20EP0036', '', 'HOSE 1/2 INCH ID = 13.0+/-0.5  OD = 20.0+/-0.5  L = 10 MTR ', 0, 0, 0, 2),
(786, 'ASTL01TP0593', '', 'TOOLING FOR RUBBER SPL KNH10600 & KRH12850', 0, 0, 0, 2),
(787, 'FGEM19NM0001', '8982097620', 'RUBBER HOSE PCV', 0, 0, 0, 2),
(788, 'FGEM20NB0012', 'CT061SI', 'SEAL AUTOCLAVE SILICONE ', 0, 0, 0, 2),
(789, 'FGEM20NB0019', '', 'SEAL L= 3010 MM (NB428T TOK-3 SEAL)', 0, 0, 0, 2),
(790, 'FGJP11NB0004', '', 'NB468T TOK-4 SEAL LENGTH 2947 MM', 0, 0, 0, 2),
(791, 'FGUF02SF0002', 'KPS-K-01', 'PROTECTOR DOUBLE ', 0, 0, 0, 2),
(792, 'FGUF02SF0012', 'YA00004290', 'TRIM SEAL ', 0, 0, 0, 2),
(793, 'FGUF02SF0024', 'KPS-K-02', 'PROTECTOR DOUBLE', 0, 0, 0, 2),
(794, 'FGUF02SF0051', 'KHN2064X-B', 'TRIM; SPONGE', 0, 0, 0, 2),
(795, 'FGUF06ES0014', 'SKI-11-F022SL', 'SPONGE 12 X 20 SL ', 0, 0, 0, 2),
(796, 'FGUF06ES0015', '', 'SPONGE 24 X 34 X 120 MM ', 0, 0, 0, 2),
(797, 'FGUF06ES0017', 'F012SL', 'SPONGE ID 14 X 20 MM ', 0, 0, 0, 2),
(798, 'FGUF06ES0018', 'SKI-8F021SL', 'INSULATOR 15.5 X 22 LENGTH = 900 MM', 0, 0, 0, 2),
(799, 'SFEM25HC0006', '', 'COMPOUND EPDM SOLID E-2606', 0, 0, 0, 2),
(800, 'SFEM25HC0007', '', 'COMPOUND EPDM SOLID E-2606 WABARI', 0, 0, 0, 2),
(801, 'SFEM25HD0002', '', 'COMPOUND EPDM SOLID E-2702', 0, 0, 0, 2),
(802, 'SFEM27HC0015', '', 'COMPOUND NBR N-2615', 0, 0, 0, 2),
(803, 'SFEM27HD0015', '', 'COMPOUND NBR N-2715', 0, 0, 0, 2),
(804, 'SFEM27HD0019', '', 'COMPOUND NBR N-2719', 0, 0, 0, 2),
(805, 'SFEM28HD0008', '', 'COMPOUND NBR / PVC NP-2708', 0, 0, 0, 2),
(806, 'SFEM28HD0010', '', 'COMPOUND NBR PVC NP-2710', 0, 0, 0, 2),
(807, 'SFEM29HC0007', '', 'COMPOUND CR SOLID C-2607', 0, 0, 0, 2),
(808, 'SFEM29HC0013', '', 'COMPOUND CR SOLID C-2607 WABARI', 0, 0, 0, 2),
(809, 'SFEM29HD0014', '', 'COMPOUND CR SOLID C-2714', 0, 0, 0, 2),
(810, 'SFEM34HD0001', '', 'EC-2701 ECO COMPOUND', 0, 0, 0, 2),
(811, 'SFEM38HD0002', '', 'COMPOUND VAMAC AEM-70 VAMAC WABARI', 0, 0, 0, 2),
(812, 'SFEM38HD0004', '', 'COMPOUND VAMAC AEM-70 VAMAC BLEND', 0, 0, 0, 2),
(813, 'SFSK27HD0001', '', 'N-2701 NBR COMPOUND', 0, 0, 0, 2),
(814, 'SFSK31HD0001', '', 'V-2701 FKM COMPOUND', 0, 0, 0, 2),
(815, 'SFSK36HC0004', '', 'COMPOUND SILICONE Q-2604', 0, 0, 0, 2),
(816, 'SFSK36HC0019', '', 'COMPOUND SILICONE Q-2619', 0, 0, 0, 2),
(817, 'SFSK36HC0020', '', 'COMPOUND SILICONE Q-2604 T- 1,2MM', 0, 0, 0, 2),
(818, 'SFSK36HC0021', '', 'COMPOUND SILICONE Q-2619 T=1.2MM', 0, 0, 0, 2),
(819, 'SFSK36HC0023', '', 'COMPOUND SILICONE Q-2619 T=1,2MM RE-MILL', 0, 0, 0, 2),
(820, 'SFSK36HC0024', '', 'COMPOUND SILICONE Q-2604  T=1,2MM RE-MILL', 0, 0, 0, 2),
(821, 'SFSK37HC0001', '', 'COMPOUND ACRYLIC AR-2625', 0, 0, 0, 2),
(822, 'SFSK37HD0001', '', 'COMPOUND ACRYLIC AR-2725', 0, 0, 0, 2),
(823, 'SFSK37HD0002', '', 'COMPOUND ACRYLIC AR-2725 WABARI', 0, 0, 0, 2),
(824, 'SFSK37HD0004', '', 'COMPOUND ACRYLIC AR-2725 WABARI RE-MILL', 0, 0, 0, 2),
(825, 'FGCR01CP0001', '19105-K56A-N000', 'CAP ASSY RES TANK', 0, 0, 0, 2),
(826, 'FGCR01EP0019', '19639-GBC-0000', 'RUBBER MOUNT', 0, 0, 0, 2),
(827, 'FGCR01EP0020', '83551-GE2-0001', 'GROMMET AIR/C CASE', 0, 0, 0, 2),
(828, 'FGCR02CR0013', '77212-K45G-N401', 'RUBBER PROTECTOR', 0, 0, 0, 2),
(829, 'FGCR02EP0006', '19104-KVB-9000', 'CAP RESERVE TANK', 0, 0, 0, 2),
(830, 'FGCR02EP0033', '19104-MB0-7001', 'CAP RESERVE TANK (K56F)', 0, 0, 0, 2),
(831, 'FGCR02EP0034', '17263-K64A-N001', 'JOINT RESONATOR', 0, 0, 0, 2),
(832, 'FGCR04FK0001', '91308-GFM-9000', 'O-RING 25.5 X 1.9 ', 0, 0, 0, 2),
(833, 'FGCR04FK0002', '91301-KRJ-9011-M1', 'O-RING 29 X 2', 0, 0, 0, 2),
(834, 'FGCR06EP0016', '89012-KZL-9300', 'BAND TOOL', 0, 0, 0, 2),
(835, 'FGEM01CN0016', '95005-55630', 'TUBE 5.3 X 650 ', 0, 0, 0, 2),
(836, 'FGEM01CN0018', '19105-K45A-N002', 'TUBE RADIATOR BREATHER 1', 0, 0, 0, 2),
(837, 'FGEM01CN0023', '95005-55320-20', 'TUBE 5.3 X 320', 0, 0, 0, 2),
(838, 'FGEM01CN0024', '95005-55370-20', 'TUBE 5.3 X 370', 0, 0, 0, 2),
(839, 'FGEM01CR0004', '95005-50360-30 ', 'TUBE 5 X 360', 0, 0, 0, 2),
(840, 'FGEM01TP0006', '19118-K59A-A100', 'HOSE RESERVE TANK (K59A)', 0, 0, 0, 2),
(841, 'FGEM01TP0007', '19112-K59A-A100', 'TUBE DRAIN RESERVE (K59A)', 0, 0, 0, 2),
(842, 'FGIP01PV0007', '80104-K59A-A100', 'GUARD SPLASH K59A', 0, 0, 0, 2),
(843, 'FGPV16RJ0003', '4ST-E443E-00', 'PIPE DRAIN', 0, 0, 0, 2),
(844, 'FGUF20CR0007', '95005-50490-30', 'TUBE 5 X 490', 0, 0, 0, 2),
(845, 'FGUF20CR0008', '95005-50480-30', 'TUBE 5 X 480', 0, 0, 0, 2),
(846, 'FGUF20CR0009', '95005-50520-30', 'TUBE 5 X 520', 0, 0, 0, 2),
(847, 'FGUF20CR0010', '9500-50440-30', 'TUBE 5 X 440', 0, 0, 0, 2),
(848, 'FGUF11EP0256', '', 'SEAL ZDK @25 MTR/ROLL', 0, 0, 0, 2),
(849, 'FGPV17SK0021', '', 'LIST KOTAK PV032', 0, 0, 0, 2),
(850, 'FGPV17SK0086', '', 'LIST KOTAK 184 (SEVEN)', 0, 0, 0, 2),
(851, 'FGPV17SK0129', '', 'LIST ANAK PHOENIX', 0, 0, 0, 2),
(852, 'FGCR02EP0005', '92113-22J00', 'MUDGUARD, LUGGAGE BOX FV110LAZ', 0, 0, 0, 2),
(853, 'FGCR02EP0021', '13825-74L00-000', 'JOINT AIR INLET PIPE', 0, 0, 0, 2),
(854, 'FGCR02EP0028', '17781-12J00', 'CUSHION, RADIATOR LOWER', 0, 0, 0, 2),
(855, 'FGEM01EP0003', '17873-67LB0', 'HOSE,HTR CIRCULATION', 0, 0, 0, 2),
(856, 'FGEM01EP0004', '17852-67LB0', 'HOSE,RDTR INLET', 0, 0, 0, 2),
(857, 'FGEM01EP0005', '17981-12K00', 'HOSE, RSVR TANK INLET', 0, 0, 0, 2),
(858, 'FGEM01NP0004', '18762-25G00', 'HOSE 2ND AIR VALVE VACUUM  ', 0, 0, 0, 2),
(859, 'FGEM01NP0006', '18762B25G00N000', 'HOSE, 2ND AIR VALVE VACUUM', 0, 0, 0, 2),
(860, 'FGIR01NP0006', '13881-76M00', 'HOSE,AIR CLEANER OUTLET', 0, 0, 0, 2),
(861, 'FGIR01NP0013', '13881-74L20-000', 'HOSE AIR CLNR OUT', 0, 0, 0, 2),
(862, 'FGUF02SF0031', '72362-63J00', 'SEAL,HOOD REAR', 0, 0, 0, 2),
(863, 'FGUF18SR0251', '73121-68K20', 'SILINCER, I/P TOP', 0, 0, 0, 2),
(864, 'FGUF18SR0255', '73121-59R00-000', 'SILENCER, I/P TOP', 0, 0, 0, 2),
(865, 'FGCR09EP0014', '3T31-003-7710', 'CUSHION', 0, 0, 0, 2),
(866, 'FGPV17SC0003', '', 'LIST HELM GT-1', 0, 0, 0, 2),
(867, 'FGPV17SC0004', 'HS 60', 'LIST VISOR TRIM GT-750', 0, 0, 0, 2),
(868, 'FGPV17SK0094', '', 'LIST MX TOURER VISOR TRIM', 0, 0, 0, 2),
(869, 'FGPV17SK0163', '', 'LIST NEWTON ', 0, 0, 0, 2),
(870, 'FGPV17SL0001', 'PV206', 'LIST MX-TOURER BOTTOM TRIM', 0, 0, 0, 2),
(871, 'FGUF03ES0167', 'TCK-01', 'EPDM SPONGE 4 X 6 X 348 MM + DOUBLE TAPE (F098)', 0, 0, 0, 2),
(872, 'FGUF03ES0168', 'TCK-02', 'EPDM SPONGE 4 X 6 X 326 MM + DOUBLE TAPE (F098)', 0, 0, 0, 2),
(873, 'FGUF03ES0171', '', 'EPDM UK:4X5,5X312 MM (F131)', 0, 0, 0, 2),
(874, 'FGPV17SK0160', '', 'LIST DH 805 ATAS', 0, 0, 0, 2),
(875, 'FGPV17SK0169', '', 'LIST NEWTON ATAS', 0, 0, 0, 2),
(876, 'FGUF07ES0113', '', 'TRIM SPONGE FULLFACE 8 (UK 2.5 X6 X 330)', 0, 0, 0, 2),
(877, 'FGUF11EP0556', '', 'END RUBBER 2CF', 0, 0, 0, 2),
(878, 'FGCR09EP0013', '82138-SWA7-A010-M1-0001', 'DAMPER RR CUSH', 0, 0, 0, 2),
(879, 'FGPV01ID0025', '', 'WELT LINER BLACK ', 0, 0, 0, 2),
(880, 'FGUF04SS0002', '', 'RUBBER SEAL K25A', 0, 0, 0, 2),
(881, 'FGUF04SS0036', '2C10-A07-00-0', 'RUBBER PACKING ANF KVLP ( KTMK )', 0, 0, 0, 2),
(882, 'FGUF04SS0037', '', 'RUBBER SEAL KZTA (KVB)', 0, 0, 0, 2),
(883, 'FGUF11NB0001', 'R11303130', 'PACKING SEAT BASE TVS (NBR)', 0, 0, 0, 2),
(884, 'FGUF06ES0028', 'VHFUNC-AS05160-CM', 'EPDM SPONGE 15X21X445 12261-OYO40', 0, 0, 0, 2),
(885, 'RMSM08PP0001-A', '', 'PIPA STKM 11 A 15.0 X 10.1 X 4800 X 800 BTG', 0, 0, 0, 2),
(886, 'RMSM08PP0001-B', '', 'PIPA STKM 11 A 15.0 X 10.1 X 4800 X 379 BTG', 0, 0, 0, 2),
(887, 'RMSM08PP0001-C', '', 'PIPA STKM 11 A 15.0 X 10.1 X 4500 X 3 BTG', 0, 0, 0, 2),
(888, 'RMSM08PP0001-D', '', 'PIPA STKM 11 A 15.0 X 10.1 X 3450 X 102 BTG', 0, 0, 0, 2),
(889, 'RMSM08PP0001-E', '', 'PIPA STKM 11 A 15.0 X 10.1 X 2300 X 409 BTG', 0, 0, 0, 2),
(890, 'RMSM08PP0002-A', '', 'PIPA STKM 11 A 28.8 X 26.0 X 4600 X 190 BTG', 0, 0, 0, 2),
(891, 'RMSM08PP0002-B', '', 'PIPA STKM 11 A 28.8 X 26.0 X 4600 X 188 BTG', 0, 0, 0, 2),
(892, 'RMSM08PP0002-C', '', 'PIPA STKM 11 A 28.8 X 26.0 X 4500 X 2 BTG', 0, 0, 0, 2),
(893, 'RMSM08PP0002-D', '', 'PIPA STKM 11 A 28.8 X 26.0 X 3500 X 128 BTG', 0, 0, 0, 2),
(894, 'RMSM08PP0002-E', '', 'PIPA STKM 11 A 28.8 X 26.0 X 2.250 X 225 BTG', 0, 0, 0, 2),
(895, 'FGCR07NP0003', '1A2332-13430', 'BOOTS CAM', 0, 0, 0, 2),
(896, 'FGCR07NP0004', '1A2332-13050', 'SEAL CLUTCH', 0, 0, 0, 2),
(897, 'ASTL04TB0031', '13853-23K00', 'MANDRELL MASSPRO-NEW ECN 23K-0122', 0, 0, 0, 2),
(898, 'FGEM01NP0007', '13853-12K00', 'TUBE BREATHER', 0, 0, 0, 2),
(899, 'FGPV16RN0008', '13878-12K00', 'PLUG DRAIN', 0, 0, 0, 2),
(900, 'FGPV16RQ0004', 'B16-E443E-00', 'PIPE DRAIN', 0, 0, 0, 2),
(901, 'FGPV16RQ0006', '1FP-E443E-00', 'PIPE DRAIN', 0, 0, 0, 2),
(902, 'FGUF21CS0046', '5TN-E4457-00', 'CR SPONGE 3.5-3.9 X 520 MM SG 0.45-0.55 ', 0, 0, 0, 2),
(903, 'FGUF21CS0047', '5TN-E4452-00', 'CR SPONGE DIA.3.5-3.9 L630 SG0.45-0.55', 0, 0, 0, 2),
(904, 'FGUF21CS0048', '92093-3766B', 'CR SPONGE DIA.3.0-3.4 L1240 SG0.45-SG0.55', 0, 0, 0, 2),
(905, 'FGUF21CS0050', 'IDY-E4462-00', 'CR SPONGE DIA.3.5-3.9 L649 SG0.45-0.55', 0, 0, 0, 2),
(906, 'FGUF21CS0051', '1DY-E4452-00', 'CR SPONGE DIA.3.5-3.9 L773 SG0.45-0.55', 0, 0, 0, 2),
(907, 'FGUF21CS0052', '1FC-E4452-00', 'CR SPONGE DIA. 3.5-3.9  L =  650 MM SG.0.45-0.55', 0, 0, 0, 2),
(908, 'FGUF21CS0053', '1FC-E4462-00', 'CR SPONGE DIA. 3.5-3.9  L =  785 MM SG.0.45-0.55', 0, 0, 0, 2),
(909, 'FGUF21CS0056', '1FD-E4452-00', 'CR SPONGE DIA. 3.5-3.9 L650 SG0.45-0.55', 0, 0, 0, 2),
(910, 'FGUF21CS0057', '1FD-E4462-00', 'CR SPONGE DIA. 3.5-3.9 L785 SG0.45-0.55', 0, 0, 0, 2),
(911, 'FGUF21CS0058', '1ST-E4452-00', 'CR SPONGE DIA.4.0-4.4 L821+SG0.45-0.55', 0, 0, 0, 2),
(912, 'FGUF21CS0060', '1WD-E4462-00', 'SEAL', 0, 0, 0, 2),
(913, 'FGUF21CS0073', '54P-E4452-10', 'CR SPONGE DIA. 3.5-3.9 L715', 0, 0, 0, 2),
(914, 'FGUF21CS0079', '1WD-E4452/57-00', 'SEAL ASSY', 0, 0, 0, 2),
(915, 'FGUF21CS0087', 'ISF-401', 'CR SPONGE DIA 4.0-4.4 SG0.45-0.55', 0, 0, 0, 2),
(916, 'FGUF21CS0088', '91352-HL4A-A020', 'GASKET SELECTOR', 0, 0, 0, 2),
(917, 'FGUF21CS0089', '17252-HL4A-A000', 'SEAL SET PLATE', 0, 0, 0, 2),
(918, 'FGUF21CS0090', '17222-HL4A-A010', 'SEAL COVER', 0, 0, 0, 2),
(919, 'FGUF21CS0091', '17234-HL4A-A010', 'SEAL CASE', 0, 0, 0, 2),
(920, 'FGUF21CS0093', '2UP-E4452-P0-0', 'SEAL', 0, 0, 0, 2),
(921, 'FGUF21CS0098', '2HC-E4452-00', 'SEAL', 0, 0, 0, 2),
(922, 'FGUF21CS0100', '2HC-E4462-00', 'SEAL', 0, 0, 0, 2),
(923, 'FGUF21CS0102', 'ISF-301', 'CR SPONGE DIA 3.0-3.4 SG0.45-0.55', 0, 0, 0, 2),
(924, 'FGUF21CS0107', '13746-12K00', 'SEAL', 0, 0, 0, 2),
(925, 'FGUF21CS0108', '2TD-E4452-00', 'SEAL', 0, 0, 0, 2),
(926, 'FGUF21CS0109', '13747-12K00 ', 'GASKET', 0, 0, 0, 2),
(927, 'FGUF21CS0110', 'B74-E4452-00', 'SEAL', 0, 0, 0, 2),
(928, 'FGUF21CS0111', 'B74-E4462-00', 'SEAL', 0, 0, 0, 2),
(929, 'FGCR02CR0012', '37215-KZZ-90000', 'RUBBER METER SET', 0, 0, 0, 2),
(930, 'FGCR06EP0014', '89012-K45-N400', 'BAND TOOL', 0, 0, 0, 2),
(931, 'FGCR09EP0010', '83545-KCJ-6901', 'RUBBER SIDE COVER ', 0, 0, 0, 2),
(932, 'FGUF05EP0142', '64751-K56-N000-H1', 'RUBBER COMBI LIGHT CUSHION', 0, 0, 0, 2),
(933, 'FGUF05EP0144', '64435-K45-N400', 'RUBBER FUEL TANK', 0, 0, 0, 2),
(934, 'FGUF07ES0115', '50391-KVB-9000-H1', 'CUSHION BATT A ', 0, 0, 0, 2),
(935, 'FGUF07ES0117', '50382-KYZA-9000-H1', 'RUBBER CUSHION ', 0, 0, 0, 2),
(936, 'FGUF07ES0118', '80108-KZR-6000', 'SEAL FENDER REAR', 0, 0, 0, 2),
(937, 'FGUF07ES0144', '64601-K56-N000-H1', 'RUBBER T/L UPPER CUSHION', 0, 0, 0, 2),
(938, 'FGUF21CS0026', '19748-KZR-6000', 'SEAL DUCT', 0, 0, 0, 2),
(939, 'FGUF21CS0034', '19749-KVY-9000', 'SEAL L COVER DUCT', 0, 0, 0, 2),
(940, 'FGUF21CS0086', '19748-K44-V000', 'SEAL DUCT', 0, 0, 0, 2),
(1024, 'FGCR01RM0001', 'DR0013', 'GASKET', NULL, NULL, NULL, 12);

--
-- Trigger `kps_item_master`
--
DELIMITER $$
CREATE TRIGGER `item_master_update_record` BEFORE UPDATE ON `kps_item_master` FOR EACH ROW INSERT INTO kps_item_master_ (
  `KPS_ITEM_MASTER_ID`,
  `KPS_ITEM_MASTER_CODE_ITEM`,
  `KPS_ITEM_MASTER_PART_NO`,
  `KPS_ITEM_MASTER_PART_NAME`,
  `ITEM_MASTER_REV_NO`,
  `ITEM_MASTER_STATUS_DELETE`,
  `ITEM_MASTER_STATUS_LOCK`,
  `ITEM_MASTER_MADE_BY`,
  `ITEM_MASTER_UPDATE_BY` 
)
VALUE (
    OLD.`KPS_ITEM_MASTER_ID`,
  OLD.`KPS_ITEM_MASTER_CODE_ITEM`,
  OLD.`KPS_ITEM_MASTER_PART_NO`,
  OLD.`KPS_ITEM_MASTER_PART_NAME`,
  OLD.`ITEM_MASTER_REV_NO`,
  OLD.`ITEM_MASTER_STATUS_DELETE`,
  OLD.`ITEM_MASTER_STATUS_LOCK`,
  OLD.`ITEM_MASTER_MADE_BY`,
  NEW.`ITEM_MASTER_MADE_BY` )
$$
DELIMITER ;

-- --------------------------------------------------------

--
-- Struktur dari tabel `kps_item_master_`
--

CREATE TABLE `kps_item_master_` (
  `KPS_ITEM_MASTER_ID_` int(255) NOT NULL,
  `ITEM_MASTER_UPDATE_TIME` datetime NOT NULL DEFAULT CURRENT_TIMESTAMP,
  `KPS_ITEM_MASTER_ID` int(255) NOT NULL,
  `KPS_ITEM_MASTER_CODE_ITEM` varchar(255) NOT NULL,
  `KPS_ITEM_MASTER_PART_NO` varchar(255) NOT NULL,
  `KPS_ITEM_MASTER_PART_NAME` varchar(255) NOT NULL,
  `ITEM_MASTER_REV_NO` int(11) DEFAULT NULL,
  `ITEM_MASTER_STATUS_DELETE` tinyint(4) DEFAULT NULL,
  `ITEM_MASTER_STATUS_LOCK` tinyint(4) DEFAULT NULL,
  `ITEM_MASTER_MADE_BY` int(11) NOT NULL,
  `ITEM_MASTER_UPDATE_BY` int(11) NOT NULL
) ENGINE=InnoDB DEFAULT CHARSET=latin1;

--
-- Dumping data untuk tabel `kps_item_master_`
--

INSERT INTO `kps_item_master_` (`KPS_ITEM_MASTER_ID_`, `ITEM_MASTER_UPDATE_TIME`, `KPS_ITEM_MASTER_ID`, `KPS_ITEM_MASTER_CODE_ITEM`, `KPS_ITEM_MASTER_PART_NO`, `KPS_ITEM_MASTER_PART_NAME`, `ITEM_MASTER_REV_NO`, `ITEM_MASTER_STATUS_DELETE`, `ITEM_MASTER_STATUS_LOCK`, `ITEM_MASTER_MADE_BY`, `ITEM_MASTER_UPDATE_BY`) VALUES
(1, '2016-04-27 12:42:04', 2, 'UJI COBA CODE ITEM', 'UJI COBA PART NO', 'UJI COBA PART NAME', NULL, NULL, NULL, 2, 2),
(2, '2016-04-27 12:42:12', 2, 'UJI COBA CODE ITEM', 'UJI COBA PART NO UPDATE', 'UJI COBA PART NAME', 1, NULL, NULL, 2, 2),
(3, '2016-04-27 12:42:36', 2, 'UJI COBA CODE ITEM', 'UJI COBA PART NO UPDATE 2', 'UJI COBA PART NAME', 1, NULL, NULL, 2, 2),
(4, '2016-04-27 12:44:38', 2, 'UJI COBA CODE ITEM', 'UJI COBA PART NO UPDATE 3', 'UJI COBA PART NAME', 1, NULL, NULL, 2, 2),
(5, '2016-04-27 12:50:28', 2, 'UJI COBA CODE ITEM', 'UJI COBA PART NO UPDATE 4', 'UJI COBA PART NAME', 2, NULL, NULL, 2, 2),
(6, '2016-04-27 12:51:17', 2, 'UJI COBA CODE ITEM', 'UJI COBA PART NO UPDATE 4', 'UJI COBA PART NAME', 2, NULL, 1, 2, 2),
(7, '2016-04-27 12:51:19', 2, 'UJI COBA CODE ITEM', 'UJI COBA PART NO UPDATE 4', 'UJI COBA PART NAME', 2, NULL, 0, 2, 2),
(8, '2016-04-27 12:51:21', 2, 'UJI COBA CODE ITEM', 'UJI COBA PART NO UPDATE 4', 'UJI COBA PART NAME', 2, NULL, 1, 2, 2),
(9, '2016-04-27 12:51:50', 2, 'UJI COBA CODE ITEM', 'UJI COBA PART NO UPDATE 4', 'UJI COBA PART NAME', 2, NULL, 0, 2, 2),
(10, '2016-04-27 12:52:00', 2, 'UJI COBA CODE ITEM', 'UJI COBA PART NO UPDATE 4', 'UJI COBA PART NAME', 2, NULL, 1, 2, 2),
(11, '2016-04-28 14:07:43', 2, 'UJI COBA CODE ITEM', 'UJI COBA PART NO UPDATE 4', 'UJI COBA PART NAME', 2, NULL, 0, 2, 2),
(12, '2016-04-28 14:07:44', 2, 'UJI COBA CODE ITEM', 'UJI COBA PART NO UPDATE 4', 'UJI COBA PART NAME', 2, NULL, 1, 2, 2),
(13, '2016-04-28 14:07:45', 2, 'UJI COBA CODE ITEM', 'UJI COBA PART NO UPDATE 4', 'UJI COBA PART NAME', 2, NULL, 0, 2, 2),
(14, '2016-04-28 14:07:47', 2, 'UJI COBA CODE ITEM', 'UJI COBA PART NO UPDATE 4', 'UJI COBA PART NAME', 2, NULL, 0, 2, 2),
(15, '2016-04-28 14:07:49', 2, 'UJI COBA CODE ITEM', 'UJI COBA PART NO UPDATE 4', 'UJI COBA PART NAME', 2, NULL, 1, 2, 2),
(16, '2016-05-13 10:10:22', 3, 'FGIP04PV0004', 'KEV-20503-4200', 'COVER SWITCH', NULL, NULL, NULL, 3, 3),
(17, '2016-05-13 10:10:26', 3, 'FGIP04PV0004', 'KEV-20503-4200', 'COVER SWITCH', NULL, NULL, 1, 3, 3),
(18, '2016-05-14 06:56:21', 1, 'FGHJTEST218492TEST', 'TEST ITEM MASTER NO', 'TEST ITEM MASTER NAME', NULL, NULL, NULL, 1, 1),
(19, '2016-06-01 10:11:53', 2, 'ASTL01TP0577', 'EXTRUSSION MOLD', '16 CAV D : 1.5MM', 0, 0, 0, 2, 2),
(20, '2016-06-01 10:12:20', 1, 'ASTL01TP0577', 'EXTRUSSION MOLD', '16 CAV D : 1.5MM', 0, 0, 0, 2, 2);

-- --------------------------------------------------------

--
-- Struktur dari tabel `kps_item_master_detail`
--

CREATE TABLE `kps_item_master_detail` (
  `KPS_ITEM_MASTER_DETAIL_ID` int(255) NOT NULL,
  `KPS_ITEM_MASTER_ID` int(255) NOT NULL,
  `AREA` varchar(50) NOT NULL,
  `ITEM_MASTER_CODE_ITEM` varchar(150) NOT NULL,
  `ITEM_MASTER_PART_NAME` varchar(150) NOT NULL,
  `ITEM_MASTER_PART_NO` varchar(150) NOT NULL,
  `KPS_PROSES_ID` int(11) NOT NULL,
  `SUBTITUTE` varchar(255) NOT NULL,
  `DOC_NO` varchar(150) NOT NULL,
  `DOC_REF_NO` varchar(150) NOT NULL,
  `KPS_ITEM_MASTER_TOOLING_ID` int(255) NOT NULL,
  `CAV_NO` int(50) NOT NULL,
  `KPS_MACHINE_ID` int(255) NOT NULL,
  `1LOT_MACHINE` varchar(255) NOT NULL,
  `1LOT_MAN` varchar(255) NOT NULL,
  `1LOT_MAN_QTY` varchar(255) NOT NULL,
  `1LOT_QTY_GR` varchar(255) NOT NULL,
  `1LOT_QTY_MIX_GR` varchar(255) NOT NULL,
  `1LOT_QTY_LOT` varchar(255) NOT NULL,
  `1PCS_MACHINE` varchar(255) NOT NULL,
  `1PCS_MAN` varchar(255) NOT NULL,
  `1PCS_UNIT` varchar(50) NOT NULL,
  `1PCS_RATES_MACHINE` varchar(255) NOT NULL,
  `1PCS_RATES_MAN` varchar(255) NOT NULL,
  `1PCS_RATES_UNIT` varchar(50) NOT NULL,
  `REMAKS` varchar(255) NOT NULL
) ENGINE=InnoDB DEFAULT CHARSET=latin1;

-- --------------------------------------------------------

--
-- Struktur dari tabel `kps_item_master_rev`
--

CREATE TABLE `kps_item_master_rev` (
  `KPS_ITEM_MASTER_REV_ID` int(255) NOT NULL,
  `KPS_ITEM_MASTER_ID` int(255) NOT NULL,
  `REV_NO` varchar(50) NOT NULL,
  `REV_DATE_CODE_ITEM` date NOT NULL,
  `REV_DATE_PROCESS` date NOT NULL,
  `REV_CONTAIN` varchar(255) NOT NULL
) ENGINE=InnoDB DEFAULT CHARSET=latin1;

-- --------------------------------------------------------

--
-- Struktur dari tabel `kps_item_master_tooling`
--

CREATE TABLE `kps_item_master_tooling` (
  `KPS_ITEM_MASTER_TOOLING_ID` int(255) NOT NULL,
  `ASET_CODE` varchar(150) NOT NULL,
  `NO` int(50) NOT NULL,
  `SUPPLIER` varchar(150) NOT NULL
) ENGINE=InnoDB DEFAULT CHARSET=latin1;

-- --------------------------------------------------------

--
-- Struktur dari tabel `kps_label`
--

CREATE TABLE `kps_label` (
  `KPS_LABEL_ID` int(255) NOT NULL,
  `NO_LABEL` varchar(255) NOT NULL DEFAULT '',
  `REV_LABEL` int(10) NOT NULL DEFAULT '0',
  `REV_NO_LABEL` int(11) DEFAULT NULL,
  `DATE` datetime NOT NULL DEFAULT CURRENT_TIMESTAMP,
  `KPS_LOI_ID_label` int(255) NOT NULL DEFAULT '0',
  `NO_LOT` varchar(100) DEFAULT NULL,
  `QUANTITY` int(100) NOT NULL DEFAULT '0',
  `LENGTH` varchar(100) DEFAULT NULL,
  `PROD_DATE` date DEFAULT NULL,
  `INSP_DATE` date DEFAULT NULL,
  `INSPECTOR` int(225) DEFAULT NULL,
  `OPERATOR` int(225) DEFAULT NULL,
  `SUB_OPERATOR` int(225) DEFAULT NULL,
  `VISUAL` varchar(100) DEFAULT NULL,
  `STATUS` varchar(20) DEFAULT NULL,
  `profile` varchar(250) DEFAULT NULL,
  `qty_barcode` int(11) NOT NULL DEFAULT '0',
  `KPS_LABEL_ID_MUTATION` int(11) DEFAULT NULL,
  `KPS_LABEL_MADE_BY` int(11) NOT NULL DEFAULT '0'
) ENGINE=InnoDB DEFAULT CHARSET=latin1;

--
-- Dumping data untuk tabel `kps_label`
--

INSERT INTO `kps_label` (`KPS_LABEL_ID`, `NO_LABEL`, `REV_LABEL`, `REV_NO_LABEL`, `DATE`, `KPS_LOI_ID_label`, `NO_LOT`, `QUANTITY`, `LENGTH`, `PROD_DATE`, `INSP_DATE`, `INSPECTOR`, `OPERATOR`, `SUB_OPERATOR`, `VISUAL`, `STATUS`, `profile`, `qty_barcode`, `KPS_LABEL_ID_MUTATION`, `KPS_LABEL_MADE_BY`) VALUES
(5, '16/LB-PRO/III/1', 1, NULL, '2016-03-27 23:55:53', 1, '1', 0, '', '2016-03-27', '2016-03-28', 0, 0, 0, '', '', '', 10, NULL, 0),
(6, '16/LB-PRO/III/1', 1, NULL, '2016-03-27 23:57:44', 1, '1', 0, '', '2016-03-27', '2016-03-28', 0, 0, 0, '', '', '', 20, NULL, 0),
(7, '16/LB-PRO/III/1', 1, NULL, '2016-03-28 09:00:48', 1, '1', 0, '', '2016-03-29', '2016-03-30', 0, 0, 0, '', '', '', 10, NULL, 0),
(8, '16/LB-PRO/III/1', 1, NULL, '2016-03-28 09:16:12', 1, '1', 100, '', '2016-03-28', '2016-03-29', 0, 0, 0, '', '', '', 10, NULL, 0),
(9, '16/LB-PRO/III/1', 1, NULL, '2016-03-28 09:16:14', 1, '1', 100, '', '2016-03-28', '2016-03-29', 0, 0, 0, '', '', '', 10, NULL, 0),
(10, '16/LB-PRO/IV/1', 1, NULL, '2016-04-13 16:26:48', 1, '90', 100, '', '2016-04-14', '2016-04-20', 0, 0, 0, 'cek', 'percobaan', '', 10, NULL, 0),
(11, '16/LB-PRO/IV/1', 1, NULL, '2016-04-13 16:42:51', 1, '80', 100, '', '2016-04-15', '2016-04-29', 0, 0, 0, 'cek 2', 'cek uji COba', '', 4, NULL, 0),
(13, '16/LB-PRO/IV/2', 2, NULL, '2016-04-13 19:47:52', 2, NULL, 50, NULL, NULL, NULL, NULL, NULL, NULL, NULL, NULL, NULL, 8, 2, 0),
(16, '16/LB-PRO/V/3', 3, NULL, '2016-05-23 11:11:45', 1, '70', 100, '', '2016-05-23', '2016-05-26', 0, 0, 0, NULL, 'oke', '', 10, NULL, 5);

--
-- Trigger `kps_label`
--
DELIMITER $$
CREATE TRIGGER `LABEL_update_record` BEFORE UPDATE ON `kps_label` FOR EACH ROW INSERT INTO kps_label_ (
  `KPS_LABEL_ID`, `NO_LABEL`, `REV_LABEL`,`REV_NO_LABEL`, `DATE`, `KPS_LOI_ID_label`, `NO_LOT`, `QUANTITY`, `LENGTH`, `PROD_DATE`, `INSP_DATE`, `INSPECTOR`, `OPERATOR`, `SUB_OPERATOR`, `VISUAL`, `STATUS`, `profile`, `qty_barcode`, `KPS_LABEL_ID_MUTATION`, `KPS_LABEL_MADE_BY`, `KPS_LABEL_UPDATE_BY`
)
VALUE (
 OLD.`KPS_LABEL_ID`, OLD.`NO_LABEL`, OLD.`REV_LABEL`, OLD.`REV_NO_LABEL`, OLD.`DATE`, OLD.`KPS_LOI_ID_label`, OLD.`NO_LOT`, OLD.`QUANTITY`, OLD.`LENGTH`, OLD.`PROD_DATE`, OLD.`INSP_DATE`, OLD.`INSPECTOR`, OLD.`OPERATOR`, OLD.`SUB_OPERATOR`, OLD.`VISUAL`, OLD.`STATUS`, OLD.`profile`, OLD.`qty_barcode`, OLD.`KPS_LABEL_ID_MUTATION`, OLD.`KPS_LABEL_MADE_BY`, NEW.`KPS_LABEL_MADE_BY` )
$$
DELIMITER ;

-- --------------------------------------------------------

--
-- Struktur dari tabel `kps_label_`
--

CREATE TABLE `kps_label_` (
  `ID_KPS_LABEL_` int(11) NOT NULL,
  `KPS_LABEL_ID` int(255) NOT NULL,
  `NO_LABEL` varchar(255) NOT NULL,
  `REV_LABEL` int(10) NOT NULL,
  `REV_NO_LABEL` int(11) DEFAULT NULL,
  `DATE` datetime NOT NULL DEFAULT CURRENT_TIMESTAMP,
  `KPS_LOI_ID_label` int(255) NOT NULL,
  `NO_LOT` varchar(100) DEFAULT NULL,
  `QUANTITY` int(100) NOT NULL,
  `LENGTH` varchar(100) DEFAULT NULL,
  `PROD_DATE` date DEFAULT NULL,
  `INSP_DATE` date DEFAULT NULL,
  `INSPECTOR` int(225) DEFAULT NULL,
  `OPERATOR` int(225) DEFAULT NULL,
  `SUB_OPERATOR` int(225) DEFAULT NULL,
  `VISUAL` varchar(100) DEFAULT NULL,
  `STATUS` varchar(20) DEFAULT NULL,
  `profile` varchar(250) DEFAULT NULL,
  `qty_barcode` int(11) NOT NULL,
  `KPS_LABEL_ID_MUTATION` int(11) DEFAULT NULL,
  `UPDATE_TIME` datetime NOT NULL DEFAULT CURRENT_TIMESTAMP,
  `KPS_LABEL_MADE_BY` int(11) NOT NULL,
  `KPS_LABEL_UPDATE_BY` int(11) NOT NULL
) ENGINE=InnoDB DEFAULT CHARSET=latin1;

--
-- Dumping data untuk tabel `kps_label_`
--

INSERT INTO `kps_label_` (`ID_KPS_LABEL_`, `KPS_LABEL_ID`, `NO_LABEL`, `REV_LABEL`, `REV_NO_LABEL`, `DATE`, `KPS_LOI_ID_label`, `NO_LOT`, `QUANTITY`, `LENGTH`, `PROD_DATE`, `INSP_DATE`, `INSPECTOR`, `OPERATOR`, `SUB_OPERATOR`, `VISUAL`, `STATUS`, `profile`, `qty_barcode`, `KPS_LABEL_ID_MUTATION`, `UPDATE_TIME`, `KPS_LABEL_MADE_BY`, `KPS_LABEL_UPDATE_BY`) VALUES
(1, 14, '16/LB-PRO/IV/3', 3, NULL, '2016-04-13 19:52:59', 2, NULL, 50, NULL, NULL, NULL, NULL, NULL, NULL, NULL, NULL, NULL, 8, 2, '2016-05-03 17:04:09', 0, 0),
(2, 14, '16/LB-PRO/IV/3', 3, NULL, '2016-04-13 19:52:59', 2, '1', 50, NULL, NULL, NULL, NULL, NULL, NULL, NULL, NULL, NULL, 8, 2, '2016-05-03 17:04:17', 0, 0),
(3, 15, '16/LB-PRO/V/1', 1, NULL, '2016-05-12 10:51:28', 1, '1251603', 100, '', '2016-05-12', '2016-05-12', 0, 0, 0, 'ok', 'ok', '', 2, NULL, '2016-05-14 21:14:17', 0, 2),
(4, 15, '16/LB-PRO/V/1', 1, 1, '2016-05-12 10:51:28', 1, '1251603', 100, '', '2016-05-12', '2016-05-12', 0, 0, 0, 'ok', 'NG', '', 2, NULL, '2016-05-14 21:21:50', 2, 2),
(5, 15, '16/LB-PRO/V/1', 1, 1, '2016-05-12 10:51:28', 1, '1251603', 100, '', '2016-05-12', '2016-05-12', 0, 0, 0, 'ok', 'ok', '', 2, NULL, '2016-05-14 21:23:49', 2, 2);

-- --------------------------------------------------------

--
-- Struktur dari tabel `kps_label_detail`
--

CREATE TABLE `kps_label_detail` (
  `KPS_LABEL_DETAIL_ID` int(255) NOT NULL,
  `KPS_LABEL_ID` int(255) NOT NULL,
  `KPS_ITEM_MASTER_ID` int(255) NOT NULL,
  `PROCESS` varchar(100) NOT NULL,
  `MC` varchar(100) NOT NULL,
  `CODE_TOOLS` int(100) NOT NULL,
  `OPERATOR` varchar(100) NOT NULL,
  `QUANTITY` int(20) NOT NULL
) ENGINE=InnoDB DEFAULT CHARSET=latin1;

-- --------------------------------------------------------

--
-- Struktur dari tabel `kps_label_information`
--

CREATE TABLE `kps_label_information` (
  `KPS_LABEL_INFORMATION_ID` int(255) NOT NULL,
  `DATE` datetime NOT NULL DEFAULT CURRENT_TIMESTAMP,
  `NO_REV_NO` varchar(100) NOT NULL,
  `REV_NO` int(11) NOT NULL,
  `KPS_ITEM_MASTER_ID_LF` int(255) NOT NULL,
  `KPS_BARCODE_ID` int(255) NOT NULL,
  `QTY_BARCODE_LF` int(11) NOT NULL,
  `CUSTOMER_ID` int(11) NOT NULL
) ENGINE=InnoDB DEFAULT CHARSET=latin1;

-- --------------------------------------------------------

--
-- Struktur dari tabel `kps_label_information_detail`
--

CREATE TABLE `kps_label_information_detail` (
  `KPS_LABEL_INFORMATION_DETAIL_ID` int(255) NOT NULL,
  `KPS_LABEL_INFORMATION_ID` int(255) NOT NULL,
  `PROCESS_ID_LFD` int(100) NOT NULL,
  `KPS_ITEM_MASTER_TOOLING_ID_LFD` int(255) NOT NULL,
  `KPS_MACHINE_ID` int(255) NOT NULL,
  `KPS_EMPLOYEE_ID` int(255) NOT NULL,
  `QUANTITY` int(50) NOT NULL,
  `UNITS` varchar(20) NOT NULL,
  `QTY_BARCODE` int(100) NOT NULL,
  `NO_LOT` varchar(100) NOT NULL,
  `PRODUCTION_DATE` datetime NOT NULL DEFAULT CURRENT_TIMESTAMP
) ENGINE=InnoDB DEFAULT CHARSET=latin1;

-- --------------------------------------------------------

--
-- Struktur dari tabel `kps_label_ng_waste`
--

CREATE TABLE `kps_label_ng_waste` (
  `KPS_LABEL_INFORMATION_ID` int(255) NOT NULL,
  `DATE` date NOT NULL,
  `NO_REV_NO` varchar(100) NOT NULL,
  `KPS_ITEM_MASTER_ID` int(255) NOT NULL,
  `KPS_CUSTOMER_LIST_ID` int(255) NOT NULL
) ENGINE=InnoDB DEFAULT CHARSET=latin1 ROW_FORMAT=COMPACT;

-- --------------------------------------------------------

--
-- Struktur dari tabel `kps_label_ng_waste_detail`
--

CREATE TABLE `kps_label_ng_waste_detail` (
  `KPS_LABEL_NG_WASTE_DETAIL_ID` int(255) NOT NULL,
  `KPS_LABEL_NG_WASTE_ID` int(255) NOT NULL,
  `PROCESS` varchar(100) NOT NULL,
  `KPS_TOOLING_ID` int(255) NOT NULL,
  `CAV_NO` varchar(100) NOT NULL,
  `KPS_MACHINE_ID` int(255) NOT NULL,
  `KPS_EMPLOYEE_ID` int(255) NOT NULL,
  `QTY_NG` int(50) NOT NULL,
  `QTY_UNITS` varchar(20) NOT NULL,
  `WASTE_WEIGHT` varchar(20) NOT NULL,
  `WASTE_UNITS` varchar(20) NOT NULL,
  `QTY_BARCODE` int(100) NOT NULL,
  `NO_LOT` varchar(100) NOT NULL,
  `PRODUCTION_DATE` date NOT NULL
) ENGINE=InnoDB DEFAULT CHARSET=latin1;

-- --------------------------------------------------------

--
-- Struktur dari tabel `kps_label_retur`
--

CREATE TABLE `kps_label_retur` (
  `KPS_LABEL_RETUR_ID` int(255) NOT NULL,
  `DATE` date NOT NULL,
  `NO_REV_NO` varchar(50) NOT NULL
) ENGINE=InnoDB DEFAULT CHARSET=latin1;

-- --------------------------------------------------------

--
-- Struktur dari tabel `kps_label_retur_detail`
--

CREATE TABLE `kps_label_retur_detail` (
  `KPS_LABEL_RETUR_DETAIL_ID` int(255) NOT NULL,
  `KPS_LABEL_RETUR_ID` int(255) NOT NULL,
  `KPS_BSTHP_ID` int(255) NOT NULL
) ENGINE=InnoDB DEFAULT CHARSET=latin1;

-- --------------------------------------------------------

--
-- Struktur dari tabel `kps_loi`
--

CREATE TABLE `kps_loi` (
  `KPS_LOI_ID` int(255) NOT NULL,
  `DATE_LOI` datetime NOT NULL DEFAULT CURRENT_TIMESTAMP,
  `NO_LOI` varchar(150) NOT NULL,
  `REV_NO_LOI` int(11) NOT NULL,
  `KPS_RFQ_ID_LOI` int(255) NOT NULL,
  `KPS_LOI_ITEM_MASTER_ID` int(11) NOT NULL,
  `LOI_DIE_GO_NO` varchar(255) NOT NULL,
  `DISCONTINUE_DATE` date NOT NULL,
  `MIN_STOK` int(50) NOT NULL,
  `MAX_STOCK` int(50) NOT NULL,
  `NOTE` mediumtext NOT NULL,
  `LOI_CODE_ITEM` varchar(45) DEFAULT NULL,
  `LOI_PART_NAME` varchar(45) DEFAULT NULL,
  `LOI_PART_NO` varchar(45) DEFAULT NULL,
  `LOI_MODEL` varchar(45) DEFAULT NULL,
  `LOI_PRODUCT_CLASIFICATION` varchar(50) DEFAULT NULL,
  `LOI_PART_NOTE` varchar(50) DEFAULT NULL,
  `MADE_BY_LOI` varchar(100) DEFAULT NULL,
  `CHECKED_LOI` varchar(100) DEFAULT NULL,
  `ACCEPTED_LOI` varchar(100) DEFAULT NULL,
  `APPROVED_LOI` varchar(100) DEFAULT NULL,
  `user_made_by_id` int(11) DEFAULT NULL,
  `employee_checked_id` int(11) DEFAULT NULL,
  `employee_accepted_id` int(11) DEFAULT NULL,
  `employee_approved_id` int(11) DEFAULT NULL,
  `LOI_STRANDART_PACKING` int(11) NOT NULL,
  `status_loi` int(11) NOT NULL DEFAULT '0',
  `revisi_no_loi` int(11) NOT NULL DEFAULT '0'
) ENGINE=InnoDB DEFAULT CHARSET=latin1;

--
-- Dumping data untuk tabel `kps_loi`
--

INSERT INTO `kps_loi` (`KPS_LOI_ID`, `DATE_LOI`, `NO_LOI`, `REV_NO_LOI`, `KPS_RFQ_ID_LOI`, `KPS_LOI_ITEM_MASTER_ID`, `LOI_DIE_GO_NO`, `DISCONTINUE_DATE`, `MIN_STOK`, `MAX_STOCK`, `NOTE`, `LOI_CODE_ITEM`, `LOI_PART_NAME`, `LOI_PART_NO`, `LOI_MODEL`, `LOI_PRODUCT_CLASIFICATION`, `LOI_PART_NOTE`, `MADE_BY_LOI`, `CHECKED_LOI`, `ACCEPTED_LOI`, `APPROVED_LOI`, `user_made_by_id`, `employee_checked_id`, `employee_accepted_id`, `employee_approved_id`, `LOI_STRANDART_PACKING`, `status_loi`, `revisi_no_loi`) VALUES
(1, '2016-02-25 13:48:44', '16/NI-SLS/II/1', 1, 1, 0, '', '2016-03-06', 100, 10000, '', 'FGUF21CS0036', 'SEAL AIR/C CASE', '17214-KWW-6000', 'KWB', '', '', '1', '1', '1', '1', NULL, NULL, NULL, NULL, 100, 1, 0),
(2, '2016-02-26 15:29:11', '16/NI-SLS/II/2', 2, 2, 0, '', '0000-00-00', 1000, 10000, '', 'CODEKPS', 'PARTNAMEBARUKPS', 'PARTNOBARUKPS', 'MODELBARUKPS', '', '', '1', '1', '1', '2', NULL, NULL, NULL, NULL, 50, 0, 1),
(3, '2016-03-29 14:43:49', '16/NI-SLS/III/3', 3, 5, 0, '', '2018-03-30', 100, 1000, '', 'FGIP06PV0012', 'TUBE DRAIN', '17227-K15G-92000', 'K15G	', '', '', '3', '2', '3', '2', NULL, NULL, NULL, NULL, 0, 0, 0),
(4, '2016-04-14 16:40:04', '16/NI-SLS/IV/4', 4, 6, 0, '16/AMFG/04/17', '2018-04-30', 100, 1000, '', 'FGUF05EP0012', 'PROTECTOR X', '21234-7899', '4P5LW', '', '', '4', '4', '4', '4', NULL, NULL, NULL, NULL, 0, 0, 0),
(5, '2016-05-13 15:25:01', '16/NI-SLS/V/5', 5, 8, 4, 'PO : 2352/BIJ/05/2016', '2018-05-13', 150, 500, '', 'FGUFHUJ556', 'FINISHER', '', 'D30', '', '', '12', '4', '4', '4', NULL, NULL, NULL, NULL, 20, 0, 1),
(6, '2016-06-01 15:26:43', '16/NI-SLS/VI/6', 6, 30, 724, '-', '2016-06-01', 150, 200, '', 'FGIP06PV0007', 'TUBE A, DRAIN ', '17366-428-6700', 'K25G/K46F', '-', '-', '12', '-- Select Employee --', '-- Select Employee --', '-- Select Employee --', NULL, NULL, NULL, NULL, 40, 0, 0),
(7, '2016-06-01 15:29:38', '16/NI-SLS/VI/7', 7, 29, 710, '-', '2016-06-01', 100, 250, '', 'FGEM01CR0011', 'TUBE MISSION BREATHER ', '11211-K50-T000', 'K25G/K46F', '-', '-', '12', '-- Select Employee --', '-- Select Employee --', '-- Select Employee --', NULL, NULL, NULL, NULL, 30, 0, 0),
(8, '2016-06-01 15:30:42', '16/NI-SLS/VI/8', 8, 28, 723, '-', '2016-06-01', 50, 300, '-', 'FGIP06PV0004', 'PIPE DRAIN ', '5TL-E443E-00', 'K25G/K46F', '-', '-', '12', '-- Select Employee --', '-- Select Employee --', '-- Select Employee --', NULL, NULL, NULL, NULL, 20, 0, 0);

--
-- Trigger `kps_loi`
--
DELIMITER $$
CREATE TRIGGER `LOI_update_record` BEFORE UPDATE ON `kps_loi` FOR EACH ROW INSERT INTO kps_loi_ (
  `KPS_LOI_ID`, `DATE_LOI`, `NO_LOI`, `REV_NO_LOI`, `KPS_RFQ_ID_LOI`, `KPS_LOI_ITEM_MASTER_ID`, `LOI_DIE_GO_NO`, `DISCONTINUE_DATE`, `MIN_STOK`, `MAX_STOCK`, `NOTE`, `LOI_CODE_ITEM`, `LOI_PART_NAME`, `LOI_PART_NO`, `LOI_MODEL`, `LOI_PRODUCT_CLASIFICATION`, `LOI_PART_NOTE`, `MADE_BY_LOI`, `CHECKED_LOI`, `ACCEPTED_LOI`, `APPROVED_LOI`, `user_made_by_id`, `employee_checked_id`, `employee_accepted_id`, `employee_approved_id`, `LOI_STRANDART_PACKING`, `status_loi`, `revisi_no_loi`, `UPDATE_BY_LOI`
)
VALUE (
  OLD.`KPS_LOI_ID`, OLD.`DATE_LOI`, OLD.`NO_LOI`, OLD.`REV_NO_LOI`, OLD.`KPS_RFQ_ID_LOI`, OLD.`KPS_LOI_ITEM_MASTER_ID`, OLD.`LOI_DIE_GO_NO`, OLD.`DISCONTINUE_DATE`, OLD.`MIN_STOK`, OLD.`MAX_STOCK`, OLD.`NOTE`, OLD.`LOI_CODE_ITEM`, OLD.`LOI_PART_NAME`, OLD.`LOI_PART_NO`, OLD.`LOI_MODEL`, OLD.`LOI_PRODUCT_CLASIFICATION`, OLD.`LOI_PART_NOTE`, OLD.`MADE_BY_LOI`, OLD.`CHECKED_LOI`, OLD.`ACCEPTED_LOI`, OLD.`APPROVED_LOI`, OLD.`user_made_by_id`, OLD.`employee_checked_id`, OLD.`employee_accepted_id`, OLD.`employee_approved_id`, OLD.`LOI_STRANDART_PACKING`, OLD.`status_loi`, OLD.`revisi_no_loi`, NEW.`MADE_BY_LOI` )
$$
DELIMITER ;

-- --------------------------------------------------------

--
-- Struktur dari tabel `kps_loi_`
--

CREATE TABLE `kps_loi_` (
  `KPS_LOI_ID` int(255) NOT NULL,
  `DATE_LOI` datetime NOT NULL DEFAULT CURRENT_TIMESTAMP,
  `NO_LOI` varchar(150) NOT NULL,
  `REV_NO_LOI` int(11) NOT NULL,
  `KPS_RFQ_ID_LOI` int(255) NOT NULL,
  `KPS_LOI_ITEM_MASTER_ID` int(11) NOT NULL,
  `LOI_DIE_GO_NO` varchar(255) NOT NULL,
  `DISCONTINUE_DATE` date NOT NULL,
  `MIN_STOK` int(50) NOT NULL,
  `MAX_STOCK` int(50) NOT NULL,
  `NOTE` mediumtext NOT NULL,
  `LOI_CODE_ITEM` varchar(45) DEFAULT NULL,
  `LOI_PART_NAME` varchar(45) DEFAULT NULL,
  `LOI_PART_NO` varchar(45) DEFAULT NULL,
  `LOI_MODEL` varchar(45) DEFAULT NULL,
  `LOI_PRODUCT_CLASIFICATION` varchar(50) DEFAULT NULL,
  `LOI_PART_NOTE` varchar(50) DEFAULT NULL,
  `MADE_BY_LOI` varchar(100) DEFAULT NULL,
  `CHECKED_LOI` varchar(100) DEFAULT NULL,
  `ACCEPTED_LOI` varchar(100) DEFAULT NULL,
  `APPROVED_LOI` varchar(100) DEFAULT NULL,
  `user_made_by_id` int(11) DEFAULT NULL,
  `employee_checked_id` int(11) DEFAULT NULL,
  `employee_accepted_id` int(11) DEFAULT NULL,
  `employee_approved_id` int(11) DEFAULT NULL,
  `LOI_STRANDART_PACKING` int(11) NOT NULL,
  `status_loi` int(11) NOT NULL DEFAULT '0',
  `revisi_no_loi` int(11) NOT NULL DEFAULT '0',
  `ID` int(11) NOT NULL,
  `UPDATE_TIME` datetime NOT NULL DEFAULT CURRENT_TIMESTAMP,
  `UPDATE_BY_LOI` int(11) NOT NULL
) ENGINE=InnoDB DEFAULT CHARSET=latin1;

--
-- Dumping data untuk tabel `kps_loi_`
--

INSERT INTO `kps_loi_` (`KPS_LOI_ID`, `DATE_LOI`, `NO_LOI`, `REV_NO_LOI`, `KPS_RFQ_ID_LOI`, `KPS_LOI_ITEM_MASTER_ID`, `LOI_DIE_GO_NO`, `DISCONTINUE_DATE`, `MIN_STOK`, `MAX_STOCK`, `NOTE`, `LOI_CODE_ITEM`, `LOI_PART_NAME`, `LOI_PART_NO`, `LOI_MODEL`, `LOI_PRODUCT_CLASIFICATION`, `LOI_PART_NOTE`, `MADE_BY_LOI`, `CHECKED_LOI`, `ACCEPTED_LOI`, `APPROVED_LOI`, `user_made_by_id`, `employee_checked_id`, `employee_accepted_id`, `employee_approved_id`, `LOI_STRANDART_PACKING`, `status_loi`, `revisi_no_loi`, `ID`, `UPDATE_TIME`, `UPDATE_BY_LOI`) VALUES
(4, '2016-04-14 16:40:04', '16/NI-SLS/IV/4', 4, 6, 0, '16/AMFG/04/17', '2018-04-30', 100, 1000, '', 'FGUF05EP0012', 'PROTECTOR', '21234-7899', '4P5LW', '', '', '4', '4', '4', '4', NULL, NULL, NULL, NULL, 0, 0, 0, 1, '2016-05-03 13:28:33', 4),
(1, '2016-02-25 13:48:44', '16/NI-SLS/II/1', 1, 1, 0, '', '2016-03-06', 100, 10000, '', 'FGUF21CS0036', 'SEAL AIR/C CASE', '17214-KWW-6000', 'KWB', '', '', '1', '1', '1', '1', NULL, NULL, NULL, NULL, 100, 0, 0, 2, '2016-05-05 00:06:50', 1),
(1, '2016-02-25 13:48:44', '16/NI-SLS/II/1', 1, 1, 0, '', '2016-03-06', 100, 10000, '', 'FGUF21CS0036', 'SEAL AIR/C CASE', '17214-KWW-6000', 'KWB', '', '', '1', '1', '1', '1', NULL, NULL, NULL, NULL, 100, 1, 0, 3, '2016-05-05 00:09:23', 1),
(5, '2016-05-13 15:25:01', '16/NI-SLS/V/5', 5, 8, 4, 'PO : 2352/BIJ/05/2016', '2018-05-13', 100, 500, '', 'FGUFHUJ556', 'FINISHER', '', 'D30', '', '', '12', '4', '4', '4', NULL, NULL, NULL, NULL, 20, 0, 0, 4, '2016-05-13 15:28:59', 12),
(5, '2016-05-13 15:25:01', '16/NI-SLS/V/5', 5, 8, 4, 'PO : 2352/BIJ/05/2016', '2018-05-13', 150, 500, '', 'FGUFHUJ556', 'FINISHER', '', 'D30', '', '', '12', '4', '4', '4', NULL, NULL, NULL, NULL, 20, 0, 0, 5, '2016-05-13 15:28:59', 12),
(1, '2016-02-25 13:48:44', '16/NI-SLS/II/1', 1, 1, 0, '', '2016-03-06', 100, 10000, '', 'FGUF21CS0036', 'SEAL AIR/C CASE', '17214-KWW-6000', 'KWB', '', '', '1', '1', '1', '1', NULL, NULL, NULL, NULL, 100, 0, 0, 6, '2016-05-13 15:42:50', 1);

-- --------------------------------------------------------

--
-- Struktur dari tabel `kps_loi_attachment`
--

CREATE TABLE `kps_loi_attachment` (
  `KPS_LOI_ATTACHMENT_ID` int(255) NOT NULL,
  `KPS_LOI_ID` int(255) NOT NULL,
  `TYPE` varchar(255) NOT NULL,
  `TITLE` varchar(255) DEFAULT NULL,
  `FILENAME` varchar(255) DEFAULT NULL
) ENGINE=InnoDB DEFAULT CHARSET=latin1;

-- --------------------------------------------------------

--
-- Struktur dari tabel `kps_machine`
--

CREATE TABLE `kps_machine` (
  `KPS_MACHINE_ID` int(255) NOT NULL,
  `MACHINE_NAME` varchar(150) NOT NULL,
  `MACHINE_LINE` varchar(50) NOT NULL
) ENGINE=InnoDB DEFAULT CHARSET=latin1;

-- --------------------------------------------------------

--
-- Struktur dari tabel `kps_marketing`
--

CREATE TABLE `kps_marketing` (
  `KPS_MARKETING_ID` int(255) NOT NULL,
  `NIK` varchar(150) NOT NULL,
  `MARKETING_NAME` varchar(150) NOT NULL,
  `ADDRESS` mediumtext NOT NULL,
  `PHONE` varchar(100) NOT NULL,
  `EMAIL` varchar(200) NOT NULL,
  `DATE_JOIN` timestamp NOT NULL DEFAULT CURRENT_TIMESTAMP ON UPDATE CURRENT_TIMESTAMP,
  `is_active` int(11) DEFAULT NULL
) ENGINE=InnoDB DEFAULT CHARSET=latin1;

--
-- Dumping data untuk tabel `kps_marketing`
--

INSERT INTO `kps_marketing` (`KPS_MARKETING_ID`, `NIK`, `MARKETING_NAME`, `ADDRESS`, `PHONE`, `EMAIL`, `DATE_JOIN`, `is_active`) VALUES
(1, '003', 'Agustinus Dapar Sigar', 'Bandung Kulon', '08211990881', 'agustinus@kps.co.id', '2016-02-24 19:42:13', NULL),
(2, '00010', 'Agustinus Agung Susanto,SE	', 'Komp. Cluser Bali II Blok D-20 Sukapura Kiracondong- Bandung			', '0818142579', 'agustinus@kps.co.id', '2016-03-29 04:10:40', NULL),
(3, '00009', 'Dodi Kusnandar', 'Jl. Cemara A-15 Komp. Bumi Adipura Gede Bage Bandung			', '0811205075', 'dodi@kps.co.id', '2016-03-29 04:11:01', NULL),
(4, '00004', 'Yus Shara', 'Bandung', '085222575202', 'sangkuriangkps4@yahoo.co.id', '2016-04-14 08:21:10', NULL);

-- --------------------------------------------------------

--
-- Struktur dari tabel `kps_marketing_old`
--

CREATE TABLE `kps_marketing_old` (
  `KPS_MARKETING_ID` int(255) NOT NULL,
  `NO` varchar(100) NOT NULL,
  `REV_NO` varchar(100) NOT NULL,
  `DATE` date NOT NULL
) ENGINE=InnoDB DEFAULT CHARSET=latin1;

-- --------------------------------------------------------

--
-- Struktur dari tabel `kps_marketing_quantity`
--

CREATE TABLE `kps_marketing_quantity` (
  `KPS_MARKETING_QUANTITY_ID` int(255) NOT NULL,
  `DATE` datetime NOT NULL DEFAULT CURRENT_TIMESTAMP,
  `NO_MQ` varchar(100) NOT NULL,
  `LOI_DATE` date NOT NULL,
  `FIRST_PO_DATE` date NOT NULL,
  `TOOLINGS_PRICE_BASED_ON_BREAKDOWN` varchar(255) NOT NULL,
  `TOOLINGS_PRICE_BASED_ON_PURCHASE` varchar(255) NOT NULL,
  `KPS_CUSTOMER_LIST_ID` int(255) NOT NULL,
  `KPS_LOI_ID` int(255) NOT NULL,
  `QTY_BASED_ON_BREAKDOWN` int(50) NOT NULL,
  `AMORTIZE_COST_BREAKDOWN` varchar(255) NOT NULL,
  `AMORTIZE_COST_BREAKDOWN_PCS` varchar(50) NOT NULL,
  `AMORTIZE_COST_BREAKDOWN_PERIODE` varchar(50) NOT NULL,
  `AMORTIZE_COST_BREAKDOWN_MONTH` varchar(30) NOT NULL,
  `AMORTIZE_COST_PURCHASE` varchar(255) NOT NULL,
  `AMORTIZE_COST_PURCHASE_PCS` varchar(50) NOT NULL,
  `AMORTIZE_COST_PURCHASE_PERIODE` varchar(50) NOT NULL,
  `AMORTIZE_COST_PURCHASE_MONTH` varchar(30) NOT NULL
) ENGINE=InnoDB DEFAULT CHARSET=latin1;

--
-- Dumping data untuk tabel `kps_marketing_quantity`
--

INSERT INTO `kps_marketing_quantity` (`KPS_MARKETING_QUANTITY_ID`, `DATE`, `NO_MQ`, `LOI_DATE`, `FIRST_PO_DATE`, `TOOLINGS_PRICE_BASED_ON_BREAKDOWN`, `TOOLINGS_PRICE_BASED_ON_PURCHASE`, `KPS_CUSTOMER_LIST_ID`, `KPS_LOI_ID`, `QTY_BASED_ON_BREAKDOWN`, `AMORTIZE_COST_BREAKDOWN`, `AMORTIZE_COST_BREAKDOWN_PCS`, `AMORTIZE_COST_BREAKDOWN_PERIODE`, `AMORTIZE_COST_BREAKDOWN_MONTH`, `AMORTIZE_COST_PURCHASE`, `AMORTIZE_COST_PURCHASE_PCS`, `AMORTIZE_COST_PURCHASE_PERIODE`, `AMORTIZE_COST_PURCHASE_MONTH`) VALUES
(9, '2016-04-11 11:39:58', '16/QTM-SLS/IV/1', '2016-03-29', '2016-03-31', '120000000', '50000000', 4, 3, 26250, '190.47619047619', '0', '24', '26250', '79.365079365079', '0', '0', '0');

-- --------------------------------------------------------

--
-- Struktur dari tabel `kps_marketing_quantity_detail`
--

CREATE TABLE `kps_marketing_quantity_detail` (
  `KPS_MARKETING_QUANTITY_DETAIL_ID` int(255) NOT NULL,
  `KPS_MARKETING_QUANTITY_ID` int(255) NOT NULL,
  `MONTH_YEAR` varchar(50) NOT NULL,
  `QUANTITY` int(11) NOT NULL,
  `CUMULATIVE` int(11) NOT NULL,
  `STATUS` varchar(20) NOT NULL,
  `AMORTIZE_BASED_ON_BREAKDOWN_RP` varchar(255) NOT NULL,
  `AMORTIZE_BASED_ON_BREAKDOWN_STATUS` varchar(20) NOT NULL,
  `AMORTIZE_BASED_ON_PURCHASE_RP` varchar(255) NOT NULL,
  `AMORTIZE_BASED_ON_PURCHASE_STATUS` varchar(20) NOT NULL,
  `BALANCE_RP` int(11) NOT NULL,
  `BALANCE_STATUS` varchar(255) NOT NULL,
  `LOSS` int(11) NOT NULL
) ENGINE=InnoDB DEFAULT CHARSET=latin1;

--
-- Dumping data untuk tabel `kps_marketing_quantity_detail`
--

INSERT INTO `kps_marketing_quantity_detail` (`KPS_MARKETING_QUANTITY_DETAIL_ID`, `KPS_MARKETING_QUANTITY_ID`, `MONTH_YEAR`, `QUANTITY`, `CUMULATIVE`, `STATUS`, `AMORTIZE_BASED_ON_BREAKDOWN_RP`, `AMORTIZE_BASED_ON_BREAKDOWN_STATUS`, `AMORTIZE_BASED_ON_PURCHASE_RP`, `AMORTIZE_BASED_ON_PURCHASE_STATUS`, `BALANCE_RP`, `BALANCE_STATUS`, `LOSS`) VALUES
(61, 9, '5 - 2016', 5000, 5800, 'DANGER', '-1409523.8095238', 'CLOSE', '-587301.58730158', 'CLOSE', 21250, 'SURPLUS', 21060);

-- --------------------------------------------------------

--
-- Struktur dari tabel `kps_marketing_report_monthly`
--

CREATE TABLE `kps_marketing_report_monthly` (
  `KPS_MARKETING_REPORT_MONTHLY_ID` int(255) NOT NULL,
  `DATE` date NOT NULL,
  `NO` varchar(100) NOT NULL,
  `MONTH` varchar(100) NOT NULL,
  `KPS_MARKETING_ID` int(255) NOT NULL,
  `MADE_BY` varchar(100) NOT NULL,
  `APPROVED` varchar(100) NOT NULL
) ENGINE=InnoDB DEFAULT CHARSET=latin1;

--
-- Dumping data untuk tabel `kps_marketing_report_monthly`
--

INSERT INTO `kps_marketing_report_monthly` (`KPS_MARKETING_REPORT_MONTHLY_ID`, `DATE`, `NO`, `MONTH`, `KPS_MARKETING_ID`, `MADE_BY`, `APPROVED`) VALUES
(1, '2016-03-04', '16/QUA-MRK/III/1', '1', 1, 'thariq', 'thariq');

-- --------------------------------------------------------

--
-- Struktur dari tabel `kps_marketing_report_monthly_detail`
--

CREATE TABLE `kps_marketing_report_monthly_detail` (
  `KPS_MARKETING_REPORT_MONTHLY_DETAIL_ID` int(255) NOT NULL,
  `KPS_MARKETING_REPORT_MONTHLY_ID` int(255) NOT NULL,
  `SUBJECT` varchar(255) NOT NULL,
  `QUANTITY` int(100) NOT NULL,
  `NOTE` mediumtext NOT NULL
) ENGINE=InnoDB DEFAULT CHARSET=latin1;

-- --------------------------------------------------------

--
-- Struktur dari tabel `kps_marketing_sales_report`
--

CREATE TABLE `kps_marketing_sales_report` (
  `KPS_MSR_ID` int(11) NOT NULL,
  `DATE_MSR` date NOT NULL,
  `CURRENCY_MSR` varchar(255) NOT NULL,
  `MARKETING_ID_MSR` int(255) NOT NULL,
  `NO_MSR` varchar(255) NOT NULL,
  `YEAR_MSR` int(11) NOT NULL
) ENGINE=InnoDB DEFAULT CHARSET=latin1;

--
-- Dumping data untuk tabel `kps_marketing_sales_report`
--

INSERT INTO `kps_marketing_sales_report` (`KPS_MSR_ID`, `DATE_MSR`, `CURRENCY_MSR`, `MARKETING_ID_MSR`, `NO_MSR`, `YEAR_MSR`) VALUES
(5, '2016-04-13', 'IDR', 1, '16/MSR-MRK/IV/1', 2016),
(6, '2016-04-13', 'USD', 2, '16/MSR-MRK/IV/2', 2016);

-- --------------------------------------------------------

--
-- Struktur dari tabel `kps_marketing_toolings`
--

CREATE TABLE `kps_marketing_toolings` (
  `KPS_MARKETING_TOOLINGS_ID` int(255) NOT NULL,
  `DATE` date NOT NULL,
  `NO` varchar(100) NOT NULL,
  `MONTH` varchar(45) NOT NULL,
  `YEAR` varchar(45) NOT NULL
) ENGINE=InnoDB DEFAULT CHARSET=latin1;

--
-- Dumping data untuk tabel `kps_marketing_toolings`
--

INSERT INTO `kps_marketing_toolings` (`KPS_MARKETING_TOOLINGS_ID`, `DATE`, `NO`, `MONTH`, `YEAR`) VALUES
(1, '2016-02-26', '16/TLM-MRK/II/1', '3', '2016');

-- --------------------------------------------------------

--
-- Struktur dari tabel `kps_marketing_toolings_conclusion`
--

CREATE TABLE `kps_marketing_toolings_conclusion` (
  `KPS_MARKETING_TOOLINGS_CONCLUSION_ID` int(255) NOT NULL,
  `KPS_MARKETING_TOOLINGS_ID` int(255) NOT NULL,
  `STATUS` varchar(20) NOT NULL,
  `QTY` int(50) NOT NULL
) ENGINE=InnoDB DEFAULT CHARSET=latin1;

-- --------------------------------------------------------

--
-- Struktur dari tabel `kps_marketing_toolings_detail`
--

CREATE TABLE `kps_marketing_toolings_detail` (
  `KPS_MARKETING_TOOLINGS_DETAIL_ID` int(255) NOT NULL,
  `KPS_MARKETING_TOOLINGS_ID` int(255) NOT NULL,
  `KPS_LOI_ID` int(255) NOT NULL,
  `FIRST_PO_DATE` date NOT NULL,
  `KPS_PART_ID` int(255) NOT NULL,
  `KPS_CUSTOMER_LIST_ID` int(255) NOT NULL,
  `MOULD_DEPRECIATION` varchar(10) NOT NULL,
  `PAYMENT_NOT_DEPRECIATED_DATE` date NOT NULL,
  `PAYMENT_NOT_DEPRECIATED_NOMINAL` varchar(255) NOT NULL,
  `PAYMENT_NOT_DEPRECIATED_STATUS` varchar(20) NOT NULL,
  `QTY_CUMULATIVE` varchar(50) NOT NULL,
  `AMORTIZE_BREAKDOWN_RP` varchar(255) NOT NULL,
  `AMORTIZE_BREAKDOWN_STATUS` varchar(20) NOT NULL,
  `AMORTIZE_PURCHASE_RP` varchar(255) NOT NULL,
  `AMORTIZE_PURCHASE_STATUS` varchar(20) NOT NULL
) ENGINE=InnoDB DEFAULT CHARSET=latin1;

-- --------------------------------------------------------

--
-- Struktur dari tabel `kps_mutation_item`
--

CREATE TABLE `kps_mutation_item` (
  `KPS_MUTATION_ITEM_ID` int(255) NOT NULL,
  `DATE` datetime NOT NULL DEFAULT CURRENT_TIMESTAMP,
  `NO` varchar(100) NOT NULL,
  `MUTATION_REV_NO` int(11) DEFAULT NULL,
  `KPS_LOI_ID_MUTATION` int(255) NOT NULL,
  `QTY` varchar(255) NOT NULL,
  `MUTATION_NEW_ITEM_LOI_ID` int(255) NOT NULL,
  `TOTAL_BARCODE_QTY` varchar(255) DEFAULT NULL,
  `TOTAL_REMAINING_QTY` varchar(255) DEFAULT NULL,
  `STATUS` varchar(20) DEFAULT NULL,
  `KPS_STATUS_LOCK` tinyint(4) DEFAULT NULL,
  `STATUS_MT_OFG` tinyint(4) DEFAULT NULL,
  `STATUS_MT_OFGDET` tinyint(4) DEFAULT NULL,
  `STATUS_MT_OFG_VER` tinyint(11) DEFAULT NULL
) ENGINE=InnoDB DEFAULT CHARSET=latin1;

--
-- Dumping data untuk tabel `kps_mutation_item`
--

INSERT INTO `kps_mutation_item` (`KPS_MUTATION_ITEM_ID`, `DATE`, `NO`, `MUTATION_REV_NO`, `KPS_LOI_ID_MUTATION`, `QTY`, `MUTATION_NEW_ITEM_LOI_ID`, `TOTAL_BARCODE_QTY`, `TOTAL_REMAINING_QTY`, `STATUS`, `KPS_STATUS_LOCK`, `STATUS_MT_OFG`, `STATUS_MT_OFGDET`, `STATUS_MT_OFG_VER`) VALUES
(2, '2016-03-16 07:02:44', '16/MTT-PPIC/III/1', 2, 1, '400', 2, NULL, NULL, NULL, 1, 1, 1, 1);

--
-- Trigger `kps_mutation_item`
--
DELIMITER $$
CREATE TRIGGER `MUTATION_update_record` BEFORE UPDATE ON `kps_mutation_item` FOR EACH ROW INSERT INTO kps_mutation_item_ (
 `KPS_MUTATION_ITEM_ID`, `DATE`, `NO`, `MUTATION_REV_NO`, `KPS_LOI_ID_MUTATION`, `QTY`, `MUTATION_NEW_ITEM_LOI_ID`, `TOTAL_BARCODE_QTY`, `TOTAL_REMAINING_QTY`, `STATUS`, `KPS_STATUS_LOCK`, `STATUS_MT_OFG`, `STATUS_MT_OFGDET`, `STATUS_MT_OFG_VER`
)
VALUE (
 OLD.`KPS_MUTATION_ITEM_ID`, OLD.`DATE`, OLD.`NO`, OLD.`MUTATION_REV_NO`, OLD.`KPS_LOI_ID_MUTATION`, OLD.`QTY`, OLD.`MUTATION_NEW_ITEM_LOI_ID`, OLD.`TOTAL_BARCODE_QTY`, OLD.`TOTAL_REMAINING_QTY`, OLD.`STATUS`, OLD.`KPS_STATUS_LOCK`, OLD.`STATUS_MT_OFG`, OLD.`STATUS_MT_OFGDET`, OLD.`STATUS_MT_OFG_VER` )
$$
DELIMITER ;

-- --------------------------------------------------------

--
-- Struktur dari tabel `kps_mutation_item_`
--

CREATE TABLE `kps_mutation_item_` (
  `KPS_MUTATION_ITEM_ID` int(255) NOT NULL,
  `DATE` datetime NOT NULL DEFAULT CURRENT_TIMESTAMP,
  `NO` varchar(100) NOT NULL,
  `MUTATION_REV_NO` int(11) DEFAULT NULL,
  `KPS_LOI_ID_MUTATION` int(255) NOT NULL,
  `QTY` varchar(255) NOT NULL,
  `MUTATION_NEW_ITEM_LOI_ID` int(255) NOT NULL,
  `TOTAL_BARCODE_QTY` varchar(255) DEFAULT NULL,
  `TOTAL_REMAINING_QTY` varchar(255) DEFAULT NULL,
  `STATUS` varchar(20) DEFAULT NULL,
  `KPS_STATUS_LOCK` tinyint(4) DEFAULT NULL,
  `STATUS_MT_OFG` tinyint(4) DEFAULT NULL,
  `STATUS_MT_OFGDET` tinyint(4) DEFAULT NULL,
  `STATUS_MT_OFG_VER` tinyint(11) DEFAULT NULL,
  `ID` int(11) NOT NULL,
  `UPDATE_TIME` datetime NOT NULL DEFAULT CURRENT_TIMESTAMP
) ENGINE=InnoDB DEFAULT CHARSET=latin1;

--
-- Dumping data untuk tabel `kps_mutation_item_`
--

INSERT INTO `kps_mutation_item_` (`KPS_MUTATION_ITEM_ID`, `DATE`, `NO`, `MUTATION_REV_NO`, `KPS_LOI_ID_MUTATION`, `QTY`, `MUTATION_NEW_ITEM_LOI_ID`, `TOTAL_BARCODE_QTY`, `TOTAL_REMAINING_QTY`, `STATUS`, `KPS_STATUS_LOCK`, `STATUS_MT_OFG`, `STATUS_MT_OFGDET`, `STATUS_MT_OFG_VER`, `ID`, `UPDATE_TIME`) VALUES
(2, '2016-03-16 07:02:44', '16/MTT-PPIC/III/1', 1, 1, '400', 2, NULL, NULL, NULL, 1, 1, 1, 1, 1, '2016-05-03 13:31:08');

-- --------------------------------------------------------

--
-- Struktur dari tabel `kps_mutation_item_detail`
--

CREATE TABLE `kps_mutation_item_detail` (
  `KPS_MUTATION_ITEM_DETAIL_ID` int(255) NOT NULL,
  `KPS_MUTATION_ITEM_ID` int(255) NOT NULL,
  `KPS_BARCODE_ID` int(255) NOT NULL,
  `BARCODE_QTY` int(50) NOT NULL,
  `BARCODE_UNIT` varchar(20) NOT NULL,
  `REMAINING_QTY` varchar(100) NOT NULL,
  `REMAINING_UNITS` varchar(100) NOT NULL
) ENGINE=InnoDB DEFAULT CHARSET=latin1;

-- --------------------------------------------------------

--
-- Struktur dari tabel `kps_order_sheet`
--

CREATE TABLE `kps_order_sheet` (
  `KPS_OS_ID` int(255) NOT NULL,
  `KPS_OS_REV_NO` int(11) DEFAULT NULL,
  `KPS_OS_NO` varchar(45) NOT NULL DEFAULT '',
  `KPS_OS_CREATION_DATE` datetime NOT NULL DEFAULT CURRENT_TIMESTAMP,
  `KPS_OS_PRINTED_DATE` date NOT NULL DEFAULT '0000-00-00',
  `KPS_OS_TOTAL_KANBAN` int(255) NOT NULL DEFAULT '0',
  `KPS_OS_PRINT_COUNT` int(11) NOT NULL DEFAULT '0',
  `KPS_OS_SCHEDULE_DELIVERY_DATE` date NOT NULL DEFAULT '0000-00-00',
  `KPS_OS_SCHEDULE_DELIVERY_TIME` time NOT NULL DEFAULT '00:00:00',
  `KPS_CUSTOMER_DELIVERY_SETUP_ID` int(11) NOT NULL DEFAULT '0',
  `KPS_OS_CUSTOMER_ID` int(11) NOT NULL DEFAULT '0',
  `KPS_OS_CUSTOMER_DIVISI_ID` int(11) NOT NULL DEFAULT '0',
  `KPS_OS_APPROVED` int(100) DEFAULT NULL,
  `MADE_BY_OS` varchar(100) DEFAULT NULL,
  `NOTE_OS` mediumtext NOT NULL,
  `user_made_by_id` int(11) DEFAULT NULL,
  `employee_approved_id` int(11) DEFAULT NULL,
  `status_os` int(11) NOT NULL DEFAULT '0',
  `revisi_no_os` int(11) NOT NULL DEFAULT '0',
  `STATUS_OS_BY_OUTGOING` tinyint(4) DEFAULT NULL,
  `KPS_OS_DN_NO` varchar(255) NOT NULL DEFAULT '',
  `KPS_OS_DN_DATE` date NOT NULL DEFAULT '0000-00-00',
  `KPS_OS_LOCK_UPDATE` tinyint(4) DEFAULT NULL,
  `KPS_OS_LOCK_DETAIL` tinyint(4) DEFAULT NULL,
  `KPS_OS_FLAG_DELETE` tinyint(4) DEFAULT NULL,
  `KPS_OS_QTY_PENDING` int(11) NOT NULL DEFAULT '0',
  `KPS_OS_STATUS_R_PENDING` int(4) DEFAULT NULL,
  `KPS_OS_NO_URUT` int(11) DEFAULT NULL
) ENGINE=InnoDB DEFAULT CHARSET=latin1;

--
-- Dumping data untuk tabel `kps_order_sheet`
--

INSERT INTO `kps_order_sheet` (`KPS_OS_ID`, `KPS_OS_REV_NO`, `KPS_OS_NO`, `KPS_OS_CREATION_DATE`, `KPS_OS_PRINTED_DATE`, `KPS_OS_TOTAL_KANBAN`, `KPS_OS_PRINT_COUNT`, `KPS_OS_SCHEDULE_DELIVERY_DATE`, `KPS_OS_SCHEDULE_DELIVERY_TIME`, `KPS_CUSTOMER_DELIVERY_SETUP_ID`, `KPS_OS_CUSTOMER_ID`, `KPS_OS_CUSTOMER_DIVISI_ID`, `KPS_OS_APPROVED`, `MADE_BY_OS`, `NOTE_OS`, `user_made_by_id`, `employee_approved_id`, `status_os`, `revisi_no_os`, `STATUS_OS_BY_OUTGOING`, `KPS_OS_DN_NO`, `KPS_OS_DN_DATE`, `KPS_OS_LOCK_UPDATE`, `KPS_OS_LOCK_DETAIL`, `KPS_OS_FLAG_DELETE`, `KPS_OS_QTY_PENDING`, `KPS_OS_STATUS_R_PENDING`, `KPS_OS_NO_URUT`) VALUES
(3, NULL, '16/OSR-SLS/III/1', '2016-03-30 10:47:24', '2016-03-30', 5555, 5555, '2016-03-30', '01:00:00', 1, 1, 1, NULL, '2', 'oke', NULL, 2, 0, 0, NULL, 'IniDnUjiCoba1', '2016-03-30', NULL, NULL, NULL, 0, NULL, NULL),
(4, NULL, '16/OSR-SLS/IV/4', '2016-04-05 05:45:53', '2016-04-06', 50, 3, '2016-04-08', '03:00:00', 1, 1, 1, NULL, '2', 'Oke', NULL, 2, 0, 0, NULL, 'OsDnCoba1Serlok', '2016-04-06', NULL, NULL, NULL, 0, NULL, NULL),
(5, NULL, '16/OSR-SLS/IV/5', '2016-04-05 15:23:10', '2016-04-06', 50, 3, '2016-04-06', '01:01:00', 1, 1, 1, NULL, '2', 'Uji Coba OS Pending', NULL, 2, 0, 0, NULL, 'OsDnCoba1Serlok', '2016-04-06', NULL, NULL, NULL, 0, 4, NULL),
(6, NULL, '16/OSR-SLS/IV/6', '2016-04-06 06:47:22', '2016-04-06', 50, 3, '2016-04-09', '23:58:00', 1, 1, 1, NULL, '2', 'Percobaan Penggantian Pending ke 2', NULL, 2, 0, 0, NULL, 'OsDnCoba1Serlok', '2016-04-06', NULL, NULL, NULL, 0, 4, NULL),
(7, NULL, '16/OSR-SLS/IV/7', '2016-04-06 12:34:49', '2016-04-06', 50, 3, '2016-04-30', '13:01:00', 1, 1, 1, NULL, '2', 'Oke', NULL, 2, 0, 0, NULL, 'OsDnCoba1Serlok', '2016-04-06', NULL, NULL, NULL, 0, 4, NULL),
(8, NULL, '16/OSR-SLS/IV/8', '2016-04-06 15:33:46', '2016-04-06', 50, 3, '2016-04-23', '23:57:00', 1, 1, 1, NULL, '2', 'Percobaan ke 4 untuk pending', NULL, 4, 0, 0, NULL, 'OsDnCoba1Serlok', '2016-04-06', NULL, NULL, NULL, 0, 4, NULL),
(9, NULL, '16/OSR-SLS/IV/9', '2016-04-07 17:29:39', '2016-04-13', 8008, 2, '2016-04-16', '01:00:00', 1, 1, 1, NULL, '2', 'ini percobaan OS untuk pending', NULL, 1, 0, 0, NULL, 'NO Percobaan OS pending ke 2', '2016-04-08', NULL, NULL, NULL, 0, NULL, NULL),
(10, NULL, '16/OSR-SLS/IV/10', '2016-04-07 17:39:58', '2016-04-13', 8008, 2, '2016-04-16', '13:00:00', 1, 1, 1, NULL, '2', 'ini pengiriman return pending k2 ', NULL, 3, 0, 0, NULL, 'NO Percobaan OS pending ke 2', '2016-04-08', NULL, NULL, NULL, 0, 9, NULL),
(11, NULL, '16/OSR-SLS/IV/11', '2016-04-07 22:01:54', '2016-04-06', 90000, 2, '2016-04-09', '05:00:00', 1, 1, 1, NULL, '2', 'INi percobaan untuk cek DS dan DS pending', NULL, 2, 0, 0, NULL, 'OS UJi COba ke 3 Untuk cek DS dan DS pending', '2016-04-08', NULL, NULL, NULL, 0, NULL, NULL),
(12, NULL, '16/OSR-SLS/IV/12', '2016-04-07 22:17:07', '2016-04-06', 444, 444, '2016-04-09', '01:00:00', 1, 1, 1, NULL, '2', 'INI percobaan untk test bp di DS', NULL, 2, 0, 0, NULL, 'Percobaan Ke 4 OS klarifikasi untk NO BP', '2016-04-08', NULL, NULL, NULL, 0, NULL, NULL),
(13, NULL, '16/OSR-SLS/IV/13', '2016-04-14 16:33:54', '2016-04-13', 7, 2, '2016-04-16', '16:30:01', 4, 4, 3, NULL, '3', '', NULL, 2, 0, 0, NULL, '209866', '2016-04-14', NULL, NULL, NULL, 0, NULL, NULL),
(14, NULL, '16/OSR-SLS/V/1', '2016-05-23 16:07:03', '2016-05-22', 34, 2, '2016-05-25', '19:45:00', 4, 4, 4, NULL, '2', '', NULL, 4, 0, 0, NULL, '765376', '2016-05-20', NULL, NULL, NULL, 0, NULL, 1),
(15, NULL, '16/OSR-SLS/V/2', '2016-05-25 00:47:52', '2016-05-19', 2, 3, '2016-05-26', '13:59:00', 1, 1, 1, NULL, '2', 'test os', NULL, 4, 0, 0, NULL, '765376', '2016-05-03', NULL, NULL, NULL, 0, NULL, 2),
(16, NULL, '16/OSR-SLS/V/3', '2016-05-25 00:50:09', '2015-12-01', 4563, 333, '2016-05-26', '01:00:00', 1, 1, 1, NULL, '2', 'test os 3', NULL, 4, 0, 0, NULL, '765376', '2016-01-31', NULL, NULL, NULL, 0, NULL, 3),
(17, NULL, '16/OSR-SLS/V/4', '2016-05-25 06:35:58', '2016-05-26', 4, 5, '2016-05-26', '01:00:00', 1, 1, 1, NULL, '2', 'test uji coba remaining', NULL, 5, 0, 0, NULL, 'Test QTY RE', '2016-05-26', NULL, NULL, NULL, 0, NULL, 4);

--
-- Trigger `kps_order_sheet`
--
DELIMITER $$
CREATE TRIGGER `OS_update_record` BEFORE UPDATE ON `kps_order_sheet` FOR EACH ROW INSERT INTO kps_order_sheet_ (
 `KPS_OS_ID`, `KPS_OS_REV_NO`, `KPS_OS_NO`, `KPS_OS_CREATION_DATE`, `KPS_OS_PRINTED_DATE`, `KPS_OS_TOTAL_KANBAN`, `KPS_OS_PRINT_COUNT`, `KPS_OS_SCHEDULE_DELIVERY_DATE`, `KPS_OS_SCHEDULE_DELIVERY_TIME`, `KPS_CUSTOMER_DELIVERY_SETUP_ID`, `KPS_OS_CUSTOMER_ID`, `KPS_OS_CUSTOMER_DIVISI_ID`, `KPS_OS_APPROVED`, `MADE_BY_OS`, `NOTE_OS`, `user_made_by_id`, `employee_approved_id`, `status_os`, `revisi_no_os`, `STATUS_OS_BY_OUTGOING`, `KPS_OS_DN_NO`, `KPS_OS_DN_DATE`, `KPS_OS_LOCK_UPDATE`, `KPS_OS_LOCK_DETAIL`, `KPS_OS_FLAG_DELETE`, `KPS_OS_QTY_PENDING`, `KPS_OS_STATUS_R_PENDING`, `UPDATE_BY_OS`
)
VALUE (
OLD.`KPS_OS_ID`, OLD.`KPS_OS_REV_NO`, OLD.`KPS_OS_NO`, OLD.`KPS_OS_CREATION_DATE`, OLD.`KPS_OS_PRINTED_DATE`, OLD.`KPS_OS_TOTAL_KANBAN`, OLD.`KPS_OS_PRINT_COUNT`, OLD.`KPS_OS_SCHEDULE_DELIVERY_DATE`, OLD.`KPS_OS_SCHEDULE_DELIVERY_TIME`, OLD.`KPS_CUSTOMER_DELIVERY_SETUP_ID`, OLD.`KPS_OS_CUSTOMER_ID`, OLD.`KPS_OS_CUSTOMER_DIVISI_ID`, OLD.`KPS_OS_APPROVED`, OLD.`MADE_BY_OS`, OLD.`NOTE_OS`, OLD.`user_made_by_id`, OLD.`employee_approved_id`, OLD.`status_os`, OLD.`revisi_no_os`, OLD.`STATUS_OS_BY_OUTGOING`, OLD.`KPS_OS_DN_NO`, OLD.`KPS_OS_DN_DATE`, OLD.`KPS_OS_LOCK_UPDATE`, OLD.`KPS_OS_LOCK_DETAIL`, OLD.`KPS_OS_FLAG_DELETE`, OLD.`KPS_OS_QTY_PENDING`, OLD.`KPS_OS_STATUS_R_PENDING`, NEW.`MADE_BY_OS`)
$$
DELIMITER ;

-- --------------------------------------------------------

--
-- Struktur dari tabel `kps_order_sheet_`
--

CREATE TABLE `kps_order_sheet_` (
  `KPS_OS_ID` int(255) NOT NULL,
  `KPS_OS_REV_NO` int(11) DEFAULT NULL,
  `KPS_OS_NO` varchar(45) NOT NULL,
  `KPS_OS_CREATION_DATE` datetime NOT NULL DEFAULT CURRENT_TIMESTAMP,
  `KPS_OS_PRINTED_DATE` date NOT NULL,
  `KPS_OS_TOTAL_KANBAN` int(255) NOT NULL,
  `KPS_OS_PRINT_COUNT` int(11) NOT NULL,
  `KPS_OS_SCHEDULE_DELIVERY_DATE` date NOT NULL,
  `KPS_OS_SCHEDULE_DELIVERY_TIME` time NOT NULL,
  `KPS_CUSTOMER_DELIVERY_SETUP_ID` int(11) NOT NULL,
  `KPS_OS_CUSTOMER_ID` int(11) NOT NULL,
  `KPS_OS_CUSTOMER_DIVISI_ID` int(11) NOT NULL,
  `KPS_OS_APPROVED` int(100) DEFAULT NULL,
  `MADE_BY_OS` varchar(100) DEFAULT NULL,
  `NOTE_OS` mediumtext NOT NULL,
  `user_made_by_id` int(11) DEFAULT NULL,
  `employee_approved_id` int(11) DEFAULT NULL,
  `status_os` int(11) NOT NULL DEFAULT '0',
  `revisi_no_os` int(11) NOT NULL DEFAULT '0',
  `STATUS_OS_BY_OUTGOING` tinyint(4) DEFAULT NULL,
  `KPS_OS_DN_NO` varchar(255) NOT NULL,
  `KPS_OS_DN_DATE` date NOT NULL,
  `KPS_OS_LOCK_UPDATE` tinyint(4) DEFAULT NULL,
  `KPS_OS_LOCK_DETAIL` tinyint(4) DEFAULT NULL,
  `KPS_OS_FLAG_DELETE` tinyint(4) DEFAULT NULL,
  `KPS_OS_QTY_PENDING` int(11) NOT NULL,
  `KPS_OS_STATUS_R_PENDING` int(4) DEFAULT NULL,
  `ID` int(11) NOT NULL,
  `UPDATE_TIME` datetime NOT NULL DEFAULT CURRENT_TIMESTAMP,
  `UPDATE_BY_OS` int(11) NOT NULL
) ENGINE=InnoDB DEFAULT CHARSET=latin1;

--
-- Dumping data untuk tabel `kps_order_sheet_`
--

INSERT INTO `kps_order_sheet_` (`KPS_OS_ID`, `KPS_OS_REV_NO`, `KPS_OS_NO`, `KPS_OS_CREATION_DATE`, `KPS_OS_PRINTED_DATE`, `KPS_OS_TOTAL_KANBAN`, `KPS_OS_PRINT_COUNT`, `KPS_OS_SCHEDULE_DELIVERY_DATE`, `KPS_OS_SCHEDULE_DELIVERY_TIME`, `KPS_CUSTOMER_DELIVERY_SETUP_ID`, `KPS_OS_CUSTOMER_ID`, `KPS_OS_CUSTOMER_DIVISI_ID`, `KPS_OS_APPROVED`, `MADE_BY_OS`, `NOTE_OS`, `user_made_by_id`, `employee_approved_id`, `status_os`, `revisi_no_os`, `STATUS_OS_BY_OUTGOING`, `KPS_OS_DN_NO`, `KPS_OS_DN_DATE`, `KPS_OS_LOCK_UPDATE`, `KPS_OS_LOCK_DETAIL`, `KPS_OS_FLAG_DELETE`, `KPS_OS_QTY_PENDING`, `KPS_OS_STATUS_R_PENDING`, `ID`, `UPDATE_TIME`, `UPDATE_BY_OS`) VALUES
(13, NULL, '16/OSR-SLS/IV/13', '2016-04-14 16:33:54', '2016-04-13', 7, 2, '2016-04-16', '16:30:00', 4, 4, 3, NULL, '3', '', NULL, 2, 0, 0, NULL, '209866', '2016-04-14', NULL, NULL, NULL, 0, NULL, 1, '2016-05-03 13:42:48', 3);

-- --------------------------------------------------------

--
-- Struktur dari tabel `kps_order_sheet_attachment`
--

CREATE TABLE `kps_order_sheet_attachment` (
  `KPS_OS_ATTACHMENT_ID` int(11) NOT NULL,
  `KPS_OS_ID_ATTACHMENT` int(11) NOT NULL,
  `KPS_OS_ATTACHMENT_TITLE` varchar(50) NOT NULL,
  `KPS_OS_ATTACHMENT_FILE` varchar(255) NOT NULL
) ENGINE=InnoDB DEFAULT CHARSET=latin1;

-- --------------------------------------------------------

--
-- Struktur dari tabel `kps_order_sheet_detail`
--

CREATE TABLE `kps_order_sheet_detail` (
  `KPS_ORDER_SHEET_DETAIL_ID` int(255) NOT NULL,
  `KPS_OS_ID_DETAIL` int(255) NOT NULL,
  `KPS_BUKTI_PESANAN_ID_OS` int(11) NOT NULL,
  `KPS_OSD_ID_RETURN` int(11) DEFAULT NULL
) ENGINE=InnoDB DEFAULT CHARSET=latin1;

--
-- Dumping data untuk tabel `kps_order_sheet_detail`
--

INSERT INTO `kps_order_sheet_detail` (`KPS_ORDER_SHEET_DETAIL_ID`, `KPS_OS_ID_DETAIL`, `KPS_BUKTI_PESANAN_ID_OS`, `KPS_OSD_ID_RETURN`) VALUES
(14, 2, 1, NULL),
(15, 3, 1, NULL),
(16, 4, 5, NULL),
(17, 5, 5, NULL),
(18, 6, 5, NULL),
(19, 7, 5, 16),
(20, 19, 5, 16),
(21, 20, 5, 16),
(22, 7, 0, 0),
(23, 8, 5, 16),
(24, 9, 5, NULL),
(25, 10, 5, 24),
(26, 11, 6, NULL),
(27, 12, 6, NULL),
(28, 13, 9, NULL),
(29, 14, 8, NULL),
(30, 14, 11, NULL),
(31, 16, 1, NULL),
(32, 16, 2, NULL),
(33, 17, 19, NULL),
(34, 17, 15, NULL),
(35, 16, 4, NULL);

--
-- Trigger `kps_order_sheet_detail`
--
DELIMITER $$
CREATE TRIGGER `OS_DET_update_record` BEFORE UPDATE ON `kps_order_sheet_detail` FOR EACH ROW INSERT INTO kps_order_sheet_detail_ (
  `KPS_ORDER_SHEET_DETAIL_ID`, `KPS_OS_ID_DETAIL`, `KPS_BUKTI_PESANAN_ID_OS`, `KPS_OSD_ID_RETURN` 
)
VALUE (
  OLD.`KPS_ORDER_SHEET_DETAIL_ID`, OLD.`KPS_OS_ID_DETAIL`, OLD.`KPS_BUKTI_PESANAN_ID_OS`, OLD.`KPS_OSD_ID_RETURN` )
$$
DELIMITER ;

-- --------------------------------------------------------

--
-- Struktur dari tabel `kps_order_sheet_detail_`
--

CREATE TABLE `kps_order_sheet_detail_` (
  `KPS_ORDER_SHEET_DETAIL_ID` int(255) NOT NULL,
  `KPS_OS_ID_DETAIL` int(255) NOT NULL,
  `KPS_BUKTI_PESANAN_ID_OS` int(11) NOT NULL,
  `KPS_OSD_ID_RETURN` int(11) DEFAULT NULL,
  `ID` int(11) NOT NULL,
  `UPDATE_TIME` datetime NOT NULL DEFAULT CURRENT_TIMESTAMP
) ENGINE=InnoDB DEFAULT CHARSET=latin1;

--
-- Dumping data untuk tabel `kps_order_sheet_detail_`
--

INSERT INTO `kps_order_sheet_detail_` (`KPS_ORDER_SHEET_DETAIL_ID`, `KPS_OS_ID_DETAIL`, `KPS_BUKTI_PESANAN_ID_OS`, `KPS_OSD_ID_RETURN`, `ID`, `UPDATE_TIME`) VALUES
(28, 13, 9, NULL, 1, '2016-05-03 13:45:38'),
(28, 13, 9, 21, 2, '2016-05-03 13:45:50'),
(28, 13, 9, 2, 3, '2016-05-03 13:45:57');

-- --------------------------------------------------------

--
-- Struktur dari tabel `kps_outgoing_finished_good`
--

CREATE TABLE `kps_outgoing_finished_good` (
  `KPS_OUTGOING_FINISHED_GOOD_ID` int(255) NOT NULL,
  `DATE_OUTGOING` datetime NOT NULL DEFAULT CURRENT_TIMESTAMP,
  `NO_OUTGOING` varchar(150) NOT NULL,
  `KPS_BUKTI_PESANAN_ID_OGFG` int(255) DEFAULT NULL,
  `KPS_OS_ID_OGFG` int(11) DEFAULT NULL,
  `KPS_MUTATION_ID_OGFG` int(11) DEFAULT NULL,
  `DELIVERY_DATE` datetime NOT NULL,
  `KPS_VEHICLE_ID` int(255) DEFAULT NULL,
  `employee_driver_id` int(11) DEFAULT NULL,
  `CHECKED` int(255) NOT NULL,
  `user_made_by_id` int(11) DEFAULT NULL,
  `MADE_BY` varchar(50) DEFAULT NULL,
  `TOTAL_WAREHOUSE` varchar(255) DEFAULT NULL,
  `TOTAL_PO` varchar(255) DEFAULT NULL,
  `TOTAL_DELIVERY_SHCEDULE` varchar(255) DEFAULT NULL,
  `TOTAL_DELIVERY_PENDING` varchar(255) DEFAULT NULL,
  `TOTAL_OUTSTANDING_PO_OS` varchar(255) DEFAULT NULL,
  `TOTAL_DELIVERY_EXECUTION` varchar(255) NOT NULL,
  `order_sheet_id` int(11) DEFAULT NULL,
  `status_ogfg` int(11) NOT NULL,
  `revisi_no_ogfg` int(11) NOT NULL,
  `NOTE_OGFG` text
) ENGINE=InnoDB DEFAULT CHARSET=latin1;

--
-- Dumping data untuk tabel `kps_outgoing_finished_good`
--

INSERT INTO `kps_outgoing_finished_good` (`KPS_OUTGOING_FINISHED_GOOD_ID`, `DATE_OUTGOING`, `NO_OUTGOING`, `KPS_BUKTI_PESANAN_ID_OGFG`, `KPS_OS_ID_OGFG`, `KPS_MUTATION_ID_OGFG`, `DELIVERY_DATE`, `KPS_VEHICLE_ID`, `employee_driver_id`, `CHECKED`, `user_made_by_id`, `MADE_BY`, `TOTAL_WAREHOUSE`, `TOTAL_PO`, `TOTAL_DELIVERY_SHCEDULE`, `TOTAL_DELIVERY_PENDING`, `TOTAL_OUTSTANDING_PO_OS`, `TOTAL_DELIVERY_EXECUTION`, `order_sheet_id`, `status_ogfg`, `revisi_no_ogfg`, `NOTE_OGFG`) VALUES
(8, '2016-03-13 16:04:48', '16/OTG-SLS/III/1', 1, NULL, NULL, '2016-02-28 16:16:08', 4, 1, 1, NULL, '3', '0', '200', '10', '0', '200', '360', NULL, 0, 1, ''),
(10, '2016-03-29 18:10:51', '16/OTG-SLS/III/9', 3, NULL, NULL, '2016-04-10 00:00:00', 4, 2, 3, NULL, '3', '0', '1000', '900', '0', '100', '800', NULL, 0, 0, ''),
(11, '2016-03-29 18:11:45', '16/OTG-SLS/III/11', 3, NULL, NULL, '2016-04-24 00:00:00', 4, 3, 3, NULL, '3', '0', '1000', '50', '0', '50', '50', NULL, 0, 0, ''),
(12, '2016-04-05 07:04:59', '16/OTG-SLS/IV/12', NULL, 4, NULL, '2016-04-08 00:00:00', 4, 1, 2, NULL, '2', '0', '200000', '10000', '0', '190000', '1090', NULL, 0, 0, ''),
(13, '2016-04-07 17:31:54', '16/OTG-SLS/IV/13', NULL, 9, NULL, '2016-04-16 00:00:00', 4, 1, 1, NULL, '2', '0', '200000', '200', '0', '189800', '1033', NULL, 0, 0, ''),
(14, '2016-04-07 22:11:47', '16/OTG-SLS/IV/14', NULL, 11, NULL, '2016-04-09 00:00:00', 4, 1, 1, NULL, '2', '0', '5000', '2000', '0', '3000', '2100', NULL, 0, 0, ''),
(15, '2016-04-07 23:39:30', '16/OTG-SLS/IV/15', 6, NULL, NULL, '2016-04-08 00:00:00', 4, 1, 1, NULL, '2', '0', '5000', '0', '0', '3000', '100', NULL, 0, 0, ''),
(16, '2016-04-08 06:00:29', '16/OTG-SLS/IV/16', 6, NULL, NULL, '2016-04-10 00:00:00', 4, 1, 2, NULL, '2', '0', '5000', '10', '0', '2990', '10', NULL, 0, 0, ''),
(17, '2016-04-08 06:10:35', '16/OTG-SLS/IV/17', 7, NULL, NULL, '2016-04-11 00:00:00', 4, 1, 1, NULL, '2', '0', '50000', '1000', '0', '49000', '1900', NULL, 0, 0, ''),
(18, '2016-04-08 06:12:16', '16/OTG-SLS/IV/18', 7, NULL, NULL, '2016-04-09 00:00:00', 4, 2, 2, NULL, '2', '0', '40000', '100', '0', '29900', '90', NULL, 0, 0, ''),
(19, '2016-04-12 06:01:46', '16/OTG-SLS/IV/19', 7, NULL, NULL, '2016-04-28 00:00:00', 4, 1, 1, NULL, '2', '100000000000', '40000', '900', '100', '28000', '910', NULL, 0, 0, ''),
(20, '2016-04-12 07:36:39', '16/OTG-SLS/IV/20', NULL, 12, NULL, '2016-04-09 00:00:00', 4, 1, 1, NULL, '2', '0', '0', '0', '0', '0', '0', NULL, 0, 0, ''),
(21, '2016-04-12 08:20:57', '16/OTG-SLS/IV/21', 7, NULL, NULL, '2016-04-29 00:00:00', 4, 1, 1, NULL, '2', '100000000000', '40000', '1001', '100', '26999', '1011', NULL, 0, 0, ''),
(22, '2016-04-13 08:46:06', '16/OTG-SLS/IV/22', NULL, NULL, 2, '0000-00-00 00:00:00', NULL, NULL, 0, NULL, NULL, NULL, NULL, NULL, NULL, NULL, '0', NULL, 0, 0, ''),
(23, '2016-04-14 15:28:08', '16/OTG-SLS/IV/23', 8, NULL, NULL, '2016-04-17 00:00:00', 4, 1, 1, NULL, '6', '100000000000', '9000', '2500', '0', '6500', '2500', NULL, 0, 0, ''),
(24, '2016-04-14 15:31:10', '16/OTG-SLS/IV/24', 8, NULL, NULL, '2016-04-21 00:00:00', 4, 1, 1, NULL, '6', '100000000000', '9000', '2500', '0', '4000', '2500', NULL, 0, 0, 'Testing'),
(25, '2016-05-13 13:33:03', '16/OTG-SLS/V/25', 11, NULL, NULL, '2016-05-17 00:00:00', 4, 1, 2, NULL, '3', '100000000000', '3700', '300', '0', '3400', '300', NULL, 0, 0, 'OKE'),
(26, '2016-05-13 15:43:46', '16/OTG-SLS/V/26', 12, NULL, NULL, '2016-05-18 00:00:00', 4, 2, 2, NULL, '3', '100000000000', '79', '35', '0', '44', '35', NULL, 0, 0, 'oke'),
(27, '2016-05-22 12:34:13', '16/OTG-SLS/V/27', 13, NULL, NULL, '2016-05-23 00:00:00', 4, 2, 2, NULL, '2', '100000000000', '400', '200', '0', '200', '300', NULL, 0, 0, 'oke'),
(28, '2016-06-01 15:50:58', '16/OTG-SLS/VI/28', 23, NULL, NULL, '2016-06-02 00:00:00', 4, 2, 3, NULL, '3', '100000000000', '100', '50', '0', '50', '10050', NULL, 0, 0, ''),
(29, '2016-06-01 15:56:46', '16/OTG-SLS/VI/29', 23, NULL, NULL, '2016-06-03 00:00:00', 4, 2, 2, NULL, '3', '100000000000', '100', '50', '0', '0', '50', NULL, 0, 0, '');

--
-- Trigger `kps_outgoing_finished_good`
--
DELIMITER $$
CREATE TRIGGER `OGFG_update_record` BEFORE UPDATE ON `kps_outgoing_finished_good` FOR EACH ROW INSERT INTO kps_outgoing_finished_good_ (
`KPS_OUTGOING_FINISHED_GOOD_ID`, `DATE_OUTGOING`, `NO_OUTGOING`, `KPS_BUKTI_PESANAN_ID_OGFG`, `KPS_OS_ID_OGFG`, `KPS_MUTATION_ID_OGFG`, `DELIVERY_DATE`, `KPS_VEHICLE_ID`, `employee_driver_id`, `CHECKED`, `user_made_by_id`, `MADE_BY`, `TOTAL_WAREHOUSE`, `TOTAL_PO`, `TOTAL_DELIVERY_SHCEDULE`, `TOTAL_DELIVERY_PENDING`, `TOTAL_OUTSTANDING_PO_OS`, `TOTAL_DELIVERY_EXECUTION`, `order_sheet_id`, `status_ogfg`, `revisi_no_ogfg`, `UPDATE_BY_OGFG`
)
VALUE (
OLD.`KPS_OUTGOING_FINISHED_GOOD_ID`, OLD.`DATE_OUTGOING`, OLD.`NO_OUTGOING`, OLD.`KPS_BUKTI_PESANAN_ID_OGFG`, OLD.`KPS_OS_ID_OGFG`, OLD.`KPS_MUTATION_ID_OGFG`, OLD.`DELIVERY_DATE`, OLD.`KPS_VEHICLE_ID`, OLD.`employee_driver_id`, OLD.`CHECKED`, OLD.`user_made_by_id`, OLD.`MADE_BY`, OLD.`TOTAL_WAREHOUSE`, OLD.`TOTAL_PO`, OLD.`TOTAL_DELIVERY_SHCEDULE`, OLD.`TOTAL_DELIVERY_PENDING`, OLD.`TOTAL_OUTSTANDING_PO_OS`, OLD.`TOTAL_DELIVERY_EXECUTION`, OLD.`order_sheet_id`, OLD.`status_ogfg`, OLD.`revisi_no_ogfg`, NEW.`MADE_BY`)
$$
DELIMITER ;

-- --------------------------------------------------------

--
-- Struktur dari tabel `kps_outgoing_finished_good_`
--

CREATE TABLE `kps_outgoing_finished_good_` (
  `KPS_OUTGOING_FINISHED_GOOD_ID` int(255) NOT NULL,
  `DATE_OUTGOING` datetime NOT NULL DEFAULT CURRENT_TIMESTAMP,
  `NO_OUTGOING` varchar(150) NOT NULL,
  `KPS_BUKTI_PESANAN_ID_OGFG` int(255) DEFAULT NULL,
  `KPS_OS_ID_OGFG` int(11) DEFAULT NULL,
  `KPS_MUTATION_ID_OGFG` int(11) DEFAULT NULL,
  `DELIVERY_DATE` datetime NOT NULL,
  `KPS_VEHICLE_ID` int(255) DEFAULT NULL,
  `employee_driver_id` int(11) DEFAULT NULL,
  `CHECKED` int(255) NOT NULL,
  `user_made_by_id` int(11) DEFAULT NULL,
  `MADE_BY` varchar(50) DEFAULT NULL,
  `TOTAL_WAREHOUSE` varchar(255) DEFAULT NULL,
  `TOTAL_PO` varchar(255) DEFAULT NULL,
  `TOTAL_DELIVERY_SHCEDULE` varchar(255) DEFAULT NULL,
  `TOTAL_DELIVERY_PENDING` varchar(255) DEFAULT NULL,
  `TOTAL_OUTSTANDING_PO_OS` varchar(255) DEFAULT NULL,
  `TOTAL_DELIVERY_EXECUTION` varchar(255) NOT NULL,
  `order_sheet_id` int(11) DEFAULT NULL,
  `status_ogfg` int(11) NOT NULL,
  `revisi_no_ogfg` int(11) NOT NULL,
  `ID` int(11) NOT NULL,
  `UPDATE_TIME` datetime NOT NULL DEFAULT CURRENT_TIMESTAMP,
  `UPDATE_BY_OGFG` int(11) NOT NULL
) ENGINE=InnoDB DEFAULT CHARSET=latin1;

--
-- Dumping data untuk tabel `kps_outgoing_finished_good_`
--

INSERT INTO `kps_outgoing_finished_good_` (`KPS_OUTGOING_FINISHED_GOOD_ID`, `DATE_OUTGOING`, `NO_OUTGOING`, `KPS_BUKTI_PESANAN_ID_OGFG`, `KPS_OS_ID_OGFG`, `KPS_MUTATION_ID_OGFG`, `DELIVERY_DATE`, `KPS_VEHICLE_ID`, `employee_driver_id`, `CHECKED`, `user_made_by_id`, `MADE_BY`, `TOTAL_WAREHOUSE`, `TOTAL_PO`, `TOTAL_DELIVERY_SHCEDULE`, `TOTAL_DELIVERY_PENDING`, `TOTAL_OUTSTANDING_PO_OS`, `TOTAL_DELIVERY_EXECUTION`, `order_sheet_id`, `status_ogfg`, `revisi_no_ogfg`, `ID`, `UPDATE_TIME`, `UPDATE_BY_OGFG`) VALUES
(8, '2016-03-13 16:04:48', '16/OTG-SLS/III/1', 1, NULL, NULL, '2016-02-28 16:16:08', 4, 1, 1, NULL, '3', '0', '200', '10', '0', '200', '360', NULL, 0, 1, 1, '2016-05-03 13:49:21', 3),
(8, '2016-03-13 16:04:48', '16/OTG-SLS/III/1', 1, NULL, NULL, '2016-02-28 16:16:08', 4, 1, 1, NULL, '3', '0', '201', '10', '0', '200', '360', NULL, 0, 1, 2, '2016-05-03 13:49:35', 3),
(8, '2016-03-13 16:04:48', '16/OTG-SLS/III/1', 1, NULL, NULL, '2016-02-28 16:16:08', 4, 1, 1, NULL, '3', '0', '200', '10', '0', '200', '360', NULL, 0, 1, 3, '2016-05-03 13:53:32', 3),
(24, '2016-04-14 15:31:10', '16/OTG-SLS/IV/24', 8, NULL, NULL, '2016-04-21 00:00:00', 4, 1, 1, NULL, '6', '100000000000', '9000', '2500', '0', '4000', '2500', NULL, 0, 0, 4, '2016-05-13 06:11:43', 6),
(25, '2016-05-13 13:33:03', '16/OTG-SLS/V/25', 11, NULL, NULL, '2016-05-17 00:00:00', 4, 1, 2, NULL, '3', '0', '3700', '3700', '0', '0', '0', NULL, 0, 0, 5, '2016-05-13 13:35:15', 3),
(25, '2016-05-13 13:33:03', '16/OTG-SLS/V/25', 11, NULL, NULL, '2016-05-17 00:00:00', 4, 1, 2, NULL, '3', '0', '3700', '3700', '0', '0', '0', NULL, 0, 0, 6, '2016-05-13 13:35:33', 3),
(25, '2016-05-13 13:33:03', '16/OTG-SLS/V/25', 11, NULL, NULL, '2016-05-17 00:00:00', 4, 1, 2, NULL, '3', '100000000000', '3700', '300', '0', '3400', '300', NULL, 0, 0, 7, '2016-05-13 13:35:33', 3),
(26, '2016-05-13 15:43:46', '16/OTG-SLS/V/26', 12, NULL, NULL, '2016-05-18 00:00:00', 4, 2, 2, NULL, '3', '0', '79', '79', '0', '0', '0', NULL, 0, 0, 8, '2016-05-13 15:43:51', 3),
(26, '2016-05-13 15:43:46', '16/OTG-SLS/V/26', 12, NULL, NULL, '2016-05-18 00:00:00', 4, 2, 2, NULL, '3', '0', '79', '79', '0', '0', '0', NULL, 0, 0, 9, '2016-05-13 15:44:05', 3),
(26, '2016-05-13 15:43:46', '16/OTG-SLS/V/26', 12, NULL, NULL, '2016-05-18 00:00:00', 4, 2, 2, NULL, '3', '100000000000', '79', '35', '0', '44', '35', NULL, 0, 0, 10, '2016-05-13 15:44:05', 3),
(27, '2016-05-22 12:34:13', '16/OTG-SLS/V/27', 13, NULL, NULL, '2016-05-23 00:00:00', 4, 2, 2, NULL, '2', '0', '600', '3700', '0', '0', '0', NULL, 0, 0, 11, '2016-05-22 12:34:17', 2),
(27, '2016-05-22 12:34:13', '16/OTG-SLS/V/27', 13, NULL, NULL, '2016-05-23 00:00:00', 4, 2, 2, NULL, '2', '0', '600', '3700', '0', '0', '0', NULL, 0, 0, 12, '2016-05-22 12:34:29', 2),
(27, '2016-05-22 12:34:13', '16/OTG-SLS/V/27', 13, NULL, NULL, '2016-05-23 00:00:00', 4, 2, 2, NULL, '2', '100000000000', '200', '100', '0', '100', '100', NULL, 0, 0, 13, '2016-05-22 12:34:29', 2),
(27, '2016-05-22 12:34:13', '16/OTG-SLS/V/27', 13, NULL, NULL, '2016-05-23 00:00:00', 4, 2, 2, NULL, '2', '100000000000', '200', '100', '0', '100', '100', NULL, 0, 0, 14, '2016-05-22 12:34:43', 2),
(27, '2016-05-22 12:34:13', '16/OTG-SLS/V/27', 13, NULL, NULL, '2016-05-23 00:00:00', 4, 2, 2, NULL, '2', '100000000000', '400', '200', '0', '200', '200', NULL, 0, 0, 15, '2016-05-22 12:34:43', 2),
(27, '2016-05-22 12:34:13', '16/OTG-SLS/V/27', 13, NULL, NULL, '2016-05-23 00:00:00', 4, 2, 2, NULL, '2', '100000000000', '400', '200', '0', '200', '300', NULL, 0, 0, 16, '2016-05-22 12:35:05', 2),
(27, '2016-05-22 12:34:13', '16/OTG-SLS/V/27', 13, NULL, NULL, '2016-05-23 00:00:00', 4, 2, 2, NULL, '2', '100000000000', '400', '200', '0', '200', '300', NULL, 0, 0, 17, '2016-05-22 12:35:18', 2),
(20, '2016-04-12 07:36:39', '16/OTG-SLS/IV/20', NULL, 12, NULL, '2016-04-09 00:00:00', 4, 1, 1, NULL, '2', '0', '0', '0', '0', '0', '0', NULL, 0, 0, 18, '2016-05-22 15:06:46', 2),
(12, '2016-04-05 07:04:59', '16/OTG-SLS/IV/12', NULL, 4, NULL, '2016-04-08 00:00:00', 4, 1, 2, NULL, '2', '0', '200000', '10000', '0', '190000', '1090', NULL, 0, 0, 19, '2016-05-22 15:06:56', 2),
(28, '2016-06-01 15:50:58', '16/OTG-SLS/VI/28', 23, NULL, NULL, '2016-06-02 00:00:00', 4, 2, 3, NULL, '3', '0', '10100', '10100', '0', '0', '0', NULL, 0, 0, 20, '2016-06-01 15:52:03', 3),
(28, '2016-06-01 15:50:58', '16/OTG-SLS/VI/28', 23, NULL, NULL, '2016-06-02 00:00:00', 4, 2, 3, NULL, '3', '0', '10100', '10100', '0', '0', '0', NULL, 0, 0, 21, '2016-06-01 15:53:29', 3),
(28, '2016-06-01 15:50:58', '16/OTG-SLS/VI/28', 23, NULL, NULL, '2016-06-02 00:00:00', 4, 2, 3, NULL, '3', '0', '10100', '10100', '0', '0', '0', NULL, 0, 0, 22, '2016-06-01 15:53:55', 3),
(28, '2016-06-01 15:50:58', '16/OTG-SLS/VI/28', 23, NULL, NULL, '2016-06-02 00:00:00', 4, 2, 3, NULL, '3', '100000000000', '10000', '10000', '0', '0', '10000', NULL, 0, 0, 23, '2016-06-01 15:53:55', 3),
(28, '2016-06-01 15:50:58', '16/OTG-SLS/VI/28', 23, NULL, NULL, '2016-06-02 00:00:00', 4, 2, 3, NULL, '3', '100000000000', '10000', '10000', '0', '0', '10000', NULL, 0, 0, 24, '2016-06-01 15:54:17', 3),
(28, '2016-06-01 15:50:58', '16/OTG-SLS/VI/28', 23, NULL, NULL, '2016-06-02 00:00:00', 4, 2, 3, NULL, '3', '100000000000', '100', '50', '0', '50', '50', NULL, 0, 0, 25, '2016-06-01 15:54:17', 3),
(28, '2016-06-01 15:50:58', '16/OTG-SLS/VI/28', 23, NULL, NULL, '2016-06-02 00:00:00', 4, 2, 3, NULL, '3', '100000000000', '100', '50', '0', '50', '10050', NULL, 0, 0, 26, '2016-06-01 15:55:24', 3),
(29, '2016-06-01 15:56:46', '16/OTG-SLS/VI/29', 23, NULL, NULL, '2016-06-03 00:00:00', 4, 2, 2, NULL, '3', '0', '10100', '10100', '0', '0', '0', NULL, 0, 0, 27, '2016-06-01 15:57:49', 3),
(29, '2016-06-01 15:56:46', '16/OTG-SLS/VI/29', 23, NULL, NULL, '2016-06-03 00:00:00', 4, 2, 2, NULL, '3', '0', '10100', '10100', '0', '0', '0', NULL, 0, 0, 28, '2016-06-01 15:58:23', 3),
(29, '2016-06-01 15:56:46', '16/OTG-SLS/VI/29', 23, NULL, NULL, '2016-06-03 00:00:00', 4, 2, 2, NULL, '3', '0', '10100', '10100', '0', '0', '0', NULL, 0, 0, 29, '2016-06-01 16:00:29', 3),
(29, '2016-06-01 15:56:46', '16/OTG-SLS/VI/29', 23, NULL, NULL, '2016-06-03 00:00:00', 4, 2, 2, NULL, '3', '0', '10100', '10100', '0', '0', '0', NULL, 0, 0, 30, '2016-06-01 16:09:05', 3),
(28, '2016-06-01 15:50:58', '16/OTG-SLS/VI/28', 23, NULL, NULL, '2016-06-02 00:00:00', 4, 2, 3, NULL, '3', '100000000000', '100', '50', '0', '50', '10050', NULL, 0, 0, 31, '2016-06-01 16:11:08', 3),
(29, '2016-06-01 15:56:46', '16/OTG-SLS/VI/29', 23, NULL, NULL, '2016-06-03 00:00:00', 4, 2, 2, NULL, '3', '0', '10100', '10100', '0', '0', '0', NULL, 0, 0, 32, '2016-06-01 16:12:27', 3),
(29, '2016-06-01 15:56:46', '16/OTG-SLS/VI/29', 23, NULL, NULL, '2016-06-03 00:00:00', 4, 2, 2, NULL, '3', '0', '10100', '10100', '0', '0', '0', NULL, 0, 0, 33, '2016-06-01 16:18:43', 3),
(29, '2016-06-01 15:56:46', '16/OTG-SLS/VI/29', 23, NULL, NULL, '2016-06-03 00:00:00', 4, 2, 2, NULL, '3', '100000000000', '100', '50', '0', '0', '50', NULL, 0, 0, 34, '2016-06-01 16:18:43', 3);

-- --------------------------------------------------------

--
-- Struktur dari tabel `kps_outgoing_finished_good_detail`
--

CREATE TABLE `kps_outgoing_finished_good_detail` (
  `KPS_OUTGOING_FINISHED_GOOD_DETAIL_ID` int(255) NOT NULL,
  `KPS_OUTGOING_FINISHED_GOOD_ID_D` int(255) NOT NULL,
  `KPS_DELIVERY_SCHEDULE_DETAIL_ID_FGD` int(255) DEFAULT NULL,
  `KPS_LOI_ID_MUTATION_OFGD` int(11) DEFAULT NULL,
  `QTY_OUTSTANDING_PO_OS` int(100) DEFAULT NULL,
  `QTY_DELIVERY_EXECUTION` int(100) NOT NULL,
  `QTY_PENDING_OFGD` int(11) DEFAULT NULL,
  `QTY_RETURN_PENDING_OFGD` int(11) DEFAULT NULL,
  `NOTE_OFGD` mediumtext,
  `OUTGOING_DETAIL_QTY_VERIFICATION` int(11) DEFAULT NULL,
  `OUTGOING_DET_LOCK_VER` tinyint(4) DEFAULT NULL,
  `KPS_OFGD_STAT_R_OS_PENDING` tinyint(4) DEFAULT NULL
) ENGINE=InnoDB DEFAULT CHARSET=latin1;

--
-- Dumping data untuk tabel `kps_outgoing_finished_good_detail`
--

INSERT INTO `kps_outgoing_finished_good_detail` (`KPS_OUTGOING_FINISHED_GOOD_DETAIL_ID`, `KPS_OUTGOING_FINISHED_GOOD_ID_D`, `KPS_DELIVERY_SCHEDULE_DETAIL_ID_FGD`, `KPS_LOI_ID_MUTATION_OFGD`, `QTY_OUTSTANDING_PO_OS`, `QTY_DELIVERY_EXECUTION`, `QTY_PENDING_OFGD`, `QTY_RETURN_PENDING_OFGD`, `NOTE_OFGD`, `OUTGOING_DETAIL_QTY_VERIFICATION`, `OUTGOING_DET_LOCK_VER`, `KPS_OFGD_STAT_R_OS_PENDING`) VALUES
(24, 8, 8, NULL, 1000, 350, NULL, NULL, '', NULL, NULL, NULL),
(29, 8, 17, NULL, 200, 10, NULL, NULL, 'test', NULL, NULL, NULL),
(31, 10, 21, NULL, 100, 800, NULL, NULL, '', NULL, NULL, NULL),
(32, 11, 27, NULL, 50, 50, NULL, NULL, '', NULL, NULL, NULL),
(33, 12, 30, NULL, 99900, 90, 10, NULL, 'Ini Uji Coba Pending', NULL, NULL, NULL),
(34, 12, 31, NULL, 190000, 1000, 9000, NULL, 'Ini Tidak Pending', NULL, NULL, NULL),
(35, 13, 33, NULL, 98900, 900, 100, NULL, 'ini pending 2', NULL, NULL, NULL),
(36, 13, 34, NULL, 189800, 133, 67, NULL, 'pending ke 2', NULL, NULL, NULL),
(37, 14, 36, NULL, 9900, 100, 0, NULL, 'Percobaan tanpa BP DI DS', NULL, NULL, NULL),
(38, 14, 37, NULL, 3000, 2000, 0, NULL, 'Uji COba tanpa bp DI ds', NULL, NULL, NULL),
(39, 15, 38, NULL, 9790, 100, 10, NULL, 'percobaan pending pada DS', NULL, NULL, NULL),
(40, 15, 41, NULL, 3000, 0, 0, NULL, 'percobaan pending pada DS', NULL, NULL, NULL),
(41, 16, 39, NULL, 9780, 8, 2, NULL, 'ini percobaan pending BP dengan DS', NULL, NULL, NULL),
(42, 16, 42, NULL, 2990, 2, 8, NULL, 'ini percobaan pending BP dengan DS', NULL, NULL, NULL),
(43, 17, 44, NULL, 30000, 1000, 9000, NULL, 'Perocbaan perbandingan Pending bp DS', NULL, NULL, NULL),
(44, 17, 47, NULL, 49000, 900, 100, NULL, 'INI percobaan perbandingan pending', NULL, NULL, NULL),
(45, 18, 45, NULL, 29900, 90, 10, NULL, 'INI percobaan perbandingan pending', NULL, NULL, NULL),
(48, 19, 49, NULL, 28000, 910, NULL, 10, 'Percobaan Pembayaran Pending', NULL, NULL, NULL),
(49, 21, 51, NULL, 26999, 1011, NULL, 10, 'Bayar Pending', NULL, NULL, NULL),
(50, 22, NULL, NULL, NULL, 400, NULL, NULL, NULL, 400, NULL, NULL),
(51, 23, 52, NULL, 6500, 2500, NULL, NULL, 'coba kirim', NULL, NULL, NULL),
(52, 24, 53, NULL, 4000, 2500, NULL, NULL, 'test', NULL, NULL, NULL),
(53, 25, 56, NULL, 3400, 300, NULL, NULL, 'OKE', NULL, NULL, NULL),
(54, 26, 59, NULL, 44, 35, NULL, NULL, 'oke', NULL, NULL, NULL),
(55, 27, 61, NULL, 100, 100, NULL, NULL, 'oke', NULL, NULL, NULL),
(56, 27, 62, NULL, 200, 200, NULL, NULL, 'sip', NULL, NULL, NULL),
(57, 28, 83, NULL, 0, 10000, NULL, NULL, '', NULL, NULL, NULL),
(58, 28, 81, NULL, 50, 50, NULL, NULL, '', NULL, NULL, NULL),
(59, 29, 82, NULL, 0, 50, NULL, NULL, '', NULL, NULL, NULL);

--
-- Trigger `kps_outgoing_finished_good_detail`
--
DELIMITER $$
CREATE TRIGGER `OGFG_DET_update_record` BEFORE UPDATE ON `kps_outgoing_finished_good_detail` FOR EACH ROW INSERT INTO kps_outgoing_finished_good_detail_ (
 `KPS_OUTGOING_FINISHED_GOOD_DETAIL_ID`, `KPS_OUTGOING_FINISHED_GOOD_ID_D`, `KPS_DELIVERY_SCHEDULE_DETAIL_ID_FGD`, `KPS_LOI_ID_MUTATION_OFGD`, `QTY_OUTSTANDING_PO_OS`, `QTY_DELIVERY_EXECUTION`, `QTY_PENDING_OFGD`, `QTY_RETURN_PENDING_OFGD`, `NOTE_OFGD`, `OUTGOING_DETAIL_QTY_VERIFICATION`, `OUTGOING_DET_LOCK_VER`, `KPS_OFGD_STAT_R_OS_PENDING`
)
VALUE (
OLD.`KPS_OUTGOING_FINISHED_GOOD_DETAIL_ID`, OLD.`KPS_OUTGOING_FINISHED_GOOD_ID_D`, OLD.`KPS_DELIVERY_SCHEDULE_DETAIL_ID_FGD`, OLD.`KPS_LOI_ID_MUTATION_OFGD`, OLD.`QTY_OUTSTANDING_PO_OS`, OLD.`QTY_DELIVERY_EXECUTION`, OLD.`QTY_PENDING_OFGD`, OLD.`QTY_RETURN_PENDING_OFGD`, OLD.`NOTE_OFGD`, OLD.`OUTGOING_DETAIL_QTY_VERIFICATION`, OLD.`OUTGOING_DET_LOCK_VER`, OLD.`KPS_OFGD_STAT_R_OS_PENDING`)
$$
DELIMITER ;

-- --------------------------------------------------------

--
-- Struktur dari tabel `kps_outgoing_finished_good_detail_`
--

CREATE TABLE `kps_outgoing_finished_good_detail_` (
  `KPS_OUTGOING_FINISHED_GOOD_DETAIL_ID` int(255) NOT NULL,
  `KPS_OUTGOING_FINISHED_GOOD_ID_D` int(255) NOT NULL,
  `KPS_DELIVERY_SCHEDULE_DETAIL_ID_FGD` int(255) DEFAULT NULL,
  `KPS_LOI_ID_MUTATION_OFGD` int(11) DEFAULT NULL,
  `QTY_OUTSTANDING_PO_OS` int(100) DEFAULT NULL,
  `QTY_DELIVERY_EXECUTION` int(100) NOT NULL,
  `QTY_PENDING_OFGD` int(11) DEFAULT NULL,
  `QTY_RETURN_PENDING_OFGD` int(11) DEFAULT NULL,
  `NOTE_OFGD` mediumtext,
  `OUTGOING_DETAIL_QTY_VERIFICATION` int(11) DEFAULT NULL,
  `OUTGOING_DET_LOCK_VER` tinyint(4) DEFAULT NULL,
  `KPS_OFGD_STAT_R_OS_PENDING` tinyint(4) DEFAULT NULL,
  `ID` int(11) NOT NULL,
  `UPDATE_TIME` datetime NOT NULL DEFAULT CURRENT_TIMESTAMP
) ENGINE=InnoDB DEFAULT CHARSET=latin1;

--
-- Dumping data untuk tabel `kps_outgoing_finished_good_detail_`
--

INSERT INTO `kps_outgoing_finished_good_detail_` (`KPS_OUTGOING_FINISHED_GOOD_DETAIL_ID`, `KPS_OUTGOING_FINISHED_GOOD_ID_D`, `KPS_DELIVERY_SCHEDULE_DETAIL_ID_FGD`, `KPS_LOI_ID_MUTATION_OFGD`, `QTY_OUTSTANDING_PO_OS`, `QTY_DELIVERY_EXECUTION`, `QTY_PENDING_OFGD`, `QTY_RETURN_PENDING_OFGD`, `NOTE_OFGD`, `OUTGOING_DETAIL_QTY_VERIFICATION`, `OUTGOING_DET_LOCK_VER`, `KPS_OFGD_STAT_R_OS_PENDING`, `ID`, `UPDATE_TIME`) VALUES
(52, 24, 53, NULL, 4000, 2500, NULL, NULL, 'test', NULL, NULL, NULL, 1, '2016-05-03 13:52:28'),
(52, 24, 53, NULL, 4000, 2500, NULL, NULL, 'test X', NULL, NULL, NULL, 2, '2016-05-03 13:52:39');

-- --------------------------------------------------------

--
-- Struktur dari tabel `kps_outgoing_finished_good_detail_verification`
--

CREATE TABLE `kps_outgoing_finished_good_detail_verification` (
  `KPS_OFG_DETAIL_VER_ID` int(11) NOT NULL,
  `KPS_OUTGOING_FINISHED_GOOD_DETAIL_ID_VER` int(11) NOT NULL,
  `KPS_BSTHP_DETAIL_SUB_ID_VER` int(11) NOT NULL
) ENGINE=InnoDB DEFAULT CHARSET=latin1;

--
-- Dumping data untuk tabel `kps_outgoing_finished_good_detail_verification`
--

INSERT INTO `kps_outgoing_finished_good_detail_verification` (`KPS_OFG_DETAIL_VER_ID`, `KPS_OUTGOING_FINISHED_GOOD_DETAIL_ID_VER`, `KPS_BSTHP_DETAIL_SUB_ID_VER`) VALUES
(3, 19, 2),
(4, 50, 2),
(5, 50, 3),
(6, 50, 4),
(7, 50, 5);

--
-- Trigger `kps_outgoing_finished_good_detail_verification`
--
DELIMITER $$
CREATE TRIGGER `OGFG_VER_update_record` BEFORE UPDATE ON `kps_outgoing_finished_good_detail_verification` FOR EACH ROW INSERT INTO kps_outgoing_finished_good_detail_verification_ (
 `KPS_OFG_DETAIL_VER_ID`, `KPS_OUTGOING_FINISHED_GOOD_DETAIL_ID_VER`, `KPS_BSTHP_DETAIL_SUB_ID_VER`
)
VALUE (
  OLD.`KPS_OFG_DETAIL_VER_ID`, OLD.`KPS_OUTGOING_FINISHED_GOOD_DETAIL_ID_VER`, OLD.`KPS_BSTHP_DETAIL_SUB_ID_VER` )
$$
DELIMITER ;

-- --------------------------------------------------------

--
-- Struktur dari tabel `kps_outgoing_finished_good_detail_verification_`
--

CREATE TABLE `kps_outgoing_finished_good_detail_verification_` (
  `KPS_OFG_DETAIL_VER_ID` int(11) NOT NULL,
  `KPS_OUTGOING_FINISHED_GOOD_DETAIL_ID_VER` int(11) NOT NULL,
  `KPS_BSTHP_DETAIL_SUB_ID_VER` int(11) NOT NULL,
  `ID` int(11) NOT NULL,
  `UPDATE_TIME` datetime NOT NULL DEFAULT CURRENT_TIMESTAMP
) ENGINE=InnoDB DEFAULT CHARSET=latin1;

-- --------------------------------------------------------

--
-- Struktur dari tabel `kps_outgoing_finished_good_other`
--

CREATE TABLE `kps_outgoing_finished_good_other` (
  `KPS_OUTGOING_FINISHED_GOOD_OTHER_ID` int(255) NOT NULL,
  `DATE` date NOT NULL,
  `NO` varchar(100) NOT NULL,
  `KPS_CUSTOMER_LIST_ID` int(255) NOT NULL,
  `DELIVERY_AREA` varchar(100) NOT NULL,
  `TOTAL_QTY_WAREHOUSE` varchar(255) NOT NULL,
  `TOTAL_QTY_DELIVERY` varchar(255) NOT NULL,
  `TOTAL_QTY_UNIT` varchar(255) NOT NULL
) ENGINE=InnoDB DEFAULT CHARSET=latin1;

-- --------------------------------------------------------

--
-- Struktur dari tabel `kps_outgoing_finished_good_other_detail`
--

CREATE TABLE `kps_outgoing_finished_good_other_detail` (
  `KPS_OUTGOING_FINISHED_GOOD_OTHER_DETAIL_ID` int(255) NOT NULL,
  `KPS_OUTGOING_FINISHED_GOOD_OTHER_ID` int(255) NOT NULL,
  `KPS_ITEM_MASTER_ID` int(255) NOT NULL,
  `QTY_WAREHOUSE` varchar(255) NOT NULL,
  `QTY_DELIVERY` varchar(255) NOT NULL,
  `QTY_UNIT` varchar(255) NOT NULL,
  `NOTE` mediumtext NOT NULL
) ENGINE=InnoDB DEFAULT CHARSET=latin1;

-- --------------------------------------------------------

--
-- Struktur dari tabel `kps_outgoing_report`
--

CREATE TABLE `kps_outgoing_report` (
  `KPS_OUTGOING_REPORT_ID` int(255) NOT NULL,
  `KPS_OUTGOING_FINISHED_GOOD_ID` int(255) NOT NULL,
  `KPS_DELIVERY_ORDER` int(255) NOT NULL,
  `STATUS` varchar(20) NOT NULL,
  `KPS_PO_ID` int(255) NOT NULL,
  `OS_NO` varchar(100) NOT NULL,
  `QTY_DELIVERY` int(100) NOT NULL,
  `UNITS` varchar(20) NOT NULL
) ENGINE=InnoDB DEFAULT CHARSET=latin1;

-- --------------------------------------------------------

--
-- Struktur dari tabel `kps_outgoing_retur_product`
--

CREATE TABLE `kps_outgoing_retur_product` (
  `OUTGOING_RETUR_PRODUCT_ID` int(11) NOT NULL,
  `KPS_RETUR_BARANG_ID_OUT` int(11) NOT NULL,
  `OUTGOING_RETUR_PRODUCT_NO` varchar(100) NOT NULL,
  `KPS_VEHICLE_ID_OG_RTR` int(11) NOT NULL,
  `employee_driver_id` int(11) NOT NULL,
  `OUTGOING_RETUR_ASISTEN_DRIVER` varchar(250) NOT NULL,
  `OUTGOING_RETUR_PRODUCT_DATE` datetime NOT NULL DEFAULT CURRENT_TIMESTAMP,
  `OUTGOING_RETUR_PRODUCT_NO_REV` int(11) NOT NULL,
  `TOTAL_OUTGOING` int(11) DEFAULT NULL,
  `OUTGOING_RETUR_PRODUCT_MADE_BY` int(11) NOT NULL
) ENGINE=InnoDB DEFAULT CHARSET=latin1;

--
-- Dumping data untuk tabel `kps_outgoing_retur_product`
--

INSERT INTO `kps_outgoing_retur_product` (`OUTGOING_RETUR_PRODUCT_ID`, `KPS_RETUR_BARANG_ID_OUT`, `OUTGOING_RETUR_PRODUCT_NO`, `KPS_VEHICLE_ID_OG_RTR`, `employee_driver_id`, `OUTGOING_RETUR_ASISTEN_DRIVER`, `OUTGOING_RETUR_PRODUCT_DATE`, `OUTGOING_RETUR_PRODUCT_NO_REV`, `TOTAL_OUTGOING`, `OUTGOING_RETUR_PRODUCT_MADE_BY`) VALUES
(1, 2, '16/OGRTR-PPIC/III/1', 2, 1, 'jajang', '2016-03-02 14:52:37', 1, NULL, 0),
(2, 3, '16/OGRTR-PPIC/V/2', 4, 1, 'oke', '2016-05-18 19:59:45', 2, NULL, 0),
(3, 3, '16/OGRTR-PPIC/V/3', 4, 1, 'jajang oke', '2016-05-21 09:48:13', 3, NULL, 0),
(4, 3, '16/OGRTR-PPIC/V/4', 4, 1, 'oke jajan', '2016-05-21 10:18:37', 4, NULL, 2);

--
-- Trigger `kps_outgoing_retur_product`
--
DELIMITER $$
CREATE TRIGGER `OFP_update_record` BEFORE UPDATE ON `kps_outgoing_retur_product` FOR EACH ROW INSERT INTO kps_outgoing_retur_product_ (
 `OUTGOING_RETUR_PRODUCT_ID`, `KPS_RETUR_BARANG_ID_OUT`, `OUTGOING_RETUR_PRODUCT_NO`, `KPS_VEHICLE_ID_OG_RTR`, `employee_driver_id`, `OUTGOING_RETUR_ASISTEN_DRIVER`, `OUTGOING_RETUR_PRODUCT_DATE`, `OUTGOING_RETUR_PRODUCT_NO_REV`, `TOTAL_OUTGOING`, `OUTGOING_RETUR_PRODUCT_MADE_BY`
)
VALUE (
 OLD.`OUTGOING_RETUR_PRODUCT_ID`, OLD.`KPS_RETUR_BARANG_ID_OUT`, OLD.`OUTGOING_RETUR_PRODUCT_NO`, OLD.`KPS_VEHICLE_ID_OG_RTR`, OLD.`employee_driver_id`, OLD.`OUTGOING_RETUR_ASISTEN_DRIVER`, OLD.`OUTGOING_RETUR_PRODUCT_DATE`, OLD.`OUTGOING_RETUR_PRODUCT_NO_REV`, OLD.`TOTAL_OUTGOING`, OLD.`OUTGOING_RETUR_PRODUCT_MADE_BY` )
$$
DELIMITER ;

-- --------------------------------------------------------

--
-- Struktur dari tabel `kps_outgoing_retur_product_`
--

CREATE TABLE `kps_outgoing_retur_product_` (
  `OUTGOING_RETUR_PRODUCT_ID` int(11) NOT NULL,
  `KPS_RETUR_BARANG_ID_OUT` int(11) NOT NULL,
  `OUTGOING_RETUR_PRODUCT_NO` varchar(100) NOT NULL,
  `KPS_VEHICLE_ID_OG_RTR` int(11) NOT NULL,
  `employee_driver_id` int(11) NOT NULL,
  `OUTGOING_RETUR_ASISTEN_DRIVER` varchar(250) NOT NULL,
  `OUTGOING_RETUR_PRODUCT_DATE` datetime NOT NULL DEFAULT CURRENT_TIMESTAMP,
  `OUTGOING_RETUR_PRODUCT_NO_REV` int(11) NOT NULL,
  `TOTAL_OUTGOING` int(11) DEFAULT NULL,
  `OUTGOING_RETUR_PRODUCT_MADE_BY` int(11) NOT NULL,
  `ID` int(11) NOT NULL,
  `UPDATE_TIME` datetime NOT NULL DEFAULT CURRENT_TIMESTAMP
) ENGINE=InnoDB DEFAULT CHARSET=latin1;

-- --------------------------------------------------------

--
-- Struktur dari tabel `kps_outgoing_retur_product_detail`
--

CREATE TABLE `kps_outgoing_retur_product_detail` (
  `OUTGOING_RETUR_PRODUCT_DETAIL_ID` int(11) NOT NULL,
  `OUTGOING_RETUR_PRODUCT_ID_DETAIL` int(11) NOT NULL,
  `QTY_EXECUTION_OUT` int(11) NOT NULL,
  `QTY_REMAINIG_EXECUTION_OUT` int(11) DEFAULT NULL,
  `KPS_RETUR_BARANG_DETAIL_ID_OUT_DETAIL` int(11) NOT NULL
) ENGINE=InnoDB DEFAULT CHARSET=latin1;

--
-- Dumping data untuk tabel `kps_outgoing_retur_product_detail`
--

INSERT INTO `kps_outgoing_retur_product_detail` (`OUTGOING_RETUR_PRODUCT_DETAIL_ID`, `OUTGOING_RETUR_PRODUCT_ID_DETAIL`, `QTY_EXECUTION_OUT`, `QTY_REMAINIG_EXECUTION_OUT`, `KPS_RETUR_BARANG_DETAIL_ID_OUT_DETAIL`) VALUES
(1, 1, 500, NULL, 7),
(4, 2, 356, 100, 8),
(5, 3, 50, 50, 8),
(6, 2, 40, 30, 10);

--
-- Trigger `kps_outgoing_retur_product_detail`
--
DELIMITER $$
CREATE TRIGGER `ORPD_update_record` BEFORE UPDATE ON `kps_outgoing_retur_product_detail` FOR EACH ROW INSERT INTO kps_outgoing_retur_product_detail_ (
  `OUTGOING_RETUR_PRODUCT_DETAIL_ID`, `OUTGOING_RETUR_PRODUCT_ID_DETAIL`, `QTY_EXECUTION_OUT`, `QTY_REMAINIG_EXECUTION_OUT`, `KPS_RETUR_BARANG_DETAIL_ID_OUT_DETAIL`
)
VALUE (
 OLD.`OUTGOING_RETUR_PRODUCT_DETAIL_ID`, OLD.`OUTGOING_RETUR_PRODUCT_ID_DETAIL`, OLD.`QTY_EXECUTION_OUT`, OLD.`QTY_REMAINIG_EXECUTION_OUT`, OLD.`KPS_RETUR_BARANG_DETAIL_ID_OUT_DETAIL`)
$$
DELIMITER ;

-- --------------------------------------------------------

--
-- Struktur dari tabel `kps_outgoing_retur_product_detail_`
--

CREATE TABLE `kps_outgoing_retur_product_detail_` (
  `OUTGOING_RETUR_PRODUCT_DETAIL_ID` int(11) NOT NULL,
  `OUTGOING_RETUR_PRODUCT_ID_DETAIL` int(11) NOT NULL,
  `QTY_EXECUTION_OUT` int(11) NOT NULL,
  `QTY_REMAINIG_EXECUTION_OUT` int(11) DEFAULT NULL,
  `KPS_RETUR_BARANG_DETAIL_ID_OUT_DETAIL` int(11) NOT NULL,
  `ID` int(11) NOT NULL,
  `UPDATE_TIME` datetime NOT NULL DEFAULT CURRENT_TIMESTAMP
) ENGINE=InnoDB DEFAULT CHARSET=latin1;

--
-- Dumping data untuk tabel `kps_outgoing_retur_product_detail_`
--

INSERT INTO `kps_outgoing_retur_product_detail_` (`OUTGOING_RETUR_PRODUCT_DETAIL_ID`, `OUTGOING_RETUR_PRODUCT_ID_DETAIL`, `QTY_EXECUTION_OUT`, `QTY_REMAINIG_EXECUTION_OUT`, `KPS_RETUR_BARANG_DETAIL_ID_OUT_DETAIL`, `ID`, `UPDATE_TIME`) VALUES
(1, 1, 500, NULL, 7, 1, '2016-05-03 14:01:35'),
(1, 1, 501, NULL, 7, 2, '2016-05-03 14:01:44');

-- --------------------------------------------------------

--
-- Struktur dari tabel `kps_part`
--

CREATE TABLE `kps_part` (
  `KPS_PART_ID` int(255) NOT NULL,
  `PART_NAME` varchar(255) NOT NULL,
  `PART_NO` varchar(255) NOT NULL,
  `MODEL` varchar(255) NOT NULL
) ENGINE=InnoDB DEFAULT CHARSET=latin1;

-- --------------------------------------------------------

--
-- Struktur dari tabel `kps_po`
--

CREATE TABLE `kps_po` (
  `KPS_PO_ID` int(255) NOT NULL,
  `PO_NO` varchar(150) NOT NULL,
  `PO_DATE` date NOT NULL
) ENGINE=InnoDB DEFAULT CHARSET=latin1;

-- --------------------------------------------------------

--
-- Struktur dari tabel `kps_position_employee`
--

CREATE TABLE `kps_position_employee` (
  `POSITION_ID` int(255) NOT NULL,
  `POS_NAME` varchar(45) NOT NULL,
  `SEC_EMPLOYEE_ID_POS` int(11) NOT NULL
) ENGINE=InnoDB DEFAULT CHARSET=latin1;

--
-- Dumping data untuk tabel `kps_position_employee`
--

INSERT INTO `kps_position_employee` (`POSITION_ID`, `POS_NAME`, `SEC_EMPLOYEE_ID_POS`) VALUES
(1, 'SALES HEAD', 1),
(2, 'SALES STAFF', 0),
(3, 'SALES STAFF', 1),
(4, 'ADMINISTRATOR', 4);

-- --------------------------------------------------------

--
-- Struktur dari tabel `kps_price_update`
--

CREATE TABLE `kps_price_update` (
  `KPS_PRICE_UPDATE_ID` int(255) NOT NULL,
  `KPS_QUOTATION_DETAIL_ID` int(255) NOT NULL,
  `part_name` varchar(255) NOT NULL,
  `part_no` varchar(255) NOT NULL,
  `price` varchar(255) DEFAULT NULL,
  `model` varchar(255) NOT NULL,
  `unit` varchar(255) NOT NULL,
  `NOTE` varchar(255) DEFAULT NULL,
  `updated_date` datetime DEFAULT NULL
) ENGINE=InnoDB DEFAULT CHARSET=latin1;

-- --------------------------------------------------------

--
-- Struktur dari tabel `kps_proses`
--

CREATE TABLE `kps_proses` (
  `KPS_PROSES_ID` int(11) NOT NULL,
  `NAMA_PROSES` varchar(100) NOT NULL,
  `SATUAN_PROSES` varchar(45) NOT NULL
) ENGINE=InnoDB DEFAULT CHARSET=latin1;

-- --------------------------------------------------------

--
-- Struktur dari tabel `kps_quantity_invoice_status`
--

CREATE TABLE `kps_quantity_invoice_status` (
  `KPS_QUANTITY_INVOICE_STATUS_ID` int(255) NOT NULL,
  `STATUS` varchar(10) NOT NULL,
  `NOTE` mediumtext NOT NULL
) ENGINE=InnoDB DEFAULT CHARSET=latin1;

-- --------------------------------------------------------

--
-- Struktur dari tabel `kps_quotation`
--

CREATE TABLE `kps_quotation` (
  `KPS_QUOTATION_ID` int(255) NOT NULL,
  `DATE_QUO` datetime NOT NULL DEFAULT CURRENT_TIMESTAMP,
  `NO_QUO` varchar(100) NOT NULL,
  `VALID_DATE_FROM` date NOT NULL,
  `VALID_DATE_UNTIL` date NOT NULL,
  `KPS_RFQ_CURENCY_ID_QUO` int(50) NOT NULL,
  `KPS_RFQ_ID_QUO` int(255) DEFAULT NULL,
  `kps_customer_is_person_in_charge_quo` int(11) NOT NULL,
  `NOTE_QUO` varchar(255) NOT NULL,
  `MADE_BY_QUO` varchar(100) DEFAULT NULL,
  `CHECKED_QUO` varchar(100) DEFAULT NULL,
  `APPROVED_QUO` varchar(100) DEFAULT NULL,
  `employee_checked_id` int(11) DEFAULT NULL,
  `employee_approved_id` int(11) DEFAULT NULL,
  `user_made_by_id` int(11) DEFAULT NULL,
  `marketing_id` int(11) DEFAULT NULL,
  `rfq_id` int(11) DEFAULT NULL,
  `rev_no_quo` int(11) DEFAULT NULL,
  `status_quo` int(11) NOT NULL DEFAULT '0',
  `revisi_no_quo` int(11) NOT NULL DEFAULT '0',
  `DEL_QUO` int(11) NOT NULL DEFAULT '0'
) ENGINE=InnoDB DEFAULT CHARSET=latin1;

--
-- Dumping data untuk tabel `kps_quotation`
--

INSERT INTO `kps_quotation` (`KPS_QUOTATION_ID`, `DATE_QUO`, `NO_QUO`, `VALID_DATE_FROM`, `VALID_DATE_UNTIL`, `KPS_RFQ_CURENCY_ID_QUO`, `KPS_RFQ_ID_QUO`, `kps_customer_is_person_in_charge_quo`, `NOTE_QUO`, `MADE_BY_QUO`, `CHECKED_QUO`, `APPROVED_QUO`, `employee_checked_id`, `employee_approved_id`, `user_made_by_id`, `marketing_id`, `rfq_id`, `rev_no_quo`, `status_quo`, `revisi_no_quo`, `DEL_QUO`) VALUES
(4, '2016-02-28 13:52:22', '16/QTN-SLS/II/1', '2016-03-27', '2016-03-31', 2, 2, 1, 'testss', '1', '1', '1', NULL, NULL, NULL, NULL, NULL, 1, 0, 3, 0),
(5, '2016-03-28 15:13:12', '16/QTN-SLS/III/2', '2016-03-28', '2016-05-28', 4, 4, 2, '', '4', '4', '5', NULL, NULL, NULL, NULL, NULL, 2, 0, 0, 0),
(6, '2016-03-29 14:18:35', '16/QTN-SLS/III/3', '2016-04-01', '2016-06-01', 5, 5, 3, '', '3', '1', '2', NULL, NULL, NULL, NULL, NULL, 3, 0, 0, 0),
(7, '2016-04-14 16:29:03', '16/QTN-SLS/IV/4', '2016-04-16', '2016-07-14', 6, 6, 7, 'PRICE EXCLUDE TOOLING 1', '4', '4', '4', NULL, NULL, NULL, NULL, NULL, 4, 0, 1, 0),
(8, '2016-05-13 14:19:32', '16/QTN-SLS/V/5', '2016-05-25', '2016-08-25', 7, 8, 8, 'Place of delivery', '12', '4', '4', NULL, NULL, NULL, NULL, NULL, 5, 0, 3, 0),
(9, '2016-06-01 15:09:28', '16/QTN-SLS/VI/6', '2016-06-10', '2016-06-10', 23, 30, 11, '-', '12', '-- Select Employee --', '-- Select Employee --', NULL, NULL, NULL, NULL, NULL, 6, 0, 0, 0);

--
-- Trigger `kps_quotation`
--
DELIMITER $$
CREATE TRIGGER `QUOT_update_record` BEFORE UPDATE ON `kps_quotation` FOR EACH ROW INSERT INTO kps_quotation_ (
  `KPS_QUOTATION_ID`, `DATE_QUO`, `NO_QUO`, `VALID_DATE_FROM`, `VALID_DATE_UNTIL`, `KPS_RFQ_CURENCY_ID_QUO`, `KPS_RFQ_ID_QUO`, `kps_customer_is_person_in_charge_quo`, `NOTE_QUO`, `MADE_BY_QUO`, `CHECKED_QUO`, `APPROVED_QUO`, `employee_checked_id`, `employee_approved_id`, `user_made_by_id`, `marketing_id`, `rfq_id`, `rev_no_quo`, `status_quo`, `revisi_no_quo`, `UPDATE_BY_QUO`
)
VALUE (
 OLD.`KPS_QUOTATION_ID`, OLD.`DATE_QUO`, OLD.`NO_QUO`, OLD.`VALID_DATE_FROM`, OLD.`VALID_DATE_UNTIL`, OLD.`KPS_RFQ_CURENCY_ID_QUO`, OLD.`KPS_RFQ_ID_QUO`, OLD.`kps_customer_is_person_in_charge_quo`, OLD.`NOTE_QUO`, OLD.`MADE_BY_QUO`, OLD.`CHECKED_QUO`, OLD.`APPROVED_QUO`, OLD.`employee_checked_id`, OLD.`employee_approved_id`, OLD.`user_made_by_id`, OLD.`marketing_id`, OLD.`rfq_id`, OLD.`rev_no_quo`, OLD.`status_quo`, OLD.`revisi_no_quo`, NEW.`MADE_BY_QUO` )
$$
DELIMITER ;

-- --------------------------------------------------------

--
-- Struktur dari tabel `kps_quotation_`
--

CREATE TABLE `kps_quotation_` (
  `KPS_QUOTATION_ID` int(255) NOT NULL,
  `DATE_QUO` datetime NOT NULL DEFAULT CURRENT_TIMESTAMP,
  `NO_QUO` varchar(100) NOT NULL,
  `VALID_DATE_FROM` date NOT NULL,
  `VALID_DATE_UNTIL` date NOT NULL,
  `KPS_RFQ_CURENCY_ID_QUO` int(50) NOT NULL,
  `KPS_RFQ_ID_QUO` int(255) DEFAULT NULL,
  `kps_customer_is_person_in_charge_quo` int(11) NOT NULL,
  `NOTE_QUO` varchar(255) NOT NULL,
  `MADE_BY_QUO` varchar(100) DEFAULT NULL,
  `CHECKED_QUO` varchar(100) DEFAULT NULL,
  `APPROVED_QUO` varchar(100) DEFAULT NULL,
  `employee_checked_id` int(11) DEFAULT NULL,
  `employee_approved_id` int(11) DEFAULT NULL,
  `user_made_by_id` int(11) DEFAULT NULL,
  `marketing_id` int(11) DEFAULT NULL,
  `rfq_id` int(11) DEFAULT NULL,
  `rev_no_quo` int(11) DEFAULT NULL,
  `status_quo` int(11) NOT NULL DEFAULT '0',
  `revisi_no_quo` int(11) NOT NULL DEFAULT '0',
  `ID` int(11) NOT NULL,
  `UPDATE_TIME` datetime NOT NULL DEFAULT CURRENT_TIMESTAMP,
  `UPDATE_BY_QUO` int(11) NOT NULL
) ENGINE=InnoDB DEFAULT CHARSET=latin1;

--
-- Dumping data untuk tabel `kps_quotation_`
--

INSERT INTO `kps_quotation_` (`KPS_QUOTATION_ID`, `DATE_QUO`, `NO_QUO`, `VALID_DATE_FROM`, `VALID_DATE_UNTIL`, `KPS_RFQ_CURENCY_ID_QUO`, `KPS_RFQ_ID_QUO`, `kps_customer_is_person_in_charge_quo`, `NOTE_QUO`, `MADE_BY_QUO`, `CHECKED_QUO`, `APPROVED_QUO`, `employee_checked_id`, `employee_approved_id`, `user_made_by_id`, `marketing_id`, `rfq_id`, `rev_no_quo`, `status_quo`, `revisi_no_quo`, `ID`, `UPDATE_TIME`, `UPDATE_BY_QUO`) VALUES
(7, '2016-04-14 16:29:03', '16/QTN-SLS/IV/4', '2016-04-16', '2016-07-14', 6, 6, 7, 'PRICE EXCLUDE TOOLING 1', '4', '4', '4', NULL, NULL, NULL, NULL, NULL, 4, 0, 1, 1, '2016-05-03 17:39:12', 4),
(7, '2016-04-14 16:29:03', '16/QTN-SLS/IV/4X', '2016-04-16', '2016-07-14', 6, 6, 7, 'PRICE EXCLUDE TOOLING 1', '4', '4', '4', NULL, NULL, NULL, NULL, NULL, 4, 0, 1, 2, '2016-05-03 17:39:18', 4),
(4, '2016-02-28 13:52:22', '16/QTN-SLS/II/1', '2016-03-27', '2016-03-31', 2, 2, 1, 'testss', '1', '1', '1', NULL, NULL, NULL, NULL, NULL, 1, 0, 3, 3, '2016-05-04 23:59:20', 1),
(4, '2016-02-28 13:52:22', '16/QTN-SLS/II/1', '2016-03-27', '2016-03-31', 2, 2, 1, 'testss', '1', '1', '1', NULL, NULL, NULL, NULL, NULL, 1, 1, 3, 4, '2016-05-05 00:00:49', 1),
(8, '2016-05-13 14:19:32', '16/QTN-SLS/V/5', '2016-05-25', '2016-08-25', 7, 8, 8, '', '12', '4', '4', NULL, NULL, NULL, NULL, NULL, 5, 0, 0, 5, '2016-05-13 14:40:34', 12),
(8, '2016-05-13 14:19:32', '16/QTN-SLS/V/5', '2016-05-25', '2016-08-25', 7, 8, 8, 'Place of delivery', '12', '4', '4', NULL, NULL, NULL, NULL, NULL, 5, 0, 0, 6, '2016-05-13 14:40:35', 12),
(8, '2016-05-13 14:19:32', '16/QTN-SLS/V/5', '2016-05-25', '2016-08-25', 7, 8, 8, 'Place of delivery', '12', '4', '4', NULL, NULL, NULL, NULL, NULL, 5, 0, 1, 7, '2016-05-13 14:43:58', 12),
(8, '2016-05-13 14:19:32', '16/QTN-SLS/V/5', '2016-05-25', '2016-08-25', 7, 8, 8, 'Place of delivery', '12', '4', '4', NULL, NULL, NULL, NULL, NULL, 5, 0, 2, 8, '2016-05-13 15:04:53', 12);

-- --------------------------------------------------------

--
-- Struktur dari tabel `kps_quotation_detail`
--

CREATE TABLE `kps_quotation_detail` (
  `KPS_QUOTATION_DETAIL_ID` int(255) NOT NULL,
  `KPS_QUOTATION_ID` int(255) NOT NULL,
  `breakdown_cost_id` int(255) NOT NULL,
  `part_name` varchar(255) NOT NULL,
  `part_no` varchar(255) NOT NULL,
  `model` varchar(255) NOT NULL,
  `price` varchar(255) DEFAULT NULL,
  `unit` varchar(100) DEFAULT NULL,
  `note` varchar(255) DEFAULT NULL
) ENGINE=InnoDB DEFAULT CHARSET=latin1;

--
-- Dumping data untuk tabel `kps_quotation_detail`
--

INSERT INTO `kps_quotation_detail` (`KPS_QUOTATION_DETAIL_ID`, `KPS_QUOTATION_ID`, `breakdown_cost_id`, `part_name`, `part_no`, `model`, `price`, `unit`, `note`) VALUES
(1, 4, 1, 'SEAL AIR/C CASE', '17214-KWW-6000', 'KWB', '500', 'PCS', NULL),
(3, 4, 2, 'PARTNAMEBARUKPS', 'PARTNOBARUKPS', 'MODELBARUKPS', '450', '', ''),
(4, 5, 4, 'COVER', 'AK20314RQ', 'K81', '222436.11111111', 'PCS', NULL),
(5, 6, 5, 'TUBE DRAIN', '17227-K15G-92000', 'K15G	', '824', 'PCS', NULL),
(6, 7, 6, 'PROTECTOR', '21234-7899', '4P5LW', '533', '5500', NULL),
(7, 8, 7, 'FINISHER', '', 'D30', '880', '1', 'Material disupplay customer'),
(8, 9, 9, 'TUBE A, DRAIN ', '17366-428-6700', 'K25G/K46F', '685', 'PCS', NULL),
(9, 9, 10, 'TUBE MISSION BREATHER ', '11211-K50-T000', 'K25G/K46F', '1558', 'PCS', NULL),
(10, 9, 11, 'PIPE DRAIN ', '5TL-E443E-00', 'K25G/K46F', '343', 'PCS', NULL);

--
-- Trigger `kps_quotation_detail`
--
DELIMITER $$
CREATE TRIGGER `QUO_update_record` BEFORE UPDATE ON `kps_quotation_detail` FOR EACH ROW INSERT INTO kps_quotation_detail_ (
`KPS_QUOTATION_DETAIL_ID`, `KPS_QUOTATION_ID`, `breakdown_cost_id`, `part_name`, `part_no`, `model`, `price`, `unit`, `note`
)
VALUE (
    OLD.`KPS_QUOTATION_DETAIL_ID`, OLD.`KPS_QUOTATION_ID`, OLD.`breakdown_cost_id`, OLD.`part_name`, OLD.`part_no`, OLD.`model`, OLD.`price`, OLD.`unit`, OLD.`note` )
$$
DELIMITER ;

-- --------------------------------------------------------

--
-- Struktur dari tabel `kps_quotation_detail_`
--

CREATE TABLE `kps_quotation_detail_` (
  `KPS_QUOTATION_DETAIL_ID` int(255) NOT NULL,
  `KPS_QUOTATION_ID` int(255) NOT NULL,
  `breakdown_cost_id` int(255) NOT NULL,
  `part_name` varchar(255) NOT NULL,
  `part_no` varchar(255) NOT NULL,
  `model` varchar(255) NOT NULL,
  `price` varchar(255) DEFAULT NULL,
  `unit` varchar(100) DEFAULT NULL,
  `note` varchar(255) DEFAULT NULL,
  `ID` int(11) NOT NULL,
  `UPDATE_TIME` datetime NOT NULL DEFAULT CURRENT_TIMESTAMP
) ENGINE=InnoDB DEFAULT CHARSET=latin1;

--
-- Dumping data untuk tabel `kps_quotation_detail_`
--

INSERT INTO `kps_quotation_detail_` (`KPS_QUOTATION_DETAIL_ID`, `KPS_QUOTATION_ID`, `breakdown_cost_id`, `part_name`, `part_no`, `model`, `price`, `unit`, `note`, `ID`, `UPDATE_TIME`) VALUES
(6, 7, 6, 'PROTECTOR', '21234-7899', '4P5LW', '533', '5500', NULL, 1, '2016-05-03 17:35:24'),
(6, 7, 6, 'PROTECTOR', '21234-7899X', '4P5LW', '534', '5500', NULL, 2, '2016-05-03 17:35:33'),
(1, 4, 1, 'SEAL AIR/C CASE', '17214-KWW-6000', 'KWB', '500', 'PCS', NULL, 3, '2016-05-09 13:28:29'),
(7, 8, 7, 'FINISHER', '', 'D30', '870', '1', NULL, 4, '2016-05-13 14:43:58'),
(7, 8, 7, 'FINISHER', '', 'D30', '870', '1', 'Material disupplay customer', 5, '2016-05-13 15:04:53');

-- --------------------------------------------------------

--
-- Struktur dari tabel `kps_receiving_good`
--

CREATE TABLE `kps_receiving_good` (
  `KPS_RECEIVING_GOOD_ID` int(255) NOT NULL,
  `DATE` date NOT NULL,
  `AREA` varchar(100) NOT NULL
) ENGINE=InnoDB DEFAULT CHARSET=latin1;

-- --------------------------------------------------------

--
-- Struktur dari tabel `kps_receiving_good_detail`
--

CREATE TABLE `kps_receiving_good_detail` (
  `KPS_RECEIVING_GOOD_DETAIL_ID` int(255) NOT NULL,
  `KPS_RECEIVING_GOOD_ID` int(255) NOT NULL,
  `KPS_BSTHP_ID` int(255) NOT NULL,
  `KPS_CUSTOMER_LIST_ID` int(11) NOT NULL,
  `NO_LOT` varchar(100) NOT NULL,
  `PRODUCTION_DATE` date NOT NULL,
  `INSPECTION_DATE` date NOT NULL,
  `PROCESS` date NOT NULL,
  `M_C` date NOT NULL,
  `KPS_TOOLING_ID` int(255) NOT NULL,
  `OPERATOR` int(255) NOT NULL,
  `QTY` int(100) NOT NULL,
  `UNIT` varchar(20) NOT NULL
) ENGINE=InnoDB DEFAULT CHARSET=latin1;

-- --------------------------------------------------------

--
-- Struktur dari tabel `kps_retur_barang`
--

CREATE TABLE `kps_retur_barang` (
  `KPS_RETUR_BARANG_ID` int(255) NOT NULL,
  `DATE_RTR` datetime NOT NULL DEFAULT CURRENT_TIMESTAMP,
  `NO_RETUR` varchar(100) NOT NULL DEFAULT '',
  `REV_NO_RTR` varchar(100) NOT NULL DEFAULT '',
  `KPS_RETUR_NO_REVISI` int(11) DEFAULT NULL,
  `KPS_CUSTOMER_ID_RETUR` int(11) NOT NULL DEFAULT '0',
  `KPS_BUKTI_PESANAN_ID_RETUR` int(255) DEFAULT NULL,
  `NO_RETUR_FROM_CUSTOMER` varchar(100) NOT NULL DEFAULT '',
  `DATE_RETUR_CUSTOMER` date NOT NULL DEFAULT '0000-00-00',
  `DUE_DATE_PPIC` date NOT NULL DEFAULT '0000-00-00',
  `DUE_DATE_CUSTOMER` date NOT NULL DEFAULT '0000-00-00',
  `KPS_DELIVERY_ORDER_ID_RETUR` int(11) DEFAULT NULL,
  `CHECKED_SALES` int(50) DEFAULT NULL,
  `CHCEKED_QC` int(50) DEFAULT NULL,
  `KNOWED` int(50) DEFAULT NULL,
  `APPROVED` int(50) DEFAULT NULL,
  `MADE_BY_RB` int(11) NOT NULL DEFAULT '0',
  `KPS_REVISI_NO_RETUR` int(11) DEFAULT NULL,
  `KPS_RETUR_FLAG_DELETE` tinyint(4) DEFAULT NULL,
  `status_retur` int(11) NOT NULL DEFAULT '0',
  `revisi_no_retur` int(11) NOT NULL DEFAULT '0'
) ENGINE=InnoDB DEFAULT CHARSET=latin1;

--
-- Dumping data untuk tabel `kps_retur_barang`
--

INSERT INTO `kps_retur_barang` (`KPS_RETUR_BARANG_ID`, `DATE_RTR`, `NO_RETUR`, `REV_NO_RTR`, `KPS_RETUR_NO_REVISI`, `KPS_CUSTOMER_ID_RETUR`, `KPS_BUKTI_PESANAN_ID_RETUR`, `NO_RETUR_FROM_CUSTOMER`, `DATE_RETUR_CUSTOMER`, `DUE_DATE_PPIC`, `DUE_DATE_CUSTOMER`, `KPS_DELIVERY_ORDER_ID_RETUR`, `CHECKED_SALES`, `CHCEKED_QC`, `KNOWED`, `APPROVED`, `MADE_BY_RB`, `KPS_REVISI_NO_RETUR`, `KPS_RETUR_FLAG_DELETE`, `status_retur`, `revisi_no_retur`) VALUES
(1, '2015-10-08 00:00:00', '55', '55', NULL, 1, 4, '55', '0000-00-00', '0000-00-00', '0000-00-00', 1, 55, 55, 55, 55, 0, NULL, NULL, 0, 0),
(2, '2016-02-29 14:55:31', '16/RTR-SLS/II/1', '1', NULL, 1, NULL, 'RTRT323', '2016-02-24', '2016-02-18', '2016-02-24', 1, 1, 15, 8, 15, 0, NULL, NULL, 0, 0),
(3, '2016-05-13 10:11:17', '16/RTR-SLS/V/2', '2', NULL, 3, NULL, '329678121', '2016-05-13', '2016-05-19', '2016-05-18', 9, 4, 5, 5, 4, 3, 3, NULL, 0, 1),
(4, '2016-05-24 08:05:49', '16/RTR-SLS/V/3', '3', 0, 3, NULL, 'testUjiCoba', '2016-05-24', '2016-05-23', '2016-05-23', NULL, 4, 5, 4, 2, 2, NULL, NULL, 0, 0),
(5, '2016-05-24 08:34:49', '16/RTR-SLS/V/4', '4', 0, 7, NULL, 'test lagi', '2016-05-17', '2016-05-25', '2016-05-18', NULL, 1, 4, 3, 4, 2, NULL, NULL, 0, 0),
(6, '2016-05-24 08:35:59', '16/RTR-SLS/V/5', '5', 0, 3, NULL, 'uji hi', '2016-05-25', '2016-05-16', '2016-05-13', NULL, 4, 5, 5, 2, 2, NULL, NULL, 0, 0),
(7, '2016-05-24 08:40:38', '16/RTR-SLS/V/6', '6', 0, 7, NULL, 'test briant', '2016-05-25', '2016-05-13', '2016-05-05', NULL, 1, 4, 4, 2, 2, NULL, NULL, 0, 0),
(8, '2016-05-28 10:26:07', '16/RTR-SLS/V/7', '7', 0, 3, NULL, '4534535', '2016-05-27', '2016-05-30', '2016-05-30', NULL, 4, 3, 1, 5, 13, NULL, NULL, 0, 0),
(9, '2016-05-28 10:27:52', '16/RTR-SLS/V/8', '8', 0, 1, NULL, '82946892346', '2016-05-25', '2016-05-30', '2016-05-30', NULL, 4, 3, 1, 5, 13, NULL, NULL, 0, 0);

--
-- Trigger `kps_retur_barang`
--
DELIMITER $$
CREATE TRIGGER `RB_update_record` BEFORE UPDATE ON `kps_retur_barang` FOR EACH ROW INSERT INTO kps_retur_barang_ (
 `KPS_RETUR_BARANG_ID`, `DATE_RTR`, `NO_RETUR`, `REV_NO_RTR`, `KPS_CUSTOMER_ID_RETUR`, `KPS_BUKTI_PESANAN_ID_RETUR`, `NO_RETUR_FROM_CUSTOMER`, `DATE_RETUR_CUSTOMER`, `DUE_DATE_PPIC`, `DUE_DATE_CUSTOMER`, `KPS_DELIVERY_ORDER_ID_RETUR`, `CHECKED_SALES`, `CHCEKED_QC`, `KNOWED`, `APPROVED`, `MADE_BY_RB`, `UPDATE_BY_RB`, `KPS_REVISI_NO_RETUR`, `KPS_RETUR_FLAG_DELETE`
)
VALUE (
OLD.`KPS_RETUR_BARANG_ID`, OLD.`DATE_RTR`, OLD.`NO_RETUR`, OLD.`REV_NO_RTR`, OLD.`KPS_CUSTOMER_ID_RETUR`, OLD.`KPS_BUKTI_PESANAN_ID_RETUR`, OLD.`NO_RETUR_FROM_CUSTOMER`, OLD.`DATE_RETUR_CUSTOMER`, OLD.`DUE_DATE_PPIC`, OLD.`DUE_DATE_CUSTOMER`, OLD.`KPS_DELIVERY_ORDER_ID_RETUR`, OLD.`CHECKED_SALES`, OLD.`CHCEKED_QC`, OLD.`KNOWED`, OLD.`APPROVED`, OLD.`MADE_BY_RB`, NEW.`MADE_BY_RB`, OLD.`KPS_REVISI_NO_RETUR`, NEW.`KPS_RETUR_FLAG_DELETE` )
$$
DELIMITER ;

-- --------------------------------------------------------

--
-- Struktur dari tabel `kps_retur_barang_`
--

CREATE TABLE `kps_retur_barang_` (
  `ID_KPS_RETUR_BARANG_` int(11) NOT NULL,
  `KPS_RETUR_BARANG_ID` int(255) NOT NULL,
  `DATE_RTR` datetime NOT NULL DEFAULT CURRENT_TIMESTAMP,
  `NO_RETUR` varchar(100) NOT NULL,
  `REV_NO_RTR` varchar(100) NOT NULL,
  `KPS_CUSTOMER_ID_RETUR` int(11) NOT NULL,
  `KPS_BUKTI_PESANAN_ID_RETUR` int(255) DEFAULT NULL,
  `NO_RETUR_FROM_CUSTOMER` varchar(100) NOT NULL,
  `DATE_RETUR_CUSTOMER` date NOT NULL,
  `DUE_DATE_PPIC` date NOT NULL,
  `DUE_DATE_CUSTOMER` date NOT NULL,
  `KPS_DELIVERY_ORDER_ID_RETUR` int(11) NOT NULL,
  `CHECKED_SALES` int(50) DEFAULT NULL,
  `CHCEKED_QC` int(50) DEFAULT NULL,
  `KNOWED` int(50) DEFAULT NULL,
  `APPROVED` int(50) DEFAULT NULL,
  `MADE_BY_RB` int(11) NOT NULL,
  `UPDATE_TIME` datetime NOT NULL DEFAULT CURRENT_TIMESTAMP,
  `UPDATE_BY_RB` int(11) NOT NULL,
  `KPS_REVISI_NO_RETUR` int(11) DEFAULT NULL,
  `KPS_RETUR_FLAG_DELETE` tinyint(4) DEFAULT NULL,
  `status_retur` int(11) DEFAULT NULL,
  `revisi_no_retur` int(11) DEFAULT NULL
) ENGINE=InnoDB DEFAULT CHARSET=latin1;

--
-- Dumping data untuk tabel `kps_retur_barang_`
--

INSERT INTO `kps_retur_barang_` (`ID_KPS_RETUR_BARANG_`, `KPS_RETUR_BARANG_ID`, `DATE_RTR`, `NO_RETUR`, `REV_NO_RTR`, `KPS_CUSTOMER_ID_RETUR`, `KPS_BUKTI_PESANAN_ID_RETUR`, `NO_RETUR_FROM_CUSTOMER`, `DATE_RETUR_CUSTOMER`, `DUE_DATE_PPIC`, `DUE_DATE_CUSTOMER`, `KPS_DELIVERY_ORDER_ID_RETUR`, `CHECKED_SALES`, `CHCEKED_QC`, `KNOWED`, `APPROVED`, `MADE_BY_RB`, `UPDATE_TIME`, `UPDATE_BY_RB`, `KPS_REVISI_NO_RETUR`, `KPS_RETUR_FLAG_DELETE`, `status_retur`, `revisi_no_retur`) VALUES
(1, 1, '2015-10-08 00:00:00', '55', '55', 1, 4, '55', '0000-00-00', '0000-00-00', '0000-00-00', 1, 55, 55, 55, 55, 0, '2016-05-03 21:02:31', 0, NULL, NULL, NULL, NULL),
(2, 1, '2015-10-08 00:00:00', '55', '55X', 1, 4, '55', '0000-00-00', '0000-00-00', '0000-00-00', 1, 55, 55, 55, 55, 0, '2016-05-03 21:02:37', 0, NULL, NULL, NULL, NULL),
(3, 3, '2016-05-13 10:11:17', '16/RTR-SLS/V/2', '2', 3, NULL, '329678', '2016-05-13', '2016-05-18', '2016-05-18', 9, 4, 5, 5, 8, 0, '2016-05-21 12:39:21', 0, NULL, NULL, NULL, NULL),
(4, 3, '2016-05-13 10:11:17', '16/RTR-SLS/V/2', '2', 3, NULL, '329678', '2016-05-13', '2016-05-18', '2016-05-18', 9, 4, 5, 5, 8, 0, '2016-05-21 12:42:10', 0, 0, NULL, NULL, NULL),
(5, 3, '2016-05-13 10:11:17', '16/RTR-SLS/V/2', '2', 3, NULL, '329678', '2016-05-13', '2016-05-18', '2016-05-18', 9, 4, 5, 5, 8, 0, '2016-05-21 12:55:30', 2, 1, NULL, NULL, NULL),
(6, 3, '2016-05-13 10:11:17', '16/RTR-SLS/V/2', '2', 3, NULL, '329678', '2016-05-13', '2016-05-18', '2016-05-18', 9, 4, 5, 5, 8, 2, '2016-05-21 12:55:57', 2, 2, NULL, NULL, NULL),
(7, 3, '2016-05-13 10:11:17', '16/RTR-SLS/V/2', '2', 3, NULL, '329678', '2016-05-13', '2016-05-18', '2016-05-18', 9, 4, 5, 5, 8, 2, '2016-05-21 12:57:00', 2, 3, NULL, NULL, NULL),
(8, 3, '2016-05-13 10:11:17', '16/RTR-SLS/V/2', '2', 3, NULL, '329678', '2016-05-13', '2016-05-18', '2016-05-18', 9, 4, 5, 5, 8, 2, '2016-05-21 12:57:29', 2, 4, NULL, NULL, NULL),
(9, 3, '2016-05-13 10:11:17', '16/RTR-SLS/V/2', '2', 3, NULL, '329678', '2016-05-13', '2016-05-18', '2016-05-18', 9, 4, 5, 5, 8, 2, '2016-05-21 13:29:08', 2, 5, NULL, NULL, NULL),
(10, 3, '2016-05-13 10:11:17', '16/RTR-SLS/V/2', '2', 3, NULL, '3296781', '2016-05-13', '2016-05-18', '2016-05-18', 9, 4, 5, 5, 4, 2, '2016-05-21 13:29:16', 2, 6, NULL, NULL, NULL),
(11, 3, '2016-05-13 10:11:17', '16/RTR-SLS/V/2', '2', 3, NULL, '32967812', '2016-05-13', '2016-05-18', '2016-05-18', 9, 4, 5, 5, 4, 2, '2016-05-21 13:33:20', 2, 7, 1, NULL, NULL),
(12, 3, '2016-05-13 10:11:17', '16/RTR-SLS/V/2', '2', 3, NULL, '32967812', '2016-05-13', '2016-05-18', '2016-05-18', 9, 4, 5, 5, 4, 2, '2016-05-21 13:34:19', 2, 1, NULL, NULL, NULL),
(13, 3, '2016-05-13 10:11:17', '16/RTR-SLS/V/2', '2', 3, NULL, '32967812', '2016-05-13', '2016-05-18', '2016-05-18', 9, 4, 5, 5, 4, 2, '2016-05-21 13:35:27', 2, 1, 1, NULL, NULL),
(14, 3, '2016-05-13 10:11:17', '16/RTR-SLS/V/2', '2', 3, NULL, '32967812', '2016-05-13', '2016-05-18', '2016-05-18', 9, 4, 5, 5, 4, 2, '2016-05-21 13:35:47', 2, 1, NULL, NULL, NULL),
(15, 3, '2016-05-13 10:11:17', '16/RTR-SLS/V/2', '2', 3, NULL, '32967812', '2016-05-13', '2016-05-18', '2016-05-18', 9, 4, 5, 5, 4, 2, '2016-05-21 13:35:58', 2, 1, NULL, NULL, NULL),
(16, 3, '2016-05-13 10:11:17', '16/RTR-SLS/V/2', '2', 3, NULL, '329678121', '2016-05-13', '2016-05-18', '2016-05-18', 9, 4, 5, 5, 4, 2, '2016-05-21 13:36:46', 2, 2, 1, NULL, NULL),
(17, 3, '2016-05-13 10:11:17', '16/RTR-SLS/V/2', '2', 3, NULL, '329678121', '2016-05-13', '2016-05-18', '2016-05-18', 9, 4, 5, 5, 4, 2, '2016-05-21 13:36:56', 2, 3, NULL, NULL, NULL),
(18, 3, '2016-05-13 10:11:17', '16/RTR-SLS/V/2', '2', 3, NULL, '329678121', '2016-05-13', '2016-05-18', '2016-05-18', 9, 4, 5, 5, 4, 2, '2016-05-23 15:03:33', 2, 3, NULL, NULL, NULL),
(19, 3, '2016-05-13 10:11:17', '16/RTR-SLS/V/2', '2', 3, NULL, '329678121', '2016-05-13', '2016-05-18', '2016-05-18', 9, 4, 5, 5, 4, 2, '2016-05-23 15:03:37', 2, 3, NULL, NULL, NULL),
(20, 3, '2016-05-13 10:11:17', '16/RTR-SLS/V/2', '2', 3, NULL, '329678121', '2016-05-13', '2016-05-18', '2016-05-18', 9, 4, 5, 5, 4, 2, '2016-05-23 15:04:30', 3, 3, NULL, NULL, NULL),
(21, 3, '2016-05-13 10:11:17', '16/RTR-SLS/V/2', '2', 3, NULL, '329678121', '2016-05-13', '2016-05-19', '2016-05-18', 9, 4, 5, 5, 4, 3, '2016-05-23 15:04:30', 3, 3, NULL, NULL, NULL);

-- --------------------------------------------------------

--
-- Struktur dari tabel `kps_retur_barang_bukti_pesan`
--

CREATE TABLE `kps_retur_barang_bukti_pesan` (
  `KPS_RETUR_BUKTIPESAN_ID` int(11) NOT NULL,
  `KPS_RETUR_BARANG_ID_BUKTIPESAN_RETUR` int(11) NOT NULL,
  `KPS_BUKTI_PESANAN_ID_BUKTIPESAN_RETUR` int(11) NOT NULL,
  `NOTE_buktipesan_retur` mediumtext
) ENGINE=InnoDB DEFAULT CHARSET=latin1;

--
-- Dumping data untuk tabel `kps_retur_barang_bukti_pesan`
--

INSERT INTO `kps_retur_barang_bukti_pesan` (`KPS_RETUR_BUKTIPESAN_ID`, `KPS_RETUR_BARANG_ID_BUKTIPESAN_RETUR`, `KPS_BUKTI_PESANAN_ID_BUKTIPESAN_RETUR`, `NOTE_buktipesan_retur`) VALUES
(3, 2, 1, 'oke'),
(4, 2, 2, ''),
(5, 7, 12, 'oke'),
(6, 7, 14, 'sip'),
(7, 9, 6, '');

-- --------------------------------------------------------

--
-- Struktur dari tabel `kps_retur_barang_detail`
--

CREATE TABLE `kps_retur_barang_detail` (
  `KPS_RETUR_BARANG_DETAIL_ID` int(255) NOT NULL,
  `KPS_RETUR_BARANG_ID_DET` int(255) NOT NULL DEFAULT '0',
  `KPS_LOI_ID_RETUR` int(255) NOT NULL DEFAULT '0',
  `QTY_RTR` int(100) NOT NULL DEFAULT '0',
  `REASON` varchar(100) NOT NULL DEFAULT '',
  `KPS_MADE_BY_RETUR_DETAIL` int(11) DEFAULT NULL
) ENGINE=InnoDB DEFAULT CHARSET=latin1;

--
-- Dumping data untuk tabel `kps_retur_barang_detail`
--

INSERT INTO `kps_retur_barang_detail` (`KPS_RETUR_BARANG_DETAIL_ID`, `KPS_RETUR_BARANG_ID_DET`, `KPS_LOI_ID_RETUR`, `QTY_RTR`, `REASON`, `KPS_MADE_BY_RETUR_DETAIL`) VALUES
(4, 1, 2, 33, '33', 2),
(5, 0, 2, 334, '33', 2),
(6, 1, 2, 334, '44', 2),
(7, 2, 1, 500, 'rusakX2', 2),
(8, 3, 1, 456, 'blooming', 2),
(9, 3, 2, 68, 'white spot', 2),
(10, 3, 3, 70, 'Length over', NULL),
(11, 5, 5, 700, 'over length', NULL),
(12, 9, 1, 3500, 'Tidak ada marking', NULL);

--
-- Trigger `kps_retur_barang_detail`
--
DELIMITER $$
CREATE TRIGGER `BEFORE_delte` BEFORE DELETE ON `kps_retur_barang_detail` FOR EACH ROW INSERT INTO kps_retur_barang_detail_ (
  `KPS_RETUR_BARANG_DETAIL_ID`, `KPS_RETUR_BARANG_ID_DET`, `KPS_LOI_ID_RETUR`, `QTY_RTR`, `REASON`, `KPS_RETUR_BARANG_DETAIL_UPDATE_BY`, `KPS_RETUR_DETAIL_STATUS_DELETE`
)
VALUE (
  OLD.`KPS_RETUR_BARANG_DETAIL_ID`, OLD.`KPS_RETUR_BARANG_ID_DET`, OLD.`KPS_LOI_ID_RETUR`, OLD.`QTY_RTR`, OLD.`REASON`, OLD.`KPS_MADE_BY_RETUR_DETAIL`, 2 )
$$
DELIMITER ;
DELIMITER $$
CREATE TRIGGER `RETUR_DET_update_record` BEFORE UPDATE ON `kps_retur_barang_detail` FOR EACH ROW INSERT INTO kps_retur_barang_detail_ (
  `KPS_RETUR_BARANG_DETAIL_ID`, `KPS_RETUR_BARANG_ID_DET`, `KPS_LOI_ID_RETUR`, `QTY_RTR`, `REASON`, `KPS_RETUR_BARANG_DETAIL_UPDATE_BY`, `KPS_RETUR_DETAIL_STATUS_DELETE`
)
VALUE (
  OLD.`KPS_RETUR_BARANG_DETAIL_ID`, OLD.`KPS_RETUR_BARANG_ID_DET`, OLD.`KPS_LOI_ID_RETUR`, OLD.`QTY_RTR`, OLD.`REASON`, NEW.`KPS_MADE_BY_RETUR_DETAIL`, 1 )
$$
DELIMITER ;

-- --------------------------------------------------------

--
-- Struktur dari tabel `kps_retur_barang_detail_`
--

CREATE TABLE `kps_retur_barang_detail_` (
  `ID_RETUR_BARANG_DETAIL_` int(11) NOT NULL,
  `KPS_RETUR_BARANG_DETAIL_ID` int(255) NOT NULL,
  `KPS_RETUR_BARANG_ID_DET` int(255) NOT NULL,
  `KPS_LOI_ID_RETUR` int(255) NOT NULL,
  `QTY_RTR` int(100) NOT NULL,
  `REASON` varchar(100) NOT NULL,
  `UPDATE_TIME` datetime NOT NULL DEFAULT CURRENT_TIMESTAMP,
  `KPS_RETUR_BARANG_DETAIL_UPDATE_BY` int(11) NOT NULL,
  `KPS_RETUR_DETAIL_STATUS_DELETE` tinyint(4) NOT NULL
) ENGINE=InnoDB DEFAULT CHARSET=latin1;

--
-- Dumping data untuk tabel `kps_retur_barang_detail_`
--

INSERT INTO `kps_retur_barang_detail_` (`ID_RETUR_BARANG_DETAIL_`, `KPS_RETUR_BARANG_DETAIL_ID`, `KPS_RETUR_BARANG_ID_DET`, `KPS_LOI_ID_RETUR`, `QTY_RTR`, `REASON`, `UPDATE_TIME`, `KPS_RETUR_BARANG_DETAIL_UPDATE_BY`, `KPS_RETUR_DETAIL_STATUS_DELETE`) VALUES
(1, 7, 2, 1, 500, 'rusak', '2016-05-03 20:59:01', 0, 0),
(2, 9, 3, 2, 59, 'white spot', '2016-05-21 12:39:21', 2, 0),
(3, 9, 3, 2, 60, 'white spot', '2016-05-21 12:42:10', 2, 0),
(4, 10, 3, 0, 12, '222', '2016-05-21 12:55:30', 2, 1),
(5, 10, 3, 0, 12, '222', '2016-05-21 12:55:57', 2, 1),
(6, 10, 3, 0, 12, '222', '2016-05-21 12:57:01', 2, 1),
(7, 10, 3, 0, 12, '222', '2016-05-21 12:57:29', 2, 2),
(8, 9, 3, 2, 68, 'white spot', '2016-05-22 11:46:32', 2, 1),
(9, 9, 3, 2, 68, 'white spot2', '2016-05-22 11:47:19', 2, 1),
(10, 8, 3, 1, 456, 'blooming', '2016-05-22 11:48:20', 2, 1),
(11, 7, 2, 1, 500, 'rusakX', '2016-05-22 11:48:22', 2, 1),
(12, 6, 1, 2, 334, '44', '2016-05-22 11:48:25', 2, 1),
(13, 5, 0, 2, 334, '33', '2016-05-22 11:48:26', 2, 1),
(14, 4, 1, 2, 33, '33', '2016-05-22 11:48:29', 2, 1),
(15, 7, 2, 1, 500, 'rusakX', '2016-05-22 11:48:33', 2, 1);

-- --------------------------------------------------------

--
-- Struktur dari tabel `kps_retur_product`
--

CREATE TABLE `kps_retur_product` (
  `KPS_RETUR_PRODUCT_ID` int(255) NOT NULL,
  `NO` varchar(100) NOT NULL,
  `REV_NO` varchar(100) NOT NULL,
  `NO_RETUR_FROM_CUSTOMER` varchar(100) NOT NULL,
  `DATE` date NOT NULL,
  `KPS_CUSTOMER_LIST_ID` int(255) NOT NULL,
  `DATE_RETUR_CUSTOMER` date NOT NULL,
  `PPIC_DUE_DATE` date NOT NULL,
  `CUSTOMER_DUE_DATE` date NOT NULL,
  `DO_NO` date NOT NULL,
  `CHECKED_SALES` varchar(100) NOT NULL,
  `CHECKED_QC` varchar(100) NOT NULL,
  `KNOWED` varchar(100) NOT NULL,
  `APPROVED` varchar(100) NOT NULL
) ENGINE=InnoDB DEFAULT CHARSET=latin1;

-- --------------------------------------------------------

--
-- Struktur dari tabel `kps_retur_product_detail`
--

CREATE TABLE `kps_retur_product_detail` (
  `KPS_RETUR_PRODUCT_DETAIL_ID` int(255) NOT NULL,
  `KPS_RETUR_PRODUCT_ID` int(255) NOT NULL,
  `KPS_ITEM_MASTER_ID` int(255) NOT NULL,
  `QTY` int(100) NOT NULL,
  `UNIT` varchar(20) NOT NULL,
  `REASON` varchar(100) NOT NULL
) ENGINE=InnoDB DEFAULT CHARSET=latin1;

-- --------------------------------------------------------

--
-- Struktur dari tabel `kps_rfq`
--

CREATE TABLE `kps_rfq` (
  `KPS_RFQ_ID` int(255) NOT NULL,
  `DATE_RFQ` datetime NOT NULL DEFAULT CURRENT_TIMESTAMP,
  `RFQ_REV_NO` int(50) DEFAULT NULL,
  `NO_RFQ` varchar(100) DEFAULT NULL,
  `RECEIVING_RFQ_DATE` date NOT NULL DEFAULT '0000-00-00',
  `KPS_CUSTOMER_ID_RFQ` int(255) NOT NULL DEFAULT '0',
  `KPS_CUSTOMER_DIVISI_ID_RFQ` int(11) DEFAULT NULL,
  `RFQ_CUSTOMER_DATE` date NOT NULL DEFAULT '0000-00-00',
  `RFQ_CUSTOMER_NO` varchar(100) NOT NULL DEFAULT '',
  `DUE_DATE_QUOTATION` date NOT NULL DEFAULT '0000-00-00',
  `ESTIMATION_LOI_DATE` date NOT NULL DEFAULT '0000-00-00',
  `RFQ_CUSTOMER_RESPOND` int(11) NOT NULL DEFAULT '0',
  `RFQ_PART_NO` varchar(60) DEFAULT NULL,
  `RFQ_PART_NAME` varchar(60) DEFAULT NULL,
  `RFQ_ITEM_QTY` int(11) DEFAULT NULL,
  `RFQ_ITEM_UNIT` varchar(30) DEFAULT NULL,
  `TARGET_PRICE` varchar(100) DEFAULT NULL,
  `TOOLING_COST_RFQ` varchar(50) DEFAULT NULL,
  `PART_STATUS` varchar(50) DEFAULT NULL,
  `MADE_BY_RFQ` varchar(100) DEFAULT NULL,
  `CHECKED_RFQ` varchar(100) DEFAULT NULL,
  `APPROVED_RFQ` varchar(100) DEFAULT NULL,
  `employee_checked_by` int(11) DEFAULT NULL,
  `employee_approved_by` int(11) DEFAULT NULL,
  `user_made_by_id_rfq` int(11) NOT NULL DEFAULT '0',
  `rfq_status` int(11) DEFAULT '0',
  `status_rfq` int(11) NOT NULL DEFAULT '0',
  `revisi_no_rfq` int(11) NOT NULL DEFAULT '0',
  `DEL_RFQ` int(11) NOT NULL DEFAULT '0'
) ENGINE=InnoDB DEFAULT CHARSET=latin1;

--
-- Dumping data untuk tabel `kps_rfq`
--

INSERT INTO `kps_rfq` (`KPS_RFQ_ID`, `DATE_RFQ`, `RFQ_REV_NO`, `NO_RFQ`, `RECEIVING_RFQ_DATE`, `KPS_CUSTOMER_ID_RFQ`, `KPS_CUSTOMER_DIVISI_ID_RFQ`, `RFQ_CUSTOMER_DATE`, `RFQ_CUSTOMER_NO`, `DUE_DATE_QUOTATION`, `ESTIMATION_LOI_DATE`, `RFQ_CUSTOMER_RESPOND`, `RFQ_PART_NO`, `RFQ_PART_NAME`, `RFQ_ITEM_QTY`, `RFQ_ITEM_UNIT`, `TARGET_PRICE`, `TOOLING_COST_RFQ`, `PART_STATUS`, `MADE_BY_RFQ`, `CHECKED_RFQ`, `APPROVED_RFQ`, `employee_checked_by`, `employee_approved_by`, `user_made_by_id_rfq`, `rfq_status`, `status_rfq`, `revisi_no_rfq`, `DEL_RFQ`) VALUES
(1, '2016-02-25 09:57:51', 1, '16/RFQ-SLS/II/1', '2016-02-01', 1, NULL, '2016-02-02', 'RFQDariSerlokXX', '2016-02-29', '2016-03-01', 0, NULL, NULL, NULL, NULL, '700', 'Depreciation', '1', '', NULL, NULL, 1, 2, 1, 0, 0, 14, 0),
(2, '2016-02-26 15:19:30', 2, '16/RFQ-SLS/II/2', '2016-02-29', 1, NULL, '2016-02-24', 'RFQCUSTOMERKPSXX', '2016-02-29', '2016-03-02', 0, NULL, NULL, NULL, NULL, '700', 'Depreciation', '1', '', NULL, NULL, 1, 3, 1, 0, 0, 5, 0),
(3, '2016-02-28 11:13:28', 3, '16/RFQ-SLS/II/3', '2016-03-01', 1, NULL, '2016-03-01', '12345XX', '2016-03-02', '2016-03-03', 0, NULL, NULL, NULL, NULL, '900', 'Depreciation', '1', '', NULL, NULL, 1, 1, 1, 0, 0, 5, 0),
(4, '2016-03-28 14:21:12', 4, '16/RFQ-SLS/III/4', '2016-03-28', 3, NULL, '2016-03-31', '16-RFQ-HI-1', '2016-03-31', '2016-05-20', 0, NULL, NULL, NULL, NULL, '800', 'Depreciation', 'New Project', '', NULL, NULL, 5, 3, 11, 0, 0, 12, 0),
(5, '2016-03-29 12:09:19', 5, '16/RFQ-SLS/III/5', '2016-03-29', 4, NULL, '2016-03-29', 'RFQNUMBERASTRA01', '2016-04-03', '2016-04-30', 0, NULL, NULL, NULL, NULL, '897', 'Depreciation', '1', '', NULL, NULL, 1, 1, 11, 0, 1, 4, 0),
(6, '2016-04-14 15:42:24', 6, '16/RFQ-SLS/IV/6', '2016-04-14', 5, NULL, '2016-04-14', '16/AMFG/04/01', '2016-04-17', '2016-04-18', 0, NULL, NULL, NULL, NULL, '1000', 'Depreciation', '1', '', NULL, NULL, 4, 4, 3, 0, 1, 2, 0),
(7, '2016-05-12 10:48:31', 7, '16/RFQ-SLS/V/7', '2016-05-12', 6, NULL, '2016-05-12', 'HAKKR29832', '2016-05-12', '2016-05-12', 0, NULL, NULL, NULL, NULL, '7000', 'Depreciation', '1', '', NULL, NULL, 1, 4, 3, 0, 1, 0, 0),
(8, '2016-05-13 10:25:10', 8, '16/RFQ-SLS/V/8', '2016-05-13', 7, NULL, '2016-05-13', '16/RFQ-SLS/05/54', '2016-05-19', '2016-05-19', 0, NULL, NULL, NULL, NULL, '1500', 'Depreciation', 'New Project', '', NULL, NULL, 4, 4, 12, 0, 0, 1, 0),
(9, '2016-06-01 11:04:23', 9, '16/RFQ-SLS/VI/9', '2016-06-15', 8, NULL, '2016-06-16', 'RFQ no cutomer 23294823', '2016-06-08', '2016-06-03', 0, NULL, NULL, NULL, NULL, '800', 'Depreciation', '2', '', NULL, NULL, 2, 3, 2, 0, 0, 0, 1),
(10, '2016-06-01 11:07:37', 10, '16/RFQ-SLS/VI/10', '2016-06-01', 8, NULL, '2016-05-30', '12345', '0000-00-00', '0000-00-00', 0, NULL, NULL, NULL, NULL, '', NULL, NULL, '', NULL, NULL, 0, 0, 11, 0, 0, 0, 1),
(11, '2016-06-01 11:10:34', 11, '16/RFQ-SLS/VI/11', '2016-06-01', 8, NULL, '2016-05-30', '12345', '0000-00-00', '0000-00-00', 0, NULL, NULL, NULL, NULL, '', NULL, NULL, '', NULL, NULL, 0, 0, 11, 0, 0, 0, 1),
(12, '2016-06-01 11:11:29', 12, '16/RFQ-SLS/VI/12', '2016-06-01', 8, NULL, '2016-05-30', '12345', '0000-00-00', '0000-00-00', 0, NULL, NULL, NULL, NULL, '', NULL, NULL, '', NULL, NULL, 0, 0, 11, 0, 0, 0, 1),
(13, '2016-06-01 11:11:58', 13, '16/RFQ-SLS/VI/13', '2016-06-01', 8, NULL, '2016-05-30', '', '0000-00-00', '0000-00-00', 0, NULL, NULL, NULL, NULL, '', NULL, NULL, '', NULL, NULL, 0, 0, 11, 0, 0, 0, 1),
(14, '2016-06-01 11:14:28', 14, '16/RFQ-SLS/VI/14', '2016-06-01', 8, NULL, '2016-05-30', '12345', '2016-06-10', '2016-06-10', 0, NULL, NULL, NULL, NULL, '900', 'Depreciation', '1', '', NULL, NULL, 2, 5, 11, 0, 0, 0, 1),
(15, '2016-06-01 11:20:43', 15, '16/RFQ-SLS/VI/15', '2016-06-01', 8, NULL, '2016-05-30', '12345', '2016-06-10', '2016-06-10', 0, NULL, NULL, NULL, NULL, '800', 'Depreciation', '1', '', NULL, NULL, 2, 4, 11, 0, 0, 0, 0),
(16, '2016-06-01 11:37:38', 16, '16/RFQ-SLS/VI/16', '2016-06-01', 9, NULL, '2016-05-30', '12345', '2016-06-10', '2016-06-10', 0, NULL, NULL, NULL, NULL, '900', 'Depreciation', '1', '', NULL, NULL, 2, 4, 11, 0, 0, 0, 1),
(17, '2016-06-01 13:40:27', 17, '16/RFQ-SLS/VI/17', '2016-06-01', 9, NULL, '2016-05-30', '556', '2016-06-10', '2016-06-10', 0, NULL, NULL, NULL, NULL, '700', 'Depreciation', '1', '', NULL, NULL, 0, 0, 11, 0, 0, 0, 1),
(18, '2016-06-01 13:44:49', 18, '16/RFQ-SLS/VI/18', '2016-06-01', 9, NULL, '2016-05-30', '557', '2016-06-10', '2016-06-10', 0, NULL, NULL, NULL, NULL, '800', 'Depreciation', '1', '', NULL, NULL, 0, 0, 11, 0, 0, 0, 1),
(19, '2016-06-01 13:48:49', 19, '16/RFQ-SLS/VI/19', '2016-06-01', 9, NULL, '2016-05-30', '555', '2016-06-10', '2016-06-10', 0, NULL, NULL, NULL, NULL, '500', 'Depreciation', '1', '', NULL, NULL, 0, 0, 11, 0, 0, 0, 0),
(20, '2016-06-01 13:51:23', 20, '16/RFQ-SLS/VI/20', '2016-06-01', 9, NULL, '2016-05-30', '555', '2016-06-10', '2016-06-10', 0, NULL, NULL, NULL, NULL, '600', 'Depreciation', '1', '', NULL, NULL, 0, 0, 11, 0, 0, 0, 0),
(21, '2016-06-01 13:53:23', 21, '16/RFQ-SLS/VI/21', '2016-06-01', 9, NULL, '2016-05-30', '555', '2016-06-10', '2016-06-10', 0, NULL, NULL, NULL, NULL, '500', 'Depreciation', '1', '', NULL, NULL, 0, 0, 11, 0, 0, 0, 0),
(22, '2016-06-01 13:55:50', 22, '16/RFQ-SLS/VI/22', '2016-06-01', 9, NULL, '2016-05-30', '555', '2016-06-10', '2016-06-10', 0, NULL, NULL, NULL, NULL, '700', 'Depreciation', '1', '', NULL, NULL, 0, 0, 11, 0, 0, 0, 0),
(23, '2016-06-01 13:58:36', 23, '16/RFQ-SLS/VI/23', '2016-06-01', 9, NULL, '2016-05-30', '555', '2016-06-10', '2016-06-10', 0, NULL, NULL, NULL, NULL, '600', 'Depreciation', 'New Project', '', NULL, NULL, 0, 0, 11, 0, 0, 0, 0),
(24, '2016-06-01 14:00:28', 24, '16/RFQ-SLS/VI/24', '2016-06-01', 9, NULL, '2016-05-30', '555', '2016-06-10', '2016-06-10', 0, NULL, NULL, NULL, NULL, '400', 'Depreciation', '1', '', NULL, NULL, 0, 0, 11, 0, 0, 0, 0),
(25, '2016-06-01 14:02:19', 25, '16/RFQ-SLS/VI/25', '2016-06-01', 9, NULL, '2016-05-30', '555', '2016-06-10', '2016-06-10', 0, NULL, NULL, NULL, NULL, '300', 'Depreciation', '1', '', NULL, NULL, 0, 0, 11, 0, 0, 0, 0),
(26, '2016-06-01 14:04:21', 26, '16/RFQ-SLS/VI/26', '2016-06-01', 9, NULL, '2016-05-30', '555', '2016-06-10', '2016-06-10', 0, NULL, NULL, NULL, NULL, '200', 'Depreciation', '1', '', NULL, NULL, 0, 0, 11, 0, 0, 0, 0),
(27, '2016-06-01 14:06:25', 27, '16/RFQ-SLS/VI/27', '2016-06-01', 9, NULL, '2016-05-30', '555', '2016-06-10', '2016-06-10', 0, NULL, NULL, NULL, NULL, '100', 'Depreciation', '1', '', NULL, NULL, 0, 0, 11, 0, 0, 0, 0),
(28, '2016-06-01 14:08:37', 28, '16/RFQ-SLS/VI/28', '2016-06-01', 9, NULL, '2016-05-30', '555', '2016-06-10', '2016-06-10', 0, NULL, NULL, NULL, NULL, '200', 'Depreciation', '1', '', NULL, NULL, 0, 0, 11, 0, 0, 1, 0),
(29, '2016-06-01 14:10:26', 29, '16/RFQ-SLS/VI/29', '2016-06-01', 9, NULL, '2016-05-30', '555', '2016-06-10', '2016-06-10', 0, NULL, NULL, NULL, NULL, '500', 'Depreciation', '1', '', NULL, NULL, 0, 0, 11, 0, 0, 0, 0),
(30, '2016-06-01 14:12:05', 30, '16/RFQ-SLS/VI/30', '2016-06-01', 9, NULL, '2016-05-30', '555', '2016-06-10', '2016-06-10', 0, NULL, NULL, NULL, NULL, '5692', 'Depreciation', '1', '', NULL, NULL, 0, 0, 11, 0, 0, 0, 0),
(31, '2016-06-01 15:38:53', 31, '16/RFQ-SLS/VI/31', '2016-06-01', 9, NULL, '2016-05-30', '556', '2016-06-10', '2016-06-10', 0, NULL, NULL, NULL, NULL, '500', 'Depreciation', '1', '', NULL, NULL, 0, 0, 11, 0, 0, 0, 0);

--
-- Trigger `kps_rfq`
--
DELIMITER $$
CREATE TRIGGER `RFQ_update_record` BEFORE UPDATE ON `kps_rfq` FOR EACH ROW INSERT INTO kps_rfq_ (
 `KPS_RFQ_ID`, `DATE_RFQ`, `RFQ_REV_NO`, `NO_RFQ`, `RECEIVING_RFQ_DATE`, `KPS_CUSTOMER_ID_RFQ`, `KPS_CUSTOMER_DIVISI_ID_RFQ`, `RFQ_CUSTOMER_DATE`, `RFQ_CUSTOMER_NO`, `DUE_DATE_QUOTATION`, `ESTIMATION_LOI_DATE`, `RFQ_CUSTOMER_RESPOND`, `RFQ_PART_NO`, `RFQ_PART_NAME`, `RFQ_ITEM_QTY`, `RFQ_ITEM_UNIT`, `TARGET_PRICE`, `TOOLING_COST_RFQ`, `PART_STATUS`, `MADE_BY_RFQ`, `CHECKED_RFQ`, `APPROVED_RFQ`, `employee_checked_by`, `employee_approved_by`, `user_made_by_id_rfq`, `rfq_status`, `status_rfq`, `revisi_no_rfq`, `UPDATE_BY_RFQ`
)
VALUE (
  OLD.`KPS_RFQ_ID`, OLD.`DATE_RFQ`, OLD.`RFQ_REV_NO`, OLD.`NO_RFQ`, OLD.`RECEIVING_RFQ_DATE`, OLD.`KPS_CUSTOMER_ID_RFQ`, OLD.`KPS_CUSTOMER_DIVISI_ID_RFQ`, OLD.`RFQ_CUSTOMER_DATE`, OLD.`RFQ_CUSTOMER_NO`, OLD.`DUE_DATE_QUOTATION`, OLD.`ESTIMATION_LOI_DATE`, OLD.`RFQ_CUSTOMER_RESPOND`, OLD.`RFQ_PART_NO`, OLD.`RFQ_PART_NAME`, OLD.`RFQ_ITEM_QTY`, OLD.`RFQ_ITEM_UNIT`, OLD.`TARGET_PRICE`, OLD.`TOOLING_COST_RFQ`, OLD.`PART_STATUS`, OLD.`MADE_BY_RFQ`, OLD.`CHECKED_RFQ`, OLD.`APPROVED_RFQ`, OLD.`employee_checked_by`, OLD.`employee_approved_by`, OLD.`user_made_by_id_rfq`, OLD.`rfq_status`, OLD.`status_rfq`, OLD.`revisi_no_rfq`, NEW.`user_made_by_id_rfq` )
$$
DELIMITER ;

-- --------------------------------------------------------

--
-- Struktur dari tabel `kps_rfq_`
--

CREATE TABLE `kps_rfq_` (
  `KPS_RFQ_ID` int(255) NOT NULL,
  `DATE_RFQ` datetime NOT NULL DEFAULT CURRENT_TIMESTAMP,
  `RFQ_REV_NO` int(50) DEFAULT NULL,
  `NO_RFQ` varchar(100) DEFAULT NULL,
  `RECEIVING_RFQ_DATE` date NOT NULL DEFAULT '0000-00-00',
  `KPS_CUSTOMER_ID_RFQ` int(255) NOT NULL DEFAULT '0',
  `KPS_CUSTOMER_DIVISI_ID_RFQ` int(11) DEFAULT NULL,
  `RFQ_CUSTOMER_DATE` date NOT NULL DEFAULT '0000-00-00',
  `RFQ_CUSTOMER_NO` varchar(100) NOT NULL DEFAULT '',
  `DUE_DATE_QUOTATION` date NOT NULL DEFAULT '0000-00-00',
  `ESTIMATION_LOI_DATE` date NOT NULL DEFAULT '0000-00-00',
  `RFQ_CUSTOMER_RESPOND` int(11) NOT NULL DEFAULT '0',
  `RFQ_PART_NO` varchar(60) DEFAULT NULL,
  `RFQ_PART_NAME` varchar(60) DEFAULT NULL,
  `RFQ_ITEM_QTY` int(11) DEFAULT NULL,
  `RFQ_ITEM_UNIT` varchar(30) DEFAULT NULL,
  `TARGET_PRICE` varchar(100) DEFAULT NULL,
  `TOOLING_COST_RFQ` varchar(50) DEFAULT NULL,
  `PART_STATUS` varchar(50) DEFAULT NULL,
  `MADE_BY_RFQ` varchar(100) DEFAULT NULL,
  `CHECKED_RFQ` varchar(100) DEFAULT NULL,
  `APPROVED_RFQ` varchar(100) DEFAULT NULL,
  `employee_checked_by` int(11) DEFAULT NULL,
  `employee_approved_by` int(11) DEFAULT NULL,
  `user_made_by_id_rfq` int(11) NOT NULL DEFAULT '0',
  `rfq_status` int(11) DEFAULT '0',
  `status_rfq` int(11) NOT NULL DEFAULT '0',
  `revisi_no_rfq` int(11) NOT NULL DEFAULT '0',
  `ID` int(11) NOT NULL,
  `UPDATE_TIME` datetime NOT NULL DEFAULT CURRENT_TIMESTAMP,
  `UPDATE_BY_RFQ` int(11) NOT NULL
) ENGINE=InnoDB DEFAULT CHARSET=latin1;

--
-- Dumping data untuk tabel `kps_rfq_`
--

INSERT INTO `kps_rfq_` (`KPS_RFQ_ID`, `DATE_RFQ`, `RFQ_REV_NO`, `NO_RFQ`, `RECEIVING_RFQ_DATE`, `KPS_CUSTOMER_ID_RFQ`, `KPS_CUSTOMER_DIVISI_ID_RFQ`, `RFQ_CUSTOMER_DATE`, `RFQ_CUSTOMER_NO`, `DUE_DATE_QUOTATION`, `ESTIMATION_LOI_DATE`, `RFQ_CUSTOMER_RESPOND`, `RFQ_PART_NO`, `RFQ_PART_NAME`, `RFQ_ITEM_QTY`, `RFQ_ITEM_UNIT`, `TARGET_PRICE`, `TOOLING_COST_RFQ`, `PART_STATUS`, `MADE_BY_RFQ`, `CHECKED_RFQ`, `APPROVED_RFQ`, `employee_checked_by`, `employee_approved_by`, `user_made_by_id_rfq`, `rfq_status`, `status_rfq`, `revisi_no_rfq`, `ID`, `UPDATE_TIME`, `UPDATE_BY_RFQ`) VALUES
(6, '2016-04-14 15:42:24', 6, '16/RFQ-SLS/IV/6', '2016-04-14', 5, NULL, '2016-04-14', '16/AMFG/04/01', '2016-04-17', '2016-04-18', 0, NULL, NULL, NULL, NULL, '1000', 'Depreciation', '1', '', NULL, NULL, 4, 4, 3, 0, 0, 1, 1, '2016-05-03 20:56:24', 3),
(6, '2016-04-14 15:42:24', 6, '16/RFQ-SLS/IV/6', '2016-04-15', 5, NULL, '2016-04-14', '16/AMFG/04/01', '2016-04-17', '2016-04-18', 0, NULL, NULL, NULL, NULL, '1000', 'Depreciation', '1', '', NULL, NULL, 4, 4, 3, 0, 0, 1, 2, '2016-05-03 20:56:33', 3),
(6, '2016-04-14 15:42:24', 6, '16/RFQ-SLS/IV/6', '2016-04-14', 5, NULL, '2016-04-14', '16/AMFG/04/01', '2016-04-17', '2016-04-18', 0, NULL, NULL, NULL, NULL, '1000', 'Depreciation', '1', '', NULL, NULL, 4, 4, 3, 0, 0, 1, 3, '2016-05-03 21:43:41', 3),
(6, '2016-04-14 15:42:24', 6, '16/RFQ-SLS/IV/6', '2016-04-14', 5, NULL, '2016-04-14', '16/AMFG/04/01', '2016-04-17', '2016-04-18', 0, NULL, NULL, NULL, NULL, '1000', 'Depreciation', '1', '', NULL, NULL, 4, 4, 3, 0, 1, 1, 4, '2016-05-03 21:43:46', 3),
(5, '2016-03-29 12:09:19', 5, '16/RFQ-SLS/III/5', '2016-03-29', 4, NULL, '2016-03-29', 'RFQNUMBERASTRA01', '2016-04-03', '2016-04-30', 0, NULL, NULL, NULL, NULL, '700', 'Depreciation', '1', '', NULL, NULL, 1, 1, 3, 0, 0, 1, 5, '2016-05-03 21:48:24', 3),
(5, '2016-03-29 12:09:19', 5, '16/RFQ-SLS/III/5', '2016-03-29', 4, NULL, '2016-03-29', 'RFQNUMBERASTRA01', '2016-04-03', '2016-04-30', 0, NULL, NULL, NULL, NULL, '700', 'Depreciation', '1', '', NULL, NULL, 1, 1, 3, 0, 1, 1, 6, '2016-05-03 21:48:27', 3),
(1, '2016-02-25 09:57:51', 1, '16/RFQ-SLS/II/1', '2016-02-01', 1, NULL, '2016-02-02', 'RFQDariSerlokXX', '2016-02-29', '2016-03-01', 0, NULL, NULL, NULL, NULL, '700', 'Depreciation', '1', '', NULL, NULL, 1, 2, 1, 0, 0, 12, 7, '2016-05-04 11:16:33', 1),
(1, '2016-02-25 09:57:51', 1, '16/RFQ-SLS/II/1', '2016-02-01', 1, NULL, '2016-02-02', 'RFQDariSerlokXX', '2016-02-29', '2016-03-01', 0, NULL, NULL, NULL, NULL, '700', 'Depreciation', '1', '', NULL, NULL, 1, 2, 1, 0, 0, 12, 8, '2016-05-04 11:17:10', 1),
(6, '2016-04-14 15:42:24', 6, '16/RFQ-SLS/IV/6', '2016-04-14', 5, NULL, '2016-04-14', '16/AMFG/04/01', '2016-04-17', '2016-04-18', 0, NULL, NULL, NULL, NULL, '1000', 'Depreciation', '1', '', NULL, NULL, 4, 4, 3, 0, 0, 1, 9, '2016-05-04 12:09:11', 3),
(8, '2016-05-13 10:25:10', 8, '16/RFQ-SLS/V/8', '2016-05-13', 7, NULL, '2016-05-13', '16/RFQ-SLS/05/54', '2016-05-18', '2016-05-18', 0, NULL, NULL, NULL, NULL, '1500', 'Others', 'New Project', '', NULL, NULL, 4, 4, 12, 0, 0, 0, 10, '2016-05-13 10:27:01', 12),
(8, '2016-05-13 10:25:10', 8, '16/RFQ-SLS/V/8', '2016-05-13', 7, NULL, '2016-05-13', '16/RFQ-SLS/05/54', '2016-05-19', '2016-05-19', 0, NULL, NULL, NULL, NULL, '1500', 'Not Depreciation', 'New Project', '', NULL, NULL, 4, 4, 12, 0, 0, 0, 11, '2016-05-13 10:27:02', 12),
(8, '2016-05-13 10:25:10', 8, '16/RFQ-SLS/V/8', '2016-05-13', 7, NULL, '2016-05-13', '16/RFQ-SLS/05/54', '2016-05-19', '2016-05-19', 0, NULL, NULL, NULL, NULL, '1500', 'Not Depreciation', 'New Project', '', NULL, NULL, 4, 4, 12, 0, 0, 1, 12, '2016-05-13 10:33:18', 12),
(8, '2016-05-13 10:25:10', 8, '16/RFQ-SLS/V/8', '2016-05-13', 7, NULL, '2016-05-13', '16/RFQ-SLS/05/54', '2016-05-19', '2016-05-19', 0, NULL, NULL, NULL, NULL, '1500', 'Depreciation', 'New Project', '', NULL, NULL, 4, 4, 12, 0, 0, 1, 13, '2016-05-13 13:51:11', 12),
(8, '2016-05-13 10:25:10', 8, '16/RFQ-SLS/V/8', '2016-05-13', 7, NULL, '2016-05-13', '16/RFQ-SLS/05/54', '2016-05-19', '2016-05-19', 0, NULL, NULL, NULL, NULL, '1500', 'Depreciation', 'New Project', '', NULL, NULL, 4, 4, 12, 0, 1, 1, 14, '2016-05-13 13:51:16', 12),
(8, '2016-05-13 10:25:10', 8, '16/RFQ-SLS/V/8', '2016-05-13', 7, NULL, '2016-05-13', '16/RFQ-SLS/05/54', '2016-05-19', '2016-05-19', 0, NULL, NULL, NULL, NULL, '1500', 'Depreciation', 'New Project', '', NULL, NULL, 4, 4, 12, 0, 0, 1, 15, '2016-05-13 13:55:06', 12),
(8, '2016-05-13 10:25:10', 8, '16/RFQ-SLS/V/8', '2016-05-13', 7, NULL, '2016-05-13', '16/RFQ-SLS/05/54', '2016-05-19', '2016-05-19', 0, NULL, NULL, NULL, NULL, '1500', 'Depreciation', 'New Project', '', NULL, NULL, 4, 4, 12, 0, 1, 1, 16, '2016-05-13 13:55:18', 12),
(8, '2016-05-13 10:25:10', 8, '16/RFQ-SLS/V/8', '2016-05-13', 7, NULL, '2016-05-13', '16/RFQ-SLS/05/54', '2016-05-19', '2016-05-19', 0, NULL, NULL, NULL, NULL, '1500', 'Depreciation', 'New Project', '', NULL, NULL, 4, 4, 12, 0, 0, 1, 17, '2016-05-14 06:36:12', 12),
(8, '2016-05-13 10:25:10', 8, '16/RFQ-SLS/V/8', '2016-05-13', 7, NULL, '2016-05-13', '16/RFQ-SLS/05/54', '2016-05-19', '2016-05-19', 0, NULL, NULL, NULL, NULL, '1500', 'Depreciation', 'New Project', '', NULL, NULL, 4, 4, 12, 0, 1, 1, 18, '2016-05-14 06:46:35', 12),
(8, '2016-05-13 10:25:10', 8, '16/RFQ-SLS/V/8', '2016-05-13', 7, NULL, '2016-05-13', '16/RFQ-SLS/05/54', '2016-05-19', '2016-05-19', 0, NULL, NULL, NULL, NULL, '1500', 'Depreciation', 'New Project', '', NULL, NULL, 4, 4, 12, 0, 0, 1, 19, '2016-05-14 06:46:39', 12),
(7, '2016-05-12 10:48:31', 7, '16/RFQ-SLS/V/7', '2016-05-12', 6, NULL, '2016-05-12', 'HAKKR29832', '2016-05-12', '2016-05-12', 0, NULL, NULL, NULL, NULL, '7000', 'Depreciation', '1', '', NULL, NULL, 1, 4, 3, 0, 0, 0, 20, '2016-05-14 06:56:33', 3),
(6, '2016-04-14 15:42:24', 6, '16/RFQ-SLS/IV/6', '2016-04-14', 5, NULL, '2016-04-14', '16/AMFG/04/01', '2016-04-17', '2016-04-18', 0, NULL, NULL, NULL, NULL, '1000', 'Depreciation', '1', '', NULL, NULL, 4, 4, 3, 0, 0, 2, 21, '2016-05-16 13:21:45', 3),
(5, '2016-03-29 12:09:19', 5, '16/RFQ-SLS/III/5', '2016-03-29', 4, NULL, '2016-03-29', 'RFQNUMBERASTRA01', '2016-04-03', '2016-04-30', 0, NULL, NULL, NULL, NULL, '700', 'Depreciation', '1', '', NULL, NULL, 1, 1, 3, 0, 0, 1, 22, '2016-05-16 13:22:30', 3),
(5, '2016-03-29 12:09:19', 5, '16/RFQ-SLS/III/5', '2016-03-29', 4, NULL, '2016-03-29', 'RFQNUMBERASTRA01', '2016-04-03', '2016-04-30', 0, NULL, NULL, NULL, NULL, '899', 'Depreciation', '1', '', NULL, NULL, 1, 1, 3, 0, 0, 1, 23, '2016-05-16 13:22:31', 3),
(5, '2016-03-29 12:09:19', 5, '16/RFQ-SLS/III/5', '2016-03-29', 4, NULL, '2016-03-29', 'RFQNUMBERASTRA01', '2016-04-03', '2016-04-30', 0, NULL, NULL, NULL, NULL, '899', 'Depreciation', '1', '', NULL, NULL, 1, 1, 3, 0, 0, 2, 24, '2016-05-16 13:30:48', 11),
(5, '2016-03-29 12:09:19', 5, '16/RFQ-SLS/III/5', '2016-03-29', 4, NULL, '2016-03-29', 'RFQNUMBERASTRA01', '2016-04-03', '2016-04-30', 0, NULL, NULL, NULL, NULL, '898', 'Depreciation', '1', '', NULL, NULL, 1, 1, 11, 0, 0, 2, 25, '2016-05-16 13:30:48', 11),
(5, '2016-03-29 12:09:19', 5, '16/RFQ-SLS/III/5', '2016-03-29', 4, NULL, '2016-03-29', 'RFQNUMBERASTRA01', '2016-04-03', '2016-04-30', 0, NULL, NULL, NULL, NULL, '898', 'Depreciation', '1', '', NULL, NULL, 1, 1, 11, 0, 0, 3, 26, '2016-05-16 13:33:06', 11),
(5, '2016-03-29 12:09:19', 5, '16/RFQ-SLS/III/5', '2016-03-29', 4, NULL, '2016-03-29', 'RFQNUMBERASTRA01', '2016-04-03', '2016-04-30', 0, NULL, NULL, NULL, NULL, '897', 'Depreciation', '1', '', NULL, NULL, 1, 1, 11, 0, 0, 3, 27, '2016-05-16 13:33:06', 11),
(5, '2016-03-29 12:09:19', 5, '16/RFQ-SLS/III/5', '2016-03-29', 4, NULL, '2016-03-29', 'RFQNUMBERASTRA01', '2016-04-03', '2016-04-30', 0, NULL, NULL, NULL, NULL, '897', 'Depreciation', '1', '', NULL, NULL, 1, 1, 11, 0, 0, 4, 28, '2016-05-16 13:34:01', 11),
(4, '2016-03-28 14:21:12', 4, '16/RFQ-SLS/III/4', '2016-03-28', 3, NULL, '2016-03-31', '16-RFQ-HI-1', '2016-03-31', '0000-00-00', 0, NULL, NULL, NULL, NULL, '500', 'Depreciation', 'New Project', '', NULL, NULL, 5, 3, 4, 0, 0, 0, 29, '2016-05-16 13:38:35', 11),
(4, '2016-03-28 14:21:12', 4, '16/RFQ-SLS/III/4', '2016-03-28', 3, NULL, '2016-03-31', '16-RFQ-HI-1', '2016-03-31', '2016-05-20', 0, NULL, NULL, NULL, NULL, '500', 'Depreciation', 'New Project', '', NULL, NULL, 5, 3, 11, 0, 0, 0, 30, '2016-05-16 13:38:35', 11),
(4, '2016-03-28 14:21:12', 4, '16/RFQ-SLS/III/4', '2016-03-28', 3, NULL, '2016-03-31', '16-RFQ-HI-1', '2016-03-31', '2016-05-20', 0, NULL, NULL, NULL, NULL, '500', 'Depreciation', 'New Project', '', NULL, NULL, 5, 3, 11, 0, 0, 1, 31, '2016-05-16 13:38:57', 11),
(4, '2016-03-28 14:21:12', 4, '16/RFQ-SLS/III/4', '2016-03-28', 3, NULL, '2016-03-31', '16-RFQ-HI-1', '2016-03-31', '2016-05-20', 0, NULL, NULL, NULL, NULL, '500', 'Depreciation', 'New Project', '', NULL, NULL, 5, 3, 11, 0, 0, 2, 32, '2016-05-16 13:39:10', 11),
(4, '2016-03-28 14:21:12', 4, '16/RFQ-SLS/III/4', '2016-03-28', 3, NULL, '2016-03-31', '16-RFQ-HI-1', '2016-03-31', '2016-05-20', 0, NULL, NULL, NULL, NULL, '500', 'Depreciation', 'New Project', '', NULL, NULL, 5, 3, 11, 0, 0, 3, 33, '2016-05-16 13:39:24', 11),
(4, '2016-03-28 14:21:12', 4, '16/RFQ-SLS/III/4', '2016-03-28', 3, NULL, '2016-03-31', '16-RFQ-HI-1', '2016-03-31', '2016-05-20', 0, NULL, NULL, NULL, NULL, '500', 'Depreciation', 'New Project', '', NULL, NULL, 5, 3, 11, 0, 0, 4, 34, '2016-05-16 13:54:24', 11),
(4, '2016-03-28 14:21:12', 4, '16/RFQ-SLS/III/4', '2016-03-28', 3, NULL, '2016-03-31', '16-RFQ-HI-1', '2016-03-31', '2016-05-20', 0, NULL, NULL, NULL, NULL, '500', 'Depreciation', 'New Project', '', NULL, NULL, 5, 3, 11, 0, 0, 5, 35, '2016-05-16 13:56:25', 11),
(4, '2016-03-28 14:21:12', 4, '16/RFQ-SLS/III/4', '2016-03-28', 3, NULL, '2016-03-31', '16-RFQ-HI-1', '2016-03-31', '2016-05-20', 0, NULL, NULL, NULL, NULL, '500', 'Depreciation', 'New Project', '', NULL, NULL, 5, 3, 11, 0, 0, 6, 36, '2016-05-16 13:57:54', 11),
(1, '2016-02-25 09:57:51', 1, '16/RFQ-SLS/II/1', '2016-02-01', 1, NULL, '2016-02-02', 'RFQDariSerlokXX', '2016-02-29', '2016-03-01', 0, NULL, NULL, NULL, NULL, '700', 'Depreciation', '1', '', NULL, NULL, 1, 2, 1, 0, 0, 12, 37, '2016-05-23 14:10:15', 1),
(1, '2016-02-25 09:57:51', 1, '16/RFQ-SLS/II/1', '2016-02-01', 1, NULL, '2016-02-02', 'RFQDariSerlokXX', '2016-02-29', '2016-03-01', 0, NULL, NULL, NULL, NULL, '700', 'Depreciation', '1', '', NULL, NULL, 1, 2, 1, 0, 0, 13, 38, '2016-05-23 14:12:51', 1),
(4, '2016-03-28 14:21:12', 4, '16/RFQ-SLS/III/4', '2016-03-28', 3, NULL, '2016-03-31', '16-RFQ-HI-1', '2016-03-31', '2016-05-20', 0, NULL, NULL, NULL, NULL, '500', 'Depreciation', 'New Project', '', NULL, NULL, 5, 3, 11, 0, 0, 7, 39, '2016-05-23 14:30:59', 11),
(4, '2016-03-28 14:21:12', 4, '16/RFQ-SLS/III/4', '2016-03-28', 3, NULL, '2016-03-31', '16-RFQ-HI-1', '2016-03-31', '2016-05-20', 0, NULL, NULL, NULL, NULL, '600', 'Depreciation', 'New Project', '', NULL, NULL, 5, 3, 11, 0, 0, 7, 40, '2016-05-23 14:30:59', 11),
(4, '2016-03-28 14:21:12', 4, '16/RFQ-SLS/III/4', '2016-03-28', 3, NULL, '2016-03-31', '16-RFQ-HI-1', '2016-03-31', '2016-05-20', 0, NULL, NULL, NULL, NULL, '600', 'Depreciation', 'New Project', '', NULL, NULL, 5, 3, 11, 0, 0, 8, 41, '2016-05-23 14:34:20', 11),
(4, '2016-03-28 14:21:12', 4, '16/RFQ-SLS/III/4', '2016-03-28', 3, NULL, '2016-03-31', '16-RFQ-HI-1', '2016-03-31', '2016-05-20', 0, NULL, NULL, NULL, NULL, '800', 'Depreciation', 'New Project', '', NULL, NULL, 5, 3, 11, 0, 0, 8, 42, '2016-05-23 14:34:21', 11),
(4, '2016-03-28 14:21:12', 4, '16/RFQ-SLS/III/4', '2016-03-28', 3, NULL, '2016-03-31', '16-RFQ-HI-1', '2016-03-31', '2016-05-20', 0, NULL, NULL, NULL, NULL, '800', 'Depreciation', 'New Project', '', NULL, NULL, 5, 3, 11, 0, 0, 9, 43, '2016-05-23 14:40:49', 11),
(4, '2016-03-28 14:21:12', 4, '16/RFQ-SLS/III/4', '2016-03-28', 3, NULL, '2016-03-31', '16-RFQ-HI-1', '2016-03-31', '2016-05-20', 0, NULL, NULL, NULL, NULL, '800', 'Depreciation', 'New Project', '', NULL, NULL, 5, 3, 11, 0, 0, 10, 44, '2016-05-23 14:41:44', 11),
(4, '2016-03-28 14:21:12', 4, '16/RFQ-SLS/III/4', '2016-03-28', 3, NULL, '2016-03-31', '16-RFQ-HI-1', '2016-03-31', '2016-05-20', 0, NULL, NULL, NULL, NULL, '800', 'Depreciation', 'New Project', '', NULL, NULL, 5, 3, 11, 0, 0, 11, 45, '2016-06-01 10:54:04', 11),
(14, '2016-06-01 11:14:28', 14, '16/RFQ-SLS/VI/14', '2016-06-01', 8, NULL, '2016-05-30', '12345', '2016-06-10', '2016-06-10', 0, NULL, NULL, NULL, NULL, '900', 'Depreciation', '1', '', NULL, NULL, 2, 5, 11, 0, 0, 0, 46, '2016-06-01 11:19:11', 11),
(13, '2016-06-01 11:11:58', 13, '16/RFQ-SLS/VI/13', '2016-06-01', 8, NULL, '2016-05-30', '', '0000-00-00', '0000-00-00', 0, NULL, NULL, NULL, NULL, '', NULL, NULL, '', NULL, NULL, 0, 0, 11, 0, 0, 0, 47, '2016-06-01 11:19:26', 11),
(12, '2016-06-01 11:11:29', 12, '16/RFQ-SLS/VI/12', '2016-06-01', 8, NULL, '2016-05-30', '12345', '0000-00-00', '0000-00-00', 0, NULL, NULL, NULL, NULL, '', NULL, NULL, '', NULL, NULL, 0, 0, 11, 0, 0, 0, 48, '2016-06-01 11:19:29', 11),
(11, '2016-06-01 11:10:34', 11, '16/RFQ-SLS/VI/11', '2016-06-01', 8, NULL, '2016-05-30', '12345', '0000-00-00', '0000-00-00', 0, NULL, NULL, NULL, NULL, '', NULL, NULL, '', NULL, NULL, 0, 0, 11, 0, 0, 0, 49, '2016-06-01 11:19:33', 11),
(10, '2016-06-01 11:07:37', 10, '16/RFQ-SLS/VI/10', '2016-06-01', 8, NULL, '2016-05-30', '12345', '0000-00-00', '0000-00-00', 0, NULL, NULL, NULL, NULL, '', NULL, NULL, '', NULL, NULL, 0, 0, 11, 0, 0, 0, 50, '2016-06-01 11:19:37', 11),
(9, '2016-06-01 11:04:23', 9, '16/RFQ-SLS/VI/9', '2016-06-15', 8, NULL, '2016-06-16', 'RFQ no cutomer 23294823', '2016-06-08', '2016-06-03', 0, NULL, NULL, NULL, NULL, '800', 'Depreciation', '2', '', NULL, NULL, 2, 3, 2, 0, 0, 0, 51, '2016-06-01 11:19:43', 2),
(8, '2016-05-13 10:25:10', 8, '16/RFQ-SLS/V/8', '2016-05-13', 7, NULL, '2016-05-13', '16/RFQ-SLS/05/54', '2016-05-19', '2016-05-19', 0, NULL, NULL, NULL, NULL, '1500', 'Depreciation', 'New Project', '', NULL, NULL, 4, 4, 12, 0, 1, 1, 52, '2016-06-01 13:32:54', 12),
(18, '2016-06-01 13:44:49', 18, '16/RFQ-SLS/VI/18', '2016-06-01', 9, NULL, '2016-05-30', '557', '2016-06-10', '2016-06-10', 0, NULL, NULL, NULL, NULL, '800', 'Depreciation', '1', '', NULL, NULL, 0, 0, 11, 0, 0, 0, 53, '2016-06-01 13:47:18', 11),
(17, '2016-06-01 13:40:27', 17, '16/RFQ-SLS/VI/17', '2016-06-01', 9, NULL, '2016-05-30', '556', '2016-06-10', '2016-06-10', 0, NULL, NULL, NULL, NULL, '700', 'Depreciation', '1', '', NULL, NULL, 0, 0, 11, 0, 0, 0, 54, '2016-06-01 13:47:22', 11),
(16, '2016-06-01 11:37:38', 16, '16/RFQ-SLS/VI/16', '2016-06-01', 9, NULL, '2016-05-30', '12345', '2016-06-10', '2016-06-10', 0, NULL, NULL, NULL, NULL, '900', 'Depreciation', '1', '', NULL, NULL, 2, 4, 11, 0, 0, 0, 55, '2016-06-01 13:47:25', 11),
(28, '2016-06-01 14:08:37', 28, '16/RFQ-SLS/VI/28', '2016-06-01', 9, NULL, '2016-05-30', '555', '2016-06-10', '2016-06-10', 0, NULL, NULL, NULL, NULL, '200', 'Depreciation', '1', '', NULL, NULL, 0, 0, 11, 0, 0, 0, 56, '2016-06-01 14:34:13', 11),
(28, '2016-06-01 14:08:37', 28, '16/RFQ-SLS/VI/28', '2016-06-01', 9, NULL, '2016-05-30', '555', '2016-06-10', '2016-06-10', 0, NULL, NULL, NULL, NULL, '200', 'Depreciation', '1', '', NULL, NULL, 0, 0, 11, 0, 0, 0, 57, '2016-06-01 14:34:13', 11);

-- --------------------------------------------------------

--
-- Struktur dari tabel `kps_rfq_attachment`
--

CREATE TABLE `kps_rfq_attachment` (
  `KPS_RFQ_ATTACHMENT_ID` int(255) NOT NULL,
  `KPS_RFQ_ID` int(255) NOT NULL,
  `TYPE` varchar(50) NOT NULL,
  `TITLE` varchar(255) NOT NULL,
  `FILENAME` varchar(255) DEFAULT NULL
) ENGINE=InnoDB DEFAULT CHARSET=latin1;

--
-- Dumping data untuk tabel `kps_rfq_attachment`
--

INSERT INTO `kps_rfq_attachment` (`KPS_RFQ_ATTACHMENT_ID`, `KPS_RFQ_ID`, `TYPE`, `TITLE`, `FILENAME`) VALUES
(1, 1, 'RFQ Letters', 'Testing RFQ Letters', '04printing.xlsx'),
(2, 2, 'Drawing', 'Drawing', 'yuthika.pdf'),
(3, 6, 'RFQ Letters', '', 'Model Proses Gd. Material_Mixing.doc'),
(4, 6, 'Drawing', '', 'Model Proses Gd. Material_Mixing.doc'),
(5, 4, 'Drawing', 'Test', 'db_kps.sql'),
(6, 4, 'Drawing', 'Test', '12794346_787739688026271_4567333819018720659_n.jpg'),
(7, 4, 'Drawing', 'Test', 'Document KPS.xlsx');

-- --------------------------------------------------------

--
-- Struktur dari tabel `kps_rfq_currency`
--

CREATE TABLE `kps_rfq_currency` (
  `KPS_RFQ_CURENCY_ID` int(255) NOT NULL,
  `KPS_RFQ_ID` int(255) NOT NULL,
  `CURRENCY_NAME` varchar(255) NOT NULL,
  `TO_IDR` varchar(255) NOT NULL
) ENGINE=InnoDB DEFAULT CHARSET=latin1;

--
-- Dumping data untuk tabel `kps_rfq_currency`
--

INSERT INTO `kps_rfq_currency` (`KPS_RFQ_CURENCY_ID`, `KPS_RFQ_ID`, `CURRENCY_NAME`, `TO_IDR`) VALUES
(1, 1, 'USD', '14000'),
(2, 2, 'USD', '15000'),
(3, 3, 'USD', '14000'),
(4, 4, 'USD', '14000'),
(5, 5, 'USD', '14000'),
(6, 6, 'USD', '13216'),
(7, 8, 'USD', '13796'),
(8, 16, 'USD', '14000'),
(9, 16, 'IDR', ''),
(10, 17, 'IDR', ''),
(11, 18, 'IDR', ''),
(12, 22, 'IDR', ''),
(13, 21, 'IDR', ''),
(14, 20, 'IDR', ''),
(15, 19, 'IDR', ''),
(16, 23, 'IDR', ''),
(17, 24, 'IDR', ''),
(18, 25, 'IDR', ''),
(19, 26, 'IDR', ''),
(20, 27, 'IDR', ''),
(21, 28, 'IDR', ''),
(22, 30, 'IDR', ''),
(23, 30, 'IDR', ''),
(24, 29, 'USD', '12000'),
(25, 30, 'USD', '12000'),
(26, 28, 'USD', '12000');

-- --------------------------------------------------------

--
-- Struktur dari tabel `kps_rfq_drawing`
--

CREATE TABLE `kps_rfq_drawing` (
  `KPS_RFQ_DRAWING_ID` int(255) NOT NULL,
  `KPS_RFQ_ID` int(255) NOT NULL DEFAULT '0',
  `KPS_RFQ_PART_NO` varchar(50) NOT NULL DEFAULT '',
  `KPS_RFQ_PART_NAME` varchar(50) NOT NULL DEFAULT '',
  `KPS_RFQ_PART_QTY` int(11) NOT NULL DEFAULT '0',
  `KPS_RFQ_PART_UNIT` varchar(24) NOT NULL DEFAULT '',
  `DRAWING_DATE` date DEFAULT NULL,
  `DRAWING_NO` varchar(255) DEFAULT NULL,
  `REV_DRAWING` varchar(255) DEFAULT NULL,
  `REV_NO` int(11) DEFAULT NULL,
  `OBSOLETE_DATE` date DEFAULT NULL,
  `NOTE` varchar(255) DEFAULT NULL
) ENGINE=InnoDB DEFAULT CHARSET=latin1;

--
-- Dumping data untuk tabel `kps_rfq_drawing`
--

INSERT INTO `kps_rfq_drawing` (`KPS_RFQ_DRAWING_ID`, `KPS_RFQ_ID`, `KPS_RFQ_PART_NO`, `KPS_RFQ_PART_NAME`, `KPS_RFQ_PART_QTY`, `KPS_RFQ_PART_UNIT`, `DRAWING_DATE`, `DRAWING_NO`, `REV_DRAWING`, `REV_NO`, `OBSOLETE_DATE`, `NOTE`) VALUES
(1, 1, '17214-KWW-6001', 'SEAL AIR/C CASE', 1, 'PCS', '2016-02-01', '16/RFQ-SLS/II/1', '1', NULL, '2016-05-05', ''),
(2, 2, 'PARTNOBARUKPS', 'PARTNAMEBARUKPS', 1, '', '0000-00-00', '16/RFQ-SLS/II/2', '2', NULL, NULL, ''),
(4, 3, 'partno1', 'partname1', 10, 'partunit1', '2016-02-29', '16/RFQ-SLS/II/2', '1', 2, NULL, 'test'),
(5, 4, 'AK20314RQ', 'COVER', 5000, 'PCS', '2016-05-13', '16/RFQ-SLS/III/2', '05/DWG-SLS/3/15', 5, '2016-05-06', 'test'),
(10, 5, '17227-K15G-92000', 'TUBE DRAIN', 1, 'PCS', '0000-00-00', '16/RFQ-SLS/III/2', '5', 2, NULL, ''),
(11, 6, '21234-7899', 'PROTECTOR', 0, '5500', '0000-00-00', '16/RFQ-SLS/IV/2', '0', 2, NULL, ''),
(19, 8, '', 'FINISHER', 500, '1', '2016-05-13', '16/RFQ-SLS/V/2', '16/DWG-SLS/05/267', 2, NULL, ''),
(20, 16, 'AP1G502R0', 'PROTECTOR', 500, 'PCS', '2016-06-01', '16/DWG-SLS/VI/17', 'D0001', 17, NULL, '-'),
(21, 18, 'AP1G509R0', 'PROTECTOR', 0, 'PCS', '2016-06-01', '16/DWG-SLS/VI/1', 'D0003', 1, NULL, '-'),
(22, 26, '17213-K16A-9000', 'SEAL ', 0, 'PCS', '2016-06-01', '16/DWG-SLS/VI/1', 'D0008', 1, NULL, '-'),
(23, 27, '17253-K50-T000', 'TUBE AIR CONN ', 0, 'PCS', '2016-06-01', '16/DWG-SLS/VI/1', 'D0009', 1, NULL, ''),
(24, 30, '17366-428-6700', 'TUBE A, DRAIN ', 0, 'PCS', '2016-06-01', '16/DWG-SLS/VI/1', 'D0001', 1, NULL, '-'),
(25, 29, '11211-K50-T000', 'TUBE MISSION BREATHER ', 0, 'PCS', '2016-06-01', '16/DWG-SLS/VI/1', 'D0002', 1, NULL, '-'),
(26, 28, '5TL-E443E-00', 'PIPE DRAIN ', 0, 'PCS', '2016-06-01', '16/DWG-SLS/VI/1', 'D0003', 1, NULL, '-');

--
-- Trigger `kps_rfq_drawing`
--
DELIMITER $$
CREATE TRIGGER `RFQD_update_record` BEFORE UPDATE ON `kps_rfq_drawing` FOR EACH ROW INSERT INTO kps_rfq_drawing_ (
  `KPS_RFQ_DRAWING_ID`, `KPS_RFQ_ID`, `KPS_RFQ_PART_NO`, `KPS_RFQ_PART_NAME`, `KPS_RFQ_PART_QTY`, `KPS_RFQ_PART_UNIT`, `DRAWING_DATE`, `DRAWING_NO`, `REV_DRAWING`, `REV_NO`, `OBSOLETE_DATE`, `NOTE`
)
VALUE (
  OLD.`KPS_RFQ_DRAWING_ID`, OLD.`KPS_RFQ_ID`, OLD.`KPS_RFQ_PART_NO`, OLD.`KPS_RFQ_PART_NAME`, OLD.`KPS_RFQ_PART_QTY`, OLD.`KPS_RFQ_PART_UNIT`, OLD.`DRAWING_DATE`, OLD.`DRAWING_NO`, OLD.`REV_DRAWING`, OLD.`REV_NO`, OLD.`OBSOLETE_DATE`, OLD.`NOTE` )
$$
DELIMITER ;

-- --------------------------------------------------------

--
-- Struktur dari tabel `kps_rfq_drawing_`
--

CREATE TABLE `kps_rfq_drawing_` (
  `KPS_RFQ_DRAWING_ID` int(255) NOT NULL,
  `KPS_RFQ_ID` int(255) NOT NULL,
  `KPS_RFQ_PART_NO` varchar(50) NOT NULL,
  `KPS_RFQ_PART_NAME` varchar(50) NOT NULL,
  `KPS_RFQ_PART_QTY` int(11) NOT NULL,
  `KPS_RFQ_PART_UNIT` varchar(24) NOT NULL,
  `DRAWING_DATE` date DEFAULT NULL,
  `DRAWING_NO` varchar(255) DEFAULT NULL,
  `REV_DRAWING` varchar(255) DEFAULT NULL,
  `REV_NO` int(11) DEFAULT NULL,
  `OBSOLETE_DATE` date DEFAULT NULL,
  `NOTE` varchar(255) DEFAULT NULL,
  `ID` int(11) NOT NULL,
  `UPDATE_TIME` datetime NOT NULL DEFAULT CURRENT_TIMESTAMP
) ENGINE=InnoDB DEFAULT CHARSET=latin1;

--
-- Dumping data untuk tabel `kps_rfq_drawing_`
--

INSERT INTO `kps_rfq_drawing_` (`KPS_RFQ_DRAWING_ID`, `KPS_RFQ_ID`, `KPS_RFQ_PART_NO`, `KPS_RFQ_PART_NAME`, `KPS_RFQ_PART_QTY`, `KPS_RFQ_PART_UNIT`, `DRAWING_DATE`, `DRAWING_NO`, `REV_DRAWING`, `REV_NO`, `OBSOLETE_DATE`, `NOTE`, `ID`, `UPDATE_TIME`) VALUES
(5, 4, 'AK20314RQ', 'COVER', 6000, 'PCS', '0000-00-00', '16/RFQ-SLS/III/2', '0', 2, NULL, '', 1, '2016-05-16 13:54:24'),
(5, 4, 'AK20314RQ', 'COVER', 6000, 'PCS', '2016-05-13', '16/RFQ-SLS/III/2', '0', 2, NULL, 'test', 2, '2016-05-16 13:56:24'),
(5, 4, 'AK20314RQ', 'COVER', 6000, 'PCS', '2016-05-13', '16/RFQ-SLS/III/2', '0', 2, '2016-05-06', 'test', 3, '2016-05-16 13:57:54'),
(1, 1, '17214-KWW-6000', 'SEAL AIR/C CASE', 1, 'PCS', '2016-02-01', '16/RFQ-SLS/II/1', '1', NULL, NULL, '', 4, '2016-05-23 14:10:15'),
(1, 1, '17214-KWW-6001', 'SEAL AIR/C CASE', 1, 'PCS', '2016-02-01', '16/RFQ-SLS/II/1', '1', NULL, '0000-00-00', '', 5, '2016-05-23 14:12:51'),
(5, 4, 'AK20314RQ', 'COVER', 6000, 'PCS', '2016-05-13', '16/RFQ-SLS/III/2', '5', 2, '2016-05-06', 'test', 6, '2016-05-23 14:40:49'),
(5, 4, 'AK20314RQ', 'COVER', 6000, 'PCS', '2016-05-13', '16/RFQ-SLS/III/2', '05/DWG-SLS/2/15', 3, '2016-05-06', 'test', 7, '2016-05-23 14:41:44'),
(5, 4, 'AK20314RQ', 'COVER', 6000, 'PCS', '2016-05-13', '16/RFQ-SLS/III/2', '05/DWG-SLS/3/15', 4, '2016-05-06', 'test', 8, '2016-06-01 10:54:04');

-- --------------------------------------------------------

--
-- Struktur dari tabel `kps_rfq_part`
--

CREATE TABLE `kps_rfq_part` (
  `KPS_RFQ_PART_ID` int(255) NOT NULL,
  `KPS_RFQ_ID` int(255) NOT NULL,
  `KPS_PART_ID` int(255) NOT NULL,
  `QUANTITY` int(255) NOT NULL,
  `UNITS` varchar(50) NOT NULL
) ENGINE=InnoDB DEFAULT CHARSET=latin1;

--
-- Trigger `kps_rfq_part`
--
DELIMITER $$
CREATE TRIGGER `RFQP_update_record` BEFORE UPDATE ON `kps_rfq_part` FOR EACH ROW INSERT INTO kps_rfq_part_ (
 `KPS_RFQ_PART_ID`, `KPS_RFQ_ID`, `KPS_PART_ID`, `QUANTITY`, `UNITS`
)
VALUE (
  OLD.`KPS_RFQ_PART_ID`, OLD.`KPS_RFQ_ID`, OLD.`KPS_PART_ID`, OLD.`QUANTITY`, OLD.`UNITS`  )
$$
DELIMITER ;

-- --------------------------------------------------------

--
-- Struktur dari tabel `kps_rfq_part_`
--

CREATE TABLE `kps_rfq_part_` (
  `KPS_RFQ_PART_ID` int(255) NOT NULL,
  `KPS_RFQ_ID` int(255) NOT NULL,
  `KPS_PART_ID` int(255) NOT NULL,
  `QUANTITY` int(255) NOT NULL,
  `UNITS` varchar(50) NOT NULL,
  `ID` int(11) NOT NULL,
  `UPDATE_TIME` datetime NOT NULL DEFAULT CURRENT_TIMESTAMP
) ENGINE=InnoDB DEFAULT CHARSET=latin1;

-- --------------------------------------------------------

--
-- Struktur dari tabel `kps_rfq_production_plan`
--

CREATE TABLE `kps_rfq_production_plan` (
  `KPS_RFQ_PRODUCTION_PLAN_ID` int(255) NOT NULL,
  `KPS_RFQ_ID` int(255) NOT NULL,
  `MODEL` varchar(50) NOT NULL,
  `QTY_UNIT` varchar(50) NOT NULL,
  `QTY_MONTH` varchar(50) NOT NULL,
  `PERIODE` varchar(20) NOT NULL
) ENGINE=InnoDB DEFAULT CHARSET=latin1;

--
-- Dumping data untuk tabel `kps_rfq_production_plan`
--

INSERT INTO `kps_rfq_production_plan` (`KPS_RFQ_PRODUCTION_PLAN_ID`, `KPS_RFQ_ID`, `MODEL`, `QTY_UNIT`, `QTY_MONTH`, `PERIODE`) VALUES
(1, 1, 'KWB', '1', '20000', '24'),
(2, 2, 'MODELBARUKPS', '1', '24000', '24'),
(3, 3, 'model', 'q1', '10', '10'),
(4, 4, 'K81', '1', '6000', '24'),
(5, 5, 'K15G	', '1', '26250', '24'),
(6, 6, '4P5LW', '1', '5400', '24'),
(7, 8, 'D30', '1', '500', '24'),
(8, 16, '-', '10', '500', '-'),
(9, 29, 'K25G/K46F', 'PCS', '20000', '24'),
(10, 30, 'K25G/K46F', '10', '30000', '20'),
(11, 28, 'K25G/K46F', '100', '6000000', '45');

--
-- Trigger `kps_rfq_production_plan`
--
DELIMITER $$
CREATE TRIGGER `RFQPP_update_record` BEFORE UPDATE ON `kps_rfq_production_plan` FOR EACH ROW INSERT INTO kps_rfq_production_plan_ (
 `KPS_RFQ_PRODUCTION_PLAN_ID`, `KPS_RFQ_ID`, `MODEL`, `QTY_UNIT`, `QTY_MONTH`, `PERIODE`
)
VALUE (
  OLD.`KPS_RFQ_PRODUCTION_PLAN_ID`, OLD.`KPS_RFQ_ID`, OLD.`MODEL`, OLD.`QTY_UNIT`, OLD.`QTY_MONTH`, OLD.`PERIODE`)
$$
DELIMITER ;

-- --------------------------------------------------------

--
-- Struktur dari tabel `kps_rfq_production_plan_`
--

CREATE TABLE `kps_rfq_production_plan_` (
  `KPS_RFQ_PRODUCTION_PLAN_ID` int(255) NOT NULL,
  `KPS_RFQ_ID` int(255) NOT NULL,
  `MODEL` varchar(50) NOT NULL,
  `QTY_UNIT` varchar(50) NOT NULL,
  `QTY_MONTH` varchar(50) NOT NULL,
  `PERIODE` varchar(20) NOT NULL,
  `ID` int(11) NOT NULL,
  `UPDATE_TIME` datetime NOT NULL DEFAULT CURRENT_TIMESTAMP
) ENGINE=InnoDB DEFAULT CHARSET=latin1;

--
-- Dumping data untuk tabel `kps_rfq_production_plan_`
--

INSERT INTO `kps_rfq_production_plan_` (`KPS_RFQ_PRODUCTION_PLAN_ID`, `KPS_RFQ_ID`, `MODEL`, `QTY_UNIT`, `QTY_MONTH`, `PERIODE`, `ID`, `UPDATE_TIME`) VALUES
(6, 6, '4P5LW', '1', '5500', '24', 1, '2016-05-04 12:09:10');

-- --------------------------------------------------------

--
-- Struktur dari tabel `kps_rfq_schedule`
--

CREATE TABLE `kps_rfq_schedule` (
  `KPS_RFQ_SCHEDULE_ID` int(255) NOT NULL,
  `KPS_RFQ_ID` int(255) NOT NULL,
  `MODEL` varchar(255) NOT NULL,
  `SAMPLE_MASSPRO` date NOT NULL,
  `PP1` date NOT NULL,
  `PP2` date DEFAULT NULL,
  `PP3` date DEFAULT NULL,
  `PP4` date DEFAULT NULL,
  `MASSPRO` date NOT NULL
) ENGINE=InnoDB DEFAULT CHARSET=latin1;

--
-- Dumping data untuk tabel `kps_rfq_schedule`
--

INSERT INTO `kps_rfq_schedule` (`KPS_RFQ_SCHEDULE_ID`, `KPS_RFQ_ID`, `MODEL`, `SAMPLE_MASSPRO`, `PP1`, `PP2`, `PP3`, `PP4`, `MASSPRO`) VALUES
(1, 1, 'MODEL01', '2016-02-26', '2016-02-25', NULL, NULL, NULL, '2016-02-26'),
(2, 2, 'MODELBARUKPS', '2016-02-27', '2016-02-27', NULL, NULL, NULL, '2016-02-27'),
(3, 3, 'model', '2016-03-26', '2016-03-26', NULL, NULL, NULL, '2016-03-26'),
(4, 4, 'K81', '2017-01-02', '2016-04-13', NULL, NULL, NULL, '2017-01-09'),
(5, 5, 'K15G	', '2016-04-06', '2016-04-05', NULL, NULL, NULL, '2016-04-29'),
(6, 6, '4P5LW', '2017-06-16', '2017-12-30', NULL, NULL, NULL, '2018-01-31'),
(7, 8, 'D30', '2016-11-19', '2016-12-19', NULL, NULL, NULL, '2017-02-19');

--
-- Trigger `kps_rfq_schedule`
--
DELIMITER $$
CREATE TRIGGER `RFQS_update_record` BEFORE UPDATE ON `kps_rfq_schedule` FOR EACH ROW INSERT INTO kps_rfq_schedule_ (
  `KPS_RFQ_SCHEDULE_ID`, `KPS_RFQ_ID`, `MODEL`, `SAMPLE_MASSPRO`, `PP1`, `PP2`, `PP3`, `PP4`, `MASSPRO`
)
VALUE (
 OLD.`KPS_RFQ_SCHEDULE_ID`, OLD.`KPS_RFQ_ID`, OLD.`MODEL`, OLD.`SAMPLE_MASSPRO`, OLD.`PP1`, OLD.`PP2`, OLD.`PP3`, OLD.`PP4`, OLD.`MASSPRO` )
$$
DELIMITER ;

-- --------------------------------------------------------

--
-- Struktur dari tabel `kps_rfq_schedule_`
--

CREATE TABLE `kps_rfq_schedule_` (
  `KPS_RFQ_SCHEDULE_ID` int(255) NOT NULL,
  `KPS_RFQ_ID` int(255) NOT NULL,
  `MODEL` varchar(255) NOT NULL,
  `SAMPLE_MASSPRO` date NOT NULL,
  `PP1` date NOT NULL,
  `PP2` date DEFAULT NULL,
  `PP3` date DEFAULT NULL,
  `PP4` date DEFAULT NULL,
  `MASSPRO` date NOT NULL,
  `ID` int(11) NOT NULL,
  `UPDATE_TIME` datetime NOT NULL DEFAULT CURRENT_TIMESTAMP
) ENGINE=InnoDB DEFAULT CHARSET=latin1;

-- --------------------------------------------------------

--
-- Struktur dari tabel `kps_rfq_target_price`
--

CREATE TABLE `kps_rfq_target_price` (
  `KPS_RFQ_TARGET_PRICE_ID` int(255) NOT NULL,
  `KPS_RFQ_ID` int(255) NOT NULL,
  `COMPETITIOR_NAME` varchar(100) NOT NULL,
  `COMPETITIOR_PRICE` varchar(255) NOT NULL
) ENGINE=InnoDB DEFAULT CHARSET=latin1;

--
-- Dumping data untuk tabel `kps_rfq_target_price`
--

INSERT INTO `kps_rfq_target_price` (`KPS_RFQ_TARGET_PRICE_ID`, `KPS_RFQ_ID`, `COMPETITIOR_NAME`, `COMPETITIOR_PRICE`) VALUES
(1, 1, 'UDIN', '850'),
(2, 2, 'ASEP', '850'),
(3, 3, 'ASEPSHOW', '900'),
(4, 4, 'ANEKA KOMKAR', '800'),
(5, 5, 'Udin', '750'),
(6, 9, 'HINDA PT', '900'),
(7, 17, 'ISUZU', '800'),
(8, 18, 'HONDA', '900'),
(9, 19, 'HONDA', '600'),
(10, 20, 'HONDA', '700'),
(11, 21, 'HONDA', '700'),
(12, 22, 'HONDA', '800'),
(13, 23, 'HONDA', '700'),
(14, 25, 'HONDA', '500'),
(15, 26, 'HONDA', '300'),
(16, 27, 'HONDA', '200'),
(17, 28, 'HONDA', '300'),
(18, 30, 'HONDA', '6000'),
(19, 30, 'HONDA', '6000'),
(20, 29, 'HONDA', '600'),
(21, 28, 'HONDA', '300');

--
-- Trigger `kps_rfq_target_price`
--
DELIMITER $$
CREATE TRIGGER `RFQTP_update_record` BEFORE UPDATE ON `kps_rfq_target_price` FOR EACH ROW INSERT INTO kps_rfq_target_price_ (
  `KPS_RFQ_TARGET_PRICE_ID`, `KPS_RFQ_ID`, `COMPETITIOR_NAME`, `COMPETITIOR_PRICE`
)
VALUE (
  OLD.`KPS_RFQ_TARGET_PRICE_ID`, OLD.`KPS_RFQ_ID`, OLD.`COMPETITIOR_NAME`, OLD.`COMPETITIOR_PRICE`)
$$
DELIMITER ;

-- --------------------------------------------------------

--
-- Struktur dari tabel `kps_rfq_target_price_`
--

CREATE TABLE `kps_rfq_target_price_` (
  `KPS_RFQ_TARGET_PRICE_ID` int(255) NOT NULL,
  `KPS_RFQ_ID` int(255) NOT NULL,
  `COMPETITIOR_NAME` varchar(100) NOT NULL,
  `COMPETITIOR_PRICE` varchar(255) NOT NULL,
  `ID` int(11) NOT NULL,
  `UPDATE_TIME` datetime NOT NULL DEFAULT CURRENT_TIMESTAMP
) ENGINE=InnoDB DEFAULT CHARSET=latin1;

--
-- Dumping data untuk tabel `kps_rfq_target_price_`
--

INSERT INTO `kps_rfq_target_price_` (`KPS_RFQ_TARGET_PRICE_ID`, `KPS_RFQ_ID`, `COMPETITIOR_NAME`, `COMPETITIOR_PRICE`, `ID`, `UPDATE_TIME`) VALUES
(4, 4, 'ANEKA KOMKAR', '450', 1, '2016-05-16 13:38:57'),
(4, 4, 'ANEKA KOMKAR', '500', 2, '2016-05-16 13:39:10');

-- --------------------------------------------------------

--
-- Struktur dari tabel `kps_roles`
--

CREATE TABLE `kps_roles` (
  `id` int(11) NOT NULL,
  `name` varchar(128) NOT NULL,
  `description` varchar(256) NOT NULL
) ENGINE=InnoDB DEFAULT CHARSET=latin1;

--
-- Dumping data untuk tabel `kps_roles`
--

INSERT INTO `kps_roles` (`id`, `name`, `description`) VALUES
(1, 'Sales Head', 'Sales Head'),
(2, 'Sales New Item', 'Sales New Item'),
(3, 'Sales Regular', 'Sales Regular'),
(4, 'Marketing', 'Marketing'),
(5, 'Production', 'Production'),
(6, 'PPIC Delivery', 'PPIC Delivery'),
(7, 'Warehouse', 'Warehouse'),
(8, 'Administrator', 'Administrator');

-- --------------------------------------------------------

--
-- Struktur dari tabel `kps_sales`
--

CREATE TABLE `kps_sales` (
  `KPS_SALES_ID` int(255) NOT NULL,
  `DATE` date NOT NULL,
  `UNTIL` date NOT NULL,
  `KPS_CUSTOMER_LIST_ID` int(255) NOT NULL,
  `KPS_PO_ID` int(255) NOT NULL,
  `DATE_DO` date NOT NULL,
  `DO_NO` varchar(100) NOT NULL,
  `KPS_INVOICE_ID` int(255) NOT NULL,
  `NO_ITEM` int(100) NOT NULL,
  `KPS_ITEM_MASTER_ID` int(255) NOT NULL,
  `PRICE` varchar(255) NOT NULL,
  `CURRENCY` varchar(20) NOT NULL,
  `QTY` int(100) NOT NULL,
  `UNIT` varchar(20) NOT NULL,
  `SUB_TOTAL` varchar(255) NOT NULL,
  `SUB_TOTAL_SALES` varchar(255) NOT NULL,
  `PPN` varchar(255) NOT NULL,
  `TOTAL` varchar(255) NOT NULL
) ENGINE=InnoDB DEFAULT CHARSET=latin1;

-- --------------------------------------------------------

--
-- Struktur dari tabel `kps_sales_growth`
--

CREATE TABLE `kps_sales_growth` (
  `KPS_SALES_GROWTH` int(255) NOT NULL,
  `MONTH` varchar(20) NOT NULL,
  `YEAR` varchar(20) NOT NULL,
  `KPS_MARKETING_ID` int(255) NOT NULL
) ENGINE=InnoDB DEFAULT CHARSET=latin1;

-- --------------------------------------------------------

--
-- Struktur dari tabel `kps_sales_growth_detail`
--

CREATE TABLE `kps_sales_growth_detail` (
  `KPS_SALES_GROWTH_DETAIL_ID` int(255) NOT NULL,
  `KPS_SALES_GROWTH_ID` int(255) NOT NULL,
  `KPS_CUSTOMER_LIST_ID` int(255) NOT NULL,
  `JAN_TARGET` varchar(100) NOT NULL,
  `JAN_ACTUAL` varchar(100) NOT NULL,
  `FEB_TARGET` varchar(100) NOT NULL,
  `FEB_ACTUAL` varchar(100) NOT NULL,
  `MAR_TARGET` varchar(100) NOT NULL,
  `MAR_ACTUAL` varchar(100) NOT NULL,
  `APR_TARGET` varchar(100) NOT NULL,
  `APR_ACTUAL` varchar(100) NOT NULL,
  `MAY_TARGET` varchar(100) NOT NULL,
  `MAY_ACTUAL` varchar(100) NOT NULL,
  `JUN_TARGET` varchar(100) NOT NULL,
  `JUN_ACTUAL` varchar(100) NOT NULL,
  `JUL_TARGET` varchar(100) NOT NULL,
  `JUL_ACTUAL` varchar(100) NOT NULL,
  `AUG_TARGET` varchar(100) NOT NULL,
  `AUG_ACTUAL` varchar(100) NOT NULL,
  `SEPT_TARGET` varchar(100) NOT NULL,
  `SEPT_ACTUAL` varchar(100) NOT NULL,
  `OCT_TARGET` varchar(100) NOT NULL,
  `OCT_ACTUAL` varchar(100) NOT NULL,
  `NOV_TARGET` varchar(100) NOT NULL,
  `NOV_ACTUAL` varchar(100) NOT NULL,
  `DEC_TARGET` varchar(100) NOT NULL,
  `DEC_ACTUAL` varchar(100) NOT NULL,
  `RATES_TARGET` varchar(100) NOT NULL,
  `RATES_ACTUAL` varchar(100) NOT NULL
) ENGINE=InnoDB DEFAULT CHARSET=latin1;

-- --------------------------------------------------------

--
-- Struktur dari tabel `kps_sales_monthly`
--

CREATE TABLE `kps_sales_monthly` (
  `KPS_SALES_MONTHLY_ID` int(255) NOT NULL,
  `NO` varchar(100) NOT NULL,
  `DATE` date NOT NULL,
  `YEAR` varchar(20) NOT NULL,
  `CURRENCY` varchar(20) NOT NULL,
  `KPS_MARKETING_ID` int(255) NOT NULL
) ENGINE=InnoDB DEFAULT CHARSET=latin1;

-- --------------------------------------------------------

--
-- Struktur dari tabel `kps_sales_monthly_analize`
--

CREATE TABLE `kps_sales_monthly_analize` (
  `KPS_SALES_MONTHLY_ANALIZE_ID` int(255) NOT NULL,
  `NO` varchar(100) NOT NULL,
  `DATE` date NOT NULL,
  `MONTH` varchar(20) NOT NULL,
  `YEAR` varchar(20) NOT NULL,
  `CURRENCY` varchar(10) NOT NULL,
  `KPS_MARKETING_ID` int(255) NOT NULL
) ENGINE=InnoDB DEFAULT CHARSET=latin1;

-- --------------------------------------------------------

--
-- Struktur dari tabel `kps_sales_monthly_analize_detail`
--

CREATE TABLE `kps_sales_monthly_analize_detail` (
  `KPS_SALES_MONTHLY_ANALIZE_DETAIL_ID` int(255) NOT NULL,
  `KPS_SALES_MONTHLY_ANALIZE_ID` int(255) NOT NULL,
  `KPS_CUSTOMER_LIST_ID` int(255) NOT NULL,
  `SALES_WITHOUT_TAX` varchar(100) NOT NULL,
  `SALES_INCLUDE_TAX` varchar(100) NOT NULL,
  `SALES_GROWTH_LAST_MONTH` varchar(100) NOT NULL,
  `SALES_GROWTH_LAST_YEAR` varchar(100) NOT NULL,
  `TARGET_GROWTH` varchar(100) NOT NULL
) ENGINE=InnoDB DEFAULT CHARSET=latin1;

-- --------------------------------------------------------

--
-- Struktur dari tabel `kps_sales_monthly_detail`
--

CREATE TABLE `kps_sales_monthly_detail` (
  `KPS_SALES_MONTHLY_DETAIL_ID` int(255) NOT NULL,
  `KPS_SALES_MONTHLY_ID` int(255) NOT NULL,
  `KPS_CUSTOMER_LIST_ID` int(255) NOT NULL,
  `JAN_EXCLUDE_TAX` varchar(100) NOT NULL,
  `JAN_INCLUDE_TAX` varchar(100) NOT NULL,
  `FEB_EXCLUDE_TAX` varchar(100) NOT NULL,
  `FEB_INCLUDE_TAX` varchar(100) NOT NULL,
  `MAR_EXCLUDE_TAX` varchar(100) NOT NULL,
  `MAR_INCLUDE_TAX` varchar(100) NOT NULL,
  `APRIL_EXCLUDE_TAX` varchar(100) NOT NULL,
  `APRIL_INCLUDE_TAX` varchar(100) NOT NULL,
  `MAY_EXCLUDE_TAX` varchar(100) NOT NULL,
  `MAY_INCLUDE_TAX` varchar(100) NOT NULL,
  `JUN_EXCLUDE_TAX` varchar(100) NOT NULL,
  `JUN_INCLUDE_TAX` varchar(100) NOT NULL,
  `JUL_EXCLUDE_TAX` varchar(100) NOT NULL,
  `JUL_INCLUDE_TAX` varchar(100) NOT NULL,
  `AUG_EXCLUDE_TAX` varchar(100) NOT NULL,
  `AUG_INCLUDE_TAX` varchar(100) NOT NULL,
  `SEPT_EXCLUDE_TAX` varchar(100) NOT NULL,
  `SEPT_INCLUDE_TAX` varchar(100) NOT NULL,
  `OCT_EXCLUDE_TAX` varchar(100) NOT NULL,
  `OCT_INCLUDE_TAX` varchar(100) NOT NULL,
  `NOV_EXCLUDE_TAX` varchar(100) NOT NULL,
  `NOV_INCLUDE_TAX` varchar(100) NOT NULL,
  `DEC_EXCLUDE_TAX` varchar(100) NOT NULL,
  `DEC_INCLUDE_TAX` varchar(100) NOT NULL,
  `TOTAL` varchar(255) NOT NULL
) ENGINE=InnoDB DEFAULT CHARSET=latin1;

-- --------------------------------------------------------

--
-- Struktur dari tabel `kps_sales_total_analize`
--

CREATE TABLE `kps_sales_total_analize` (
  `KPS_SALES_TOTAL_ANALIZE_ID` int(255) NOT NULL,
  `NO` varchar(100) NOT NULL,
  `DATE` date NOT NULL,
  `YEAR` varchar(20) NOT NULL,
  `KPS_CUSTOMER_LIST_ID` int(255) NOT NULL,
  `CURRENCY` varchar(20) NOT NULL,
  `APPROVED` varchar(100) NOT NULL,
  `CHECKED` varchar(100) NOT NULL,
  `MADE_BY` varchar(100) NOT NULL
) ENGINE=InnoDB DEFAULT CHARSET=latin1;

-- --------------------------------------------------------

--
-- Struktur dari tabel `kps_sales_total_analize_detail`
--

CREATE TABLE `kps_sales_total_analize_detail` (
  `KPS_SALES_TOTAL_ANALIZE_DETAIL_ID` int(255) NOT NULL,
  `KPS_SALES_TOTAL_ANALIZE_ID` int(255) NOT NULL,
  `MONTH` varchar(20) NOT NULL,
  `SALES_GROWTH_LAST_MONTH` varchar(100) NOT NULL,
  `SALES_GROWTH_LAST_YEAR` varchar(100) NOT NULL,
  `TARGET_SALES_GROWTH` varchar(100) NOT NULL,
  `ANALIZE` mediumtext NOT NULL,
  `CORRECTIVE` mediumtext NOT NULL
) ENGINE=InnoDB DEFAULT CHARSET=latin1;

-- --------------------------------------------------------

--
-- Struktur dari tabel `kps_section_employee`
--

CREATE TABLE `kps_section_employee` (
  `SEC_EMPLOYEE_ID` int(11) NOT NULL,
  `SEC_NAME` varchar(45) NOT NULL,
  `DEPT_EMPLOYEE_ID_SEC` int(11) NOT NULL
) ENGINE=InnoDB DEFAULT CHARSET=latin1;

--
-- Dumping data untuk tabel `kps_section_employee`
--

INSERT INTO `kps_section_employee` (`SEC_EMPLOYEE_ID`, `SEC_NAME`, `DEPT_EMPLOYEE_ID_SEC`) VALUES
(1, 'SALES & PURCHASED', 1),
(2, 'PPIC DELIVERY', 2),
(3, 'WAREHOUSE DELIVERY', 3),
(4, 'SOFTWARE DEVELOPMENT', 5),
(5, 'PRODUCTION MATERIAL', 4);

-- --------------------------------------------------------

--
-- Struktur dari tabel `kps_setup_group`
--

CREATE TABLE `kps_setup_group` (
  `KPS_SETUP_GROUP_ID` int(255) NOT NULL,
  `DATE` date NOT NULL,
  `NO_REV_NO` varchar(100) NOT NULL,
  `GROUP` varchar(100) NOT NULL,
  `AREA` varchar(100) NOT NULL,
  `VALID_DATE_FROM` date NOT NULL,
  `VALID_DATE_UNTIL` date NOT NULL,
  `CHECKED` date NOT NULL,
  `MADE_BY` date NOT NULL
) ENGINE=InnoDB DEFAULT CHARSET=latin1;

-- --------------------------------------------------------

--
-- Struktur dari tabel `kps_setup_group_detail`
--

CREATE TABLE `kps_setup_group_detail` (
  `KPS_SETUP_GROUP_DETAIL_ID` int(255) NOT NULL,
  `KPS_SETUP_GROUP_ID` int(255) NOT NULL,
  `GROUP` varchar(20) NOT NULL,
  `KPS_EMPLOYE_ID` int(255) NOT NULL,
  `NUMBER_EMPLOYEE_IN_GROUP` int(50) NOT NULL,
  `NOTE` mediumtext NOT NULL
) ENGINE=InnoDB DEFAULT CHARSET=latin1;

-- --------------------------------------------------------

--
-- Struktur dari tabel `kps_setup_upah_harian`
--

CREATE TABLE `kps_setup_upah_harian` (
  `KPS_SETUP_UPAH_HARIAN_ID` int(255) NOT NULL,
  `DATE` date NOT NULL,
  `NO_REV_NO` varchar(100) NOT NULL,
  `VALID_DATE_FROM` date NOT NULL,
  `VALID_DATE_UNTIL` date NOT NULL,
  `APPROVED` date NOT NULL,
  `MADE_BY` date NOT NULL
) ENGINE=InnoDB DEFAULT CHARSET=latin1;

-- --------------------------------------------------------

--
-- Struktur dari tabel `kps_setup_upah_harian_detail`
--

CREATE TABLE `kps_setup_upah_harian_detail` (
  `KPS_SETUP_UPAH_HARIAN_DETAIL_ID` int(255) NOT NULL,
  `KPS_SETUP_UPAH_HARIAN_ID` int(255) NOT NULL,
  `WORK_HOUR` varchar(20) NOT NULL,
  `NORMAL_DAY` varchar(100) NOT NULL,
  `HOLIDAY` varchar(100) NOT NULL,
  `NOTE` mediumtext NOT NULL
) ENGINE=InnoDB DEFAULT CHARSET=latin1;

-- --------------------------------------------------------

--
-- Struktur dari tabel `kps_status_productivity`
--

CREATE TABLE `kps_status_productivity` (
  `KPS_STATUS_PRODUCTIVITY_ID` int(255) NOT NULL,
  `PRODUCTIVITY` varchar(255) NOT NULL,
  `STATUS` varchar(20) NOT NULL
) ENGINE=InnoDB DEFAULT CHARSET=latin1;

-- --------------------------------------------------------

--
-- Struktur dari tabel `kps_stock_delivery`
--

CREATE TABLE `kps_stock_delivery` (
  `KPS_STOCK_DELIVERY_ID` int(255) NOT NULL,
  `DATE` date NOT NULL,
  `AREA` varchar(100) NOT NULL
) ENGINE=InnoDB DEFAULT CHARSET=latin1;

-- --------------------------------------------------------

--
-- Struktur dari tabel `kps_stock_delivery_detail`
--

CREATE TABLE `kps_stock_delivery_detail` (
  `KPS_STOCK_DELIVERY_DETAIL_ID` int(255) NOT NULL,
  `KPS_STOCK_DELIVERY_ID` int(255) NOT NULL,
  `KPS_ITEM_MASTER_ID` int(255) NOT NULL,
  `KPS_CUSTOMER_LIST_ID` int(255) NOT NULL,
  `QTY_STOCK` int(50) NOT NULL,
  `QTY_STOCK_STATUS` varchar(20) NOT NULL,
  `QTY_BREAKDOWN` int(50) NOT NULL,
  `QTY_MIN_STOCK` int(50) NOT NULL,
  `QTY_MIN_STOCK_STATUS` varchar(20) NOT NULL,
  `QTY_MAX_STOCK` int(50) NOT NULL,
  `QTY_MAX_STOCK_STATUS` varchar(20) NOT NULL,
  `QTY_DELIVERY_SCHEDULE_PENDING` int(50) NOT NULL,
  `QTY_DELIVERY_SCHEDULE_PENDING_STATUS` varchar(20) NOT NULL,
  `QTY_DELIVERY_PENDING` int(50) NOT NULL,
  `QTY_DELIVERY_PENDING_STATUS` varchar(20) NOT NULL,
  `QTY_BOOKED_PO` int(50) NOT NULL,
  `QTY_BOOKED_PO_STATUS` varchar(20) NOT NULL,
  `QTY_OUTSTANDING_PO_OS` int(50) NOT NULL,
  `QTY_OUTSTANDING_PO_OS_STATUS` varchar(20) NOT NULL,
  `UNITS` varchar(20) NOT NULL
) ENGINE=InnoDB DEFAULT CHARSET=latin1;

-- --------------------------------------------------------

--
-- Struktur dari tabel `kps_stock_in_out`
--

CREATE TABLE `kps_stock_in_out` (
  `KPS_STOCK_IN_OUT_ID` int(255) NOT NULL,
  `DATE` date NOT NULL,
  `AREA` varchar(100) NOT NULL
) ENGINE=InnoDB DEFAULT CHARSET=latin1 ROW_FORMAT=COMPACT;

-- --------------------------------------------------------

--
-- Struktur dari tabel `kps_stock_in_out_detail`
--

CREATE TABLE `kps_stock_in_out_detail` (
  `KPS_STOCK_IN_OUT_DETAIL_ID` int(255) NOT NULL,
  `KPS_STOCK_IN_OUT_ID` int(255) NOT NULL,
  `KPS_ITEM_MASTER_ID` int(255) NOT NULL,
  `KPS_CUSTOMER_LIST_ID` int(255) NOT NULL,
  `QTY_STOCK` varchar(50) NOT NULL,
  `QTY_STOCK_STATUS` varchar(20) NOT NULL,
  `QTY_BREAKDOWN` varchar(50) NOT NULL,
  `QTY_MIN_STOCK` varchar(50) NOT NULL,
  `QTY_MIN_STOCK_STATUS` varchar(20) NOT NULL,
  `QTY_DELIVERY_PENDING` varchar(50) NOT NULL,
  `QTY_DELIVERY_PENDING_STATUS` varchar(20) NOT NULL,
  `QTY_BOOKED_PO` varchar(50) NOT NULL,
  `QTY_BOOKED_PO_STATUS` varchar(20) NOT NULL,
  `QTY_OUTSTANDING_PO_OS` varchar(50) NOT NULL,
  `QTY_OUTSTANDING_PO_OS_STATUS` varchar(20) NOT NULL,
  `UNITS` varchar(20) NOT NULL,
  `STATUS` varchar(20) NOT NULL,
  `DATE` date NOT NULL,
  `STOCK_AWAL` varchar(50) NOT NULL,
  `STOCK_IN` varchar(50) NOT NULL,
  `STOCK_OUT` varchar(50) NOT NULL,
  `STOCK_AKHIR` varchar(50) NOT NULL
) ENGINE=InnoDB DEFAULT CHARSET=latin1;

-- --------------------------------------------------------

--
-- Struktur dari tabel `kps_stock_opname`
--

CREATE TABLE `kps_stock_opname` (
  `KPS_STOCK_OPNAME_ID` int(255) NOT NULL,
  `DATE_SON` datetime NOT NULL DEFAULT CURRENT_TIMESTAMP,
  `TIME_BASE_ON_CPU` datetime NOT NULL DEFAULT CURRENT_TIMESTAMP,
  `KPS_STOCK_OPNAME_MONTH` int(50) NOT NULL,
  `KPS_STOCK_OPNAME_YEAR` int(11) NOT NULL,
  `APPROVED_SON` int(100) NOT NULL,
  `CHECKED_SON` int(100) NOT NULL,
  `MADE_BY_SON` int(100) NOT NULL
) ENGINE=InnoDB DEFAULT CHARSET=latin1;

--
-- Dumping data untuk tabel `kps_stock_opname`
--

INSERT INTO `kps_stock_opname` (`KPS_STOCK_OPNAME_ID`, `DATE_SON`, `TIME_BASE_ON_CPU`, `KPS_STOCK_OPNAME_MONTH`, `KPS_STOCK_OPNAME_YEAR`, `APPROVED_SON`, `CHECKED_SON`, `MADE_BY_SON`) VALUES
(1, '2016-05-31 21:04:10', '2016-05-31 21:04:10', 5, 2016, 2, 1, 2),
(2, '2016-05-31 21:04:26', '2016-05-31 21:04:26', 5, 2016, 1, 2, 2);

-- --------------------------------------------------------

--
-- Struktur dari tabel `kps_stock_opname_detail`
--

CREATE TABLE `kps_stock_opname_detail` (
  `KPS_STOCK_OPNAME_DETAIL_ID` int(255) NOT NULL,
  `KPS_STOCK_OPNAME_ID_SUB` int(255) NOT NULL,
  `KPS_BARCODE_LABEL_ID_STOCK_OPNAME` int(11) NOT NULL,
  `KPS_STOCK_OPANAME_MADE_BY` int(11) NOT NULL
) ENGINE=InnoDB DEFAULT CHARSET=latin1;

--
-- Dumping data untuk tabel `kps_stock_opname_detail`
--

INSERT INTO `kps_stock_opname_detail` (`KPS_STOCK_OPNAME_DETAIL_ID`, `KPS_STOCK_OPNAME_ID_SUB`, `KPS_BARCODE_LABEL_ID_STOCK_OPNAME`, `KPS_STOCK_OPANAME_MADE_BY`) VALUES
(1, 1, 255, 2);

-- --------------------------------------------------------

--
-- Struktur dari tabel `kps_tooling`
--

CREATE TABLE `kps_tooling` (
  `KPS_TOOLING_ID` int(255) NOT NULL,
  `TOOLING_NO` varchar(150) NOT NULL,
  `TOOLING_CODE` varchar(150) NOT NULL,
  `TOOLING_MAKER` varchar(150) NOT NULL
) ENGINE=InnoDB DEFAULT CHARSET=latin1;

-- --------------------------------------------------------

--
-- Struktur dari tabel `kps_userdata`
--

CREATE TABLE `kps_userdata` (
  `KPS_USERDATA_ID` int(255) NOT NULL,
  `KPS_EMPLOYEE_ID` int(255) NOT NULL,
  `POSITION` varchar(100) DEFAULT NULL,
  `SECTION` varchar(100) DEFAULT NULL,
  `DEPARTMENT` varchar(100) DEFAULT NULL,
  `USERNAME` varchar(150) NOT NULL,
  `PASSWORD` varchar(255) NOT NULL,
  `is_active` int(11) DEFAULT '1'
) ENGINE=InnoDB DEFAULT CHARSET=latin1;

--
-- Dumping data untuk tabel `kps_userdata`
--

INSERT INTO `kps_userdata` (`KPS_USERDATA_ID`, `KPS_EMPLOYEE_ID`, `POSITION`, `SECTION`, `DEPARTMENT`, `USERNAME`, `PASSWORD`, `is_active`) VALUES
(1, 1, 'SALES HEAD', 'SALES & PURCHASED', 'SALES', 'akbar', 'akbar', 1),
(2, 2, 'SALES STAFF', 'SALES & PURCHASED', 'SALES', 'ifan', 'ifan', 1),
(3, 3, 'SALES STAFF', 'SALES & PURCHASED', 'SALES', 'thariq', '12345', 1),
(4, 4, 'SALES HEAD', 'SALES & PURCHASED', 'SALES', 'weni', 'weni', 1),
(5, 5, 'SALES HEAD', 'SALES & PURCHASED', 'SALES', 'ashari', 'ashari', 1),
(6, 6, 'SALES HEAD', 'SALES & PURCHASED', 'SALES', 'dedi', 'dedi', 1),
(7, 7, 'SALES HEAD', 'SALES & PURCHASED', 'SALES', 'ridwan', 'ridwan', 1),
(8, 8, 'SALES HEAD', 'SALES & PURCHASED', 'SALES', 'aminudin', 'aminudin', 1),
(9, 9, 'SALES HEAD', 'SALES & PURCHASED', 'SALES', 'eko', 'eko', 1),
(11, 10, 'SALES HEAD', 'SALES & PURCHASED', 'SALES', 'weni2', 'weni2', 1),
(12, 11, 'SALES STAFF', 'SALES & PURCHASED', 'SALES', 'newitem', 'newitem', 1),
(13, 12, 'SALES STAFF', 'SALES & PURCHASED', 'SALES', 'regular', 'regular', 1);

-- --------------------------------------------------------

--
-- Struktur dari tabel `kps_userdata_old`
--

CREATE TABLE `kps_userdata_old` (
  `KPS_USERDATA_ID` int(255) NOT NULL,
  `NO` varchar(100) NOT NULL,
  `REV_NO` varchar(100) NOT NULL,
  `DATE` date NOT NULL
) ENGINE=InnoDB DEFAULT CHARSET=latin1;

-- --------------------------------------------------------

--
-- Struktur dari tabel `kps_userdata_role`
--

CREATE TABLE `kps_userdata_role` (
  `id` int(11) NOT NULL,
  `user_data_id` int(11) DEFAULT NULL,
  `roles_id` int(11) DEFAULT NULL
) ENGINE=InnoDB DEFAULT CHARSET=latin1;

--
-- Dumping data untuk tabel `kps_userdata_role`
--

INSERT INTO `kps_userdata_role` (`id`, `user_data_id`, `roles_id`) VALUES
(3, 3, 8),
(8, 2, 8),
(9, 4, 1),
(10, 5, 5),
(11, 6, 6),
(12, 7, 7),
(13, 8, 8),
(14, 9, 8),
(15, 10, 1),
(17, 12, 2),
(18, 13, 3),
(19, 11, 1),
(20, 1, 4);

-- --------------------------------------------------------

--
-- Struktur dari tabel `kps_vehicle`
--

CREATE TABLE `kps_vehicle` (
  `KPS_VEHICLE_ID` int(255) NOT NULL,
  `VEHICLE_NO` varchar(150) NOT NULL,
  `VEHICLE_NAME` varchar(150) NOT NULL,
  `VEHICLE_DATE` datetime NOT NULL DEFAULT CURRENT_TIMESTAMP,
  `VEHICLE_NO_SURAT` varchar(200) NOT NULL,
  `REV_NO` int(11) NOT NULL,
  `SUPPLIER_NAME` varchar(250) NOT NULL,
  `PURCHASE_DATE` date NOT NULL,
  `COD_LOCAL` int(11) NOT NULL,
  `COD_JABODETABEK` int(11) NOT NULL,
  `VOLUME_BOX` int(11) NOT NULL,
  `PHOTO_OF_TRUCK` varchar(250) DEFAULT NULL,
  `VEHICLE_NOTE` longtext,
  `TOTAL_STANDARD` int(100) NOT NULL,
  `TOTAL_ACTUAL` int(100) NOT NULL,
  `TOTAL_PROFIT` int(100) NOT NULL,
  `TOTAL_VOLUME` int(100) NOT NULL
) ENGINE=InnoDB DEFAULT CHARSET=latin1;

--
-- Dumping data untuk tabel `kps_vehicle`
--

INSERT INTO `kps_vehicle` (`KPS_VEHICLE_ID`, `VEHICLE_NO`, `VEHICLE_NAME`, `VEHICLE_DATE`, `VEHICLE_NO_SURAT`, `REV_NO`, `SUPPLIER_NAME`, `PURCHASE_DATE`, `COD_LOCAL`, `COD_JABODETABEK`, `VOLUME_BOX`, `PHOTO_OF_TRUCK`, `VEHICLE_NOTE`, `TOTAL_STANDARD`, `TOTAL_ACTUAL`, `TOTAL_PROFIT`, `TOTAL_VOLUME`) VALUES
(4, 'D 36438 HJ', 'TRUCK HINO X', '2016-03-10 08:11:36', '16/DQS-SLS/III/1', 1, 'PT. Hino Jaya Sentosa', '2016-12-31', 60000, 500000, 348, '1399367_496744227147504_1433856433781589552_o.jpg', 'Test', 0, 0, 0, 0);

--
-- Trigger `kps_vehicle`
--
DELIMITER $$
CREATE TRIGGER `VEHICLE_update_record` BEFORE UPDATE ON `kps_vehicle` FOR EACH ROW INSERT INTO kps_vehicle_ (
  `KPS_VEHICLE_ID`, `VEHICLE_NO`, `VEHICLE_NAME`, `VEHICLE_DATE`, `VEHICLE_NO_SURAT`, `REV_NO`, `SUPPLIER_NAME`, `PURCHASE_DATE`, `COD_LOCAL`, `COD_JABODETABEK`, `VOLUME_BOX`, `PHOTO_OF_TRUCK`, `VEHICLE_NOTE`, `TOTAL_STANDARD`, `TOTAL_ACTUAL`, `TOTAL_PROFIT`, `TOTAL_VOLUME`
)
VALUE (
  OLD.`KPS_VEHICLE_ID`, OLD.`VEHICLE_NO`, OLD.`VEHICLE_NAME`, OLD.`VEHICLE_DATE`, OLD.`VEHICLE_NO_SURAT`, OLD.`REV_NO`, OLD.`SUPPLIER_NAME`, OLD.`PURCHASE_DATE`, OLD.`COD_LOCAL`, OLD.`COD_JABODETABEK`, OLD.`VOLUME_BOX`, OLD.`PHOTO_OF_TRUCK`, OLD.`VEHICLE_NOTE`, OLD.`TOTAL_STANDARD`, OLD.`TOTAL_ACTUAL`, OLD.`TOTAL_PROFIT`, OLD.`TOTAL_VOLUME` )
$$
DELIMITER ;

-- --------------------------------------------------------

--
-- Struktur dari tabel `kps_vehicle_`
--

CREATE TABLE `kps_vehicle_` (
  `KPS_VEHICLE_ID` int(255) NOT NULL,
  `VEHICLE_NO` varchar(150) NOT NULL,
  `VEHICLE_NAME` varchar(150) NOT NULL,
  `VEHICLE_DATE` datetime NOT NULL DEFAULT CURRENT_TIMESTAMP,
  `VEHICLE_NO_SURAT` varchar(200) NOT NULL,
  `REV_NO` int(11) NOT NULL,
  `SUPPLIER_NAME` varchar(250) NOT NULL,
  `PURCHASE_DATE` date NOT NULL,
  `COD_LOCAL` int(11) NOT NULL,
  `COD_JABODETABEK` int(11) NOT NULL,
  `VOLUME_BOX` int(11) NOT NULL,
  `PHOTO_OF_TRUCK` varchar(250) DEFAULT NULL,
  `VEHICLE_NOTE` longtext,
  `TOTAL_STANDARD` int(100) NOT NULL,
  `TOTAL_ACTUAL` int(100) NOT NULL,
  `TOTAL_PROFIT` int(100) NOT NULL,
  `TOTAL_VOLUME` int(100) NOT NULL,
  `ID` int(11) NOT NULL,
  `UPDATE_TIME` datetime NOT NULL DEFAULT CURRENT_TIMESTAMP
) ENGINE=InnoDB DEFAULT CHARSET=latin1;

--
-- Dumping data untuk tabel `kps_vehicle_`
--

INSERT INTO `kps_vehicle_` (`KPS_VEHICLE_ID`, `VEHICLE_NO`, `VEHICLE_NAME`, `VEHICLE_DATE`, `VEHICLE_NO_SURAT`, `REV_NO`, `SUPPLIER_NAME`, `PURCHASE_DATE`, `COD_LOCAL`, `COD_JABODETABEK`, `VOLUME_BOX`, `PHOTO_OF_TRUCK`, `VEHICLE_NOTE`, `TOTAL_STANDARD`, `TOTAL_ACTUAL`, `TOTAL_PROFIT`, `TOTAL_VOLUME`, `ID`, `UPDATE_TIME`) VALUES
(4, 'D 36438 HJ', 'TRUCK HINO', '2016-03-10 08:11:36', '16/DQS-SLS/III/1', 1, 'PT. Hino Jaya Sentosa', '2016-12-31', 60000, 500000, 348, '1399367_496744227147504_1433856433781589552_o.jpg', 'Test', 500000, 321000, 179000, 0, 1, '2016-05-03 17:42:30'),
(4, 'D 36438 HJ', 'TRUCK HINO X', '2016-03-10 08:11:36', '16/DQS-SLS/III/1', 1, 'PT. Hino Jaya Sentosa', '2016-12-31', 60000, 500000, 348, '1399367_496744227147504_1433856433781589552_o.jpg', 'Test', 500000, 321000, 179000, 0, 2, '2016-05-07 21:54:52'),
(4, 'D 36438 HJ', 'TRUCK HINO X', '2016-03-10 08:11:36', '16/DQS-SLS/III/1', 1, 'PT. Hino Jaya Sentosa', '2016-12-31', 60000, 500000, 348, '1399367_496744227147504_1433856433781589552_o.jpg', 'Test', 500000, -4458700, 4958700, 0, 3, '2016-06-01 13:50:04'),
(4, 'D 36438 HJ', 'TRUCK HINO X', '2016-03-10 08:11:36', '16/DQS-SLS/III/1', 1, 'PT. Hino Jaya Sentosa', '2016-12-31', 60000, 500000, 348, '1399367_496744227147504_1433856433781589552_o.jpg', 'Test', 0, 0, 0, 0, 4, '2016-06-01 13:50:49');

-- --------------------------------------------------------

--
-- Struktur dari tabel `pma_bookmark`
--

CREATE TABLE `pma_bookmark` (
  `id` int(11) NOT NULL,
  `dbase` varchar(255) COLLATE utf8_bin NOT NULL DEFAULT '',
  `user` varchar(255) COLLATE utf8_bin NOT NULL DEFAULT '',
  `label` varchar(255) CHARACTER SET utf8 NOT NULL DEFAULT '',
  `query` text COLLATE utf8_bin NOT NULL
) ENGINE=MyISAM DEFAULT CHARSET=utf8 COLLATE=utf8_bin COMMENT='Bookmarks';

-- --------------------------------------------------------

--
-- Struktur dari tabel `pma_column_info`
--

CREATE TABLE `pma_column_info` (
  `id` int(5) UNSIGNED NOT NULL,
  `db_name` varchar(64) COLLATE utf8_bin NOT NULL DEFAULT '',
  `table_name` varchar(64) COLLATE utf8_bin NOT NULL DEFAULT '',
  `column_name` varchar(64) COLLATE utf8_bin NOT NULL DEFAULT '',
  `comment` varchar(255) CHARACTER SET utf8 NOT NULL DEFAULT '',
  `mimetype` varchar(255) CHARACTER SET utf8 NOT NULL DEFAULT '',
  `transformation` varchar(255) COLLATE utf8_bin NOT NULL DEFAULT '',
  `transformation_options` varchar(255) COLLATE utf8_bin NOT NULL DEFAULT ''
) ENGINE=MyISAM DEFAULT CHARSET=utf8 COLLATE=utf8_bin COMMENT='Column information for phpMyAdmin';

-- --------------------------------------------------------

--
-- Struktur dari tabel `pma_designer_coords`
--

CREATE TABLE `pma_designer_coords` (
  `db_name` varchar(64) COLLATE utf8_bin NOT NULL DEFAULT '',
  `table_name` varchar(64) COLLATE utf8_bin NOT NULL DEFAULT '',
  `x` int(11) DEFAULT NULL,
  `y` int(11) DEFAULT NULL,
  `v` tinyint(4) DEFAULT NULL,
  `h` tinyint(4) DEFAULT NULL
) ENGINE=MyISAM DEFAULT CHARSET=utf8 COLLATE=utf8_bin COMMENT='Table coordinates for Designer';

-- --------------------------------------------------------

--
-- Struktur dari tabel `pma_history`
--

CREATE TABLE `pma_history` (
  `id` bigint(20) UNSIGNED NOT NULL,
  `username` varchar(64) COLLATE utf8_bin NOT NULL DEFAULT '',
  `db` varchar(64) COLLATE utf8_bin NOT NULL DEFAULT '',
  `table` varchar(64) COLLATE utf8_bin NOT NULL DEFAULT '',
  `timevalue` timestamp NOT NULL DEFAULT CURRENT_TIMESTAMP ON UPDATE CURRENT_TIMESTAMP,
  `sqlquery` text COLLATE utf8_bin NOT NULL
) ENGINE=MyISAM DEFAULT CHARSET=utf8 COLLATE=utf8_bin COMMENT='SQL history for phpMyAdmin';

-- --------------------------------------------------------

--
-- Struktur dari tabel `pma_pdf_pages`
--

CREATE TABLE `pma_pdf_pages` (
  `db_name` varchar(64) COLLATE utf8_bin NOT NULL DEFAULT '',
  `page_nr` int(10) UNSIGNED NOT NULL,
  `page_descr` varchar(50) CHARACTER SET utf8 NOT NULL DEFAULT ''
) ENGINE=MyISAM DEFAULT CHARSET=utf8 COLLATE=utf8_bin COMMENT='PDF relation pages for phpMyAdmin';

-- --------------------------------------------------------

--
-- Struktur dari tabel `pma_recent`
--

CREATE TABLE `pma_recent` (
  `username` varchar(64) COLLATE utf8_bin NOT NULL,
  `tables` text COLLATE utf8_bin NOT NULL
) ENGINE=MyISAM DEFAULT CHARSET=utf8 COLLATE=utf8_bin COMMENT='Recently accessed tables';

--
-- Dumping data untuk tabel `pma_recent`
--

INSERT INTO `pma_recent` (`username`, `tables`) VALUES
('root', '[{"db":"kpsabdy","table":"kps_invoice_induk"},{"db":"kpsabdy","table":"kps_invoice_detail"},{"db":"kpsabdy","table":"kps_invoice"},{"db":"kpsabdy","table":"kps_loi"},{"db":"kpsabdy","table":"kps_barcode"},{"db":"kpsabdy","table":"kps_bukti_pesanan"},{"db":"kpsabdy","table":"kps_rfq"},{"db":"kpsabdy","table":"kps_breakdown_cost"},{"db":"kpsabdy","table":"kps_quotation"},{"db":"kpsabdy","table":"kps_quotation_detail"}]');

-- --------------------------------------------------------

--
-- Struktur dari tabel `pma_relation`
--

CREATE TABLE `pma_relation` (
  `master_db` varchar(64) COLLATE utf8_bin NOT NULL DEFAULT '',
  `master_table` varchar(64) COLLATE utf8_bin NOT NULL DEFAULT '',
  `master_field` varchar(64) COLLATE utf8_bin NOT NULL DEFAULT '',
  `foreign_db` varchar(64) COLLATE utf8_bin NOT NULL DEFAULT '',
  `foreign_table` varchar(64) COLLATE utf8_bin NOT NULL DEFAULT '',
  `foreign_field` varchar(64) COLLATE utf8_bin NOT NULL DEFAULT ''
) ENGINE=MyISAM DEFAULT CHARSET=utf8 COLLATE=utf8_bin COMMENT='Relation table';

-- --------------------------------------------------------

--
-- Struktur dari tabel `pma_table_coords`
--

CREATE TABLE `pma_table_coords` (
  `db_name` varchar(64) COLLATE utf8_bin NOT NULL DEFAULT '',
  `table_name` varchar(64) COLLATE utf8_bin NOT NULL DEFAULT '',
  `pdf_page_number` int(11) NOT NULL DEFAULT '0',
  `x` float UNSIGNED NOT NULL DEFAULT '0',
  `y` float UNSIGNED NOT NULL DEFAULT '0'
) ENGINE=MyISAM DEFAULT CHARSET=utf8 COLLATE=utf8_bin COMMENT='Table coordinates for phpMyAdmin PDF output';

-- --------------------------------------------------------

--
-- Struktur dari tabel `pma_table_info`
--

CREATE TABLE `pma_table_info` (
  `db_name` varchar(64) COLLATE utf8_bin NOT NULL DEFAULT '',
  `table_name` varchar(64) COLLATE utf8_bin NOT NULL DEFAULT '',
  `display_field` varchar(64) COLLATE utf8_bin NOT NULL DEFAULT ''
) ENGINE=MyISAM DEFAULT CHARSET=utf8 COLLATE=utf8_bin COMMENT='Table information for phpMyAdmin';

-- --------------------------------------------------------

--
-- Struktur dari tabel `pma_table_uiprefs`
--

CREATE TABLE `pma_table_uiprefs` (
  `username` varchar(64) COLLATE utf8_bin NOT NULL,
  `db_name` varchar(64) COLLATE utf8_bin NOT NULL,
  `table_name` varchar(64) COLLATE utf8_bin NOT NULL,
  `prefs` text COLLATE utf8_bin NOT NULL,
  `last_update` timestamp NOT NULL DEFAULT CURRENT_TIMESTAMP ON UPDATE CURRENT_TIMESTAMP
) ENGINE=MyISAM DEFAULT CHARSET=utf8 COLLATE=utf8_bin COMMENT='Tables'' UI preferences';

--
-- Dumping data untuk tabel `pma_table_uiprefs`
--

INSERT INTO `pma_table_uiprefs` (`username`, `db_name`, `table_name`, `prefs`, `last_update`) VALUES
('root', 'kpsabdy', 'kps_breakdown_cost', '{"CREATE_TIME":"2016-02-25 09:24:46","col_visib":["1","1","1","1","1","1","1","1","1","1","1","1","1","1","1","1","1","1","1","1","1","1","1","1","1","1"]}', '2016-03-03 02:49:13');

-- --------------------------------------------------------

--
-- Struktur dari tabel `pma_tracking`
--

CREATE TABLE `pma_tracking` (
  `db_name` varchar(64) COLLATE utf8_bin NOT NULL,
  `table_name` varchar(64) COLLATE utf8_bin NOT NULL,
  `version` int(10) UNSIGNED NOT NULL,
  `date_created` datetime NOT NULL,
  `date_updated` datetime NOT NULL,
  `schema_snapshot` text COLLATE utf8_bin NOT NULL,
  `schema_sql` text COLLATE utf8_bin,
  `data_sql` longtext COLLATE utf8_bin,
  `tracking` set('UPDATE','REPLACE','INSERT','DELETE','TRUNCATE','CREATE DATABASE','ALTER DATABASE','DROP DATABASE','CREATE TABLE','ALTER TABLE','RENAME TABLE','DROP TABLE','CREATE INDEX','DROP INDEX','CREATE VIEW','ALTER VIEW','DROP VIEW') COLLATE utf8_bin DEFAULT NULL,
  `tracking_active` int(1) UNSIGNED NOT NULL DEFAULT '1'
) ENGINE=MyISAM DEFAULT CHARSET=utf8 COLLATE=utf8_bin COMMENT='Database changes tracking for phpMyAdmin' ROW_FORMAT=COMPACT;

-- --------------------------------------------------------

--
-- Struktur dari tabel `pma_userconfig`
--

CREATE TABLE `pma_userconfig` (
  `username` varchar(64) COLLATE utf8_bin NOT NULL,
  `timevalue` timestamp NOT NULL DEFAULT CURRENT_TIMESTAMP ON UPDATE CURRENT_TIMESTAMP,
  `config_data` text COLLATE utf8_bin NOT NULL
) ENGINE=MyISAM DEFAULT CHARSET=utf8 COLLATE=utf8_bin COMMENT='User preferences storage for phpMyAdmin';

--
-- Dumping data untuk tabel `pma_userconfig`
--

INSERT INTO `pma_userconfig` (`username`, `timevalue`, `config_data`) VALUES
('root', '2016-02-21 06:59:03', '{"lang":"id"}');

-- --------------------------------------------------------

--
-- Struktur dari tabel `semarconfig`
--

CREATE TABLE `semarconfig` (
  `semarconfig_id` int(11) NOT NULL,
  `semarconfig_key` varchar(500) NOT NULL,
  `semarconfig_val` longtext NOT NULL,
  `semarconfig_active` int(11) NOT NULL DEFAULT '1'
) ENGINE=InnoDB DEFAULT CHARSET=latin1;

-- --------------------------------------------------------

--
-- Struktur dari tabel `tdash`
--

CREATE TABLE `tdash` (
  `tdash_id` int(11) NOT NULL,
  `tdash_group` int(11) DEFAULT '0',
  `tdash_module` varchar(255) NOT NULL,
  `tdash_active` int(11) DEFAULT '1'
) ENGINE=InnoDB DEFAULT CHARSET=latin1;

-- --------------------------------------------------------

--
-- Struktur dari tabel `tfm`
--

CREATE TABLE `tfm` (
  `tfmid` int(11) NOT NULL,
  `tfm_refprefix` varchar(50) NOT NULL,
  `tfm_refid` varchar(50) NOT NULL,
  `tfm_date` varchar(50) NOT NULL,
  `tfm_type` varchar(50) NOT NULL
) ENGINE=InnoDB DEFAULT CHARSET=utf8;

-- --------------------------------------------------------

--
-- Struktur dari tabel `tlog`
--

CREATE TABLE `tlog` (
  `ID_Log` int(11) NOT NULL,
  `logIP` varchar(15) DEFAULT NULL,
  `logDateTime` date DEFAULT NULL,
  `logUser` varchar(30) DEFAULT NULL,
  `Description` varchar(255) DEFAULT NULL
) ENGINE=InnoDB DEFAULT CHARSET=utf8;

-- --------------------------------------------------------

--
-- Struktur dari tabel `tmenu`
--

CREATE TABLE `tmenu` (
  `ID_Menu` int(11) NOT NULL,
  `menu` varchar(50) DEFAULT NULL,
  `parent_id` smallint(5) DEFAULT '1',
  `pages` varchar(50) DEFAULT '-',
  `url_query` varchar(120) DEFAULT '-',
  `iconCls` varchar(30) DEFAULT '-',
  `expanded` varchar(5) NOT NULL,
  `leaf` varchar(5) NOT NULL
) ENGINE=InnoDB DEFAULT CHARSET=utf8;

-- --------------------------------------------------------

--
-- Struktur dari tabel `tnf`
--

CREATE TABLE `tnf` (
  `tnf_id` int(11) NOT NULL,
  `tnf_title` varchar(50) NOT NULL,
  `tnf_description` text NOT NULL,
  `tnf_send_date` varchar(50) NOT NULL,
  `tnf_send_NIP` varchar(50) NOT NULL,
  `tnf_ref_id` varchar(50) NOT NULL,
  `tnf_ref_table` varchar(50) NOT NULL,
  `tnf_type` int(10) DEFAULT '0'
) ENGINE=InnoDB DEFAULT CHARSET=utf8;

-- --------------------------------------------------------

--
-- Struktur dari tabel `tnfst`
--

CREATE TABLE `tnfst` (
  `tnfst_id` int(11) NOT NULL,
  `tnfst_title` varchar(500) NOT NULL,
  `tnfst_modulecode` varchar(500) NOT NULL
) ENGINE=InnoDB DEFAULT CHARSET=latin1;

-- --------------------------------------------------------

--
-- Struktur dari tabel `tnfstd`
--

CREATE TABLE `tnfstd` (
  `tnfstd_id` int(11) NOT NULL,
  `tnfstd_nml` varchar(1000) NOT NULL,
  `tnfstd_NIP` varchar(1000) NOT NULL,
  `tnfstd_unor` varchar(1000) DEFAULT NULL,
  `tnfstd_unker` varchar(1000) DEFAULT NULL,
  `tnfstd_asapprv` varchar(1000) NOT NULL,
  `tnfstd_tnfst_id` int(11) NOT NULL,
  `tnfstd_state` int(11) NOT NULL DEFAULT '0'
) ENGINE=InnoDB DEFAULT CHARSET=latin1;

-- --------------------------------------------------------

--
-- Struktur dari tabel `tnf_approval`
--

CREATE TABLE `tnf_approval` (
  `tnf_approval_id` int(11) NOT NULL,
  `tnf_approval_value` int(10) DEFAULT '0',
  `tnf_approval_value_approve` int(10) NOT NULL,
  `tnf_approval_value_reject` int(10) NOT NULL,
  `tnf_approval_date` varchar(50) NOT NULL,
  `tnf_approval_tnf_id` bigint(19) NOT NULL,
  `tnf_approval_by_NIP` varchar(50) NOT NULL,
  `tnf_approval_note_1` text,
  `tnf_approval_note_2` text
) ENGINE=InnoDB DEFAULT CHARSET=utf8;

-- --------------------------------------------------------

--
-- Struktur dari tabel `tnf_receiver`
--

CREATE TABLE `tnf_receiver` (
  `tnf_receiver_id` int(11) NOT NULL,
  `tnf_receiver_value` varchar(50) NOT NULL,
  `tnf_receiver_date` varchar(50) NOT NULL,
  `tnf_receiver_is_read` int(10) DEFAULT '0',
  `tnf_receiver_tnf_id` bigint(19) NOT NULL,
  `tnf_receiver_as_approval` int(10) DEFAULT '0',
  `tnf_receiver_type` int(10) DEFAULT '0'
) ENGINE=InnoDB DEFAULT CHARSET=utf8;

-- --------------------------------------------------------

--
-- Struktur dari tabel `tpegawai`
--

CREATE TABLE `tpegawai` (
  `ID_Pegawai` int(11) NOT NULL,
  `NIP` varchar(21) NOT NULL,
  `NIP_Lama` varchar(12) DEFAULT NULL,
  `nama_lengkap` varchar(120) DEFAULT NULL,
  `gelar_d` varchar(15) DEFAULT NULL,
  `gelar_b` varchar(15) DEFAULT NULL,
  `tempat_lahir` varchar(30) DEFAULT NULL,
  `tanggal_lahir` date DEFAULT '0000-00-00',
  `jenis_kelamin` enum('L','P') DEFAULT NULL,
  `suku` varchar(30) DEFAULT '-',
  `agama` enum('Islam','Katolik','Protestan','Hindu','Budha') DEFAULT 'Islam',
  `warga_negara` enum('WNI','WNA') DEFAULT 'WNI',
  `status_kawin` enum('Belum Kawin','Kawin','Janda','Duda') DEFAULT 'Belum Kawin',
  `gol_darah` enum('-','A','B','AB','O','A+','A-','B+','B-','AB+','AB-','O+','O-') DEFAULT '-',
  `tinggi` tinyint(3) UNSIGNED DEFAULT NULL,
  `berat` tinyint(3) UNSIGNED DEFAULT NULL,
  `rambut` varchar(12) DEFAULT NULL,
  `bentuk_muka` varchar(12) DEFAULT NULL,
  `warna_kulit` varchar(12) DEFAULT NULL,
  `ciri2_khas` varchar(30) DEFAULT NULL,
  `cacat_tubuh` varchar(30) DEFAULT NULL,
  `hobby` varchar(30) DEFAULT NULL,
  `no_KTP` varchar(16) DEFAULT '-',
  `no_NPWP` varchar(20) DEFAULT '-',
  `no_KARPEG` varchar(30) DEFAULT '-',
  `no_ASKES` varchar(30) DEFAULT '-',
  `no_KARIS` varchar(30) DEFAULT '-',
  `no_TASPEN` varchar(30) DEFAULT '-',
  `no_SPMT` varchar(30) DEFAULT NULL,
  `tgl_SPMT` date DEFAULT NULL,
  `no_KPKN` varchar(30) DEFAULT NULL,
  `no_KTUA` varchar(30) DEFAULT NULL,
  `kode_jpeg` tinyint(4) DEFAULT '1',
  `kode_dupeg` int(4) DEFAULT '1',
  `kode_unor` int(11) DEFAULT NULL,
  `nama_unor` varchar(45) NOT NULL,
  `urut_unor` int(11) DEFAULT NULL,
  `kode_unker` varchar(45) NOT NULL,
  `nama_unker` varchar(45) NOT NULL,
  `email` varchar(45) NOT NULL,
  `kode_jab` int(11) DEFAULT NULL,
  `nama_jab` varchar(45) NOT NULL,
  `kode_grade` int(11) DEFAULT NULL,
  `kode_golru` tinyint(4) DEFAULT NULL,
  `TMT_kpkt` date DEFAULT '0000-00-00',
  `kode_eselon` tinyint(4) DEFAULT NULL,
  `asal_instansi` varchar(150) DEFAULT NULL,
  `lokasi_kerja` varchar(150) DEFAULT NULL,
  `IDP_Pddk` int(11) DEFAULT NULL,
  `IDP_Kpkt` int(11) DEFAULT NULL,
  `IDP_Jab` int(11) DEFAULT NULL,
  `IDP_Diklat` int(11) DEFAULT NULL,
  `IDP_Dik_PIM` int(11) DEFAULT NULL,
  `IDP_Dik_PraJab` int(11) DEFAULT NULL,
  `IDP_Dik_Teknis` int(11) DEFAULT NULL,
  `IDP_Dik_Fung` int(11) DEFAULT NULL,
  `IDP_DP3` int(11) DEFAULT NULL,
  `IDP_SKP` int(11) DEFAULT NULL,
  `IDP_KGB` int(11) DEFAULT NULL,
  `IDP_AK` int(11) DEFAULT NULL,
  `IDP_Reward` int(11) DEFAULT NULL,
  `IDP_HukDis` int(11) DEFAULT NULL,
  `IDP_Seminar` int(11) DEFAULT NULL,
  `IDP_KT` int(11) DEFAULT NULL,
  `IDP_Org` int(11) DEFAULT NULL,
  `IDP_PK` int(11) DEFAULT NULL,
  `nilai_toefl` float DEFAULT NULL,
  `tgl_toefl` datetime DEFAULT NULL,
  `createdBy` varchar(15) DEFAULT NULL,
  `createdDate` datetime DEFAULT '0000-00-00 00:00:00',
  `updatedBy` varchar(15) DEFAULT NULL,
  `updatedDate` datetime DEFAULT '0000-00-00 00:00:00',
  `status_data` tinyint(1) DEFAULT '1',
  `plafon_kesehatan` double DEFAULT NULL,
  `ID_pinger` int(11) DEFAULT NULL,
  `nomor_kpj` varchar(50) DEFAULT NULL,
  `nominal_potongan` double DEFAULT NULL
) ENGINE=MyISAM DEFAULT CHARSET=latin1;

-- --------------------------------------------------------

--
-- Struktur dari tabel `tpest`
--

CREATE TABLE `tpest` (
  `tpest_id` int(11) NOT NULL,
  `tpest_title` varchar(500) NOT NULL,
  `tpest_modulecode` varchar(500) NOT NULL
) ENGINE=InnoDB DEFAULT CHARSET=latin1 ROW_FORMAT=COMPACT;

-- --------------------------------------------------------

--
-- Struktur dari tabel `tpestd`
--

CREATE TABLE `tpestd` (
  `tpestd_id` int(11) NOT NULL,
  `tpestd_text` varchar(200) NOT NULL,
  `tpestd_tpest_id` int(11) NOT NULL,
  `tpestd_state` int(11) NOT NULL,
  `tpestd_true` int(11) NOT NULL,
  `tpestd_false` int(11) NOT NULL,
  `tpestd_next` int(11) NOT NULL,
  `tpestd_proses` int(11) NOT NULL,
  `tpestd_status` int(11) NOT NULL
) ENGINE=InnoDB DEFAULT CHARSET=latin1 ROW_FORMAT=COMPACT;

-- --------------------------------------------------------

--
-- Struktur dari tabel `tref_jabatan`
--

CREATE TABLE `tref_jabatan` (
  `kode_klp_jab` int(11) NOT NULL,
  `kode_jab` varchar(45) NOT NULL,
  `struktural_val` varchar(45) NOT NULL
) ENGINE=InnoDB DEFAULT CHARSET=latin1;

-- --------------------------------------------------------

--
-- Struktur dari tabel `tref_jns_pgw`
--

CREATE TABLE `tref_jns_pgw` (
  `ID_JPEG` int(11) NOT NULL,
  `kode_jpeg` smallint(5) NOT NULL,
  `jenis_pegawai` varchar(50) DEFAULT NULL,
  `createdBy` varchar(15) DEFAULT NULL,
  `createdDate` timestamp NULL DEFAULT NULL,
  `updatedBy` varchar(15) DEFAULT NULL,
  `updatedDate` timestamp NULL DEFAULT NULL,
  `status_data` smallint(5) DEFAULT '1'
) ENGINE=InnoDB DEFAULT CHARSET=utf8;

-- --------------------------------------------------------

--
-- Struktur dari tabel `tref_kabkota`
--

CREATE TABLE `tref_kabkota` (
  `ID_KK` int(11) NOT NULL,
  `kode_prov` int(10) NOT NULL,
  `kode_kabkota` int(10) NOT NULL,
  `nama_kabkota` varchar(50) DEFAULT NULL,
  `createdBy` varchar(15) DEFAULT NULL,
  `createdDate` timestamp NULL DEFAULT NULL,
  `updatedBy` varchar(15) DEFAULT NULL,
  `updatedDate` timestamp NULL DEFAULT NULL,
  `status_data` smallint(5) DEFAULT '1'
) ENGINE=InnoDB DEFAULT CHARSET=utf8;

--
-- Dumping data untuk tabel `tref_kabkota`
--

INSERT INTO `tref_kabkota` (`ID_KK`, `kode_prov`, `kode_kabkota`, `nama_kabkota`, `createdBy`, `createdDate`, `updatedBy`, `updatedDate`, `status_data`) VALUES
(1, 11, 1, 'ACEH SELATAN', NULL, NULL, NULL, NULL, 1),
(34, 11, 2, 'ACEH TENGGARA', NULL, NULL, NULL, NULL, 1),
(66, 11, 3, 'ACEH TIMUR', NULL, NULL, NULL, NULL, 1),
(98, 11, 4, 'ACEH TENGAH', NULL, NULL, NULL, NULL, 1),
(130, 11, 5, 'ACEH BARAT', NULL, NULL, NULL, NULL, 1),
(160, 11, 6, 'ACEH BESAR', NULL, NULL, NULL, NULL, 1),
(187, 11, 7, 'PIDIE', NULL, NULL, NULL, NULL, 1),
(213, 11, 8, 'ACEH UTARA', NULL, NULL, NULL, NULL, 1),
(238, 11, 9, 'SIMEULUE', NULL, NULL, NULL, NULL, 1),
(261, 11, 10, 'ACEH SINGKIL', NULL, NULL, NULL, NULL, 1),
(281, 11, 11, 'BIREUEN', NULL, NULL, NULL, NULL, 1),
(296, 11, 12, 'ACEH BARAT DAYA', NULL, NULL, NULL, NULL, 1),
(308, 11, 13, 'GAYO LUES', NULL, NULL, NULL, NULL, 1),
(317, 11, 14, 'ACEH JAYA', NULL, NULL, NULL, NULL, 1),
(325, 11, 15, 'NAGAN RAYA', NULL, NULL, NULL, NULL, 1),
(333, 11, 16, 'ACEH TAMIANG', NULL, NULL, NULL, NULL, 1),
(341, 11, 17, 'BENER MERIAH', NULL, NULL, NULL, NULL, 1),
(349, 11, 18, 'PIDIE JAYA', NULL, NULL, NULL, NULL, 1),
(400, 11, 71, 'KOTA BANDA ACEH', NULL, NULL, NULL, NULL, 1),
(432, 11, 72, 'KOTA SABANG', NULL, NULL, NULL, NULL, 1),
(454, 11, 73, 'KOTA LHOKSEUMAWE', NULL, NULL, NULL, NULL, 1),
(466, 11, 74, 'KOTA LANGSA', NULL, NULL, NULL, NULL, 1),
(477, 11, 75, 'SUBULUSSALAM', NULL, NULL, NULL, NULL, 1),
(2, 12, 1, 'TAPANULI TENGAH', NULL, NULL, NULL, NULL, 1),
(35, 12, 2, 'TAPANULI UTARA', NULL, NULL, NULL, NULL, 1),
(67, 12, 3, 'TAPANULI SELATAN', NULL, NULL, NULL, NULL, 1),
(99, 12, 4, 'NIAS', NULL, NULL, NULL, NULL, 1),
(131, 12, 5, 'LANGKAT', NULL, NULL, NULL, NULL, 1),
(161, 12, 6, 'KARO', NULL, NULL, NULL, NULL, 1),
(188, 12, 7, 'DELI SERDANG', NULL, NULL, NULL, NULL, 1),
(214, 12, 8, 'SIMALUNGUN', NULL, NULL, NULL, NULL, 1),
(239, 12, 9, 'ASAHAN', NULL, NULL, NULL, NULL, 1),
(262, 12, 10, 'LABUAN BATU', NULL, NULL, NULL, NULL, 1),
(282, 12, 11, 'DAIRI', NULL, NULL, NULL, NULL, 1),
(297, 12, 12, 'TOBA SAMOSIR', NULL, NULL, NULL, NULL, 1),
(309, 12, 13, 'MANDAILING NATAL', NULL, NULL, NULL, NULL, 1),
(318, 12, 14, 'NIAS SELATAN', NULL, NULL, NULL, NULL, 1),
(326, 12, 15, 'PAKPAK BHARAT', NULL, NULL, NULL, NULL, 1),
(334, 12, 16, 'HUMBANG HASUNDUTAN', NULL, NULL, NULL, NULL, 1),
(342, 12, 17, 'SAMOSIR', NULL, NULL, NULL, NULL, 1),
(350, 12, 18, 'SERDANG BEDAGAI', NULL, NULL, NULL, NULL, 1),
(356, 12, 19, 'BATU BARA', NULL, NULL, NULL, NULL, 1),
(361, 12, 20, 'PADANG LAWAS UTARA', NULL, NULL, NULL, NULL, 1),
(366, 12, 21, 'PADANG LAWAS', NULL, NULL, NULL, NULL, 1),
(370, 12, 22, 'LABUAN BATU SELATAN', NULL, NULL, NULL, NULL, 1),
(375, 12, 23, 'LABUAN BATU UTARA', NULL, NULL, NULL, NULL, 1),
(379, 12, 24, 'NIAS UTARA', NULL, NULL, NULL, NULL, 1),
(384, 12, 25, 'NIAS BARAT', NULL, NULL, NULL, NULL, 1),
(401, 12, 71, 'KOTA MEDAN', NULL, NULL, NULL, NULL, 1),
(433, 12, 72, 'KOTA PEMATANG SIANTAR', NULL, NULL, NULL, NULL, 1),
(455, 12, 73, 'KOTA SIBOLGA', NULL, NULL, NULL, NULL, 1),
(467, 12, 74, 'KOTA TANJUNG BALAI', NULL, NULL, NULL, NULL, 1),
(478, 12, 75, 'KOTA BINJAI', NULL, NULL, NULL, NULL, 1),
(484, 12, 76, 'KOTA TEBING TINGGI', NULL, NULL, NULL, NULL, 1),
(489, 12, 77, 'KOTA PADANG SIDEMPUAN', NULL, NULL, NULL, NULL, 1),
(493, 12, 78, 'KOTA GUNUNGSITOLI', NULL, NULL, NULL, NULL, 1),
(3, 13, 1, 'PESISIR SELATAN', NULL, NULL, NULL, NULL, 1),
(36, 13, 2, 'SOLOK', NULL, NULL, NULL, NULL, 1),
(68, 13, 3, 'SAWAHLUNTOH-SIJUNJUNG', NULL, NULL, NULL, NULL, 1),
(100, 13, 4, 'TANAH DATAR', NULL, NULL, NULL, NULL, 1),
(132, 13, 5, 'PADANG PARIAMAN', NULL, NULL, NULL, NULL, 1),
(162, 13, 6, 'AGAM', NULL, NULL, NULL, NULL, 1),
(189, 13, 7, 'LIMA PULUH KOTO', NULL, NULL, NULL, NULL, 1),
(215, 13, 8, 'PASAMAN', NULL, NULL, NULL, NULL, 1),
(240, 13, 9, 'KEPULAUAN MENTAWAI', NULL, NULL, NULL, NULL, 1),
(263, 13, 10, 'DHARMASRAYA', NULL, NULL, NULL, NULL, 1),
(283, 13, 11, 'SOLOK SELATAN', NULL, NULL, NULL, NULL, 1),
(298, 13, 12, 'PASAMAN BARAT', NULL, NULL, NULL, NULL, 1),
(402, 13, 71, 'KOTA PADANG', NULL, NULL, NULL, NULL, 1),
(434, 13, 72, 'KOTA SOLOK', NULL, NULL, NULL, NULL, 1),
(456, 13, 73, 'KOTA SAWAH LUNTO', NULL, NULL, NULL, NULL, 1),
(468, 13, 74, 'KOTA PADANG PANJANG', NULL, NULL, NULL, NULL, 1),
(479, 13, 75, 'KOTA BUKIT TINGGI', NULL, NULL, NULL, NULL, 1),
(485, 13, 76, 'KOTA PAYAKUMBUH', NULL, NULL, NULL, NULL, 1),
(490, 13, 77, 'KOTA PARIAMAN', NULL, NULL, NULL, NULL, 1),
(4, 14, 1, 'KAMPAR', NULL, NULL, NULL, NULL, 1),
(37, 14, 2, 'INDRAGIRI HULU', NULL, NULL, NULL, NULL, 1),
(69, 14, 3, 'BENGKALIS', NULL, NULL, NULL, NULL, 1),
(101, 14, 4, 'INDRAGIRI HILIR', NULL, NULL, NULL, NULL, 1),
(133, 14, 5, 'PELALAWAN', NULL, NULL, NULL, NULL, 1),
(163, 14, 6, 'ROKAN HULU', NULL, NULL, NULL, NULL, 1),
(190, 14, 7, 'ROKAN HILIR', NULL, NULL, NULL, NULL, 1),
(216, 14, 8, 'SIAK', NULL, NULL, NULL, NULL, 1),
(241, 14, 9, 'KUANTAN SINGINGI', NULL, NULL, NULL, NULL, 1),
(264, 14, 10, 'PULAU MERANTI', NULL, NULL, NULL, NULL, 1),
(403, 14, 71, 'KOTA PEKANBARU', NULL, NULL, NULL, NULL, 1),
(435, 14, 72, 'KOTA DUMAI', NULL, NULL, NULL, NULL, 1),
(5, 15, 1, 'KERINCI', NULL, NULL, NULL, NULL, 1),
(38, 15, 2, 'MERANGIN', NULL, NULL, NULL, NULL, 1),
(70, 15, 3, 'SAROLANGUN', NULL, NULL, NULL, NULL, 1),
(102, 15, 4, 'BATANG HARI', NULL, NULL, NULL, NULL, 1),
(134, 15, 5, 'MUARO JAMBI', NULL, NULL, NULL, NULL, 1),
(164, 15, 6, 'TANJUNG JABUNG BARAT', NULL, NULL, NULL, NULL, 1),
(191, 15, 7, 'TANJUNG JABUNG TIMUR', NULL, NULL, NULL, NULL, 1),
(217, 15, 8, 'BUNGO', NULL, NULL, NULL, NULL, 1),
(242, 15, 9, 'TEBO', NULL, NULL, NULL, NULL, 1),
(404, 15, 71, 'KOTA JAMBI', NULL, NULL, NULL, NULL, 1),
(436, 15, 72, 'KOTA SUNGAI PENUH', NULL, NULL, NULL, NULL, 1),
(6, 16, 1, 'OGAN KOMERING ULU', NULL, NULL, NULL, NULL, 1),
(39, 16, 2, 'OGAN KOMERING ILIR', NULL, NULL, NULL, NULL, 1),
(71, 16, 3, 'MUARA ENIM', NULL, NULL, NULL, NULL, 1),
(103, 16, 4, 'LAHAT', NULL, NULL, NULL, NULL, 1),
(135, 16, 5, 'MUSI RAWAS', NULL, NULL, NULL, NULL, 1),
(165, 16, 6, 'MUSI BANYUASIN', NULL, NULL, NULL, NULL, 1),
(192, 16, 7, 'BANYUASIN', NULL, NULL, NULL, NULL, 1),
(218, 16, 8, 'OGAN KOMERING ULU TIMUR', NULL, NULL, NULL, NULL, 1),
(243, 16, 9, 'OGAN KOMERING ULU SELATAN', NULL, NULL, NULL, NULL, 1),
(265, 16, 10, 'OGAN ILIR', NULL, NULL, NULL, NULL, 1),
(284, 16, 11, 'EMPAT LAWANG', NULL, NULL, NULL, NULL, 1),
(405, 16, 71, 'KOTA PALEMBANG', NULL, NULL, NULL, NULL, 1),
(437, 16, 72, 'KOTA PAGAR ALAM', NULL, NULL, NULL, NULL, 1),
(457, 16, 73, 'KOTA LUBUK LINGGAU', NULL, NULL, NULL, NULL, 1),
(469, 16, 74, 'KOTA PRABUMULIH', NULL, NULL, NULL, NULL, 1),
(7, 17, 1, 'BENGKULU SELATAN', NULL, NULL, NULL, NULL, 1),
(40, 17, 2, 'REJANG LEBONG', NULL, NULL, NULL, NULL, 1),
(72, 17, 3, 'BENGKULU UTARA', NULL, NULL, NULL, NULL, 1),
(104, 17, 4, 'KAUR', NULL, NULL, NULL, NULL, 1),
(136, 17, 5, 'SELUMA', NULL, NULL, NULL, NULL, 1),
(166, 17, 6, 'MUKO-MUKO', NULL, NULL, NULL, NULL, 1),
(193, 17, 7, 'LEBONG', NULL, NULL, NULL, NULL, 1),
(219, 17, 8, 'KEPAHIANG', NULL, NULL, NULL, NULL, 1),
(244, 17, 9, 'BENGKULU TENGAH', NULL, NULL, NULL, NULL, 1),
(406, 17, 71, 'BENGKULU', NULL, NULL, NULL, NULL, 1),
(8, 18, 1, 'LAMPUNG SELATAN', NULL, NULL, NULL, NULL, 1),
(41, 18, 2, 'LAMPUNG TENGAH', NULL, NULL, NULL, NULL, 1),
(73, 18, 3, 'LAMPUNG UTARA', NULL, NULL, NULL, NULL, 1),
(105, 18, 4, 'LAMPUNG BARAT', NULL, NULL, NULL, NULL, 1),
(137, 18, 5, 'TULANG BAWANG', NULL, NULL, NULL, NULL, 1),
(167, 18, 6, 'TANGGAMUS', NULL, NULL, NULL, NULL, 1),
(194, 18, 7, 'LAMPUNG TIMUR', NULL, NULL, NULL, NULL, 1),
(220, 18, 8, 'WAY KANAN', NULL, NULL, NULL, NULL, 1),
(245, 18, 9, 'PESAWARAN', NULL, NULL, NULL, NULL, 1),
(266, 18, 10, 'PRINGSEWU', NULL, NULL, NULL, NULL, 1),
(285, 18, 11, 'MESUJI', NULL, NULL, NULL, NULL, 1),
(299, 18, 12, 'TULANG BAWANG BARAT', NULL, NULL, NULL, NULL, 1),
(407, 18, 71, 'BANDAR LAMPUNG', NULL, NULL, NULL, NULL, 1),
(438, 18, 72, 'METRO', NULL, NULL, NULL, NULL, 1),
(9, 19, 1, 'BANGKA', NULL, NULL, NULL, NULL, 1),
(42, 19, 2, 'BELITUNG', NULL, NULL, NULL, NULL, 1),
(74, 19, 3, 'BANGKA SELATAN', NULL, NULL, NULL, NULL, 1),
(106, 19, 4, 'BANGKA TENGAH', NULL, NULL, NULL, NULL, 1),
(138, 19, 5, 'BANGKA BARAT', NULL, NULL, NULL, NULL, 1),
(168, 19, 6, 'BELITUNG TIMUR', NULL, NULL, NULL, NULL, 1),
(408, 19, 71, 'KOTA PANGKAL PINANG', NULL, NULL, NULL, NULL, 1),
(10, 21, 1, 'KEPULAUAN RIAU', NULL, NULL, NULL, NULL, 1),
(43, 21, 2, 'KARIMUN', NULL, NULL, NULL, NULL, 1),
(75, 21, 3, 'NATUNA', NULL, NULL, NULL, NULL, 1),
(107, 21, 4, 'LINGGA', NULL, NULL, NULL, NULL, 1),
(139, 21, 5, 'KEPULAUAN ANAMBAS', NULL, NULL, NULL, NULL, 1),
(409, 21, 71, 'KOTA BATAM', NULL, NULL, NULL, NULL, 1),
(439, 21, 72, 'KOTA TANJUNG PINANG', NULL, NULL, NULL, NULL, 1),
(11, 31, 1, 'KEPULAUAN SERIBU', NULL, NULL, NULL, NULL, 1),
(410, 31, 71, 'JAKARTA PUSAT', NULL, NULL, NULL, NULL, 1),
(440, 31, 72, 'JAKARTA UTARA', NULL, NULL, NULL, NULL, 1),
(458, 31, 73, 'JAKARTA BARAT', NULL, NULL, NULL, NULL, 1),
(470, 31, 74, 'JAKARTA SELATAN', NULL, NULL, NULL, NULL, 1),
(480, 31, 75, 'JAKARTA TIMUR', NULL, NULL, NULL, NULL, 1),
(12, 32, 1, 'BOGOR', NULL, NULL, NULL, NULL, 1),
(44, 32, 2, 'SUKABUMI', NULL, NULL, NULL, NULL, 1),
(76, 32, 3, 'CIANJUR', NULL, NULL, NULL, NULL, 1),
(108, 32, 4, 'BANDUNG', NULL, NULL, NULL, NULL, 1),
(140, 32, 5, 'GARUT', NULL, NULL, NULL, NULL, 1),
(169, 32, 6, 'TASIKMALAYA', NULL, NULL, NULL, NULL, 1),
(195, 32, 7, 'CIAMIS', NULL, NULL, NULL, NULL, 1),
(221, 32, 8, 'KUNINGAN', NULL, NULL, NULL, NULL, 1),
(246, 32, 9, 'CIREBON', NULL, NULL, NULL, NULL, 1),
(267, 32, 10, 'MAJALENGKA', NULL, NULL, NULL, NULL, 1),
(286, 32, 11, 'SUMEDANG', NULL, NULL, NULL, NULL, 1),
(300, 32, 12, 'INDRAMAYU', NULL, NULL, NULL, NULL, 1),
(310, 32, 13, 'SUBANG', NULL, NULL, NULL, NULL, 1),
(319, 32, 14, 'PURWAKARTA', NULL, NULL, NULL, NULL, 1),
(327, 32, 15, 'KARAWANG', NULL, NULL, NULL, NULL, 1),
(335, 32, 16, 'BEKASI', NULL, NULL, NULL, NULL, 1),
(343, 32, 17, 'BANDUNG BARAT', NULL, NULL, NULL, NULL, 1),
(411, 32, 71, 'KOTA BOGOR', NULL, NULL, NULL, NULL, 1),
(441, 32, 72, 'KOTA SUKABUMI', NULL, NULL, NULL, NULL, 1),
(459, 32, 73, 'KOTA BANDUNG', NULL, NULL, NULL, NULL, 1),
(471, 32, 74, 'KOTA CIREBON', NULL, NULL, NULL, NULL, 1),
(481, 32, 75, 'KOTA BEKASI', NULL, NULL, NULL, NULL, 1),
(486, 32, 76, 'KOTA DEPOK', NULL, NULL, NULL, NULL, 1),
(491, 32, 77, 'KOTA CIMAHI', NULL, NULL, NULL, NULL, 1),
(494, 32, 78, 'KOTA TASIKMALAYA', NULL, NULL, NULL, NULL, 1),
(496, 32, 79, 'KOTA BANJAR', NULL, NULL, NULL, NULL, 1),
(13, 33, 1, 'CILACAP', NULL, NULL, NULL, NULL, 1),
(45, 33, 2, 'BANYUMAS', NULL, NULL, NULL, NULL, 1),
(77, 33, 3, 'PURBALINGGA', NULL, NULL, NULL, NULL, 1),
(109, 33, 4, 'BANJARNEGARA', NULL, NULL, NULL, NULL, 1),
(141, 33, 5, 'KEBUMEN', NULL, NULL, NULL, NULL, 1),
(170, 33, 6, 'PURWOREJO', NULL, NULL, NULL, NULL, 1),
(196, 33, 7, 'WONOSOBO', NULL, NULL, NULL, NULL, 1),
(222, 33, 8, 'MAGELANG', NULL, NULL, NULL, NULL, 1),
(247, 33, 9, 'BOYOLALI', NULL, NULL, NULL, NULL, 1),
(268, 33, 10, 'KLATEN', NULL, NULL, NULL, NULL, 1),
(287, 33, 11, 'SUKOHARJO', NULL, NULL, NULL, NULL, 1),
(301, 33, 12, 'WONOGIRI', NULL, NULL, NULL, NULL, 1),
(311, 33, 13, 'KARANGANYAR', NULL, NULL, NULL, NULL, 1),
(320, 33, 14, 'SRAGEN', NULL, NULL, NULL, NULL, 1),
(328, 33, 15, 'GROBOGAN', NULL, NULL, NULL, NULL, 1),
(336, 33, 16, 'BLORA', NULL, NULL, NULL, NULL, 1),
(344, 33, 17, 'REMBANG', NULL, NULL, NULL, NULL, 1),
(351, 33, 18, 'PATI', NULL, NULL, NULL, NULL, 1),
(357, 33, 19, 'KUDUS', NULL, NULL, NULL, NULL, 1),
(362, 33, 20, 'JEPARA', NULL, NULL, NULL, NULL, 1),
(367, 33, 21, 'DEMAK', NULL, NULL, NULL, NULL, 1),
(371, 33, 22, 'SEMARANG', NULL, NULL, NULL, NULL, 1),
(376, 33, 23, 'TEMANGGUNG', NULL, NULL, NULL, NULL, 1),
(380, 33, 24, 'KENDAL', NULL, NULL, NULL, NULL, 1),
(385, 33, 25, 'BATANG', NULL, NULL, NULL, NULL, 1),
(388, 33, 26, 'PEKALONGAN', NULL, NULL, NULL, NULL, 1),
(392, 33, 27, 'PEMALANG', NULL, NULL, NULL, NULL, 1),
(395, 33, 28, 'TEGAL', NULL, NULL, NULL, NULL, 1),
(398, 33, 29, 'BREBES', NULL, NULL, NULL, NULL, 1),
(412, 33, 71, 'KOTA MAGELANG', NULL, NULL, NULL, NULL, 1),
(442, 33, 72, 'KOTA SURAKARTA', NULL, NULL, NULL, NULL, 1),
(460, 33, 73, 'KOTA SALATIGA', NULL, NULL, NULL, NULL, 1),
(472, 33, 74, 'KOTA SEMARANG', NULL, NULL, NULL, NULL, 1),
(482, 33, 75, 'KOTA PEKALONGAN', NULL, NULL, NULL, NULL, 1),
(487, 33, 76, 'KOTA TEGAL', NULL, NULL, NULL, NULL, 1),
(14, 34, 1, 'KULONPROGO', NULL, NULL, NULL, NULL, 1),
(46, 34, 2, 'BANTUL', NULL, NULL, NULL, NULL, 1),
(78, 34, 3, 'GUNUNG KIDUL', NULL, NULL, NULL, NULL, 1),
(110, 34, 4, 'SLEMAN', NULL, NULL, NULL, NULL, 1),
(413, 34, 71, 'KOTA YOGYAKARTA', NULL, NULL, NULL, NULL, 1),
(15, 35, 1, 'PACITAN', NULL, NULL, NULL, NULL, 1),
(47, 35, 2, 'PONOROGO', NULL, NULL, NULL, NULL, 1),
(79, 35, 3, 'TRENGGALEK', NULL, NULL, NULL, NULL, 1),
(111, 35, 4, 'TULUNGAGUNG', NULL, NULL, NULL, NULL, 1),
(142, 35, 5, 'BLITAR', NULL, NULL, NULL, NULL, 1),
(171, 35, 6, 'KEDIRI', NULL, NULL, NULL, NULL, 1),
(197, 35, 7, 'MALANG', NULL, NULL, NULL, NULL, 1),
(223, 35, 8, 'LUMAJANG', NULL, NULL, NULL, NULL, 1),
(248, 35, 9, 'JEMBER', NULL, NULL, NULL, NULL, 1),
(269, 35, 10, 'BANYUWANGI', NULL, NULL, NULL, NULL, 1),
(288, 35, 11, 'BONDOWOSO', NULL, NULL, NULL, NULL, 1),
(302, 35, 12, 'SITUBONDO', NULL, NULL, NULL, NULL, 1),
(312, 35, 13, 'PROBOLINGGO', NULL, NULL, NULL, NULL, 1),
(321, 35, 14, 'PASURUAN', NULL, NULL, NULL, NULL, 1),
(329, 35, 15, 'SIDOARJO', NULL, NULL, NULL, NULL, 1),
(337, 35, 16, 'MOJOKERTO', NULL, NULL, NULL, NULL, 1),
(345, 35, 17, 'JOMBANG', NULL, NULL, NULL, NULL, 1),
(352, 35, 18, 'NGANJUK', NULL, NULL, NULL, NULL, 1),
(358, 35, 19, 'MADIUN', NULL, NULL, NULL, NULL, 1),
(363, 35, 20, 'MAGETAN', NULL, NULL, NULL, NULL, 1),
(368, 35, 21, 'NGAWI', NULL, NULL, NULL, NULL, 1),
(372, 35, 22, 'BOJONEGORO', NULL, NULL, NULL, NULL, 1),
(377, 35, 23, 'TUBAN', NULL, NULL, NULL, NULL, 1),
(381, 35, 24, 'LAMONGAN', NULL, NULL, NULL, NULL, 1),
(386, 35, 25, 'GRESIK', NULL, NULL, NULL, NULL, 1),
(389, 35, 26, 'BANGKALAN', NULL, NULL, NULL, NULL, 1),
(393, 35, 27, 'SAMPANG', NULL, NULL, NULL, NULL, 1),
(396, 35, 28, 'PAMEKASAN', NULL, NULL, NULL, NULL, 1),
(399, 35, 29, 'SUMENEP', NULL, NULL, NULL, NULL, 1),
(414, 35, 71, 'KOTA KEDIRI', NULL, NULL, NULL, NULL, 1),
(443, 35, 72, 'KOTA BLITAR', NULL, NULL, NULL, NULL, 1),
(461, 35, 73, 'KOTA MALANG', NULL, NULL, NULL, NULL, 1),
(473, 35, 74, 'KOTA PROBOLINGGO', NULL, NULL, NULL, NULL, 1),
(483, 35, 75, 'KOTA PASURUAN', NULL, NULL, NULL, NULL, 1),
(488, 35, 76, 'KOTA MOJOKERTO', NULL, NULL, NULL, NULL, 1),
(492, 35, 77, 'KOTA MADIUN', NULL, NULL, NULL, NULL, 1),
(495, 35, 78, 'KOTA SURABAYA', NULL, NULL, NULL, NULL, 1),
(497, 35, 79, 'KOTA BATU', NULL, NULL, NULL, NULL, 1),
(16, 36, 1, 'PANDEGLANG', NULL, NULL, NULL, NULL, 1),
(48, 36, 2, 'LEBAK', NULL, NULL, NULL, NULL, 1),
(80, 36, 3, 'TANGERANG', NULL, NULL, NULL, NULL, 1),
(112, 36, 4, 'SERANG', NULL, NULL, NULL, NULL, 1),
(415, 36, 71, 'KOTA TANGERANG', NULL, NULL, NULL, NULL, 1),
(444, 36, 72, 'KOTA CILEGON', NULL, NULL, NULL, NULL, 1),
(462, 36, 73, 'KOTA SERANG', NULL, NULL, NULL, NULL, 1),
(474, 36, 74, 'KOTA TANGERANG SELATAN', NULL, NULL, NULL, NULL, 1),
(17, 51, 1, 'JEMBRANA', NULL, NULL, NULL, NULL, 1),
(49, 51, 2, 'TABANAN', NULL, NULL, NULL, NULL, 1),
(81, 51, 3, 'BADUNG', NULL, NULL, NULL, NULL, 1),
(113, 51, 4, 'GIANYAR', NULL, NULL, NULL, NULL, 1),
(143, 51, 5, 'KLUNGKUNG', NULL, NULL, NULL, NULL, 1),
(172, 51, 6, 'BANGLI', NULL, NULL, NULL, NULL, 1),
(198, 51, 7, 'KARANG ASEM', NULL, NULL, NULL, NULL, 1),
(224, 51, 8, 'BULELENG', NULL, NULL, NULL, NULL, 1),
(416, 51, 71, 'KOTA DENPASAR', NULL, NULL, NULL, NULL, 1),
(18, 52, 1, 'LOMBOK BARAT', NULL, NULL, NULL, NULL, 1),
(50, 52, 2, 'LOMBOK TENGAH', NULL, NULL, NULL, NULL, 1),
(82, 52, 3, 'LOMBOK TIMUR', NULL, NULL, NULL, NULL, 1),
(114, 52, 4, 'SUMBAWA', NULL, NULL, NULL, NULL, 1),
(144, 52, 5, 'DOMPU', NULL, NULL, NULL, NULL, 1),
(173, 52, 6, 'BIMA', NULL, NULL, NULL, NULL, 1),
(199, 52, 7, 'SUMBAWA BARAT', NULL, NULL, NULL, NULL, 1),
(225, 52, 8, 'LOMBOK UTARA', NULL, NULL, NULL, NULL, 1),
(417, 52, 71, 'KOTA MATARAM', NULL, NULL, NULL, NULL, 1),
(445, 52, 72, 'KOTA BIMA', NULL, NULL, NULL, NULL, 1),
(19, 53, 1, 'KUPANG', NULL, NULL, NULL, NULL, 1),
(51, 53, 2, 'TIMOR TENGAH SELATAN', NULL, NULL, NULL, NULL, 1),
(83, 53, 3, 'TIMOR TENGAH UTARA', NULL, NULL, NULL, NULL, 1),
(115, 53, 4, 'BELU', NULL, NULL, NULL, NULL, 1),
(145, 53, 5, 'ALOR', NULL, NULL, NULL, NULL, 1),
(174, 53, 6, 'FLORES TIMUR', NULL, NULL, NULL, NULL, 1),
(200, 53, 7, 'SIKA', NULL, NULL, NULL, NULL, 1),
(226, 53, 8, 'ENDE', NULL, NULL, NULL, NULL, 1),
(249, 53, 9, 'NGADA', NULL, NULL, NULL, NULL, 1),
(270, 53, 10, 'MANGGARAI', NULL, NULL, NULL, NULL, 1),
(289, 53, 11, 'SUMBA TIMUR', NULL, NULL, NULL, NULL, 1),
(303, 53, 12, 'SUMBA BARAT', NULL, NULL, NULL, NULL, 1),
(313, 53, 13, 'LEMBATA', NULL, NULL, NULL, NULL, 1),
(322, 53, 14, 'ROTENDAO', NULL, NULL, NULL, NULL, 1),
(330, 53, 15, 'MANGGARAI BARAT', NULL, NULL, NULL, NULL, 1),
(338, 53, 16, 'NAGEKO', NULL, NULL, NULL, NULL, 1),
(346, 53, 17, 'SUMBA TENGAH', NULL, NULL, NULL, NULL, 1),
(353, 53, 18, 'SUMBA BARAT DAYA', NULL, NULL, NULL, NULL, 1),
(359, 53, 19, 'MANGGARAI TIMUR', NULL, NULL, NULL, NULL, 1),
(364, 53, 20, 'SABU RAIJUA', NULL, NULL, NULL, NULL, 1),
(418, 53, 71, 'KOTA KUPANG', NULL, NULL, NULL, NULL, 1),
(20, 61, 1, 'SAMBAS', NULL, NULL, NULL, NULL, 1),
(52, 61, 2, 'PONTIANAK', NULL, NULL, NULL, NULL, 1),
(84, 61, 3, 'SANGGAU', NULL, NULL, NULL, NULL, 1),
(116, 61, 4, 'KETAPANG', NULL, NULL, NULL, NULL, 1),
(146, 61, 5, 'SINTANG', NULL, NULL, NULL, NULL, 1),
(175, 61, 6, 'KAPUAS HULU', NULL, NULL, NULL, NULL, 1),
(201, 61, 7, 'BENGKAYANG', NULL, NULL, NULL, NULL, 1),
(227, 61, 8, 'LANDAK', NULL, NULL, NULL, NULL, 1),
(250, 61, 9, 'SEKADAU', NULL, NULL, NULL, NULL, 1),
(271, 61, 10, 'MELAWI', NULL, NULL, NULL, NULL, 1),
(290, 61, 11, 'KAYONG UTARA', NULL, NULL, NULL, NULL, 1),
(304, 61, 12, 'KUBU RAYA', NULL, NULL, NULL, NULL, 1),
(419, 61, 71, 'KOTA PONTIANAK', NULL, NULL, NULL, NULL, 1),
(446, 61, 72, 'KOTA SINGKAWANG', NULL, NULL, NULL, NULL, 1),
(21, 62, 1, 'KOTAWARINGIN BARAT', NULL, NULL, NULL, NULL, 1),
(53, 62, 2, 'KOTA WARINGIN TIMUR', NULL, NULL, NULL, NULL, 1),
(85, 62, 3, 'KAPUAS', NULL, NULL, NULL, NULL, 1),
(117, 62, 4, 'BARITO SELATAN', NULL, NULL, NULL, NULL, 1),
(147, 62, 5, 'BARITO UTARA', NULL, NULL, NULL, NULL, 1),
(176, 62, 6, 'KATINGAN', NULL, NULL, NULL, NULL, 1),
(202, 62, 7, 'SERUYAN', NULL, NULL, NULL, NULL, 1),
(228, 62, 8, 'SUKAMARA', NULL, NULL, NULL, NULL, 1),
(251, 62, 9, 'LAMANDAU', NULL, NULL, NULL, NULL, 1),
(272, 62, 10, 'GUNUNG MAS', NULL, NULL, NULL, NULL, 1),
(291, 62, 11, 'PULANG PISAU', NULL, NULL, NULL, NULL, 1),
(305, 62, 12, 'MURUNG RAYA', NULL, NULL, NULL, NULL, 1),
(314, 62, 13, 'BARITO TIMUR', NULL, NULL, NULL, NULL, 1),
(420, 62, 71, 'KOTA PALANGKARAYA', NULL, NULL, NULL, NULL, 1),
(22, 63, 1, 'TANAH LAUT', NULL, NULL, NULL, NULL, 1),
(54, 63, 2, 'BARU', NULL, NULL, NULL, NULL, 1),
(86, 63, 3, 'BANJAR', NULL, NULL, NULL, NULL, 1),
(118, 63, 4, 'BARITO KUALA', NULL, NULL, NULL, NULL, 1),
(148, 63, 5, 'TAPIN', NULL, NULL, NULL, NULL, 1),
(177, 63, 6, 'HULU SUNGAI SELATAN', NULL, NULL, NULL, NULL, 1),
(203, 63, 7, 'HULU SUNGAI TENGAH', NULL, NULL, NULL, NULL, 1),
(229, 63, 8, 'HULU SUNGAI UTARA', NULL, NULL, NULL, NULL, 1),
(252, 63, 9, 'TABALONG', NULL, NULL, NULL, NULL, 1),
(273, 63, 10, 'TANAH BUMBU', NULL, NULL, NULL, NULL, 1),
(292, 63, 11, 'BALANGAN', NULL, NULL, NULL, NULL, 1),
(421, 63, 71, 'KOTA BANJARMASIN', NULL, NULL, NULL, NULL, 1),
(447, 63, 72, 'KOTA BANJAR BARU', NULL, NULL, NULL, NULL, 1),
(23, 64, 1, 'PASER', NULL, NULL, NULL, NULL, 1),
(55, 64, 2, 'KUTAI KERTANEGARA', NULL, NULL, NULL, NULL, 1),
(87, 64, 3, 'BERAU', NULL, NULL, NULL, NULL, 1),
(119, 64, 4, 'BULUNGAN', NULL, NULL, NULL, NULL, 1),
(149, 64, 5, 'NUNUKAN', NULL, NULL, NULL, NULL, 1),
(178, 64, 6, 'MALINAU', NULL, NULL, NULL, NULL, 1),
(204, 64, 7, 'KUTAI BARAT', NULL, NULL, NULL, NULL, 1),
(230, 64, 8, 'KUTAI TIMUR', NULL, NULL, NULL, NULL, 1),
(253, 64, 9, 'PENAJAM PASER UTAMA', NULL, NULL, NULL, NULL, 1),
(274, 64, 10, 'TANAH TIDUNG', NULL, NULL, NULL, NULL, 1),
(422, 64, 71, 'KOTA BALIKPAPAN', NULL, NULL, NULL, NULL, 1),
(448, 64, 72, 'KOTA SAMARINDA', NULL, NULL, NULL, NULL, 1),
(463, 64, 73, 'KOTA TARAKAN', NULL, NULL, NULL, NULL, 1),
(475, 64, 74, 'KOTA BONTANG', NULL, NULL, NULL, NULL, 1),
(24, 71, 1, 'BOLAANG MONGONDO', NULL, NULL, NULL, NULL, 1),
(56, 71, 2, 'MINAHASA', NULL, NULL, NULL, NULL, 1),
(88, 71, 3, 'KEPULAUAN SANGIHE', NULL, NULL, NULL, NULL, 1),
(120, 71, 4, 'KEPULAUAN TALAUD', NULL, NULL, NULL, NULL, 1),
(150, 71, 5, 'MINAHASA SELATAN', NULL, NULL, NULL, NULL, 1),
(179, 71, 6, 'MINAHSA UTARA', NULL, NULL, NULL, NULL, 1),
(205, 71, 7, 'MINAHASA TENGGARA', NULL, NULL, NULL, NULL, 1),
(231, 71, 8, 'BOLMONG UTARA', NULL, NULL, NULL, NULL, 1),
(254, 71, 9, 'SITARO', NULL, NULL, NULL, NULL, 1),
(275, 71, 10, 'BOLAANG MONGONDO TIMUR', NULL, NULL, NULL, NULL, 1),
(293, 71, 11, 'BOLAANG MONGONDO SELATAN', NULL, NULL, NULL, NULL, 1),
(423, 71, 71, 'KOTA MANADO', NULL, NULL, NULL, NULL, 1),
(449, 71, 72, 'KOTA BITUNG', NULL, NULL, NULL, NULL, 1),
(464, 71, 73, 'KOTA TOMOHON', NULL, NULL, NULL, NULL, 1),
(476, 71, 74, 'KOTA MOBAGO', NULL, NULL, NULL, NULL, 1),
(25, 72, 1, 'BANGGAI', NULL, NULL, NULL, NULL, 1),
(57, 72, 2, 'POSO', NULL, NULL, NULL, NULL, 1),
(89, 72, 3, 'DONGGALA', NULL, NULL, NULL, NULL, 1),
(121, 72, 4, 'TOLI-TOLI', NULL, NULL, NULL, NULL, 1),
(151, 72, 5, 'BUOL', NULL, NULL, NULL, NULL, 1),
(180, 72, 6, 'MOROWALI', NULL, NULL, NULL, NULL, 1),
(206, 72, 7, 'BANGGAI KEPULAUAN', NULL, NULL, NULL, NULL, 1),
(232, 72, 8, 'PARIMO', NULL, NULL, NULL, NULL, 1),
(255, 72, 9, 'TOJO UNA-UNA', NULL, NULL, NULL, NULL, 1),
(276, 72, 10, 'SIGI', NULL, NULL, NULL, NULL, 1),
(424, 72, 71, 'KOTA PALU', NULL, NULL, NULL, NULL, 1),
(26, 73, 1, 'SELAYAR', NULL, NULL, NULL, NULL, 1),
(58, 73, 2, 'BULUKUMBA', NULL, NULL, NULL, NULL, 1),
(90, 73, 3, 'BANTAENG', NULL, NULL, NULL, NULL, 1),
(122, 73, 4, 'JENEPONTO', NULL, NULL, NULL, NULL, 1),
(152, 73, 5, 'TAKALAR', NULL, NULL, NULL, NULL, 1),
(181, 73, 6, 'GOWA', NULL, NULL, NULL, NULL, 1),
(207, 73, 7, 'SINJAI', NULL, NULL, NULL, NULL, 1),
(233, 73, 8, 'BONE', NULL, NULL, NULL, NULL, 1),
(256, 73, 9, 'MAROS', NULL, NULL, NULL, NULL, 1),
(277, 73, 10, 'PANGKAJENE KEPULAUAN', NULL, NULL, NULL, NULL, 1),
(294, 73, 11, 'BARRU', NULL, NULL, NULL, NULL, 1),
(306, 73, 12, 'SOPPENG', NULL, NULL, NULL, NULL, 1),
(315, 73, 13, 'WAJO', NULL, NULL, NULL, NULL, 1),
(323, 73, 14, 'SIDENRENG RAPANG', NULL, NULL, NULL, NULL, 1),
(331, 73, 15, 'PINRANG', NULL, NULL, NULL, NULL, 1),
(339, 73, 16, 'ENREKANG', NULL, NULL, NULL, NULL, 1),
(347, 73, 17, 'LUWU', NULL, NULL, NULL, NULL, 1),
(354, 73, 18, 'TANA TORAJA', NULL, NULL, NULL, NULL, 1),
(373, 73, 22, 'LUWU UTARA', NULL, NULL, NULL, NULL, 1),
(382, 73, 24, 'LUWU TIMUR', NULL, NULL, NULL, NULL, 1),
(390, 73, 26, 'TORAJA UTARA', NULL, NULL, NULL, NULL, 1),
(425, 73, 71, 'KOTA MAKASAR', NULL, NULL, NULL, NULL, 1),
(450, 73, 72, 'KOTA PARE-PARE', NULL, NULL, NULL, NULL, 1),
(465, 73, 73, 'KOTA PALOPO', NULL, NULL, NULL, NULL, 1),
(27, 74, 1, 'KOLAKA', NULL, NULL, NULL, NULL, 1),
(59, 74, 2, 'KENDARI', NULL, NULL, NULL, NULL, 1),
(91, 74, 3, 'MUNA', NULL, NULL, NULL, NULL, 1),
(123, 74, 4, 'BUTON', NULL, NULL, NULL, NULL, 1),
(153, 74, 5, 'KONAWE SELATAN', NULL, NULL, NULL, NULL, 1),
(182, 74, 6, 'BOMBANA', NULL, NULL, NULL, NULL, 1),
(208, 74, 7, 'WAKATOBI', NULL, NULL, NULL, NULL, 1),
(234, 74, 8, 'KOLAKA UTARA', NULL, NULL, NULL, NULL, 1),
(257, 74, 9, 'KONAWE UTARA', NULL, NULL, NULL, NULL, 1),
(278, 74, 10, 'BUTON UTARA', NULL, NULL, NULL, NULL, 1),
(426, 74, 71, 'KOTA KENDARI', NULL, NULL, NULL, NULL, 1),
(451, 74, 72, 'KOTA BAU-BAU', NULL, NULL, NULL, NULL, 1),
(28, 75, 1, 'GORONTALO', NULL, NULL, NULL, NULL, 1),
(60, 75, 2, 'BOALEMO', NULL, NULL, NULL, NULL, 1),
(92, 75, 3, 'BONE BOLANGO', NULL, NULL, NULL, NULL, 1),
(124, 75, 4, 'POHUWATO', NULL, NULL, NULL, NULL, 1),
(154, 75, 5, 'GORONTALO UTARA', NULL, NULL, NULL, NULL, 1),
(427, 75, 71, 'KOTA GORONTALO', NULL, NULL, NULL, NULL, 1),
(29, 76, 1, 'MAMUJU UTARA', NULL, NULL, NULL, NULL, 1),
(61, 76, 2, 'MAMUJU', NULL, NULL, NULL, NULL, 1),
(93, 76, 3, 'MAMASA', NULL, NULL, NULL, NULL, 1),
(125, 76, 4, 'POLEWALI MANDAR', NULL, NULL, NULL, NULL, 1),
(155, 76, 5, 'MAJENE', NULL, NULL, NULL, NULL, 1),
(30, 81, 1, 'MALUKU TENGAH', NULL, NULL, NULL, NULL, 1),
(62, 81, 2, 'MALUKU TENGGARA', NULL, NULL, NULL, NULL, 1),
(94, 81, 3, 'MALUKU TENGGARA BARAT', NULL, NULL, NULL, NULL, 1),
(126, 81, 4, 'BURU', NULL, NULL, NULL, NULL, 1),
(156, 81, 5, 'KEPULAUAN ARU', NULL, NULL, NULL, NULL, 1),
(183, 81, 6, 'SERAM BAGIAN BARAT', NULL, NULL, NULL, NULL, 1),
(209, 81, 7, 'SERAM BAGIAN TIMUR', NULL, NULL, NULL, NULL, 1),
(235, 81, 8, 'MALUKU BARAT DAYA', NULL, NULL, NULL, NULL, 1),
(258, 81, 9, 'BURU SELATAN', NULL, NULL, NULL, NULL, 1),
(428, 81, 71, 'KOTA AMBON', NULL, NULL, NULL, NULL, 1),
(452, 81, 72, 'KAB. TUAL', NULL, NULL, NULL, NULL, 1),
(31, 82, 1, 'HALMAHERA BARAT', NULL, NULL, NULL, NULL, 1),
(63, 82, 2, 'HALMAHERA TENGAH', NULL, NULL, NULL, NULL, 1),
(95, 82, 3, 'HALMAHERA UTARA', NULL, NULL, NULL, NULL, 1),
(127, 82, 4, 'HALMAHERA SELATAN', NULL, NULL, NULL, NULL, 1),
(157, 82, 5, 'KEPULAUAN SULA', NULL, NULL, NULL, NULL, 1),
(184, 82, 6, 'HALMAHERA TIMUR', NULL, NULL, NULL, NULL, 1),
(210, 82, 7, 'PULAU MOROTAI', NULL, NULL, NULL, NULL, 1),
(429, 82, 71, 'KOTA TERNATE', NULL, NULL, NULL, NULL, 1),
(453, 82, 72, 'KOTA TIDORE', NULL, NULL, NULL, NULL, 1),
(32, 91, 1, 'MERAUKE', NULL, NULL, NULL, NULL, 1),
(64, 91, 2, 'JAYAWIJAYA', NULL, NULL, NULL, NULL, 1),
(96, 91, 3, 'JAYAPURA', NULL, NULL, NULL, NULL, 1),
(128, 91, 4, 'NABIRE', NULL, NULL, NULL, NULL, 1),
(158, 91, 5, 'YAPEN WAROPEN', NULL, NULL, NULL, NULL, 1),
(185, 91, 6, 'BIAK NUMFOR', NULL, NULL, NULL, NULL, 1),
(211, 91, 7, 'PUNCAK JAYA', NULL, NULL, NULL, NULL, 1),
(236, 91, 8, 'PANIAI', NULL, NULL, NULL, NULL, 1),
(259, 91, 9, 'MIMIKA', NULL, NULL, NULL, NULL, 1),
(279, 91, 10, 'SARMI', NULL, NULL, NULL, NULL, 1),
(295, 91, 11, 'KEEROM', NULL, NULL, NULL, NULL, 1),
(307, 91, 12, 'PEGUNUNGAN BINTANG', NULL, NULL, NULL, NULL, 1),
(316, 91, 13, 'YAHUKIMO', NULL, NULL, NULL, NULL, 1),
(324, 91, 14, 'TOLIKARA', NULL, NULL, NULL, NULL, 1),
(332, 91, 15, 'WAROPEN', NULL, NULL, NULL, NULL, 1),
(340, 91, 16, 'BOVEN DIGUL', NULL, NULL, NULL, NULL, 1),
(348, 91, 17, 'MAPPI', NULL, NULL, NULL, NULL, 1),
(355, 91, 18, 'ASMAT', NULL, NULL, NULL, NULL, 1),
(360, 91, 19, 'SUPIORI', NULL, NULL, NULL, NULL, 1),
(365, 91, 20, 'MAMBERAMO RAYA', NULL, NULL, NULL, NULL, 1),
(369, 91, 21, 'KABUPATEN MABERAMO TENGAH', NULL, NULL, NULL, NULL, 1),
(374, 91, 22, 'KABUPATEN YALIMO', NULL, NULL, NULL, NULL, 1),
(378, 91, 23, 'KABUPATEN LANNY JAYA', NULL, NULL, NULL, NULL, 1),
(383, 91, 24, 'KABUPATEN DUGA', NULL, NULL, NULL, NULL, 1),
(387, 91, 25, 'KABUPATEN PUNCAK', NULL, NULL, NULL, NULL, 1),
(391, 91, 26, 'KABUPATEN DOGIYAI', NULL, NULL, NULL, NULL, 1),
(394, 91, 27, 'INTAN JAYA', NULL, NULL, NULL, NULL, 1),
(397, 91, 28, 'DEIYAI', NULL, NULL, NULL, NULL, 1),
(430, 91, 71, 'KOTA JAYAPURA', NULL, NULL, NULL, NULL, 1),
(33, 92, 1, 'SORONG', NULL, NULL, NULL, NULL, 1),
(65, 92, 2, 'MANOKWARI', NULL, NULL, NULL, NULL, 1),
(97, 92, 3, 'FAKFAK', NULL, NULL, NULL, NULL, 1),
(129, 92, 4, 'SORONG SELATAN', NULL, NULL, NULL, NULL, 1),
(159, 92, 5, 'RAJA AMPAT', NULL, NULL, NULL, NULL, 1),
(186, 92, 6, 'TELUK BINTUNI', NULL, NULL, NULL, NULL, 1),
(212, 92, 7, 'TELUK WONDAMA', NULL, NULL, NULL, NULL, 1),
(237, 92, 8, 'KAIMANA', NULL, NULL, NULL, NULL, 1),
(260, 92, 9, 'TAMBRAUW', NULL, NULL, NULL, NULL, 1),
(280, 92, 10, 'MAYBRAT', NULL, NULL, NULL, NULL, 1),
(431, 92, 71, 'KOTA SORONG', NULL, NULL, NULL, NULL, 1);

-- --------------------------------------------------------

--
-- Struktur dari tabel `tref_kecamatan`
--

CREATE TABLE `tref_kecamatan` (
  `ID_Kec` int(11) NOT NULL,
  `kode_kabkota` int(10) NOT NULL,
  `kode_kec` int(10) NOT NULL,
  `nama_kec` varchar(50) DEFAULT NULL,
  `createdBy` varchar(15) DEFAULT NULL,
  `createdDate` timestamp NULL DEFAULT NULL,
  `updatedBy` varchar(15) DEFAULT NULL,
  `updatedDate` timestamp NULL DEFAULT NULL,
  `status_data` smallint(5) DEFAULT '1'
) ENGINE=InnoDB DEFAULT CHARSET=utf8;

-- --------------------------------------------------------

--
-- Struktur dari tabel `tref_provinsi`
--

CREATE TABLE `tref_provinsi` (
  `ID_Prov` int(11) NOT NULL,
  `kode_prov` int(10) NOT NULL,
  `nama_prov` varchar(50) DEFAULT NULL,
  `createdBy` varchar(15) DEFAULT NULL,
  `createdDate` timestamp NULL DEFAULT NULL,
  `updatedBy` varchar(15) DEFAULT NULL,
  `updatedDate` timestamp NULL DEFAULT NULL,
  `status_data` smallint(5) DEFAULT '1'
) ENGINE=InnoDB DEFAULT CHARSET=utf8;

-- --------------------------------------------------------

--
-- Struktur dari tabel `tref_unor`
--

CREATE TABLE `tref_unor` (
  `kode_unor_id` int(11) NOT NULL,
  `kode_parent` varchar(45) DEFAULT NULL,
  `kode_jab` varchar(45) NOT NULL
) ENGINE=InnoDB DEFAULT CHARSET=latin1;

-- --------------------------------------------------------

--
-- Struktur dari tabel `tuser`
--

CREATE TABLE `tuser` (
  `ID_User` int(10) NOT NULL,
  `user` varchar(11) NOT NULL DEFAULT '',
  `pass` varchar(32) NOT NULL DEFAULT '',
  `fullname` varchar(50) NOT NULL DEFAULT '',
  `email` varchar(100) NOT NULL DEFAULT '',
  `NIP` varchar(21) NOT NULL DEFAULT '0',
  `kode_unker` int(10) NOT NULL,
  `registerDate` varchar(19) NOT NULL DEFAULT 'etdate(',
  `lastvisitDate` varchar(19) NOT NULL DEFAULT 'etdate(',
  `type` varchar(16) NOT NULL,
  `status` varchar(8) NOT NULL,
  `group` bigint(19) NOT NULL
) ENGINE=InnoDB DEFAULT CHARSET=utf8;

-- --------------------------------------------------------

--
-- Struktur dari tabel `tuser_menu`
--

CREATE TABLE `tuser_menu` (
  `ID_UM` int(11) NOT NULL,
  `ID_User` int(10) DEFAULT '0',
  `ID_Menu` int(10) DEFAULT '0',
  `u_access` smallint(5) DEFAULT '1',
  `u_insert` smallint(5) DEFAULT '1',
  `u_update` smallint(5) DEFAULT '1',
  `u_delete` smallint(5) DEFAULT '1',
  `u_proses` smallint(5) DEFAULT '1',
  `u_print` smallint(5) DEFAULT '1',
  `u_print_sk` smallint(5) DEFAULT '1'
) ENGINE=InnoDB DEFAULT CHARSET=utf8;

-- --------------------------------------------------------

--
-- Struktur dari tabel `tuser_semar_menu`
--

CREATE TABLE `tuser_semar_menu` (
  `idmenu` int(11) NOT NULL,
  `parent_idmenu` bigint(19) NOT NULL DEFAULT '0',
  `general_text` varchar(50) NOT NULL,
  `general_iconclass` varchar(50) NOT NULL,
  `general_idbutton` varchar(50) NOT NULL,
  `general_idnewtab_popup` varchar(50) NOT NULL,
  `general_url` varchar(50) NOT NULL,
  `general_type` varchar(50) NOT NULL,
  `general_bottombreak` int(10) NOT NULL DEFAULT '0',
  `general_status` varchar(50) NOT NULL,
  `general_variableprefix` varchar(50) NOT NULL,
  `general_ismenu` int(10) NOT NULL DEFAULT '0',
  `process_view` int(10) NOT NULL DEFAULT '0',
  `process_tambah` int(10) NOT NULL DEFAULT '0',
  `process_ubah` int(10) NOT NULL DEFAULT '0',
  `process_hapus` int(10) NOT NULL DEFAULT '0',
  `process_proses` int(10) NOT NULL DEFAULT '0',
  `process_cetak` int(10) NOT NULL DEFAULT '0',
  `process_cetaksk` int(10) NOT NULL DEFAULT '0',
  `general_identify` varchar(200) DEFAULT NULL,
  `sortby` int(2) DEFAULT NULL,
  `ordermenu` int(11) DEFAULT NULL,
  `modulename` varchar(500) DEFAULT NULL,
  `widget_notifikasi` varchar(500) DEFAULT NULL,
  `widget_ess` varchar(500) DEFAULT NULL,
  `widget_profilPNS` varchar(500) DEFAULT NULL,
  `widget_referensi` varchar(500) DEFAULT NULL,
  `widget_dashboard` varchar(500) DEFAULT NULL
) ENGINE=InnoDB DEFAULT CHARSET=utf8;

-- --------------------------------------------------------

--
-- Struktur dari tabel `tuser_semar_menu_group_collections`
--

CREATE TABLE `tuser_semar_menu_group_collections` (
  `id_groupcollections` int(11) NOT NULL,
  `general_group_name` varchar(50) NOT NULL,
  `general_group_active` int(10) NOT NULL DEFAULT '1'
) ENGINE=InnoDB DEFAULT CHARSET=utf8;

-- --------------------------------------------------------

--
-- Struktur dari tabel `tuser_semar_menu_group_menu`
--

CREATE TABLE `tuser_semar_menu_group_menu` (
  `ID_Group_Menu` int(11) NOT NULL,
  `u_access` smallint(5) DEFAULT '1',
  `u_insert` smallint(5) DEFAULT '1',
  `u_update` smallint(5) DEFAULT '1',
  `u_delete` smallint(5) DEFAULT '1',
  `u_proses` smallint(5) DEFAULT '1',
  `u_print` smallint(5) DEFAULT '1',
  `u_print_sk` smallint(5) DEFAULT '1',
  `ID_Group_Menu_ID_Menu` bigint(19) NOT NULL,
  `ID_Group_Menu_ID_Group` bigint(19) NOT NULL
) ENGINE=InnoDB DEFAULT CHARSET=utf8;

-- --------------------------------------------------------

--
-- Struktur dari tabel `tuser_semar_menu_group_user`
--

CREATE TABLE `tuser_semar_menu_group_user` (
  `ID_Group_User` int(11) NOT NULL,
  `ID_Group_User_ID_User` bigint(19) NOT NULL,
  `ID_Group_User_ID_Group` bigint(19) NOT NULL
) ENGINE=InnoDB DEFAULT CHARSET=utf8;

-- --------------------------------------------------------

--
-- Struktur dari tabel `xbkp_tpegawai`
--

CREATE TABLE `xbkp_tpegawai` (
  `ID_Pegawai` double DEFAULT NULL,
  `NIP` varchar(255) DEFAULT NULL,
  `NIP_Lama` varchar(255) DEFAULT NULL,
  `nama_lengkap` varchar(255) DEFAULT NULL,
  `gelar_d` varchar(255) DEFAULT NULL,
  `gelar_b` varchar(255) DEFAULT NULL,
  `tempat_lahir` varchar(255) DEFAULT NULL,
  `tanggal_lahir` date DEFAULT NULL,
  `jenis_kelamin` varchar(255) DEFAULT NULL,
  `suku` varchar(255) DEFAULT NULL,
  `agama` varchar(255) DEFAULT NULL,
  `warga_negara` varchar(255) DEFAULT NULL,
  `status_kawin` varchar(255) DEFAULT NULL,
  `gol_darah` varchar(255) DEFAULT NULL,
  `tinggi` varchar(255) DEFAULT NULL,
  `berat` varchar(255) DEFAULT NULL,
  `rambut` varchar(255) DEFAULT NULL,
  `bentuk_muka` varchar(255) DEFAULT NULL,
  `warna_kulit` varchar(255) DEFAULT NULL,
  `ciri2_khas` varchar(255) DEFAULT NULL,
  `cacat_tubuh` varchar(255) DEFAULT NULL,
  `hobby` varchar(255) DEFAULT NULL,
  `no_KTP` varchar(255) DEFAULT NULL,
  `no_NPWP` varchar(255) DEFAULT NULL,
  `no_KARPEG` varchar(255) DEFAULT NULL,
  `no_ASKES` varchar(255) DEFAULT NULL,
  `no_KARIS` varchar(255) DEFAULT NULL,
  `no_TASPEN` varchar(255) DEFAULT NULL,
  `no_SPMT` varchar(255) DEFAULT NULL,
  `tgl_SPMT` varchar(255) DEFAULT NULL,
  `no_KPKN` varchar(255) DEFAULT NULL,
  `no_KTUA` varchar(255) DEFAULT NULL,
  `kode_jpeg` varchar(255) DEFAULT NULL,
  `kode_dupeg` varchar(255) DEFAULT NULL,
  `kode_unor` double DEFAULT NULL,
  `urut_unor` varchar(255) DEFAULT NULL,
  `kode_jab` varchar(255) DEFAULT NULL,
  `kode_golru` double DEFAULT NULL,
  `TMT_kpkt` varchar(255) DEFAULT NULL,
  `kode_eselon` double DEFAULT NULL,
  `asal_instansi` varchar(255) DEFAULT NULL,
  `lokasi_kerja` varchar(255) DEFAULT NULL,
  `IDP_Pddk` varchar(255) DEFAULT NULL,
  `IDP_Kpkt` varchar(255) DEFAULT NULL,
  `IDP_Jab` varchar(255) DEFAULT NULL,
  `IDP_Diklat` varchar(255) DEFAULT NULL,
  `IDP_Dik_PIM` varchar(255) DEFAULT NULL,
  `IDP_Dik_PraJab` varchar(255) DEFAULT NULL,
  `IDP_Dik_Teknis` varchar(255) DEFAULT NULL,
  `IDP_Dik_Fung` varchar(255) DEFAULT NULL,
  `IDP_DP3` varchar(255) DEFAULT NULL,
  `IDP_KGB` varchar(255) DEFAULT NULL,
  `IDP_AK` varchar(255) DEFAULT NULL,
  `IDP_Reward` varchar(255) DEFAULT NULL,
  `IDP_HukDis` varchar(255) DEFAULT NULL,
  `IDP_Seminar` varchar(255) DEFAULT NULL,
  `IDP_KT` varchar(255) DEFAULT NULL,
  `IDP_Org` varchar(255) DEFAULT NULL,
  `IDP_PK` varchar(255) DEFAULT NULL,
  `createdBy` varchar(255) DEFAULT NULL,
  `createdDate` varchar(255) DEFAULT NULL,
  `updatedBy` varchar(255) DEFAULT NULL,
  `updatedDate` varchar(255) DEFAULT NULL,
  `status_data` varchar(255) DEFAULT NULL,
  `plafon_kesehatan` varchar(255) DEFAULT NULL,
  `ID_pinger` varchar(255) DEFAULT NULL,
  `nomor_kpj` varchar(255) DEFAULT NULL,
  `nominal_potongan` varchar(255) DEFAULT NULL
) ENGINE=InnoDB DEFAULT CHARSET=utf8;

--
-- Indexes for dumped tables
--

--
-- Indexes for table `client`
--
ALTER TABLE `client`
  ADD PRIMARY KEY (`client_id`);

--
-- Indexes for table `kps_absen_harian`
--
ALTER TABLE `kps_absen_harian`
  ADD PRIMARY KEY (`KPS_ABSEN_HARIAN_ID`);

--
-- Indexes for table `kps_absen_harian_detail`
--
ALTER TABLE `kps_absen_harian_detail`
  ADD PRIMARY KEY (`KPS_ABSEN_HARIAN_DETAIL_ID`);

--
-- Indexes for table `kps_additional_salary_jamsostek`
--
ALTER TABLE `kps_additional_salary_jamsostek`
  ADD PRIMARY KEY (`KPS_ADDITIONAL_SALARY_JAMSOSTEK_ID`);

--
-- Indexes for table `kps_additional_salary_jamsostek_detail`
--
ALTER TABLE `kps_additional_salary_jamsostek_detail`
  ADD PRIMARY KEY (`KPS_ADDITIONAL_SALARY_JAMSOSTEK_DETAIL_ID`);

--
-- Indexes for table `kps_bank`
--
ALTER TABLE `kps_bank`
  ADD PRIMARY KEY (`KPS_BANK_ID`);

--
-- Indexes for table `kps_barcode`
--
ALTER TABLE `kps_barcode`
  ADD PRIMARY KEY (`KPS_BARCODE_ID`);

--
-- Indexes for table `kps_barcode_label`
--
ALTER TABLE `kps_barcode_label`
  ADD PRIMARY KEY (`kps_barcode_label_id`);

--
-- Indexes for table `kps_barcode_setting`
--
ALTER TABLE `kps_barcode_setting`
  ADD PRIMARY KEY (`KPS_BARCODE_SETTING_ID`);

--
-- Indexes for table `kps_barcode_setting_`
--
ALTER TABLE `kps_barcode_setting_`
  ADD PRIMARY KEY (`KPS_BARCODE_SETTING_ID_`);

--
-- Indexes for table `kps_breakdown_cost`
--
ALTER TABLE `kps_breakdown_cost`
  ADD PRIMARY KEY (`KPS_BREAKDOWN_COST_ID`);

--
-- Indexes for table `kps_breakdown_cost_`
--
ALTER TABLE `kps_breakdown_cost_`
  ADD PRIMARY KEY (`KPS_BREAKDOWN_COST_ID_`) USING BTREE;

--
-- Indexes for table `kps_breakdown_cost_depreciation`
--
ALTER TABLE `kps_breakdown_cost_depreciation`
  ADD PRIMARY KEY (`KPS_BREAKDOWN_COST_DEPRECIATION_ID`);

--
-- Indexes for table `kps_breakdown_cost_depreciation_`
--
ALTER TABLE `kps_breakdown_cost_depreciation_`
  ADD PRIMARY KEY (`ID`) USING BTREE;

--
-- Indexes for table `kps_breakdown_cost_item`
--
ALTER TABLE `kps_breakdown_cost_item`
  ADD PRIMARY KEY (`KPS_BREAKDOWN_COST_ITEM_ID`);

--
-- Indexes for table `kps_breakdown_cost_item_`
--
ALTER TABLE `kps_breakdown_cost_item_`
  ADD PRIMARY KEY (`ID`) USING BTREE;

--
-- Indexes for table `kps_breakdown_cost_manufacturing`
--
ALTER TABLE `kps_breakdown_cost_manufacturing`
  ADD PRIMARY KEY (`KPS_BREAKDOWN_COST_MANUFACTURING_ID`);

--
-- Indexes for table `kps_breakdown_cost_manufacturing_`
--
ALTER TABLE `kps_breakdown_cost_manufacturing_`
  ADD PRIMARY KEY (`ID`) USING BTREE;

--
-- Indexes for table `kps_breakdown_cost_material`
--
ALTER TABLE `kps_breakdown_cost_material`
  ADD PRIMARY KEY (`KPS_BREAKDOWN_COST_MATERIAL_ID`);

--
-- Indexes for table `kps_breakdown_cost_material_`
--
ALTER TABLE `kps_breakdown_cost_material_`
  ADD PRIMARY KEY (`ID`);

--
-- Indexes for table `kps_breakdown_cost_part`
--
ALTER TABLE `kps_breakdown_cost_part`
  ADD PRIMARY KEY (`KPS_BREAKDOWN_COST_PART_ID`);

--
-- Indexes for table `kps_breakdown_cost_part_`
--
ALTER TABLE `kps_breakdown_cost_part_`
  ADD PRIMARY KEY (`ID`);

--
-- Indexes for table `kps_breakdown_cost_tooling`
--
ALTER TABLE `kps_breakdown_cost_tooling`
  ADD PRIMARY KEY (`KPS_BREAKDOWN_COST_TOOLING_ID`);

--
-- Indexes for table `kps_breakdown_cost_tooling_`
--
ALTER TABLE `kps_breakdown_cost_tooling_`
  ADD PRIMARY KEY (`ID`);

--
-- Indexes for table `kps_bsthp`
--
ALTER TABLE `kps_bsthp`
  ADD PRIMARY KEY (`KPS_BSTHP_ID`);

--
-- Indexes for table `kps_bsthp_`
--
ALTER TABLE `kps_bsthp_`
  ADD PRIMARY KEY (`ID_BSTHP_`);

--
-- Indexes for table `kps_bsthp_detail`
--
ALTER TABLE `kps_bsthp_detail`
  ADD PRIMARY KEY (`KPS_BSTHP_DETAIL_ID`);

--
-- Indexes for table `kps_bsthp_detail_`
--
ALTER TABLE `kps_bsthp_detail_`
  ADD PRIMARY KEY (`ID_BSTHP_DETAIL_`);

--
-- Indexes for table `kps_bsthp_detail_sub`
--
ALTER TABLE `kps_bsthp_detail_sub`
  ADD PRIMARY KEY (`KPS_BSTHP_DETAIL_SUB_ID`);

--
-- Indexes for table `kps_bsthp_detail_sub_`
--
ALTER TABLE `kps_bsthp_detail_sub_`
  ADD PRIMARY KEY (`ID_BSTHP_DETAIL_SUB`);

--
-- Indexes for table `kps_bsthp_verification`
--
ALTER TABLE `kps_bsthp_verification`
  ADD PRIMARY KEY (`KPS_BSTHP_VERIFICATION_ID`);

--
-- Indexes for table `kps_bsthp_verification_detail`
--
ALTER TABLE `kps_bsthp_verification_detail`
  ADD PRIMARY KEY (`KPS_BSTHP_VERIFICATION_DETAIL_ID`);

--
-- Indexes for table `kps_bsthp_verification_detail_`
--
ALTER TABLE `kps_bsthp_verification_detail_`
  ADD PRIMARY KEY (`ID`);

--
-- Indexes for table `kps_bukti_pesanan`
--
ALTER TABLE `kps_bukti_pesanan`
  ADD PRIMARY KEY (`KPS_BUKTI_PESANAN_ID`);

--
-- Indexes for table `kps_bukti_pesanan_`
--
ALTER TABLE `kps_bukti_pesanan_`
  ADD PRIMARY KEY (`ID`);

--
-- Indexes for table `kps_bukti_pesanan_detail`
--
ALTER TABLE `kps_bukti_pesanan_detail`
  ADD PRIMARY KEY (`KPS_BUKTI_PESANAN_DETAIL_ID`);

--
-- Indexes for table `kps_bukti_pesanan_detail_`
--
ALTER TABLE `kps_bukti_pesanan_detail_`
  ADD PRIMARY KEY (`ID`);

--
-- Indexes for table `kps_cost_delivery`
--
ALTER TABLE `kps_cost_delivery`
  ADD PRIMARY KEY (`KPS_COST_DELIVERY_ID`);

--
-- Indexes for table `kps_cost_delivery_detail`
--
ALTER TABLE `kps_cost_delivery_detail`
  ADD PRIMARY KEY (`KPS_COST_DELIVERY_DETAIL_ID`);

--
-- Indexes for table `kps_currency`
--
ALTER TABLE `kps_currency`
  ADD PRIMARY KEY (`KPS_CURRENCY_ID`);

--
-- Indexes for table `kps_customer`
--
ALTER TABLE `kps_customer`
  ADD PRIMARY KEY (`KPS_CUSTOMER_ID`);

--
-- Indexes for table `kps_customer_`
--
ALTER TABLE `kps_customer_`
  ADD PRIMARY KEY (`ID`);

--
-- Indexes for table `kps_customer_company`
--
ALTER TABLE `kps_customer_company`
  ADD PRIMARY KEY (`KPS_CUSTOMER_COMPANY_ID`);

--
-- Indexes for table `kps_customer_delivery_setup`
--
ALTER TABLE `kps_customer_delivery_setup`
  ADD PRIMARY KEY (`KPS_CUSTOMER_DELIVERY_SETUP`);

--
-- Indexes for table `kps_customer_divisi`
--
ALTER TABLE `kps_customer_divisi`
  ADD PRIMARY KEY (`KPS_CUSTOMER_DIVISI_ID`);

--
-- Indexes for table `kps_customer_finance`
--
ALTER TABLE `kps_customer_finance`
  ADD PRIMARY KEY (`KPS_CUSTOMER_FINANCE_ID`);

--
-- Indexes for table `kps_customer_finance_bank`
--
ALTER TABLE `kps_customer_finance_bank`
  ADD PRIMARY KEY (`KPS_CUSTOMER_FINANCE_BANK_ID`);

--
-- Indexes for table `kps_customer_iso`
--
ALTER TABLE `kps_customer_iso`
  ADD PRIMARY KEY (`KPS_CUSTOMER_ISO_ID`);

--
-- Indexes for table `kps_customer_is_person_in_charge`
--
ALTER TABLE `kps_customer_is_person_in_charge`
  ADD PRIMARY KEY (`KPS_CUSTOMER_IS_PERSON_IN_CHARGE_ID`);

--
-- Indexes for table `kps_customer_is_supplier`
--
ALTER TABLE `kps_customer_is_supplier`
  ADD PRIMARY KEY (`KPS_CUSTOMER_IS_SUPPLIER_ID`);

--
-- Indexes for table `kps_customer_list`
--
ALTER TABLE `kps_customer_list`
  ADD PRIMARY KEY (`KPS_CUSTOMER_LIST_ID`);

--
-- Indexes for table `kps_customer_main_customer`
--
ALTER TABLE `kps_customer_main_customer`
  ADD PRIMARY KEY (`KPS_CUSTOMER_MAIN_CUSTOMER_ID`);

--
-- Indexes for table `kps_customer_personal_payment`
--
ALTER TABLE `kps_customer_personal_payment`
  ADD PRIMARY KEY (`KPS_CUSTOMER_PAP_ID`);

--
-- Indexes for table `kps_customer_plant`
--
ALTER TABLE `kps_customer_plant`
  ADD PRIMARY KEY (`KPS_CUSTOMER_PLANT_ID`);

--
-- Indexes for table `kps_delivery_execution_other`
--
ALTER TABLE `kps_delivery_execution_other`
  ADD PRIMARY KEY (`KPS_DELIVERY_EXECUTION_OTHER_ID`);

--
-- Indexes for table `kps_delivery_execution_other_detail`
--
ALTER TABLE `kps_delivery_execution_other_detail`
  ADD PRIMARY KEY (`KPS_DELIVERY_EXECUTION_OTHER_DETAIL_ID`);

--
-- Indexes for table `kps_delivery_order`
--
ALTER TABLE `kps_delivery_order`
  ADD PRIMARY KEY (`KPS_DELIVERY_ORDER_ID`);

--
-- Indexes for table `kps_delivery_order_`
--
ALTER TABLE `kps_delivery_order_`
  ADD PRIMARY KEY (`ID`);

--
-- Indexes for table `kps_delivery_order_confirm`
--
ALTER TABLE `kps_delivery_order_confirm`
  ADD PRIMARY KEY (`KPS_DELIVERY_ORDER_CONFIRM_ID`);

--
-- Indexes for table `kps_delivery_order_detail`
--
ALTER TABLE `kps_delivery_order_detail`
  ADD PRIMARY KEY (`KPS_DELIVERY_ORDER_DETAIL_ID`);

--
-- Indexes for table `kps_delivery_order_retur`
--
ALTER TABLE `kps_delivery_order_retur`
  ADD PRIMARY KEY (`KPS_DELIVERY_ORDER_RETUR_ID`);

--
-- Indexes for table `kps_delivery_order_retur_`
--
ALTER TABLE `kps_delivery_order_retur_`
  ADD PRIMARY KEY (`ID`);

--
-- Indexes for table `kps_delivery_quota`
--
ALTER TABLE `kps_delivery_quota`
  ADD PRIMARY KEY (`KPS_DELIVERY_QUOTA_ID`);

--
-- Indexes for table `kps_delivery_quota_setup`
--
ALTER TABLE `kps_delivery_quota_setup`
  ADD PRIMARY KEY (`KPS_DELIVERY_QUOTA_SETUP_ID`);

--
-- Indexes for table `kps_delivery_schedule`
--
ALTER TABLE `kps_delivery_schedule`
  ADD PRIMARY KEY (`KPS_DELIVERY_SCHEDULE_ID`);

--
-- Indexes for table `kps_delivery_schedule_`
--
ALTER TABLE `kps_delivery_schedule_`
  ADD PRIMARY KEY (`ID`);

--
-- Indexes for table `kps_delivery_schedule_detail`
--
ALTER TABLE `kps_delivery_schedule_detail`
  ADD PRIMARY KEY (`KPS_DELIVERY_SCHEDULE_DETAIL_ID`);

--
-- Indexes for table `kps_delivery_schedule_detail_`
--
ALTER TABLE `kps_delivery_schedule_detail_`
  ADD PRIMARY KEY (`ID`);

--
-- Indexes for table `kps_delivery_schedule_total_reamining`
--
ALTER TABLE `kps_delivery_schedule_total_reamining`
  ADD PRIMARY KEY (`KPS_REAMINING_ID`);

--
-- Indexes for table `kps_delivery_status`
--
ALTER TABLE `kps_delivery_status`
  ADD PRIMARY KEY (`KPS_DELIVERY_STATUS_ID`);

--
-- Indexes for table `kps_delivery_status_detail`
--
ALTER TABLE `kps_delivery_status_detail`
  ADD PRIMARY KEY (`KPS_DELIVERY_STATUS_DETAIL_ID`);

--
-- Indexes for table `kps_department_employee`
--
ALTER TABLE `kps_department_employee`
  ADD PRIMARY KEY (`DEPT_EMPLOYEE_ID`);

--
-- Indexes for table `kps_employee`
--
ALTER TABLE `kps_employee`
  ADD PRIMARY KEY (`KPS_EMPLOYEE_ID`),
  ADD UNIQUE KEY `NIK` (`NIK`);

--
-- Indexes for table `kps_failed_project`
--
ALTER TABLE `kps_failed_project`
  ADD PRIMARY KEY (`KPS_FAILED_PROJECT_ID`);

--
-- Indexes for table `kps_failed_project_`
--
ALTER TABLE `kps_failed_project_`
  ADD PRIMARY KEY (`ID`);

--
-- Indexes for table `kps_failed_project_attachment`
--
ALTER TABLE `kps_failed_project_attachment`
  ADD PRIMARY KEY (`KPS_FAILED_PROJECT_ATTACHMENT_ID`);

--
-- Indexes for table `kps_fill`
--
ALTER TABLE `kps_fill`
  ADD PRIMARY KEY (`KPS_FILL_ID`);

--
-- Indexes for table `kps_group`
--
ALTER TABLE `kps_group`
  ADD PRIMARY KEY (`id`);

--
-- Indexes for table `kps_harga_borongan`
--
ALTER TABLE `kps_harga_borongan`
  ADD PRIMARY KEY (`KPS_HARGA_BORONGAN_ID`);

--
-- Indexes for table `kps_harga_borongan_detail`
--
ALTER TABLE `kps_harga_borongan_detail`
  ADD PRIMARY KEY (`KPS_HARGA_BORONGAN_DETAIL_ID`);

--
-- Indexes for table `kps_harga_borongan_rev`
--
ALTER TABLE `kps_harga_borongan_rev`
  ADD PRIMARY KEY (`KPS_HARGA_BORONGAN_REV_ID`);

--
-- Indexes for table `kps_history_price`
--
ALTER TABLE `kps_history_price`
  ADD PRIMARY KEY (`KPS_HISTORY_PRICE_ID`);

--
-- Indexes for table `kps_history_price_detail`
--
ALTER TABLE `kps_history_price_detail`
  ADD PRIMARY KEY (`KPS_HISTORY_PRICE_DETAIL_ID`);

--
-- Indexes for table `kps_inventory`
--
ALTER TABLE `kps_inventory`
  ADD PRIMARY KEY (`KPS_INVENTORY_ID`);

--
-- Indexes for table `kps_invoice`
--
ALTER TABLE `kps_invoice`
  ADD PRIMARY KEY (`KPS_INVOICE_ID`);

--
-- Indexes for table `kps_invoice_`
--
ALTER TABLE `kps_invoice_`
  ADD PRIMARY KEY (`KPS_INVOICE_ID_`);

--
-- Indexes for table `kps_invoice_detail`
--
ALTER TABLE `kps_invoice_detail`
  ADD PRIMARY KEY (`KPS_INVOICE_DETAIL_ID`);

--
-- Indexes for table `kps_invoice_detail_`
--
ALTER TABLE `kps_invoice_detail_`
  ADD PRIMARY KEY (`ID`);

--
-- Indexes for table `kps_invoice_induk`
--
ALTER TABLE `kps_invoice_induk`
  ADD PRIMARY KEY (`INVOICE_INDUK_ID`);

--
-- Indexes for table `kps_invoice_induk_`
--
ALTER TABLE `kps_invoice_induk_`
  ADD PRIMARY KEY (`ID`);

--
-- Indexes for table `kps_invoice_jasa_product`
--
ALTER TABLE `kps_invoice_jasa_product`
  ADD PRIMARY KEY (`KPS_INVOICE_JASA_PRODUCT_ID`);

--
-- Indexes for table `kps_invoice_jasa_product_detail`
--
ALTER TABLE `kps_invoice_jasa_product_detail`
  ADD PRIMARY KEY (`KPS_INVOICE_JASA_PRODUCT_DETAIL_ID`);

--
-- Indexes for table `kps_invoice_jasa_sewa_mesin`
--
ALTER TABLE `kps_invoice_jasa_sewa_mesin`
  ADD PRIMARY KEY (`KPS_INVOICE_JASA_SEWA_MESIN_ID`);

--
-- Indexes for table `kps_invoice_jasa_sewa_mesin_detail`
--
ALTER TABLE `kps_invoice_jasa_sewa_mesin_detail`
  ADD PRIMARY KEY (`KPS_INVOICE_JASA_SEWA_MESIN_DETAIL_ID`);

--
-- Indexes for table `kps_invoice_reg`
--
ALTER TABLE `kps_invoice_reg`
  ADD PRIMARY KEY (`KPS_INVOICE_REG_ID`);

--
-- Indexes for table `kps_invoice_reg_detail`
--
ALTER TABLE `kps_invoice_reg_detail`
  ADD PRIMARY KEY (`KPS_INVOICE_REG_DETAIL_ID`);

--
-- Indexes for table `kps_invoice_rekap`
--
ALTER TABLE `kps_invoice_rekap`
  ADD PRIMARY KEY (`KPS_INVOICE_REKAP_ID`);

--
-- Indexes for table `kps_invoice_term`
--
ALTER TABLE `kps_invoice_term`
  ADD PRIMARY KEY (`kps_invoice_term_id`);

--
-- Indexes for table `kps_invoice_type`
--
ALTER TABLE `kps_invoice_type`
  ADD PRIMARY KEY (`id`);

--
-- Indexes for table `kps_item_master`
--
ALTER TABLE `kps_item_master`
  ADD PRIMARY KEY (`KPS_ITEM_MASTER_ID`),
  ADD UNIQUE KEY `KPS_ITEM_MASTER_CODE_ITEM` (`KPS_ITEM_MASTER_CODE_ITEM`);

--
-- Indexes for table `kps_item_master_`
--
ALTER TABLE `kps_item_master_`
  ADD PRIMARY KEY (`KPS_ITEM_MASTER_ID_`);

--
-- Indexes for table `kps_item_master_detail`
--
ALTER TABLE `kps_item_master_detail`
  ADD PRIMARY KEY (`KPS_ITEM_MASTER_DETAIL_ID`);

--
-- Indexes for table `kps_item_master_rev`
--
ALTER TABLE `kps_item_master_rev`
  ADD PRIMARY KEY (`KPS_ITEM_MASTER_REV_ID`);

--
-- Indexes for table `kps_item_master_tooling`
--
ALTER TABLE `kps_item_master_tooling`
  ADD PRIMARY KEY (`KPS_ITEM_MASTER_TOOLING_ID`);

--
-- Indexes for table `kps_label`
--
ALTER TABLE `kps_label`
  ADD PRIMARY KEY (`KPS_LABEL_ID`);

--
-- Indexes for table `kps_label_`
--
ALTER TABLE `kps_label_`
  ADD PRIMARY KEY (`ID_KPS_LABEL_`);

--
-- Indexes for table `kps_label_detail`
--
ALTER TABLE `kps_label_detail`
  ADD PRIMARY KEY (`KPS_LABEL_DETAIL_ID`);

--
-- Indexes for table `kps_label_information`
--
ALTER TABLE `kps_label_information`
  ADD PRIMARY KEY (`KPS_LABEL_INFORMATION_ID`);

--
-- Indexes for table `kps_label_information_detail`
--
ALTER TABLE `kps_label_information_detail`
  ADD PRIMARY KEY (`KPS_LABEL_INFORMATION_DETAIL_ID`);

--
-- Indexes for table `kps_label_ng_waste`
--
ALTER TABLE `kps_label_ng_waste`
  ADD PRIMARY KEY (`KPS_LABEL_INFORMATION_ID`);

--
-- Indexes for table `kps_label_ng_waste_detail`
--
ALTER TABLE `kps_label_ng_waste_detail`
  ADD PRIMARY KEY (`KPS_LABEL_NG_WASTE_DETAIL_ID`);

--
-- Indexes for table `kps_label_retur`
--
ALTER TABLE `kps_label_retur`
  ADD PRIMARY KEY (`KPS_LABEL_RETUR_ID`);

--
-- Indexes for table `kps_label_retur_detail`
--
ALTER TABLE `kps_label_retur_detail`
  ADD PRIMARY KEY (`KPS_LABEL_RETUR_DETAIL_ID`);

--
-- Indexes for table `kps_loi`
--
ALTER TABLE `kps_loi`
  ADD PRIMARY KEY (`KPS_LOI_ID`);

--
-- Indexes for table `kps_loi_`
--
ALTER TABLE `kps_loi_`
  ADD PRIMARY KEY (`ID`);

--
-- Indexes for table `kps_loi_attachment`
--
ALTER TABLE `kps_loi_attachment`
  ADD PRIMARY KEY (`KPS_LOI_ATTACHMENT_ID`);

--
-- Indexes for table `kps_machine`
--
ALTER TABLE `kps_machine`
  ADD PRIMARY KEY (`KPS_MACHINE_ID`);

--
-- Indexes for table `kps_marketing`
--
ALTER TABLE `kps_marketing`
  ADD PRIMARY KEY (`KPS_MARKETING_ID`);

--
-- Indexes for table `kps_marketing_old`
--
ALTER TABLE `kps_marketing_old`
  ADD PRIMARY KEY (`KPS_MARKETING_ID`);

--
-- Indexes for table `kps_marketing_quantity`
--
ALTER TABLE `kps_marketing_quantity`
  ADD PRIMARY KEY (`KPS_MARKETING_QUANTITY_ID`);

--
-- Indexes for table `kps_marketing_quantity_detail`
--
ALTER TABLE `kps_marketing_quantity_detail`
  ADD PRIMARY KEY (`KPS_MARKETING_QUANTITY_DETAIL_ID`);

--
-- Indexes for table `kps_marketing_report_monthly`
--
ALTER TABLE `kps_marketing_report_monthly`
  ADD PRIMARY KEY (`KPS_MARKETING_REPORT_MONTHLY_ID`);

--
-- Indexes for table `kps_marketing_report_monthly_detail`
--
ALTER TABLE `kps_marketing_report_monthly_detail`
  ADD PRIMARY KEY (`KPS_MARKETING_REPORT_MONTHLY_DETAIL_ID`);

--
-- Indexes for table `kps_marketing_sales_report`
--
ALTER TABLE `kps_marketing_sales_report`
  ADD PRIMARY KEY (`KPS_MSR_ID`);

--
-- Indexes for table `kps_marketing_toolings`
--
ALTER TABLE `kps_marketing_toolings`
  ADD PRIMARY KEY (`KPS_MARKETING_TOOLINGS_ID`);

--
-- Indexes for table `kps_marketing_toolings_conclusion`
--
ALTER TABLE `kps_marketing_toolings_conclusion`
  ADD PRIMARY KEY (`KPS_MARKETING_TOOLINGS_CONCLUSION_ID`);

--
-- Indexes for table `kps_marketing_toolings_detail`
--
ALTER TABLE `kps_marketing_toolings_detail`
  ADD PRIMARY KEY (`KPS_MARKETING_TOOLINGS_DETAIL_ID`);

--
-- Indexes for table `kps_mutation_item`
--
ALTER TABLE `kps_mutation_item`
  ADD PRIMARY KEY (`KPS_MUTATION_ITEM_ID`);

--
-- Indexes for table `kps_mutation_item_`
--
ALTER TABLE `kps_mutation_item_`
  ADD PRIMARY KEY (`ID`);

--
-- Indexes for table `kps_mutation_item_detail`
--
ALTER TABLE `kps_mutation_item_detail`
  ADD PRIMARY KEY (`KPS_MUTATION_ITEM_DETAIL_ID`);

--
-- Indexes for table `kps_order_sheet`
--
ALTER TABLE `kps_order_sheet`
  ADD PRIMARY KEY (`KPS_OS_ID`);

--
-- Indexes for table `kps_order_sheet_`
--
ALTER TABLE `kps_order_sheet_`
  ADD PRIMARY KEY (`ID`);

--
-- Indexes for table `kps_order_sheet_attachment`
--
ALTER TABLE `kps_order_sheet_attachment`
  ADD PRIMARY KEY (`KPS_OS_ATTACHMENT_ID`);

--
-- Indexes for table `kps_order_sheet_detail`
--
ALTER TABLE `kps_order_sheet_detail`
  ADD PRIMARY KEY (`KPS_ORDER_SHEET_DETAIL_ID`);

--
-- Indexes for table `kps_order_sheet_detail_`
--
ALTER TABLE `kps_order_sheet_detail_`
  ADD PRIMARY KEY (`ID`);

--
-- Indexes for table `kps_outgoing_finished_good`
--
ALTER TABLE `kps_outgoing_finished_good`
  ADD PRIMARY KEY (`KPS_OUTGOING_FINISHED_GOOD_ID`);

--
-- Indexes for table `kps_outgoing_finished_good_`
--
ALTER TABLE `kps_outgoing_finished_good_`
  ADD PRIMARY KEY (`ID`);

--
-- Indexes for table `kps_outgoing_finished_good_detail`
--
ALTER TABLE `kps_outgoing_finished_good_detail`
  ADD PRIMARY KEY (`KPS_OUTGOING_FINISHED_GOOD_DETAIL_ID`);

--
-- Indexes for table `kps_outgoing_finished_good_detail_`
--
ALTER TABLE `kps_outgoing_finished_good_detail_`
  ADD PRIMARY KEY (`ID`);

--
-- Indexes for table `kps_outgoing_finished_good_detail_verification`
--
ALTER TABLE `kps_outgoing_finished_good_detail_verification`
  ADD PRIMARY KEY (`KPS_OFG_DETAIL_VER_ID`);

--
-- Indexes for table `kps_outgoing_finished_good_detail_verification_`
--
ALTER TABLE `kps_outgoing_finished_good_detail_verification_`
  ADD PRIMARY KEY (`ID`);

--
-- Indexes for table `kps_outgoing_finished_good_other`
--
ALTER TABLE `kps_outgoing_finished_good_other`
  ADD PRIMARY KEY (`KPS_OUTGOING_FINISHED_GOOD_OTHER_ID`);

--
-- Indexes for table `kps_outgoing_finished_good_other_detail`
--
ALTER TABLE `kps_outgoing_finished_good_other_detail`
  ADD PRIMARY KEY (`KPS_OUTGOING_FINISHED_GOOD_OTHER_DETAIL_ID`);

--
-- Indexes for table `kps_outgoing_report`
--
ALTER TABLE `kps_outgoing_report`
  ADD PRIMARY KEY (`KPS_OUTGOING_REPORT_ID`);

--
-- Indexes for table `kps_outgoing_retur_product`
--
ALTER TABLE `kps_outgoing_retur_product`
  ADD PRIMARY KEY (`OUTGOING_RETUR_PRODUCT_ID`);

--
-- Indexes for table `kps_outgoing_retur_product_`
--
ALTER TABLE `kps_outgoing_retur_product_`
  ADD PRIMARY KEY (`ID`);

--
-- Indexes for table `kps_outgoing_retur_product_detail`
--
ALTER TABLE `kps_outgoing_retur_product_detail`
  ADD PRIMARY KEY (`OUTGOING_RETUR_PRODUCT_DETAIL_ID`);

--
-- Indexes for table `kps_outgoing_retur_product_detail_`
--
ALTER TABLE `kps_outgoing_retur_product_detail_`
  ADD PRIMARY KEY (`ID`);

--
-- Indexes for table `kps_part`
--
ALTER TABLE `kps_part`
  ADD PRIMARY KEY (`KPS_PART_ID`);

--
-- Indexes for table `kps_po`
--
ALTER TABLE `kps_po`
  ADD PRIMARY KEY (`KPS_PO_ID`);

--
-- Indexes for table `kps_position_employee`
--
ALTER TABLE `kps_position_employee`
  ADD PRIMARY KEY (`POSITION_ID`);

--
-- Indexes for table `kps_price_update`
--
ALTER TABLE `kps_price_update`
  ADD PRIMARY KEY (`KPS_PRICE_UPDATE_ID`);

--
-- Indexes for table `kps_proses`
--
ALTER TABLE `kps_proses`
  ADD PRIMARY KEY (`KPS_PROSES_ID`);

--
-- Indexes for table `kps_quantity_invoice_status`
--
ALTER TABLE `kps_quantity_invoice_status`
  ADD PRIMARY KEY (`KPS_QUANTITY_INVOICE_STATUS_ID`);

--
-- Indexes for table `kps_quotation`
--
ALTER TABLE `kps_quotation`
  ADD PRIMARY KEY (`KPS_QUOTATION_ID`);

--
-- Indexes for table `kps_quotation_`
--
ALTER TABLE `kps_quotation_`
  ADD PRIMARY KEY (`ID`);

--
-- Indexes for table `kps_quotation_detail`
--
ALTER TABLE `kps_quotation_detail`
  ADD PRIMARY KEY (`KPS_QUOTATION_DETAIL_ID`);

--
-- Indexes for table `kps_quotation_detail_`
--
ALTER TABLE `kps_quotation_detail_`
  ADD PRIMARY KEY (`ID`);

--
-- Indexes for table `kps_receiving_good`
--
ALTER TABLE `kps_receiving_good`
  ADD PRIMARY KEY (`KPS_RECEIVING_GOOD_ID`);

--
-- Indexes for table `kps_receiving_good_detail`
--
ALTER TABLE `kps_receiving_good_detail`
  ADD PRIMARY KEY (`KPS_RECEIVING_GOOD_DETAIL_ID`);

--
-- Indexes for table `kps_retur_barang`
--
ALTER TABLE `kps_retur_barang`
  ADD PRIMARY KEY (`KPS_RETUR_BARANG_ID`);

--
-- Indexes for table `kps_retur_barang_`
--
ALTER TABLE `kps_retur_barang_`
  ADD PRIMARY KEY (`ID_KPS_RETUR_BARANG_`);

--
-- Indexes for table `kps_retur_barang_bukti_pesan`
--
ALTER TABLE `kps_retur_barang_bukti_pesan`
  ADD PRIMARY KEY (`KPS_RETUR_BUKTIPESAN_ID`);

--
-- Indexes for table `kps_retur_barang_detail`
--
ALTER TABLE `kps_retur_barang_detail`
  ADD PRIMARY KEY (`KPS_RETUR_BARANG_DETAIL_ID`);

--
-- Indexes for table `kps_retur_barang_detail_`
--
ALTER TABLE `kps_retur_barang_detail_`
  ADD PRIMARY KEY (`ID_RETUR_BARANG_DETAIL_`);

--
-- Indexes for table `kps_retur_product`
--
ALTER TABLE `kps_retur_product`
  ADD PRIMARY KEY (`KPS_RETUR_PRODUCT_ID`);

--
-- Indexes for table `kps_retur_product_detail`
--
ALTER TABLE `kps_retur_product_detail`
  ADD PRIMARY KEY (`KPS_RETUR_PRODUCT_DETAIL_ID`);

--
-- Indexes for table `kps_rfq`
--
ALTER TABLE `kps_rfq`
  ADD PRIMARY KEY (`KPS_RFQ_ID`);

--
-- Indexes for table `kps_rfq_`
--
ALTER TABLE `kps_rfq_`
  ADD PRIMARY KEY (`ID`);

--
-- Indexes for table `kps_rfq_attachment`
--
ALTER TABLE `kps_rfq_attachment`
  ADD PRIMARY KEY (`KPS_RFQ_ATTACHMENT_ID`);

--
-- Indexes for table `kps_rfq_currency`
--
ALTER TABLE `kps_rfq_currency`
  ADD PRIMARY KEY (`KPS_RFQ_CURENCY_ID`);

--
-- Indexes for table `kps_rfq_drawing`
--
ALTER TABLE `kps_rfq_drawing`
  ADD PRIMARY KEY (`KPS_RFQ_DRAWING_ID`);

--
-- Indexes for table `kps_rfq_drawing_`
--
ALTER TABLE `kps_rfq_drawing_`
  ADD PRIMARY KEY (`ID`);

--
-- Indexes for table `kps_rfq_part`
--
ALTER TABLE `kps_rfq_part`
  ADD PRIMARY KEY (`KPS_RFQ_PART_ID`);

--
-- Indexes for table `kps_rfq_part_`
--
ALTER TABLE `kps_rfq_part_`
  ADD PRIMARY KEY (`ID`);

--
-- Indexes for table `kps_rfq_production_plan`
--
ALTER TABLE `kps_rfq_production_plan`
  ADD PRIMARY KEY (`KPS_RFQ_PRODUCTION_PLAN_ID`);

--
-- Indexes for table `kps_rfq_production_plan_`
--
ALTER TABLE `kps_rfq_production_plan_`
  ADD PRIMARY KEY (`ID`);

--
-- Indexes for table `kps_rfq_schedule`
--
ALTER TABLE `kps_rfq_schedule`
  ADD PRIMARY KEY (`KPS_RFQ_SCHEDULE_ID`);

--
-- Indexes for table `kps_rfq_schedule_`
--
ALTER TABLE `kps_rfq_schedule_`
  ADD PRIMARY KEY (`ID`);

--
-- Indexes for table `kps_rfq_target_price`
--
ALTER TABLE `kps_rfq_target_price`
  ADD PRIMARY KEY (`KPS_RFQ_TARGET_PRICE_ID`);

--
-- Indexes for table `kps_rfq_target_price_`
--
ALTER TABLE `kps_rfq_target_price_`
  ADD PRIMARY KEY (`ID`);

--
-- Indexes for table `kps_roles`
--
ALTER TABLE `kps_roles`
  ADD PRIMARY KEY (`id`);

--
-- Indexes for table `kps_sales`
--
ALTER TABLE `kps_sales`
  ADD PRIMARY KEY (`KPS_SALES_ID`);

--
-- Indexes for table `kps_sales_growth`
--
ALTER TABLE `kps_sales_growth`
  ADD PRIMARY KEY (`KPS_SALES_GROWTH`);

--
-- Indexes for table `kps_sales_growth_detail`
--
ALTER TABLE `kps_sales_growth_detail`
  ADD PRIMARY KEY (`KPS_SALES_GROWTH_DETAIL_ID`);

--
-- Indexes for table `kps_sales_monthly`
--
ALTER TABLE `kps_sales_monthly`
  ADD PRIMARY KEY (`KPS_SALES_MONTHLY_ID`);

--
-- Indexes for table `kps_sales_monthly_analize`
--
ALTER TABLE `kps_sales_monthly_analize`
  ADD PRIMARY KEY (`KPS_SALES_MONTHLY_ANALIZE_ID`);

--
-- Indexes for table `kps_sales_monthly_analize_detail`
--
ALTER TABLE `kps_sales_monthly_analize_detail`
  ADD PRIMARY KEY (`KPS_SALES_MONTHLY_ANALIZE_DETAIL_ID`);

--
-- Indexes for table `kps_sales_monthly_detail`
--
ALTER TABLE `kps_sales_monthly_detail`
  ADD PRIMARY KEY (`KPS_SALES_MONTHLY_DETAIL_ID`);

--
-- Indexes for table `kps_sales_total_analize`
--
ALTER TABLE `kps_sales_total_analize`
  ADD PRIMARY KEY (`KPS_SALES_TOTAL_ANALIZE_ID`);

--
-- Indexes for table `kps_sales_total_analize_detail`
--
ALTER TABLE `kps_sales_total_analize_detail`
  ADD PRIMARY KEY (`KPS_SALES_TOTAL_ANALIZE_DETAIL_ID`);

--
-- Indexes for table `kps_section_employee`
--
ALTER TABLE `kps_section_employee`
  ADD PRIMARY KEY (`SEC_EMPLOYEE_ID`);

--
-- Indexes for table `kps_setup_group`
--
ALTER TABLE `kps_setup_group`
  ADD PRIMARY KEY (`KPS_SETUP_GROUP_ID`);

--
-- Indexes for table `kps_setup_group_detail`
--
ALTER TABLE `kps_setup_group_detail`
  ADD PRIMARY KEY (`KPS_SETUP_GROUP_DETAIL_ID`);

--
-- Indexes for table `kps_setup_upah_harian`
--
ALTER TABLE `kps_setup_upah_harian`
  ADD PRIMARY KEY (`KPS_SETUP_UPAH_HARIAN_ID`);

--
-- Indexes for table `kps_setup_upah_harian_detail`
--
ALTER TABLE `kps_setup_upah_harian_detail`
  ADD PRIMARY KEY (`KPS_SETUP_UPAH_HARIAN_DETAIL_ID`);

--
-- Indexes for table `kps_status_productivity`
--
ALTER TABLE `kps_status_productivity`
  ADD PRIMARY KEY (`KPS_STATUS_PRODUCTIVITY_ID`);

--
-- Indexes for table `kps_stock_delivery`
--
ALTER TABLE `kps_stock_delivery`
  ADD PRIMARY KEY (`KPS_STOCK_DELIVERY_ID`);

--
-- Indexes for table `kps_stock_delivery_detail`
--
ALTER TABLE `kps_stock_delivery_detail`
  ADD PRIMARY KEY (`KPS_STOCK_DELIVERY_DETAIL_ID`);

--
-- Indexes for table `kps_stock_in_out`
--
ALTER TABLE `kps_stock_in_out`
  ADD PRIMARY KEY (`KPS_STOCK_IN_OUT_ID`);

--
-- Indexes for table `kps_stock_in_out_detail`
--
ALTER TABLE `kps_stock_in_out_detail`
  ADD PRIMARY KEY (`KPS_STOCK_IN_OUT_DETAIL_ID`);

--
-- Indexes for table `kps_stock_opname`
--
ALTER TABLE `kps_stock_opname`
  ADD PRIMARY KEY (`KPS_STOCK_OPNAME_ID`);

--
-- Indexes for table `kps_stock_opname_detail`
--
ALTER TABLE `kps_stock_opname_detail`
  ADD PRIMARY KEY (`KPS_STOCK_OPNAME_DETAIL_ID`);

--
-- Indexes for table `kps_tooling`
--
ALTER TABLE `kps_tooling`
  ADD PRIMARY KEY (`KPS_TOOLING_ID`);

--
-- Indexes for table `kps_userdata`
--
ALTER TABLE `kps_userdata`
  ADD PRIMARY KEY (`KPS_USERDATA_ID`);

--
-- Indexes for table `kps_userdata_old`
--
ALTER TABLE `kps_userdata_old`
  ADD PRIMARY KEY (`KPS_USERDATA_ID`);

--
-- Indexes for table `kps_userdata_role`
--
ALTER TABLE `kps_userdata_role`
  ADD PRIMARY KEY (`id`);

--
-- Indexes for table `kps_vehicle`
--
ALTER TABLE `kps_vehicle`
  ADD PRIMARY KEY (`KPS_VEHICLE_ID`);

--
-- Indexes for table `kps_vehicle_`
--
ALTER TABLE `kps_vehicle_`
  ADD PRIMARY KEY (`ID`);

--
-- Indexes for table `pma_bookmark`
--
ALTER TABLE `pma_bookmark`
  ADD PRIMARY KEY (`id`);

--
-- Indexes for table `pma_column_info`
--
ALTER TABLE `pma_column_info`
  ADD PRIMARY KEY (`id`),
  ADD UNIQUE KEY `db_name` (`db_name`,`table_name`,`column_name`);

--
-- Indexes for table `pma_designer_coords`
--
ALTER TABLE `pma_designer_coords`
  ADD PRIMARY KEY (`db_name`,`table_name`);

--
-- Indexes for table `pma_history`
--
ALTER TABLE `pma_history`
  ADD PRIMARY KEY (`id`),
  ADD KEY `username` (`username`,`db`,`table`,`timevalue`);

--
-- Indexes for table `pma_pdf_pages`
--
ALTER TABLE `pma_pdf_pages`
  ADD PRIMARY KEY (`page_nr`),
  ADD KEY `db_name` (`db_name`);

--
-- Indexes for table `pma_recent`
--
ALTER TABLE `pma_recent`
  ADD PRIMARY KEY (`username`);

--
-- Indexes for table `pma_relation`
--
ALTER TABLE `pma_relation`
  ADD PRIMARY KEY (`master_db`,`master_table`,`master_field`),
  ADD KEY `foreign_field` (`foreign_db`,`foreign_table`);

--
-- Indexes for table `pma_table_coords`
--
ALTER TABLE `pma_table_coords`
  ADD PRIMARY KEY (`db_name`,`table_name`,`pdf_page_number`);

--
-- Indexes for table `pma_table_info`
--
ALTER TABLE `pma_table_info`
  ADD PRIMARY KEY (`db_name`,`table_name`);

--
-- Indexes for table `pma_table_uiprefs`
--
ALTER TABLE `pma_table_uiprefs`
  ADD PRIMARY KEY (`username`,`db_name`,`table_name`);

--
-- Indexes for table `pma_tracking`
--
ALTER TABLE `pma_tracking`
  ADD PRIMARY KEY (`db_name`,`table_name`,`version`);

--
-- Indexes for table `pma_userconfig`
--
ALTER TABLE `pma_userconfig`
  ADD PRIMARY KEY (`username`);

--
-- Indexes for table `semarconfig`
--
ALTER TABLE `semarconfig`
  ADD PRIMARY KEY (`semarconfig_id`),
  ADD UNIQUE KEY `semarconfig_key` (`semarconfig_key`);

--
-- Indexes for table `tdash`
--
ALTER TABLE `tdash`
  ADD PRIMARY KEY (`tdash_id`),
  ADD UNIQUE KEY `tdash_group_tdash_module` (`tdash_group`,`tdash_module`);

--
-- Indexes for table `tfm`
--
ALTER TABLE `tfm`
  ADD PRIMARY KEY (`tfmid`),
  ADD UNIQUE KEY `PK_tfm` (`tfmid`);

--
-- Indexes for table `tlog`
--
ALTER TABLE `tlog`
  ADD PRIMARY KEY (`ID_Log`),
  ADD UNIQUE KEY `PK_tlog_ID_Log` (`ID_Log`);

--
-- Indexes for table `tmenu`
--
ALTER TABLE `tmenu`
  ADD PRIMARY KEY (`ID_Menu`),
  ADD UNIQUE KEY `PK_tmenu_ID_Menu` (`ID_Menu`),
  ADD KEY `menu` (`menu`);

--
-- Indexes for table `tnf`
--
ALTER TABLE `tnf`
  ADD PRIMARY KEY (`tnf_id`),
  ADD UNIQUE KEY `PK_tnotifikasi` (`tnf_id`);

--
-- Indexes for table `tnfst`
--
ALTER TABLE `tnfst`
  ADD PRIMARY KEY (`tnfst_id`);

--
-- Indexes for table `tnfstd`
--
ALTER TABLE `tnfstd`
  ADD PRIMARY KEY (`tnfstd_id`);

--
-- Indexes for table `tnf_approval`
--
ALTER TABLE `tnf_approval`
  ADD PRIMARY KEY (`tnf_approval_id`),
  ADD UNIQUE KEY `PK_tnotifikasi_approval` (`tnf_approval_id`);

--
-- Indexes for table `tnf_receiver`
--
ALTER TABLE `tnf_receiver`
  ADD PRIMARY KEY (`tnf_receiver_id`),
  ADD UNIQUE KEY `PK_tnotifikasi_receiver` (`tnf_receiver_id`);

--
-- Indexes for table `tpegawai`
--
ALTER TABLE `tpegawai`
  ADD PRIMARY KEY (`NIP`),
  ADD UNIQUE KEY `ID_Pegawai` (`ID_Pegawai`),
  ADD KEY `NIP_Lama` (`NIP_Lama`),
  ADD KEY `nama_lengkap` (`nama_lengkap`),
  ADD KEY `kode_dupeg` (`kode_dupeg`),
  ADD KEY `kode_golru` (`kode_golru`),
  ADD KEY `TMT_kpkt` (`TMT_kpkt`),
  ADD KEY `kode_eselon` (`kode_eselon`),
  ADD KEY `kode_unor` (`kode_unor`),
  ADD KEY `IDP_Pddk` (`IDP_Pddk`),
  ADD KEY `IDP_Kpkt` (`IDP_Kpkt`),
  ADD KEY `IDP_Jab` (`IDP_Jab`),
  ADD KEY `IDP_Diklat` (`IDP_Diklat`),
  ADD KEY `IDP_Dik_PIM` (`IDP_Dik_PIM`),
  ADD KEY `IDP_Dik_PraJab` (`IDP_Dik_PraJab`),
  ADD KEY `IDP_DP3` (`IDP_DP3`),
  ADD KEY `IDP_KGB` (`IDP_KGB`),
  ADD KEY `IDP_AK` (`IDP_AK`),
  ADD KEY `IDP_Reward` (`IDP_Reward`),
  ADD KEY `IDP_HukDis` (`IDP_HukDis`),
  ADD KEY `IDP_Seminar` (`IDP_Seminar`),
  ADD KEY `IDP_KT` (`IDP_KT`),
  ADD KEY `IDP_Org` (`IDP_Org`),
  ADD KEY `IDP_PK` (`IDP_PK`),
  ADD KEY `idx_nip_tpegawai` (`NIP`(10));

--
-- Indexes for table `tpest`
--
ALTER TABLE `tpest`
  ADD PRIMARY KEY (`tpest_id`);

--
-- Indexes for table `tpestd`
--
ALTER TABLE `tpestd`
  ADD PRIMARY KEY (`tpestd_id`);

--
-- Indexes for table `tref_jabatan`
--
ALTER TABLE `tref_jabatan`
  ADD PRIMARY KEY (`kode_klp_jab`);

--
-- Indexes for table `tref_jns_pgw`
--
ALTER TABLE `tref_jns_pgw`
  ADD PRIMARY KEY (`kode_jpeg`),
  ADD UNIQUE KEY `PK_tref_jns_pgw_kode_jpeg` (`kode_jpeg`),
  ADD UNIQUE KEY `tref_jns_pgw$ID_JPEG` (`ID_JPEG`),
  ADD KEY `jenis_pegawai` (`jenis_pegawai`);

--
-- Indexes for table `tref_kabkota`
--
ALTER TABLE `tref_kabkota`
  ADD PRIMARY KEY (`kode_prov`,`kode_kabkota`),
  ADD UNIQUE KEY `PK_tref_kabkota_kode_kabkota` (`kode_kabkota`,`kode_prov`),
  ADD UNIQUE KEY `tref_kabkota$ID_KK` (`ID_KK`),
  ADD KEY `kode_prov` (`kode_prov`,`nama_kabkota`);

--
-- Indexes for table `tref_kecamatan`
--
ALTER TABLE `tref_kecamatan`
  ADD PRIMARY KEY (`kode_kec`),
  ADD UNIQUE KEY `PK_tref_kecamatan_kode_kec` (`kode_kec`),
  ADD UNIQUE KEY `tref_kecamatan$ID_Kec` (`ID_Kec`),
  ADD KEY `kode_kabkota` (`kode_kabkota`,`nama_kec`);

--
-- Indexes for table `tref_provinsi`
--
ALTER TABLE `tref_provinsi`
  ADD PRIMARY KEY (`kode_prov`),
  ADD UNIQUE KEY `PK_tref_provinsi_kode_prov` (`kode_prov`),
  ADD UNIQUE KEY `tref_provinsi$ID_Prov` (`ID_Prov`),
  ADD KEY `nama_prov` (`nama_prov`);

--
-- Indexes for table `tref_unor`
--
ALTER TABLE `tref_unor`
  ADD PRIMARY KEY (`kode_unor_id`);

--
-- Indexes for table `tuser`
--
ALTER TABLE `tuser`
  ADD PRIMARY KEY (`ID_User`),
  ADD UNIQUE KEY `PK_tuser_ID_User` (`ID_User`),
  ADD UNIQUE KEY `tuser$user` (`user`,`email`);

--
-- Indexes for table `tuser_menu`
--
ALTER TABLE `tuser_menu`
  ADD PRIMARY KEY (`ID_UM`),
  ADD UNIQUE KEY `PK_tuser_menu_ID_UM` (`ID_UM`),
  ADD KEY `ID_Menu` (`ID_Menu`),
  ADD KEY `ID_User` (`ID_User`);

--
-- Indexes for table `tuser_semar_menu`
--
ALTER TABLE `tuser_semar_menu`
  ADD PRIMARY KEY (`idmenu`),
  ADD UNIQUE KEY `PK_tuser_semar_menu_idmenu` (`idmenu`);

--
-- Indexes for table `tuser_semar_menu_group_collections`
--
ALTER TABLE `tuser_semar_menu_group_collections`
  ADD PRIMARY KEY (`id_groupcollections`),
  ADD UNIQUE KEY `PK_tuser_semar_menu_group_collections_id_groupcollections` (`id_groupcollections`);

--
-- Indexes for table `tuser_semar_menu_group_menu`
--
ALTER TABLE `tuser_semar_menu_group_menu`
  ADD PRIMARY KEY (`ID_Group_Menu`),
  ADD UNIQUE KEY `PK_tuser_semar_menu_group_menu_ID_Group_Menu` (`ID_Group_Menu`);

--
-- Indexes for table `tuser_semar_menu_group_user`
--
ALTER TABLE `tuser_semar_menu_group_user`
  ADD PRIMARY KEY (`ID_Group_User`),
  ADD UNIQUE KEY `PK_tuser_semar_menu_group_user_ID_Group_User` (`ID_Group_User`);

--
-- AUTO_INCREMENT for dumped tables
--

--
-- AUTO_INCREMENT for table `client`
--
ALTER TABLE `client`
  MODIFY `client_id` int(2) NOT NULL AUTO_INCREMENT;
--
-- AUTO_INCREMENT for table `kps_absen_harian`
--
ALTER TABLE `kps_absen_harian`
  MODIFY `KPS_ABSEN_HARIAN_ID` int(255) NOT NULL AUTO_INCREMENT;
--
-- AUTO_INCREMENT for table `kps_absen_harian_detail`
--
ALTER TABLE `kps_absen_harian_detail`
  MODIFY `KPS_ABSEN_HARIAN_DETAIL_ID` int(255) NOT NULL AUTO_INCREMENT;
--
-- AUTO_INCREMENT for table `kps_additional_salary_jamsostek`
--
ALTER TABLE `kps_additional_salary_jamsostek`
  MODIFY `KPS_ADDITIONAL_SALARY_JAMSOSTEK_ID` int(255) NOT NULL AUTO_INCREMENT;
--
-- AUTO_INCREMENT for table `kps_additional_salary_jamsostek_detail`
--
ALTER TABLE `kps_additional_salary_jamsostek_detail`
  MODIFY `KPS_ADDITIONAL_SALARY_JAMSOSTEK_DETAIL_ID` int(255) NOT NULL AUTO_INCREMENT;
--
-- AUTO_INCREMENT for table `kps_bank`
--
ALTER TABLE `kps_bank`
  MODIFY `KPS_BANK_ID` int(255) NOT NULL AUTO_INCREMENT, AUTO_INCREMENT=6;
--
-- AUTO_INCREMENT for table `kps_barcode`
--
ALTER TABLE `kps_barcode`
  MODIFY `KPS_BARCODE_ID` int(255) NOT NULL AUTO_INCREMENT, AUTO_INCREMENT=344;
--
-- AUTO_INCREMENT for table `kps_barcode_label`
--
ALTER TABLE `kps_barcode_label`
  MODIFY `kps_barcode_label_id` int(4) NOT NULL AUTO_INCREMENT, AUTO_INCREMENT=573;
--
-- AUTO_INCREMENT for table `kps_barcode_setting`
--
ALTER TABLE `kps_barcode_setting`
  MODIFY `KPS_BARCODE_SETTING_ID` int(11) NOT NULL AUTO_INCREMENT, AUTO_INCREMENT=2;
--
-- AUTO_INCREMENT for table `kps_barcode_setting_`
--
ALTER TABLE `kps_barcode_setting_`
  MODIFY `KPS_BARCODE_SETTING_ID_` int(11) NOT NULL AUTO_INCREMENT, AUTO_INCREMENT=24;
--
-- AUTO_INCREMENT for table `kps_breakdown_cost`
--
ALTER TABLE `kps_breakdown_cost`
  MODIFY `KPS_BREAKDOWN_COST_ID` int(255) NOT NULL AUTO_INCREMENT, AUTO_INCREMENT=12;
--
-- AUTO_INCREMENT for table `kps_breakdown_cost_`
--
ALTER TABLE `kps_breakdown_cost_`
  MODIFY `KPS_BREAKDOWN_COST_ID_` int(11) NOT NULL AUTO_INCREMENT, AUTO_INCREMENT=28;
--
-- AUTO_INCREMENT for table `kps_breakdown_cost_depreciation`
--
ALTER TABLE `kps_breakdown_cost_depreciation`
  MODIFY `KPS_BREAKDOWN_COST_DEPRECIATION_ID` int(255) NOT NULL AUTO_INCREMENT, AUTO_INCREMENT=12;
--
-- AUTO_INCREMENT for table `kps_breakdown_cost_depreciation_`
--
ALTER TABLE `kps_breakdown_cost_depreciation_`
  MODIFY `ID` int(11) NOT NULL AUTO_INCREMENT, AUTO_INCREMENT=3;
--
-- AUTO_INCREMENT for table `kps_breakdown_cost_item`
--
ALTER TABLE `kps_breakdown_cost_item`
  MODIFY `KPS_BREAKDOWN_COST_ITEM_ID` int(255) NOT NULL AUTO_INCREMENT;
--
-- AUTO_INCREMENT for table `kps_breakdown_cost_item_`
--
ALTER TABLE `kps_breakdown_cost_item_`
  MODIFY `ID` int(11) NOT NULL AUTO_INCREMENT;
--
-- AUTO_INCREMENT for table `kps_breakdown_cost_manufacturing`
--
ALTER TABLE `kps_breakdown_cost_manufacturing`
  MODIFY `KPS_BREAKDOWN_COST_MANUFACTURING_ID` int(255) NOT NULL AUTO_INCREMENT, AUTO_INCREMENT=13;
--
-- AUTO_INCREMENT for table `kps_breakdown_cost_manufacturing_`
--
ALTER TABLE `kps_breakdown_cost_manufacturing_`
  MODIFY `ID` int(11) NOT NULL AUTO_INCREMENT, AUTO_INCREMENT=2;
--
-- AUTO_INCREMENT for table `kps_breakdown_cost_material`
--
ALTER TABLE `kps_breakdown_cost_material`
  MODIFY `KPS_BREAKDOWN_COST_MATERIAL_ID` int(255) NOT NULL AUTO_INCREMENT, AUTO_INCREMENT=12;
--
-- AUTO_INCREMENT for table `kps_breakdown_cost_material_`
--
ALTER TABLE `kps_breakdown_cost_material_`
  MODIFY `ID` int(11) NOT NULL AUTO_INCREMENT, AUTO_INCREMENT=7;
--
-- AUTO_INCREMENT for table `kps_breakdown_cost_part`
--
ALTER TABLE `kps_breakdown_cost_part`
  MODIFY `KPS_BREAKDOWN_COST_PART_ID` int(255) NOT NULL AUTO_INCREMENT, AUTO_INCREMENT=9;
--
-- AUTO_INCREMENT for table `kps_breakdown_cost_part_`
--
ALTER TABLE `kps_breakdown_cost_part_`
  MODIFY `ID` int(11) NOT NULL AUTO_INCREMENT, AUTO_INCREMENT=2;
--
-- AUTO_INCREMENT for table `kps_breakdown_cost_tooling`
--
ALTER TABLE `kps_breakdown_cost_tooling`
  MODIFY `KPS_BREAKDOWN_COST_TOOLING_ID` int(255) NOT NULL AUTO_INCREMENT, AUTO_INCREMENT=14;
--
-- AUTO_INCREMENT for table `kps_breakdown_cost_tooling_`
--
ALTER TABLE `kps_breakdown_cost_tooling_`
  MODIFY `ID` int(11) NOT NULL AUTO_INCREMENT, AUTO_INCREMENT=2;
--
-- AUTO_INCREMENT for table `kps_bsthp`
--
ALTER TABLE `kps_bsthp`
  MODIFY `KPS_BSTHP_ID` int(255) NOT NULL AUTO_INCREMENT, AUTO_INCREMENT=14;
--
-- AUTO_INCREMENT for table `kps_bsthp_`
--
ALTER TABLE `kps_bsthp_`
  MODIFY `ID_BSTHP_` int(11) NOT NULL AUTO_INCREMENT, AUTO_INCREMENT=12;
--
-- AUTO_INCREMENT for table `kps_bsthp_detail`
--
ALTER TABLE `kps_bsthp_detail`
  MODIFY `KPS_BSTHP_DETAIL_ID` int(255) NOT NULL AUTO_INCREMENT, AUTO_INCREMENT=10;
--
-- AUTO_INCREMENT for table `kps_bsthp_detail_`
--
ALTER TABLE `kps_bsthp_detail_`
  MODIFY `ID_BSTHP_DETAIL_` int(11) NOT NULL AUTO_INCREMENT, AUTO_INCREMENT=19;
--
-- AUTO_INCREMENT for table `kps_bsthp_detail_sub`
--
ALTER TABLE `kps_bsthp_detail_sub`
  MODIFY `KPS_BSTHP_DETAIL_SUB_ID` int(11) NOT NULL AUTO_INCREMENT, AUTO_INCREMENT=9;
--
-- AUTO_INCREMENT for table `kps_bsthp_detail_sub_`
--
ALTER TABLE `kps_bsthp_detail_sub_`
  MODIFY `ID_BSTHP_DETAIL_SUB` int(11) NOT NULL AUTO_INCREMENT, AUTO_INCREMENT=5;
--
-- AUTO_INCREMENT for table `kps_bsthp_verification`
--
ALTER TABLE `kps_bsthp_verification`
  MODIFY `KPS_BSTHP_VERIFICATION_ID` int(255) NOT NULL AUTO_INCREMENT;
--
-- AUTO_INCREMENT for table `kps_bsthp_verification_detail`
--
ALTER TABLE `kps_bsthp_verification_detail`
  MODIFY `KPS_BSTHP_VERIFICATION_DETAIL_ID` int(255) NOT NULL AUTO_INCREMENT, AUTO_INCREMENT=10;
--
-- AUTO_INCREMENT for table `kps_bsthp_verification_detail_`
--
ALTER TABLE `kps_bsthp_verification_detail_`
  MODIFY `ID` int(11) NOT NULL AUTO_INCREMENT, AUTO_INCREMENT=3;
--
-- AUTO_INCREMENT for table `kps_bukti_pesanan`
--
ALTER TABLE `kps_bukti_pesanan`
  MODIFY `KPS_BUKTI_PESANAN_ID` int(255) NOT NULL AUTO_INCREMENT, AUTO_INCREMENT=25;
--
-- AUTO_INCREMENT for table `kps_bukti_pesanan_`
--
ALTER TABLE `kps_bukti_pesanan_`
  MODIFY `ID` int(11) NOT NULL AUTO_INCREMENT, AUTO_INCREMENT=145;
--
-- AUTO_INCREMENT for table `kps_bukti_pesanan_detail`
--
ALTER TABLE `kps_bukti_pesanan_detail`
  MODIFY `KPS_BUKTI_PESANAN_DETAIL_ID` int(255) NOT NULL AUTO_INCREMENT, AUTO_INCREMENT=35;
--
-- AUTO_INCREMENT for table `kps_bukti_pesanan_detail_`
--
ALTER TABLE `kps_bukti_pesanan_detail_`
  MODIFY `ID` int(11) NOT NULL AUTO_INCREMENT, AUTO_INCREMENT=7;
--
-- AUTO_INCREMENT for table `kps_cost_delivery`
--
ALTER TABLE `kps_cost_delivery`
  MODIFY `KPS_COST_DELIVERY_ID` int(255) NOT NULL AUTO_INCREMENT;
--
-- AUTO_INCREMENT for table `kps_cost_delivery_detail`
--
ALTER TABLE `kps_cost_delivery_detail`
  MODIFY `KPS_COST_DELIVERY_DETAIL_ID` int(255) NOT NULL AUTO_INCREMENT;
--
-- AUTO_INCREMENT for table `kps_currency`
--
ALTER TABLE `kps_currency`
  MODIFY `KPS_CURRENCY_ID` int(11) NOT NULL AUTO_INCREMENT;
--
-- AUTO_INCREMENT for table `kps_customer`
--
ALTER TABLE `kps_customer`
  MODIFY `KPS_CUSTOMER_ID` int(255) NOT NULL AUTO_INCREMENT, AUTO_INCREMENT=10;
--
-- AUTO_INCREMENT for table `kps_customer_`
--
ALTER TABLE `kps_customer_`
  MODIFY `ID` int(255) NOT NULL AUTO_INCREMENT, AUTO_INCREMENT=57;
--
-- AUTO_INCREMENT for table `kps_customer_company`
--
ALTER TABLE `kps_customer_company`
  MODIFY `KPS_CUSTOMER_COMPANY_ID` int(255) NOT NULL AUTO_INCREMENT, AUTO_INCREMENT=17;
--
-- AUTO_INCREMENT for table `kps_customer_delivery_setup`
--
ALTER TABLE `kps_customer_delivery_setup`
  MODIFY `KPS_CUSTOMER_DELIVERY_SETUP` int(255) NOT NULL AUTO_INCREMENT, AUTO_INCREMENT=10;
--
-- AUTO_INCREMENT for table `kps_customer_divisi`
--
ALTER TABLE `kps_customer_divisi`
  MODIFY `KPS_CUSTOMER_DIVISI_ID` int(255) NOT NULL AUTO_INCREMENT, AUTO_INCREMENT=9;
--
-- AUTO_INCREMENT for table `kps_customer_finance`
--
ALTER TABLE `kps_customer_finance`
  MODIFY `KPS_CUSTOMER_FINANCE_ID` int(255) NOT NULL AUTO_INCREMENT, AUTO_INCREMENT=6;
--
-- AUTO_INCREMENT for table `kps_customer_finance_bank`
--
ALTER TABLE `kps_customer_finance_bank`
  MODIFY `KPS_CUSTOMER_FINANCE_BANK_ID` int(255) NOT NULL AUTO_INCREMENT, AUTO_INCREMENT=11;
--
-- AUTO_INCREMENT for table `kps_customer_iso`
--
ALTER TABLE `kps_customer_iso`
  MODIFY `KPS_CUSTOMER_ISO_ID` int(255) NOT NULL AUTO_INCREMENT, AUTO_INCREMENT=6;
--
-- AUTO_INCREMENT for table `kps_customer_is_person_in_charge`
--
ALTER TABLE `kps_customer_is_person_in_charge`
  MODIFY `KPS_CUSTOMER_IS_PERSON_IN_CHARGE_ID` int(255) NOT NULL AUTO_INCREMENT, AUTO_INCREMENT=12;
--
-- AUTO_INCREMENT for table `kps_customer_is_supplier`
--
ALTER TABLE `kps_customer_is_supplier`
  MODIFY `KPS_CUSTOMER_IS_SUPPLIER_ID` int(255) NOT NULL AUTO_INCREMENT, AUTO_INCREMENT=5;
--
-- AUTO_INCREMENT for table `kps_customer_list`
--
ALTER TABLE `kps_customer_list`
  MODIFY `KPS_CUSTOMER_LIST_ID` int(255) NOT NULL AUTO_INCREMENT;
--
-- AUTO_INCREMENT for table `kps_customer_main_customer`
--
ALTER TABLE `kps_customer_main_customer`
  MODIFY `KPS_CUSTOMER_MAIN_CUSTOMER_ID` int(255) NOT NULL AUTO_INCREMENT, AUTO_INCREMENT=5;
--
-- AUTO_INCREMENT for table `kps_customer_personal_payment`
--
ALTER TABLE `kps_customer_personal_payment`
  MODIFY `KPS_CUSTOMER_PAP_ID` int(11) NOT NULL AUTO_INCREMENT, AUTO_INCREMENT=11;
--
-- AUTO_INCREMENT for table `kps_customer_plant`
--
ALTER TABLE `kps_customer_plant`
  MODIFY `KPS_CUSTOMER_PLANT_ID` int(255) NOT NULL AUTO_INCREMENT, AUTO_INCREMENT=8;
--
-- AUTO_INCREMENT for table `kps_delivery_execution_other`
--
ALTER TABLE `kps_delivery_execution_other`
  MODIFY `KPS_DELIVERY_EXECUTION_OTHER_ID` int(255) NOT NULL AUTO_INCREMENT;
--
-- AUTO_INCREMENT for table `kps_delivery_execution_other_detail`
--
ALTER TABLE `kps_delivery_execution_other_detail`
  MODIFY `KPS_DELIVERY_EXECUTION_OTHER_DETAIL_ID` int(255) NOT NULL AUTO_INCREMENT;
--
-- AUTO_INCREMENT for table `kps_delivery_order`
--
ALTER TABLE `kps_delivery_order`
  MODIFY `KPS_DELIVERY_ORDER_ID` int(255) NOT NULL AUTO_INCREMENT, AUTO_INCREMENT=24;
--
-- AUTO_INCREMENT for table `kps_delivery_order_`
--
ALTER TABLE `kps_delivery_order_`
  MODIFY `ID` int(11) NOT NULL AUTO_INCREMENT, AUTO_INCREMENT=175;
--
-- AUTO_INCREMENT for table `kps_delivery_order_confirm`
--
ALTER TABLE `kps_delivery_order_confirm`
  MODIFY `KPS_DELIVERY_ORDER_CONFIRM_ID` int(255) NOT NULL AUTO_INCREMENT, AUTO_INCREMENT=22;
--
-- AUTO_INCREMENT for table `kps_delivery_order_detail`
--
ALTER TABLE `kps_delivery_order_detail`
  MODIFY `KPS_DELIVERY_ORDER_DETAIL_ID` int(255) NOT NULL AUTO_INCREMENT;
--
-- AUTO_INCREMENT for table `kps_delivery_order_retur`
--
ALTER TABLE `kps_delivery_order_retur`
  MODIFY `KPS_DELIVERY_ORDER_RETUR_ID` int(11) NOT NULL AUTO_INCREMENT, AUTO_INCREMENT=3;
--
-- AUTO_INCREMENT for table `kps_delivery_order_retur_`
--
ALTER TABLE `kps_delivery_order_retur_`
  MODIFY `ID` int(11) NOT NULL AUTO_INCREMENT, AUTO_INCREMENT=3;
--
-- AUTO_INCREMENT for table `kps_delivery_quota`
--
ALTER TABLE `kps_delivery_quota`
  MODIFY `KPS_DELIVERY_QUOTA_ID` int(255) NOT NULL AUTO_INCREMENT;
--
-- AUTO_INCREMENT for table `kps_delivery_quota_setup`
--
ALTER TABLE `kps_delivery_quota_setup`
  MODIFY `KPS_DELIVERY_QUOTA_SETUP_ID` int(255) NOT NULL AUTO_INCREMENT;
--
-- AUTO_INCREMENT for table `kps_delivery_schedule`
--
ALTER TABLE `kps_delivery_schedule`
  MODIFY `KPS_DELIVERY_SCHEDULE_ID` int(255) NOT NULL AUTO_INCREMENT, AUTO_INCREMENT=46;
--
-- AUTO_INCREMENT for table `kps_delivery_schedule_`
--
ALTER TABLE `kps_delivery_schedule_`
  MODIFY `ID` int(11) NOT NULL AUTO_INCREMENT, AUTO_INCREMENT=154;
--
-- AUTO_INCREMENT for table `kps_delivery_schedule_detail`
--
ALTER TABLE `kps_delivery_schedule_detail`
  MODIFY `KPS_DELIVERY_SCHEDULE_DETAIL_ID` int(255) NOT NULL AUTO_INCREMENT, AUTO_INCREMENT=84;
--
-- AUTO_INCREMENT for table `kps_delivery_schedule_detail_`
--
ALTER TABLE `kps_delivery_schedule_detail_`
  MODIFY `ID` int(11) NOT NULL AUTO_INCREMENT, AUTO_INCREMENT=21;
--
-- AUTO_INCREMENT for table `kps_delivery_schedule_total_reamining`
--
ALTER TABLE `kps_delivery_schedule_total_reamining`
  MODIFY `KPS_REAMINING_ID` int(11) NOT NULL AUTO_INCREMENT;
--
-- AUTO_INCREMENT for table `kps_delivery_status`
--
ALTER TABLE `kps_delivery_status`
  MODIFY `KPS_DELIVERY_STATUS_ID` int(255) NOT NULL AUTO_INCREMENT;
--
-- AUTO_INCREMENT for table `kps_delivery_status_detail`
--
ALTER TABLE `kps_delivery_status_detail`
  MODIFY `KPS_DELIVERY_STATUS_DETAIL_ID` int(11) NOT NULL AUTO_INCREMENT;
--
-- AUTO_INCREMENT for table `kps_department_employee`
--
ALTER TABLE `kps_department_employee`
  MODIFY `DEPT_EMPLOYEE_ID` int(11) NOT NULL AUTO_INCREMENT, AUTO_INCREMENT=6;
--
-- AUTO_INCREMENT for table `kps_employee`
--
ALTER TABLE `kps_employee`
  MODIFY `KPS_EMPLOYEE_ID` int(255) NOT NULL AUTO_INCREMENT, AUTO_INCREMENT=13;
--
-- AUTO_INCREMENT for table `kps_failed_project`
--
ALTER TABLE `kps_failed_project`
  MODIFY `KPS_FAILED_PROJECT_ID` int(255) NOT NULL AUTO_INCREMENT, AUTO_INCREMENT=2;
--
-- AUTO_INCREMENT for table `kps_failed_project_`
--
ALTER TABLE `kps_failed_project_`
  MODIFY `ID` int(11) NOT NULL AUTO_INCREMENT, AUTO_INCREMENT=6;
--
-- AUTO_INCREMENT for table `kps_failed_project_attachment`
--
ALTER TABLE `kps_failed_project_attachment`
  MODIFY `KPS_FAILED_PROJECT_ATTACHMENT_ID` int(255) NOT NULL AUTO_INCREMENT;
--
-- AUTO_INCREMENT for table `kps_fill`
--
ALTER TABLE `kps_fill`
  MODIFY `KPS_FILL_ID` int(255) NOT NULL AUTO_INCREMENT;
--
-- AUTO_INCREMENT for table `kps_group`
--
ALTER TABLE `kps_group`
  MODIFY `id` int(11) NOT NULL AUTO_INCREMENT, AUTO_INCREMENT=4;
--
-- AUTO_INCREMENT for table `kps_harga_borongan`
--
ALTER TABLE `kps_harga_borongan`
  MODIFY `KPS_HARGA_BORONGAN_ID` int(255) NOT NULL AUTO_INCREMENT;
--
-- AUTO_INCREMENT for table `kps_harga_borongan_detail`
--
ALTER TABLE `kps_harga_borongan_detail`
  MODIFY `KPS_HARGA_BORONGAN_DETAIL_ID` int(255) NOT NULL AUTO_INCREMENT;
--
-- AUTO_INCREMENT for table `kps_harga_borongan_rev`
--
ALTER TABLE `kps_harga_borongan_rev`
  MODIFY `KPS_HARGA_BORONGAN_REV_ID` int(255) NOT NULL AUTO_INCREMENT;
--
-- AUTO_INCREMENT for table `kps_history_price`
--
ALTER TABLE `kps_history_price`
  MODIFY `KPS_HISTORY_PRICE_ID` int(255) NOT NULL AUTO_INCREMENT;
--
-- AUTO_INCREMENT for table `kps_history_price_detail`
--
ALTER TABLE `kps_history_price_detail`
  MODIFY `KPS_HISTORY_PRICE_DETAIL_ID` int(255) NOT NULL AUTO_INCREMENT;
--
-- AUTO_INCREMENT for table `kps_inventory`
--
ALTER TABLE `kps_inventory`
  MODIFY `KPS_INVENTORY_ID` int(255) NOT NULL AUTO_INCREMENT;
--
-- AUTO_INCREMENT for table `kps_invoice`
--
ALTER TABLE `kps_invoice`
  MODIFY `KPS_INVOICE_ID` int(255) NOT NULL AUTO_INCREMENT, AUTO_INCREMENT=30;
--
-- AUTO_INCREMENT for table `kps_invoice_`
--
ALTER TABLE `kps_invoice_`
  MODIFY `KPS_INVOICE_ID_` int(11) NOT NULL AUTO_INCREMENT, AUTO_INCREMENT=1165;
--
-- AUTO_INCREMENT for table `kps_invoice_detail`
--
ALTER TABLE `kps_invoice_detail`
  MODIFY `KPS_INVOICE_DETAIL_ID` int(255) NOT NULL AUTO_INCREMENT, AUTO_INCREMENT=29;
--
-- AUTO_INCREMENT for table `kps_invoice_detail_`
--
ALTER TABLE `kps_invoice_detail_`
  MODIFY `ID` int(11) NOT NULL AUTO_INCREMENT, AUTO_INCREMENT=7;
--
-- AUTO_INCREMENT for table `kps_invoice_induk`
--
ALTER TABLE `kps_invoice_induk`
  MODIFY `INVOICE_INDUK_ID` int(11) NOT NULL AUTO_INCREMENT, AUTO_INCREMENT=16;
--
-- AUTO_INCREMENT for table `kps_invoice_induk_`
--
ALTER TABLE `kps_invoice_induk_`
  MODIFY `ID` int(11) NOT NULL AUTO_INCREMENT, AUTO_INCREMENT=630;
--
-- AUTO_INCREMENT for table `kps_invoice_jasa_product`
--
ALTER TABLE `kps_invoice_jasa_product`
  MODIFY `KPS_INVOICE_JASA_PRODUCT_ID` int(255) NOT NULL AUTO_INCREMENT;
--
-- AUTO_INCREMENT for table `kps_invoice_jasa_product_detail`
--
ALTER TABLE `kps_invoice_jasa_product_detail`
  MODIFY `KPS_INVOICE_JASA_PRODUCT_DETAIL_ID` int(255) NOT NULL AUTO_INCREMENT;
--
-- AUTO_INCREMENT for table `kps_invoice_jasa_sewa_mesin`
--
ALTER TABLE `kps_invoice_jasa_sewa_mesin`
  MODIFY `KPS_INVOICE_JASA_SEWA_MESIN_ID` int(255) NOT NULL AUTO_INCREMENT;
--
-- AUTO_INCREMENT for table `kps_invoice_jasa_sewa_mesin_detail`
--
ALTER TABLE `kps_invoice_jasa_sewa_mesin_detail`
  MODIFY `KPS_INVOICE_JASA_SEWA_MESIN_DETAIL_ID` int(255) NOT NULL AUTO_INCREMENT;
--
-- AUTO_INCREMENT for table `kps_invoice_reg`
--
ALTER TABLE `kps_invoice_reg`
  MODIFY `KPS_INVOICE_REG_ID` int(255) NOT NULL AUTO_INCREMENT;
--
-- AUTO_INCREMENT for table `kps_invoice_reg_detail`
--
ALTER TABLE `kps_invoice_reg_detail`
  MODIFY `KPS_INVOICE_REG_DETAIL_ID` int(255) NOT NULL AUTO_INCREMENT;
--
-- AUTO_INCREMENT for table `kps_invoice_rekap`
--
ALTER TABLE `kps_invoice_rekap`
  MODIFY `KPS_INVOICE_REKAP_ID` int(255) NOT NULL AUTO_INCREMENT;
--
-- AUTO_INCREMENT for table `kps_invoice_term`
--
ALTER TABLE `kps_invoice_term`
  MODIFY `kps_invoice_term_id` int(3) NOT NULL AUTO_INCREMENT, AUTO_INCREMENT=6;
--
-- AUTO_INCREMENT for table `kps_invoice_type`
--
ALTER TABLE `kps_invoice_type`
  MODIFY `id` int(11) NOT NULL AUTO_INCREMENT, AUTO_INCREMENT=4;
--
-- AUTO_INCREMENT for table `kps_item_master`
--
ALTER TABLE `kps_item_master`
  MODIFY `KPS_ITEM_MASTER_ID` int(255) NOT NULL AUTO_INCREMENT, AUTO_INCREMENT=1025;
--
-- AUTO_INCREMENT for table `kps_item_master_`
--
ALTER TABLE `kps_item_master_`
  MODIFY `KPS_ITEM_MASTER_ID_` int(255) NOT NULL AUTO_INCREMENT, AUTO_INCREMENT=21;
--
-- AUTO_INCREMENT for table `kps_item_master_detail`
--
ALTER TABLE `kps_item_master_detail`
  MODIFY `KPS_ITEM_MASTER_DETAIL_ID` int(255) NOT NULL AUTO_INCREMENT;
--
-- AUTO_INCREMENT for table `kps_item_master_rev`
--
ALTER TABLE `kps_item_master_rev`
  MODIFY `KPS_ITEM_MASTER_REV_ID` int(255) NOT NULL AUTO_INCREMENT;
--
-- AUTO_INCREMENT for table `kps_item_master_tooling`
--
ALTER TABLE `kps_item_master_tooling`
  MODIFY `KPS_ITEM_MASTER_TOOLING_ID` int(255) NOT NULL AUTO_INCREMENT;
--
-- AUTO_INCREMENT for table `kps_label`
--
ALTER TABLE `kps_label`
  MODIFY `KPS_LABEL_ID` int(255) NOT NULL AUTO_INCREMENT, AUTO_INCREMENT=17;
--
-- AUTO_INCREMENT for table `kps_label_`
--
ALTER TABLE `kps_label_`
  MODIFY `ID_KPS_LABEL_` int(11) NOT NULL AUTO_INCREMENT, AUTO_INCREMENT=6;
--
-- AUTO_INCREMENT for table `kps_label_detail`
--
ALTER TABLE `kps_label_detail`
  MODIFY `KPS_LABEL_DETAIL_ID` int(255) NOT NULL AUTO_INCREMENT;
--
-- AUTO_INCREMENT for table `kps_label_information`
--
ALTER TABLE `kps_label_information`
  MODIFY `KPS_LABEL_INFORMATION_ID` int(255) NOT NULL AUTO_INCREMENT;
--
-- AUTO_INCREMENT for table `kps_label_information_detail`
--
ALTER TABLE `kps_label_information_detail`
  MODIFY `KPS_LABEL_INFORMATION_DETAIL_ID` int(255) NOT NULL AUTO_INCREMENT;
--
-- AUTO_INCREMENT for table `kps_label_ng_waste`
--
ALTER TABLE `kps_label_ng_waste`
  MODIFY `KPS_LABEL_INFORMATION_ID` int(255) NOT NULL AUTO_INCREMENT;
--
-- AUTO_INCREMENT for table `kps_label_ng_waste_detail`
--
ALTER TABLE `kps_label_ng_waste_detail`
  MODIFY `KPS_LABEL_NG_WASTE_DETAIL_ID` int(255) NOT NULL AUTO_INCREMENT;
--
-- AUTO_INCREMENT for table `kps_label_retur`
--
ALTER TABLE `kps_label_retur`
  MODIFY `KPS_LABEL_RETUR_ID` int(255) NOT NULL AUTO_INCREMENT;
--
-- AUTO_INCREMENT for table `kps_label_retur_detail`
--
ALTER TABLE `kps_label_retur_detail`
  MODIFY `KPS_LABEL_RETUR_DETAIL_ID` int(255) NOT NULL AUTO_INCREMENT;
--
-- AUTO_INCREMENT for table `kps_loi`
--
ALTER TABLE `kps_loi`
  MODIFY `KPS_LOI_ID` int(255) NOT NULL AUTO_INCREMENT, AUTO_INCREMENT=9;
--
-- AUTO_INCREMENT for table `kps_loi_`
--
ALTER TABLE `kps_loi_`
  MODIFY `ID` int(11) NOT NULL AUTO_INCREMENT, AUTO_INCREMENT=7;
--
-- AUTO_INCREMENT for table `kps_loi_attachment`
--
ALTER TABLE `kps_loi_attachment`
  MODIFY `KPS_LOI_ATTACHMENT_ID` int(255) NOT NULL AUTO_INCREMENT;
--
-- AUTO_INCREMENT for table `kps_machine`
--
ALTER TABLE `kps_machine`
  MODIFY `KPS_MACHINE_ID` int(255) NOT NULL AUTO_INCREMENT;
--
-- AUTO_INCREMENT for table `kps_marketing`
--
ALTER TABLE `kps_marketing`
  MODIFY `KPS_MARKETING_ID` int(255) NOT NULL AUTO_INCREMENT, AUTO_INCREMENT=5;
--
-- AUTO_INCREMENT for table `kps_marketing_old`
--
ALTER TABLE `kps_marketing_old`
  MODIFY `KPS_MARKETING_ID` int(255) NOT NULL AUTO_INCREMENT;
--
-- AUTO_INCREMENT for table `kps_marketing_quantity`
--
ALTER TABLE `kps_marketing_quantity`
  MODIFY `KPS_MARKETING_QUANTITY_ID` int(255) NOT NULL AUTO_INCREMENT, AUTO_INCREMENT=10;
--
-- AUTO_INCREMENT for table `kps_marketing_quantity_detail`
--
ALTER TABLE `kps_marketing_quantity_detail`
  MODIFY `KPS_MARKETING_QUANTITY_DETAIL_ID` int(255) NOT NULL AUTO_INCREMENT, AUTO_INCREMENT=62;
--
-- AUTO_INCREMENT for table `kps_marketing_report_monthly`
--
ALTER TABLE `kps_marketing_report_monthly`
  MODIFY `KPS_MARKETING_REPORT_MONTHLY_ID` int(255) NOT NULL AUTO_INCREMENT, AUTO_INCREMENT=2;
--
-- AUTO_INCREMENT for table `kps_marketing_report_monthly_detail`
--
ALTER TABLE `kps_marketing_report_monthly_detail`
  MODIFY `KPS_MARKETING_REPORT_MONTHLY_DETAIL_ID` int(255) NOT NULL AUTO_INCREMENT;
--
-- AUTO_INCREMENT for table `kps_marketing_sales_report`
--
ALTER TABLE `kps_marketing_sales_report`
  MODIFY `KPS_MSR_ID` int(11) NOT NULL AUTO_INCREMENT, AUTO_INCREMENT=7;
--
-- AUTO_INCREMENT for table `kps_marketing_toolings`
--
ALTER TABLE `kps_marketing_toolings`
  MODIFY `KPS_MARKETING_TOOLINGS_ID` int(255) NOT NULL AUTO_INCREMENT, AUTO_INCREMENT=2;
--
-- AUTO_INCREMENT for table `kps_marketing_toolings_conclusion`
--
ALTER TABLE `kps_marketing_toolings_conclusion`
  MODIFY `KPS_MARKETING_TOOLINGS_CONCLUSION_ID` int(255) NOT NULL AUTO_INCREMENT;
--
-- AUTO_INCREMENT for table `kps_marketing_toolings_detail`
--
ALTER TABLE `kps_marketing_toolings_detail`
  MODIFY `KPS_MARKETING_TOOLINGS_DETAIL_ID` int(255) NOT NULL AUTO_INCREMENT;
--
-- AUTO_INCREMENT for table `kps_mutation_item`
--
ALTER TABLE `kps_mutation_item`
  MODIFY `KPS_MUTATION_ITEM_ID` int(255) NOT NULL AUTO_INCREMENT, AUTO_INCREMENT=3;
--
-- AUTO_INCREMENT for table `kps_mutation_item_`
--
ALTER TABLE `kps_mutation_item_`
  MODIFY `ID` int(11) NOT NULL AUTO_INCREMENT, AUTO_INCREMENT=2;
--
-- AUTO_INCREMENT for table `kps_mutation_item_detail`
--
ALTER TABLE `kps_mutation_item_detail`
  MODIFY `KPS_MUTATION_ITEM_DETAIL_ID` int(255) NOT NULL AUTO_INCREMENT;
--
-- AUTO_INCREMENT for table `kps_order_sheet`
--
ALTER TABLE `kps_order_sheet`
  MODIFY `KPS_OS_ID` int(255) NOT NULL AUTO_INCREMENT, AUTO_INCREMENT=18;
--
-- AUTO_INCREMENT for table `kps_order_sheet_`
--
ALTER TABLE `kps_order_sheet_`
  MODIFY `ID` int(11) NOT NULL AUTO_INCREMENT, AUTO_INCREMENT=2;
--
-- AUTO_INCREMENT for table `kps_order_sheet_attachment`
--
ALTER TABLE `kps_order_sheet_attachment`
  MODIFY `KPS_OS_ATTACHMENT_ID` int(11) NOT NULL AUTO_INCREMENT;
--
-- AUTO_INCREMENT for table `kps_order_sheet_detail`
--
ALTER TABLE `kps_order_sheet_detail`
  MODIFY `KPS_ORDER_SHEET_DETAIL_ID` int(255) NOT NULL AUTO_INCREMENT, AUTO_INCREMENT=36;
--
-- AUTO_INCREMENT for table `kps_order_sheet_detail_`
--
ALTER TABLE `kps_order_sheet_detail_`
  MODIFY `ID` int(11) NOT NULL AUTO_INCREMENT, AUTO_INCREMENT=4;
--
-- AUTO_INCREMENT for table `kps_outgoing_finished_good`
--
ALTER TABLE `kps_outgoing_finished_good`
  MODIFY `KPS_OUTGOING_FINISHED_GOOD_ID` int(255) NOT NULL AUTO_INCREMENT, AUTO_INCREMENT=30;
--
-- AUTO_INCREMENT for table `kps_outgoing_finished_good_`
--
ALTER TABLE `kps_outgoing_finished_good_`
  MODIFY `ID` int(11) NOT NULL AUTO_INCREMENT, AUTO_INCREMENT=35;
--
-- AUTO_INCREMENT for table `kps_outgoing_finished_good_detail`
--
ALTER TABLE `kps_outgoing_finished_good_detail`
  MODIFY `KPS_OUTGOING_FINISHED_GOOD_DETAIL_ID` int(255) NOT NULL AUTO_INCREMENT, AUTO_INCREMENT=60;
--
-- AUTO_INCREMENT for table `kps_outgoing_finished_good_detail_`
--
ALTER TABLE `kps_outgoing_finished_good_detail_`
  MODIFY `ID` int(11) NOT NULL AUTO_INCREMENT, AUTO_INCREMENT=3;
--
-- AUTO_INCREMENT for table `kps_outgoing_finished_good_detail_verification`
--
ALTER TABLE `kps_outgoing_finished_good_detail_verification`
  MODIFY `KPS_OFG_DETAIL_VER_ID` int(11) NOT NULL AUTO_INCREMENT, AUTO_INCREMENT=8;
--
-- AUTO_INCREMENT for table `kps_outgoing_finished_good_detail_verification_`
--
ALTER TABLE `kps_outgoing_finished_good_detail_verification_`
  MODIFY `ID` int(11) NOT NULL AUTO_INCREMENT;
--
-- AUTO_INCREMENT for table `kps_outgoing_finished_good_other`
--
ALTER TABLE `kps_outgoing_finished_good_other`
  MODIFY `KPS_OUTGOING_FINISHED_GOOD_OTHER_ID` int(255) NOT NULL AUTO_INCREMENT;
--
-- AUTO_INCREMENT for table `kps_outgoing_finished_good_other_detail`
--
ALTER TABLE `kps_outgoing_finished_good_other_detail`
  MODIFY `KPS_OUTGOING_FINISHED_GOOD_OTHER_DETAIL_ID` int(255) NOT NULL AUTO_INCREMENT;
--
-- AUTO_INCREMENT for table `kps_outgoing_report`
--
ALTER TABLE `kps_outgoing_report`
  MODIFY `KPS_OUTGOING_REPORT_ID` int(255) NOT NULL AUTO_INCREMENT;
--
-- AUTO_INCREMENT for table `kps_outgoing_retur_product`
--
ALTER TABLE `kps_outgoing_retur_product`
  MODIFY `OUTGOING_RETUR_PRODUCT_ID` int(11) NOT NULL AUTO_INCREMENT, AUTO_INCREMENT=5;
--
-- AUTO_INCREMENT for table `kps_outgoing_retur_product_`
--
ALTER TABLE `kps_outgoing_retur_product_`
  MODIFY `ID` int(11) NOT NULL AUTO_INCREMENT;
--
-- AUTO_INCREMENT for table `kps_outgoing_retur_product_detail`
--
ALTER TABLE `kps_outgoing_retur_product_detail`
  MODIFY `OUTGOING_RETUR_PRODUCT_DETAIL_ID` int(11) NOT NULL AUTO_INCREMENT, AUTO_INCREMENT=7;
--
-- AUTO_INCREMENT for table `kps_outgoing_retur_product_detail_`
--
ALTER TABLE `kps_outgoing_retur_product_detail_`
  MODIFY `ID` int(11) NOT NULL AUTO_INCREMENT, AUTO_INCREMENT=3;
--
-- AUTO_INCREMENT for table `kps_part`
--
ALTER TABLE `kps_part`
  MODIFY `KPS_PART_ID` int(255) NOT NULL AUTO_INCREMENT;
--
-- AUTO_INCREMENT for table `kps_po`
--
ALTER TABLE `kps_po`
  MODIFY `KPS_PO_ID` int(255) NOT NULL AUTO_INCREMENT;
--
-- AUTO_INCREMENT for table `kps_position_employee`
--
ALTER TABLE `kps_position_employee`
  MODIFY `POSITION_ID` int(255) NOT NULL AUTO_INCREMENT, AUTO_INCREMENT=5;
--
-- AUTO_INCREMENT for table `kps_price_update`
--
ALTER TABLE `kps_price_update`
  MODIFY `KPS_PRICE_UPDATE_ID` int(255) NOT NULL AUTO_INCREMENT;
--
-- AUTO_INCREMENT for table `kps_proses`
--
ALTER TABLE `kps_proses`
  MODIFY `KPS_PROSES_ID` int(11) NOT NULL AUTO_INCREMENT;
--
-- AUTO_INCREMENT for table `kps_quantity_invoice_status`
--
ALTER TABLE `kps_quantity_invoice_status`
  MODIFY `KPS_QUANTITY_INVOICE_STATUS_ID` int(255) NOT NULL AUTO_INCREMENT;
--
-- AUTO_INCREMENT for table `kps_quotation`
--
ALTER TABLE `kps_quotation`
  MODIFY `KPS_QUOTATION_ID` int(255) NOT NULL AUTO_INCREMENT, AUTO_INCREMENT=10;
--
-- AUTO_INCREMENT for table `kps_quotation_`
--
ALTER TABLE `kps_quotation_`
  MODIFY `ID` int(11) NOT NULL AUTO_INCREMENT, AUTO_INCREMENT=9;
--
-- AUTO_INCREMENT for table `kps_quotation_detail`
--
ALTER TABLE `kps_quotation_detail`
  MODIFY `KPS_QUOTATION_DETAIL_ID` int(255) NOT NULL AUTO_INCREMENT, AUTO_INCREMENT=11;
--
-- AUTO_INCREMENT for table `kps_quotation_detail_`
--
ALTER TABLE `kps_quotation_detail_`
  MODIFY `ID` int(11) NOT NULL AUTO_INCREMENT, AUTO_INCREMENT=6;
--
-- AUTO_INCREMENT for table `kps_receiving_good`
--
ALTER TABLE `kps_receiving_good`
  MODIFY `KPS_RECEIVING_GOOD_ID` int(255) NOT NULL AUTO_INCREMENT;
--
-- AUTO_INCREMENT for table `kps_receiving_good_detail`
--
ALTER TABLE `kps_receiving_good_detail`
  MODIFY `KPS_RECEIVING_GOOD_DETAIL_ID` int(255) NOT NULL AUTO_INCREMENT;
--
-- AUTO_INCREMENT for table `kps_retur_barang`
--
ALTER TABLE `kps_retur_barang`
  MODIFY `KPS_RETUR_BARANG_ID` int(255) NOT NULL AUTO_INCREMENT, AUTO_INCREMENT=10;
--
-- AUTO_INCREMENT for table `kps_retur_barang_`
--
ALTER TABLE `kps_retur_barang_`
  MODIFY `ID_KPS_RETUR_BARANG_` int(11) NOT NULL AUTO_INCREMENT, AUTO_INCREMENT=22;
--
-- AUTO_INCREMENT for table `kps_retur_barang_bukti_pesan`
--
ALTER TABLE `kps_retur_barang_bukti_pesan`
  MODIFY `KPS_RETUR_BUKTIPESAN_ID` int(11) NOT NULL AUTO_INCREMENT, AUTO_INCREMENT=8;
--
-- AUTO_INCREMENT for table `kps_retur_barang_detail`
--
ALTER TABLE `kps_retur_barang_detail`
  MODIFY `KPS_RETUR_BARANG_DETAIL_ID` int(255) NOT NULL AUTO_INCREMENT, AUTO_INCREMENT=13;
--
-- AUTO_INCREMENT for table `kps_retur_barang_detail_`
--
ALTER TABLE `kps_retur_barang_detail_`
  MODIFY `ID_RETUR_BARANG_DETAIL_` int(11) NOT NULL AUTO_INCREMENT, AUTO_INCREMENT=16;
--
-- AUTO_INCREMENT for table `kps_retur_product`
--
ALTER TABLE `kps_retur_product`
  MODIFY `KPS_RETUR_PRODUCT_ID` int(255) NOT NULL AUTO_INCREMENT;
--
-- AUTO_INCREMENT for table `kps_retur_product_detail`
--
ALTER TABLE `kps_retur_product_detail`
  MODIFY `KPS_RETUR_PRODUCT_DETAIL_ID` int(255) NOT NULL AUTO_INCREMENT;
--
-- AUTO_INCREMENT for table `kps_rfq`
--
ALTER TABLE `kps_rfq`
  MODIFY `KPS_RFQ_ID` int(255) NOT NULL AUTO_INCREMENT, AUTO_INCREMENT=32;
--
-- AUTO_INCREMENT for table `kps_rfq_`
--
ALTER TABLE `kps_rfq_`
  MODIFY `ID` int(11) NOT NULL AUTO_INCREMENT, AUTO_INCREMENT=58;
--
-- AUTO_INCREMENT for table `kps_rfq_attachment`
--
ALTER TABLE `kps_rfq_attachment`
  MODIFY `KPS_RFQ_ATTACHMENT_ID` int(255) NOT NULL AUTO_INCREMENT, AUTO_INCREMENT=8;
--
-- AUTO_INCREMENT for table `kps_rfq_currency`
--
ALTER TABLE `kps_rfq_currency`
  MODIFY `KPS_RFQ_CURENCY_ID` int(255) NOT NULL AUTO_INCREMENT, AUTO_INCREMENT=27;
--
-- AUTO_INCREMENT for table `kps_rfq_drawing`
--
ALTER TABLE `kps_rfq_drawing`
  MODIFY `KPS_RFQ_DRAWING_ID` int(255) NOT NULL AUTO_INCREMENT, AUTO_INCREMENT=27;
--
-- AUTO_INCREMENT for table `kps_rfq_drawing_`
--
ALTER TABLE `kps_rfq_drawing_`
  MODIFY `ID` int(11) NOT NULL AUTO_INCREMENT, AUTO_INCREMENT=9;
--
-- AUTO_INCREMENT for table `kps_rfq_part`
--
ALTER TABLE `kps_rfq_part`
  MODIFY `KPS_RFQ_PART_ID` int(255) NOT NULL AUTO_INCREMENT;
--
-- AUTO_INCREMENT for table `kps_rfq_part_`
--
ALTER TABLE `kps_rfq_part_`
  MODIFY `ID` int(11) NOT NULL AUTO_INCREMENT;
--
-- AUTO_INCREMENT for table `kps_rfq_production_plan`
--
ALTER TABLE `kps_rfq_production_plan`
  MODIFY `KPS_RFQ_PRODUCTION_PLAN_ID` int(255) NOT NULL AUTO_INCREMENT, AUTO_INCREMENT=12;
--
-- AUTO_INCREMENT for table `kps_rfq_production_plan_`
--
ALTER TABLE `kps_rfq_production_plan_`
  MODIFY `ID` int(11) NOT NULL AUTO_INCREMENT, AUTO_INCREMENT=2;
--
-- AUTO_INCREMENT for table `kps_rfq_schedule`
--
ALTER TABLE `kps_rfq_schedule`
  MODIFY `KPS_RFQ_SCHEDULE_ID` int(255) NOT NULL AUTO_INCREMENT, AUTO_INCREMENT=8;
--
-- AUTO_INCREMENT for table `kps_rfq_schedule_`
--
ALTER TABLE `kps_rfq_schedule_`
  MODIFY `ID` int(11) NOT NULL AUTO_INCREMENT;
--
-- AUTO_INCREMENT for table `kps_rfq_target_price`
--
ALTER TABLE `kps_rfq_target_price`
  MODIFY `KPS_RFQ_TARGET_PRICE_ID` int(255) NOT NULL AUTO_INCREMENT, AUTO_INCREMENT=22;
--
-- AUTO_INCREMENT for table `kps_rfq_target_price_`
--
ALTER TABLE `kps_rfq_target_price_`
  MODIFY `ID` int(11) NOT NULL AUTO_INCREMENT, AUTO_INCREMENT=3;
--
-- AUTO_INCREMENT for table `kps_roles`
--
ALTER TABLE `kps_roles`
  MODIFY `id` int(11) NOT NULL AUTO_INCREMENT, AUTO_INCREMENT=9;
--
-- AUTO_INCREMENT for table `kps_sales`
--
ALTER TABLE `kps_sales`
  MODIFY `KPS_SALES_ID` int(255) NOT NULL AUTO_INCREMENT;
--
-- AUTO_INCREMENT for table `kps_sales_growth`
--
ALTER TABLE `kps_sales_growth`
  MODIFY `KPS_SALES_GROWTH` int(255) NOT NULL AUTO_INCREMENT;
--
-- AUTO_INCREMENT for table `kps_sales_growth_detail`
--
ALTER TABLE `kps_sales_growth_detail`
  MODIFY `KPS_SALES_GROWTH_DETAIL_ID` int(255) NOT NULL AUTO_INCREMENT;
--
-- AUTO_INCREMENT for table `kps_sales_monthly`
--
ALTER TABLE `kps_sales_monthly`
  MODIFY `KPS_SALES_MONTHLY_ID` int(255) NOT NULL AUTO_INCREMENT;
--
-- AUTO_INCREMENT for table `kps_sales_monthly_analize`
--
ALTER TABLE `kps_sales_monthly_analize`
  MODIFY `KPS_SALES_MONTHLY_ANALIZE_ID` int(255) NOT NULL AUTO_INCREMENT;
--
-- AUTO_INCREMENT for table `kps_sales_monthly_analize_detail`
--
ALTER TABLE `kps_sales_monthly_analize_detail`
  MODIFY `KPS_SALES_MONTHLY_ANALIZE_DETAIL_ID` int(255) NOT NULL AUTO_INCREMENT;
--
-- AUTO_INCREMENT for table `kps_sales_monthly_detail`
--
ALTER TABLE `kps_sales_monthly_detail`
  MODIFY `KPS_SALES_MONTHLY_DETAIL_ID` int(255) NOT NULL AUTO_INCREMENT;
--
-- AUTO_INCREMENT for table `kps_sales_total_analize`
--
ALTER TABLE `kps_sales_total_analize`
  MODIFY `KPS_SALES_TOTAL_ANALIZE_ID` int(255) NOT NULL AUTO_INCREMENT;
--
-- AUTO_INCREMENT for table `kps_sales_total_analize_detail`
--
ALTER TABLE `kps_sales_total_analize_detail`
  MODIFY `KPS_SALES_TOTAL_ANALIZE_DETAIL_ID` int(255) NOT NULL AUTO_INCREMENT;
--
-- AUTO_INCREMENT for table `kps_section_employee`
--
ALTER TABLE `kps_section_employee`
  MODIFY `SEC_EMPLOYEE_ID` int(11) NOT NULL AUTO_INCREMENT, AUTO_INCREMENT=6;
--
-- AUTO_INCREMENT for table `kps_setup_group`
--
ALTER TABLE `kps_setup_group`
  MODIFY `KPS_SETUP_GROUP_ID` int(255) NOT NULL AUTO_INCREMENT;
--
-- AUTO_INCREMENT for table `kps_setup_group_detail`
--
ALTER TABLE `kps_setup_group_detail`
  MODIFY `KPS_SETUP_GROUP_DETAIL_ID` int(255) NOT NULL AUTO_INCREMENT;
--
-- AUTO_INCREMENT for table `kps_setup_upah_harian`
--
ALTER TABLE `kps_setup_upah_harian`
  MODIFY `KPS_SETUP_UPAH_HARIAN_ID` int(255) NOT NULL AUTO_INCREMENT;
--
-- AUTO_INCREMENT for table `kps_setup_upah_harian_detail`
--
ALTER TABLE `kps_setup_upah_harian_detail`
  MODIFY `KPS_SETUP_UPAH_HARIAN_DETAIL_ID` int(255) NOT NULL AUTO_INCREMENT;
--
-- AUTO_INCREMENT for table `kps_status_productivity`
--
ALTER TABLE `kps_status_productivity`
  MODIFY `KPS_STATUS_PRODUCTIVITY_ID` int(255) NOT NULL AUTO_INCREMENT;
--
-- AUTO_INCREMENT for table `kps_stock_delivery`
--
ALTER TABLE `kps_stock_delivery`
  MODIFY `KPS_STOCK_DELIVERY_ID` int(255) NOT NULL AUTO_INCREMENT;
--
-- AUTO_INCREMENT for table `kps_stock_delivery_detail`
--
ALTER TABLE `kps_stock_delivery_detail`
  MODIFY `KPS_STOCK_DELIVERY_DETAIL_ID` int(255) NOT NULL AUTO_INCREMENT;
--
-- AUTO_INCREMENT for table `kps_stock_in_out`
--
ALTER TABLE `kps_stock_in_out`
  MODIFY `KPS_STOCK_IN_OUT_ID` int(255) NOT NULL AUTO_INCREMENT;
--
-- AUTO_INCREMENT for table `kps_stock_in_out_detail`
--
ALTER TABLE `kps_stock_in_out_detail`
  MODIFY `KPS_STOCK_IN_OUT_DETAIL_ID` int(255) NOT NULL AUTO_INCREMENT;
--
-- AUTO_INCREMENT for table `kps_stock_opname`
--
ALTER TABLE `kps_stock_opname`
  MODIFY `KPS_STOCK_OPNAME_ID` int(255) NOT NULL AUTO_INCREMENT, AUTO_INCREMENT=3;
--
-- AUTO_INCREMENT for table `kps_stock_opname_detail`
--
ALTER TABLE `kps_stock_opname_detail`
  MODIFY `KPS_STOCK_OPNAME_DETAIL_ID` int(255) NOT NULL AUTO_INCREMENT, AUTO_INCREMENT=2;
--
-- AUTO_INCREMENT for table `kps_tooling`
--
ALTER TABLE `kps_tooling`
  MODIFY `KPS_TOOLING_ID` int(255) NOT NULL AUTO_INCREMENT;
--
-- AUTO_INCREMENT for table `kps_userdata`
--
ALTER TABLE `kps_userdata`
  MODIFY `KPS_USERDATA_ID` int(255) NOT NULL AUTO_INCREMENT, AUTO_INCREMENT=14;
--
-- AUTO_INCREMENT for table `kps_userdata_old`
--
ALTER TABLE `kps_userdata_old`
  MODIFY `KPS_USERDATA_ID` int(255) NOT NULL AUTO_INCREMENT;
--
-- AUTO_INCREMENT for table `kps_userdata_role`
--
ALTER TABLE `kps_userdata_role`
  MODIFY `id` int(11) NOT NULL AUTO_INCREMENT, AUTO_INCREMENT=21;
--
-- AUTO_INCREMENT for table `kps_vehicle`
--
ALTER TABLE `kps_vehicle`
  MODIFY `KPS_VEHICLE_ID` int(255) NOT NULL AUTO_INCREMENT, AUTO_INCREMENT=5;
--
-- AUTO_INCREMENT for table `kps_vehicle_`
--
ALTER TABLE `kps_vehicle_`
  MODIFY `ID` int(11) NOT NULL AUTO_INCREMENT, AUTO_INCREMENT=5;
--
-- AUTO_INCREMENT for table `pma_bookmark`
--
ALTER TABLE `pma_bookmark`
  MODIFY `id` int(11) NOT NULL AUTO_INCREMENT;
--
-- AUTO_INCREMENT for table `pma_column_info`
--
ALTER TABLE `pma_column_info`
  MODIFY `id` int(5) UNSIGNED NOT NULL AUTO_INCREMENT, AUTO_INCREMENT=4;
--
-- AUTO_INCREMENT for table `pma_history`
--
ALTER TABLE `pma_history`
  MODIFY `id` bigint(20) UNSIGNED NOT NULL AUTO_INCREMENT;
--
-- AUTO_INCREMENT for table `pma_pdf_pages`
--
ALTER TABLE `pma_pdf_pages`
  MODIFY `page_nr` int(10) UNSIGNED NOT NULL AUTO_INCREMENT;
--
-- AUTO_INCREMENT for table `semarconfig`
--
ALTER TABLE `semarconfig`
  MODIFY `semarconfig_id` int(11) NOT NULL AUTO_INCREMENT;
--
-- AUTO_INCREMENT for table `tdash`
--
ALTER TABLE `tdash`
  MODIFY `tdash_id` int(11) NOT NULL AUTO_INCREMENT;
--
-- AUTO_INCREMENT for table `tfm`
--
ALTER TABLE `tfm`
  MODIFY `tfmid` int(11) NOT NULL AUTO_INCREMENT;
--
-- AUTO_INCREMENT for table `tlog`
--
ALTER TABLE `tlog`
  MODIFY `ID_Log` int(11) NOT NULL AUTO_INCREMENT;
--
-- AUTO_INCREMENT for table `tmenu`
--
ALTER TABLE `tmenu`
  MODIFY `ID_Menu` int(11) NOT NULL AUTO_INCREMENT;
--
-- AUTO_INCREMENT for table `tnf`
--
ALTER TABLE `tnf`
  MODIFY `tnf_id` int(11) NOT NULL AUTO_INCREMENT;
--
-- AUTO_INCREMENT for table `tnfst`
--
ALTER TABLE `tnfst`
  MODIFY `tnfst_id` int(11) NOT NULL AUTO_INCREMENT;
--
-- AUTO_INCREMENT for table `tnfstd`
--
ALTER TABLE `tnfstd`
  MODIFY `tnfstd_id` int(11) NOT NULL AUTO_INCREMENT;
--
-- AUTO_INCREMENT for table `tnf_approval`
--
ALTER TABLE `tnf_approval`
  MODIFY `tnf_approval_id` int(11) NOT NULL AUTO_INCREMENT;
--
-- AUTO_INCREMENT for table `tnf_receiver`
--
ALTER TABLE `tnf_receiver`
  MODIFY `tnf_receiver_id` int(11) NOT NULL AUTO_INCREMENT;
--
-- AUTO_INCREMENT for table `tpegawai`
--
ALTER TABLE `tpegawai`
  MODIFY `ID_Pegawai` int(11) NOT NULL AUTO_INCREMENT;
--
-- AUTO_INCREMENT for table `tpest`
--
ALTER TABLE `tpest`
  MODIFY `tpest_id` int(11) NOT NULL AUTO_INCREMENT;
--
-- AUTO_INCREMENT for table `tpestd`
--
ALTER TABLE `tpestd`
  MODIFY `tpestd_id` int(11) NOT NULL AUTO_INCREMENT;
--
-- AUTO_INCREMENT for table `tref_jabatan`
--
ALTER TABLE `tref_jabatan`
  MODIFY `kode_klp_jab` int(11) NOT NULL AUTO_INCREMENT;
--
-- AUTO_INCREMENT for table `tref_jns_pgw`
--
ALTER TABLE `tref_jns_pgw`
  MODIFY `ID_JPEG` int(11) NOT NULL AUTO_INCREMENT;
--
-- AUTO_INCREMENT for table `tref_kabkota`
--
ALTER TABLE `tref_kabkota`
  MODIFY `ID_KK` int(11) NOT NULL AUTO_INCREMENT, AUTO_INCREMENT=498;
--
-- AUTO_INCREMENT for table `tref_kecamatan`
--
ALTER TABLE `tref_kecamatan`
  MODIFY `ID_Kec` int(11) NOT NULL AUTO_INCREMENT;
--
-- AUTO_INCREMENT for table `tref_provinsi`
--
ALTER TABLE `tref_provinsi`
  MODIFY `ID_Prov` int(11) NOT NULL AUTO_INCREMENT;
--
-- AUTO_INCREMENT for table `tref_unor`
--
ALTER TABLE `tref_unor`
  MODIFY `kode_unor_id` int(11) NOT NULL AUTO_INCREMENT;
--
-- AUTO_INCREMENT for table `tuser`
--
ALTER TABLE `tuser`
  MODIFY `ID_User` int(10) NOT NULL AUTO_INCREMENT;
--
-- AUTO_INCREMENT for table `tuser_menu`
--
ALTER TABLE `tuser_menu`
  MODIFY `ID_UM` int(11) NOT NULL AUTO_INCREMENT;
--
-- AUTO_INCREMENT for table `tuser_semar_menu`
--
ALTER TABLE `tuser_semar_menu`
  MODIFY `idmenu` int(11) NOT NULL AUTO_INCREMENT;
--
-- AUTO_INCREMENT for table `tuser_semar_menu_group_collections`
--
ALTER TABLE `tuser_semar_menu_group_collections`
  MODIFY `id_groupcollections` int(11) NOT NULL AUTO_INCREMENT;
--
-- AUTO_INCREMENT for table `tuser_semar_menu_group_menu`
--
ALTER TABLE `tuser_semar_menu_group_menu`
  MODIFY `ID_Group_Menu` int(11) NOT NULL AUTO_INCREMENT;
--
-- AUTO_INCREMENT for table `tuser_semar_menu_group_user`
--
ALTER TABLE `tuser_semar_menu_group_user`
  MODIFY `ID_Group_User` int(11) NOT NULL AUTO_INCREMENT;
/*!40101 SET CHARACTER_SET_CLIENT=@OLD_CHARACTER_SET_CLIENT */;
/*!40101 SET CHARACTER_SET_RESULTS=@OLD_CHARACTER_SET_RESULTS */;
/*!40101 SET COLLATION_CONNECTION=@OLD_COLLATION_CONNECTION */;
